{"Mean":{"confidence_interval":{"confidence_level":0.95,"lower_bound":1192913.7864520466,"upper_bound":1194596.5766201965},"point_estimate":1193652.3203052706,"standard_error":434.1716103353138},"Median":{"confidence_interval":{"confidence_level":0.95,"lower_bound":1192466.3375,"upper_bound":1192741.7761437907},"point_estimate":1192601.7383808098,"standard_error":65.8472577010791},"MedianAbsDev":{"confidence_interval":{"confidence_level":0.95,"lower_bound":356.53027950020675,"upper_bound":637.7503962453392},"point_estimate":472.25726368948204,"standard_error":72.11206948610764},"Slope":{"confidence_interval":{"confidence_level":0.95,"lower_bound":1192560.1463843274,"upper_bound":1192928.1974602349},"point_estimate":1192733.0409753213,"standard_error":93.88561068423006},"StdDev":{"confidence_interval":{"confidence_level":0.95,"lower_bound":1562.876024516717,"upper_bound":6414.321066118997},"point_estimate":4361.195669129636,"standard_error":1230.201747464114}}