{"Mean":{"confidence_interval":{"confidence_level":0.95,"lower_bound":55831.3741540073,"upper_bound":55864.70073703105},"point_estimate":55844.74127308458,"standard_error":8.739682048032703},"Median":{"confidence_interval":{"confidence_level":0.95,"lower_bound":55824.03504841853,"upper_bound":55833.328571428574},"point_estimate":55827.53782881465,"standard_error":2.043254232134907},"MedianAbsDev":{"confidence_interval":{"confidence_level":0.95,"lower_bound":12.772855197765233,"upper_bound":19.960368639615332},"point_estimate":16.441683610691683,"standard_error":1.8767547119082537},"Slope":{"confidence_interval":{"confidence_level":0.95,"lower_bound":55829.75910089018,"upper_bound":55847.64469908437},"point_estimate":55838.06689670459,"standard_error":4.595425363877355},"StdDev":{"confidence_interval":{"confidence_level":0.95,"lower_bound":26.098896517435332,"upper_bound":142.31333264430074},"point_estimate":87.74030447228255,"standard_error":36.08688825805408}}