{"Mean":{"confidence_interval":{"confidence_level":0.95,"lower_bound":23624325.40575204,"upper_bound":23818547.963700384},"point_estimate":23719643.575160604,"standard_error":49345.88018066039},"Median":{"confidence_interval":{"confidence_level":0.95,"lower_bound":23564748.087044533,"upper_bound":23836647.623376623},"point_estimate":23683459.412037037,"standard_error":74198.09133354347},"MedianAbsDev":{"confidence_interval":{"confidence_level":0.95,"lower_bound":424003.9680925204,"upper_bound":700959.8317667921},"point_estimate":572225.1162395313,"standard_error":70069.29576587531},"Slope":{"confidence_interval":{"confidence_level":0.95,"lower_bound":23925455.19252742,"upper_bound":24090496.616337486},"point_estimate":24010499.968435053,"standard_error":42021.95478701184},"StdDev":{"confidence_interval":{"confidence_level":0.95,"lower_bound":438296.8719747308,"upper_bound":546335.4276205383},"point_estimate":497129.4760436363,"standard_error":27575.977049250785}}