{"Mean":{"confidence_interval":{"confidence_level":0.95,"lower_bound":2122.2427832391645,"upper_bound":2123.85402629433},"point_estimate":2122.8856955601364,"standard_error":0.4230540172443125},"Median":{"confidence_interval":{"confidence_level":0.95,"lower_bound":2121.95807377847,"upper_bound":2122.3185362953927},"point_estimate":2122.1757982317877,"standard_error":0.09562845815190119},"MedianAbsDev":{"confidence_interval":{"confidence_level":0.95,"lower_bound":0.5429233129879093,"upper_bound":0.872069751891936},"point_estimate":0.7118135667607757,"standard_error":0.08184119995111902},"Slope":{"confidence_interval":{"confidence_level":0.95,"lower_bound":2122.1451611780835,"upper_bound":2122.775244610195},"point_estimate":2122.4269498691374,"standard_error":0.1610642416360247},"StdDev":{"confidence_interval":{"confidence_level":0.95,"lower_bound":1.121001268507698,"upper_bound":6.947831747381258},"point_estimate":4.2611305407904565,"standard_error":1.7926125643191042}}