{"Mean":{"confidence_interval":{"confidence_level":0.95,"lower_bound":1613.5981977644199,"upper_bound":1614.6758447966563},"point_estimate":1614.0751759044101,"standard_error":0.27650030878080173},"Median":{"confidence_interval":{"confidence_level":0.95,"lower_bound":1613.1970684039088,"upper_bound":1613.5082375523498},"point_estimate":1613.2937937513911,"standard_error":0.0742527755141338},"MedianAbsDev":{"confidence_interval":{"confidence_level":0.95,"lower_bound":0.17283861112950502,"upper_bound":0.4635442201639959},"point_estimate":0.308973438187584,"standard_error":0.07365379444611493},"Slope":{"confidence_interval":{"confidence_level":0.95,"lower_bound":1613.4634757388958,"upper_bound":1614.4998742321613},"point_estimate":1613.8880376073,"standard_error":0.2711139760273295},"StdDev":{"confidence_interval":{"confidence_level":0.95,"lower_bound":1.2239294761131345,"upper_bound":4.02861658893642},"point_estimate":2.7710324741958643,"standard_error":0.7222584516012112}}