{"Mean":{"confidence_interval":{"confidence_level":0.95,"lower_bound":10604130.13215163,"upper_bound":10631357.908136403},"point_estimate":10616633.08917315,"standard_error":6984.7239095927525},"Median":{"confidence_interval":{"confidence_level":0.95,"lower_bound":10588812.35483871,"upper_bound":10594533.534172077},"point_estimate":10590679.464285715,"standard_error":1377.797021581349},"MedianAbsDev":{"confidence_interval":{"confidence_level":0.95,"lower_bound":7201.37209793292,"upper_bound":15040.31282144352},"point_estimate":10201.145710234305,"standard_error":2065.791049934705},"Slope":{"confidence_interval":{"confidence_level":0.95,"lower_bound":10596539.869757451,"upper_bound":10620069.73614046},"point_estimate":10607407.429170977,"standard_error":6035.579351896364},"StdDev":{"confidence_interval":{"confidence_level":0.95,"lower_bound":41851.1124717471,"upper_bound":95947.46272243069},"point_estimate":70259.82736257311,"standard_error":13987.757496115182}}