{"Mean":{"confidence_interval":{"confidence_level":0.95,"lower_bound":480.05075558065954,"upper_bound":480.2996669080332},"point_estimate":480.1663677597095,"standard_error":0.06355595759931179},"Median":{"confidence_interval":{"confidence_level":0.95,"lower_bound":479.9812560562016,"upper_bound":480.19494105297156},"point_estimate":480.1590171854628,"standard_error":0.04895690613371355},"MedianAbsDev":{"confidence_interval":{"confidence_level":0.95,"lower_bound":0.3672058517355073,"upper_bound":0.49154600101294094},"point_estimate":0.43833343620979176,"standard_error":0.030523050269384566},"Slope":{"confidence_interval":{"confidence_level":0.95,"lower_bound":480.00404944919495,"upper_bound":480.3815887167083},"point_estimate":480.1675112034806,"standard_error":0.09717144778671281},"StdDev":{"confidence_interval":{"confidence_level":0.95,"lower_bound":0.38407326450367657,"upper_bound":0.8600095849445664},"point_estimate":0.6390544676798358,"standard_error":0.12271182714700649}}