{"Mean":{"confidence_interval":{"confidence_level":0.95,"lower_bound":18171378.711962964,"upper_bound":18185900.86753389},"point_estimate":18178637.41457831,"standard_error":3696.5487444968658},"Median":{"confidence_interval":{"confidence_level":0.95,"lower_bound":18167255.061728396,"upper_bound":18189093.923076924},"point_estimate":18180826.253426746,"standard_error":6015.664955853721},"MedianAbsDev":{"confidence_interval":{"confidence_level":0.95,"lower_bound":28555.46376745551,"upper_bound":44922.37631467978},"point_estimate":33282.14481317537,"standard_error":4051.1135309360457},"Slope":{"confidence_interval":{"confidence_level":0.95,"lower_bound":18171843.506181996,"upper_bound":18183124.040338162},"point_estimate":18177556.118702527,"standard_error":2861.851439679324},"StdDev":{"confidence_interval":{"confidence_level":0.95,"lower_bound":32238.07782605712,"upper_bound":41905.82009241986},"point_estimate":37397.3696676763,"standard_error":2450.9494651689074}}