{"Mean":{"confidence_interval":{"confidence_level":0.95,"lower_bound":29844362.32016522,"upper_bound":29890849.932967052},"point_estimate":29866009.277031675,"standard_error":11882.622876428975},"Median":{"confidence_interval":{"confidence_level":0.95,"lower_bound":29810212.898012858,"upper_bound":29824583.740411863},"point_estimate":29814071.67287785,"standard_error":4541.085811204786},"MedianAbsDev":{"confidence_interval":{"confidence_level":0.95,"lower_bound":24937.81794314868,"upper_bound":53294.98736880492},"point_estimate":32934.866993383606,"standard_error":7476.924798258915},"Slope":{"confidence_interval":{"confidence_level":0.95,"lower_bound":29839482.543694325,"upper_bound":29872847.13626531},"point_estimate":29855561.907675482,"standard_error":8483.294420886827},"StdDev":{"confidence_interval":{"confidence_level":0.95,"lower_bound":80677.08742308329,"upper_bound":158630.0577188713},"point_estimate":119333.95813559573,"standard_error":20487.929512144943}}