{"Mean":{"confidence_interval":{"confidence_level":0.95,"lower_bound":7357042.134012644,"upper_bound":7412726.080849606},"point_estimate":7382505.163203648,"standard_error":14344.334678050342},"Median":{"confidence_interval":{"confidence_level":0.95,"lower_bound":7324062.8292682925,"upper_bound":7346108.0},"point_estimate":7329658.842786448,"standard_error":5630.7239528103655},"MedianAbsDev":{"confidence_interval":{"confidence_level":0.95,"lower_bound":20678.39539140098,"upper_bound":43990.363310951325},"point_estimate":27442.92090844285,"standard_error":6047.44091652342},"Slope":{"confidence_interval":{"confidence_level":0.95,"lower_bound":7343360.334545645,"upper_bound":7374660.237544897},"point_estimate":7358161.778448353,"standard_error":7972.684191155661},"StdDev":{"confidence_interval":{"confidence_level":0.95,"lower_bound":81819.99525500087,"upper_bound":196059.64168163697},"point_estimate":143909.00146616052,"standard_error":29355.81365592018}}