{"Mean":{"confidence_interval":{"confidence_level":0.95,"lower_bound":7324861.9082065355,"upper_bound":7350304.220263605},"point_estimate":7336516.067210398,"standard_error":6505.836975279123},"Median":{"confidence_interval":{"confidence_level":0.95,"lower_bound":7316480.303030303,"upper_bound":7324243.366071429},"point_estimate":7321252.403209876,"standard_error":2201.0934915854477},"MedianAbsDev":{"confidence_interval":{"confidence_level":0.95,"lower_bound":13680.20454500637,"upper_bound":26635.53734358663},"point_estimate":21724.42912568365,"standard_error":3449.9000247364315},"Slope":{"confidence_interval":{"confidence_level":0.95,"lower_bound":7320423.349797306,"upper_bound":7338416.812337459},"point_estimate":7328592.020993055,"standard_error":4608.975268633809},"StdDev":{"confidence_interval":{"confidence_level":0.95,"lower_bound":35325.953243580916,"upper_bound":89989.25842128694},"point_estimate":65506.57612837449,"standard_error":13822.386617485168}}