{"Mean":{"confidence_interval":{"confidence_level":0.95,"lower_bound":4199.355580715697,"upper_bound":4201.19823606304},"point_estimate":4200.158945080489,"standard_error":0.47489696353298266},"Median":{"confidence_interval":{"confidence_level":0.95,"lower_bound":4198.9958873379865,"upper_bound":4199.450149551346},"point_estimate":4199.212777141548,"standard_error":0.11868361450155626},"MedianAbsDev":{"confidence_interval":{"confidence_level":0.95,"lower_bound":0.5042997888128944,"upper_bound":0.7930394152986444},"point_estimate":0.6205811206875781,"standard_error":0.07286054088321252},"Slope":{"confidence_interval":{"confidence_level":0.95,"lower_bound":4199.041056785561,"upper_bound":4202.448717713478},"point_estimate":4200.383560298858,"standard_error":0.9100537117885732},"StdDev":{"confidence_interval":{"confidence_level":0.95,"lower_bound":2.0618265148103045,"upper_bound":7.2338511393243055},"point_estimate":4.783659878068634,"standard_error":1.4130293686675963}}