{"Mean":{"confidence_interval":{"confidence_level":0.95,"lower_bound":362659.1890878842,"upper_bound":364485.6118820506},"point_estimate":363484.6650055761,"standard_error":467.8370921650858},"Median":{"confidence_interval":{"confidence_level":0.95,"lower_bound":361657.0,"upper_bound":362486.98245614034},"point_estimate":361942.06741913164,"standard_error":203.53353228907199},"MedianAbsDev":{"confidence_interval":{"confidence_level":0.95,"lower_bound":896.5977869430698,"upper_bound":1977.9722378112597},"point_estimate":1414.5315730203276,"standard_error":259.1273853220441},"Slope":{"confidence_interval":{"confidence_level":0.95,"lower_bound":361599.4494465676,"upper_bound":362349.1299294506},"point_estimate":361959.34952071327,"standard_error":191.24505363727343},"StdDev":{"confidence_interval":{"confidence_level":0.95,"lower_bound":2447.178002565517,"upper_bound":6572.874562450889},"point_estimate":4712.281383025644,"standard_error":1058.850241277196}}