{"Mean":{"confidence_interval":{"confidence_level":0.95,"lower_bound":1130.6950465186378,"upper_bound":1131.0471864393005},"point_estimate":1130.856711716509,"standard_error":0.09025232130415106},"Median":{"confidence_interval":{"confidence_level":0.95,"lower_bound":1130.5923595624934,"upper_bound":1130.671412047378},"point_estimate":1130.643126835595,"standard_error":0.02170879181967563},"MedianAbsDev":{"confidence_interval":{"confidence_level":0.95,"lower_bound":0.10664529889496903,"upper_bound":0.20643705265124376},"point_estimate":0.1593613904573933,"standard_error":0.024920424841968547},"Slope":{"confidence_interval":{"confidence_level":0.95,"lower_bound":1130.689651405475,"upper_bound":1131.1867833200665},"point_estimate":1130.9059904296503,"standard_error":0.12899374857049042},"StdDev":{"confidence_interval":{"confidence_level":0.95,"lower_bound":0.5208026504243745,"upper_bound":1.233989260224464},"point_estimate":0.9103677025003604,"standard_error":0.18228956173465247}}