{"Mean":{"confidence_interval":{"confidence_level":0.95,"lower_bound":1839.7117569730513,"upper_bound":1840.0312937687695},"point_estimate":1839.8537595325452,"standard_error":0.08213336652052762},"Median":{"confidence_interval":{"confidence_level":0.95,"lower_bound":1839.6950584540455,"upper_bound":1839.7837176942658},"point_estimate":1839.7421828380475,"standard_error":0.021739040281261602},"MedianAbsDev":{"confidence_interval":{"confidence_level":0.95,"lower_bound":0.18686553893246668,"upper_bound":0.3082804723006478},"point_estimate":0.24867722142731366,"standard_error":0.030682801631284642},"Slope":{"confidence_interval":{"confidence_level":0.95,"lower_bound":1839.5430035170652,"upper_bound":1839.7332086517108},"point_estimate":1839.6393705346775,"standard_error":0.0484368892912387},"StdDev":{"confidence_interval":{"confidence_level":0.95,"lower_bound":0.3922536484556002,"upper_bound":1.2274902360452042},"point_estimate":0.8280043584783552,"standard_error":0.2232885958630446}}