{"Mean":{"confidence_interval":{"confidence_level":0.95,"lower_bound":79817882.02015859,"upper_bound":79964433.57616697},"point_estimate":79880589.95476824,"standard_error":37835.868981851716},"Median":{"confidence_interval":{"confidence_level":0.95,"lower_bound":79779376.68376069,"upper_bound":79847383.10126582},"point_estimate":79819369.27525252,"standard_error":18028.08862432635},"MedianAbsDev":{"confidence_interval":{"confidence_level":0.95,"lower_bound":103390.5968814728,"upper_bound":178561.107333684},"point_estimate":140874.47151728693,"standard_error":19177.318020088143},"Slope":{"confidence_interval":{"confidence_level":0.95,"lower_bound":79826650.90894498,"upper_bound":80133464.46337171},"point_estimate":79932915.48218118,"standard_error":88430.29636133253},"StdDev":{"confidence_interval":{"confidence_level":0.95,"lower_bound":136888.5138254953,"upper_bound":592375.5210369183},"point_estimate":381733.26860658685,"standard_error":124673.53914283686}}