{"Mean":{"confidence_interval":{"confidence_level":0.95,"lower_bound":34328.12131974123,"upper_bound":34356.47394166718},"point_estimate":34339.981673938266,"standard_error":7.405729137652869},"Median":{"confidence_interval":{"confidence_level":0.95,"lower_bound":34318.90716180371,"upper_bound":34324.584415779886},"point_estimate":34320.82519157088,"standard_error":1.5774745585951355},"MedianAbsDev":{"confidence_interval":{"confidence_level":0.95,"lower_bound":7.026761203683998,"upper_bound":13.113317481343008},"point_estimate":9.933461958922507,"standard_error":1.6221522414113134},"Slope":{"confidence_interval":{"confidence_level":0.95,"lower_bound":34321.88632485025,"upper_bound":34334.744473645136},"point_estimate":34327.67001931279,"standard_error":3.288707637657259},"StdDev":{"confidence_interval":{"confidence_level":0.95,"lower_bound":26.918609996174403,"upper_bound":118.55326968608017},"point_estimate":74.76864574515717,"standard_error":27.892494497583368}}