{"Mean":{"confidence_interval":{"confidence_level":0.95,"lower_bound":87087.55045637736,"upper_bound":89676.44141453538},"point_estimate":88199.11908548232,"standard_error":666.4750735606153},"Median":{"confidence_interval":{"confidence_level":0.95,"lower_bound":86131.77969348659,"upper_bound":86240.53796653796},"point_estimate":86170.10564687169,"standard_error":29.893297404674954},"MedianAbsDev":{"confidence_interval":{"confidence_level":0.95,"lower_bound":156.6765202095753,"upper_bound":322.11660234508554},"point_estimate":205.4464383702818,"standard_error":45.094084885587726},"Slope":{"confidence_interval":{"confidence_level":0.95,"lower_bound":86219.45696505552,"upper_bound":87167.79724396554},"point_estimate":86589.80093566819,"standard_error":253.29997790274598},"StdDev":{"confidence_interval":{"confidence_level":0.95,"lower_bound":2872.4824153129534,"upper_bound":10293.045894593793},"point_estimate":6706.400225074242,"standard_error":2144.18810223881}}