{"Mean":{"confidence_interval":{"confidence_level":0.95,"lower_bound":86652.1491843977,"upper_bound":87246.59072946526},"point_estimate":86922.8423238484,"standard_error":152.44720147510273},"Median":{"confidence_interval":{"confidence_level":0.95,"lower_bound":86430.00382996633,"upper_bound":86518.63189325688},"point_estimate":86460.78137400793,"standard_error":23.379824572788593},"MedianAbsDev":{"confidence_interval":{"confidence_level":0.95,"lower_bound":115.53991111427592,"upper_bound":250.84366751633658},"point_estimate":192.16302186740722,"standard_error":32.5517545662163},"Slope":{"confidence_interval":{"confidence_level":0.95,"lower_bound":86452.3303879694,"upper_bound":87214.12065204859},"point_estimate":86706.99651174819,"standard_error":219.18689070922997},"StdDev":{"confidence_interval":{"confidence_level":0.95,"lower_bound":859.8394527360089,"upper_bound":2047.692036221818},"point_estimate":1531.4281958060208,"standard_error":301.487534996236}}