{"Mean":{"confidence_interval":{"confidence_level":0.95,"lower_bound":86662.2688992682,"upper_bound":87609.13494412071},"point_estimate":87067.75701180541,"standard_error":243.75205738657465},"Median":{"confidence_interval":{"confidence_level":0.95,"lower_bound":86404.6025,"upper_bound":86535.94858156028},"point_estimate":86462.71980676329,"standard_error":29.708035141180414},"MedianAbsDev":{"confidence_interval":{"confidence_level":0.95,"lower_bound":155.57632755284192,"upper_bound":304.47383856373375},"point_estimate":210.89295986245608,"standard_error":35.61412611285147},"Slope":{"confidence_interval":{"confidence_level":0.95,"lower_bound":86441.17449692661,"upper_bound":87655.88531738271},"point_estimate":86915.57806093295,"standard_error":324.86260197410235},"StdDev":{"confidence_interval":{"confidence_level":0.95,"lower_bound":834.1463192346754,"upper_bound":3758.96859787079},"point_estimate":2449.10140429852,"standard_error":764.7662064962445}}