{"Mean":{"confidence_interval":{"confidence_level":0.95,"lower_bound":10711.680696436531,"upper_bound":10715.765978518566},"point_estimate":10713.63123946877,"standard_error":1.0446102275450981},"Median":{"confidence_interval":{"confidence_level":0.95,"lower_bound":10706.5617590295,"upper_bound":10716.150985663084},"point_estimate":10712.535334528076,"standard_error":2.4734513675893255},"MedianAbsDev":{"confidence_interval":{"confidence_level":0.95,"lower_bound":3.384619427481354,"upper_bound":13.389454242574867},"point_estimate":10.716551862528162,"standard_error":2.6686116906081607},"Slope":{"confidence_interval":{"confidence_level":0.95,"lower_bound":10708.07219830935,"upper_bound":10711.970364291772},"point_estimate":10709.899653981767,"standard_error":0.9957308962988025},"StdDev":{"confidence_interval":{"confidence_level":0.95,"lower_bound":7.704453527706787,"upper_bound":13.44026318819811},"point_estimate":10.486303565736653,"standard_error":1.5105281421611378}}