{"Mean":{"confidence_interval":{"confidence_level":0.95,"lower_bound":934.9640655723318,"upper_bound":935.4821224304216},"point_estimate":935.1852165940411,"standard_error":0.1341602589764961},"Median":{"confidence_interval":{"confidence_level":0.95,"lower_bound":934.795944062233,"upper_bound":934.9444247717973},"point_estimate":934.8542303248394,"standard_error":0.03802886170250873},"MedianAbsDev":{"confidence_interval":{"confidence_level":0.95,"lower_bound":0.1470459043661388,"upper_bound":0.2469044944090075},"point_estimate":0.20427646696160062,"standard_error":0.02326770529478863},"Slope":{"confidence_interval":{"confidence_level":0.95,"lower_bound":934.9830286759828,"upper_bound":935.4817757831199},"point_estimate":935.1961957999529,"standard_error":0.12894527101450687},"StdDev":{"confidence_interval":{"confidence_level":0.95,"lower_bound":0.4841424724862358,"upper_bound":2.07542900491518},"point_estimate":1.3451621945554306,"standard_error":0.4289028960912568}}