{"Mean":{"confidence_interval":{"confidence_level":0.95,"lower_bound":20221.883085761834,"upper_bound":20317.891331498467},"point_estimate":20265.010715586588,"standard_error":24.775880418410637},"Median":{"confidence_interval":{"confidence_level":0.95,"lower_bound":20186.372038663852,"upper_bound":20205.736178107607},"point_estimate":20195.40111591435,"standard_error":4.753160069580872},"MedianAbsDev":{"confidence_interval":{"confidence_level":0.95,"lower_bound":25.76894911393907,"upper_bound":55.55417399423727},"point_estimate":39.81003106927287,"standard_error":8.064669560614805},"Slope":{"confidence_interval":{"confidence_level":0.95,"lower_bound":20192.88965467979,"upper_bound":20373.24578178856},"point_estimate":20262.533529402896,"standard_error":48.86310285977985},"StdDev":{"confidence_interval":{"confidence_level":0.95,"lower_bound":121.37982941721349,"upper_bound":350.4069940043662},"point_estimate":249.5399055174469,"standard_error":59.05606662296882}}