{"Mean":{"confidence_interval":{"confidence_level":0.95,"lower_bound":53464910.349024825,"upper_bound":53776030.64609889},"point_estimate":53594970.63795092,"standard_error":81044.82896358031},"Median":{"confidence_interval":{"confidence_level":0.95,"lower_bound":53440165.52277778,"upper_bound":53496179.40449438},"point_estimate":53473172.09111111,"standard_error":12642.306860694358},"MedianAbsDev":{"confidence_interval":{"confidence_level":0.95,"lower_bound":104256.19273928176,"upper_bound":195508.80604777668},"point_estimate":140428.2054257307,"standard_error":24421.33689071161},"Slope":{"confidence_interval":{"confidence_level":0.95,"lower_bound":53453009.58130898,"upper_bound":53501292.35413302},"point_estimate":53477123.4690232,"standard_error":12274.561670950286},"StdDev":{"confidence_interval":{"confidence_level":0.95,"lower_bound":173353.35396055476,"upper_bound":1256756.3066649267},"point_estimate":813394.1843416248,"standard_error":292421.99624612916}}