{"Mean":{"confidence_interval":{"confidence_level":0.95,"lower_bound":5640025.58542463,"upper_bound":5668397.552932257},"point_estimate":5653170.783402676,"standard_error":7273.968883685914},"Median":{"confidence_interval":{"confidence_level":0.95,"lower_bound":5619130.730588235,"upper_bound":5626780.289927404},"point_estimate":5621868.350079323,"standard_error":1904.1320140539347},"MedianAbsDev":{"confidence_interval":{"confidence_level":0.95,"lower_bound":7244.619964360665,"upper_bound":19233.52795186017},"point_estimate":11151.21685202613,"standard_error":3104.624713119598},"Slope":{"confidence_interval":{"confidence_level":0.95,"lower_bound":5632953.438408666,"upper_bound":5657597.205894668},"point_estimate":5644293.191715679,"standard_error":6329.512562827344},"StdDev":{"confidence_interval":{"confidence_level":0.95,"lower_bound":46851.81987177564,"upper_bound":99216.0022242727},"point_estimate":73319.3835536333,"standard_error":13761.083918844055}}