{"Mean":{"confidence_interval":{"confidence_level":0.95,"lower_bound":2577858.1501694983,"upper_bound":2592804.989827503},"point_estimate":2584756.2942580716,"standard_error":3827.7410705322427},"Median":{"confidence_interval":{"confidence_level":0.95,"lower_bound":2570822.8944874275,"upper_bound":2572912.3902439023},"point_estimate":2571934.2857142854,"standard_error":491.8288358111144},"MedianAbsDev":{"confidence_interval":{"confidence_level":0.95,"lower_bound":3269.938451138274,"upper_bound":5780.5973943429435},"point_estimate":4843.614936099565,"standard_error":639.5713034122496},"Slope":{"confidence_interval":{"confidence_level":0.95,"lower_bound":2572193.0794198625,"upper_bound":2585234.158688757},"point_estimate":2577993.62836412,"standard_error":3345.087972179875},"StdDev":{"confidence_interval":{"confidence_level":0.95,"lower_bound":23816.743120359606,"upper_bound":50340.331661055425},"point_estimate":38494.44821925266,"standard_error":6773.559808496504}}