{"Mean":{"confidence_interval":{"confidence_level":0.95,"lower_bound":2574671.98511831,"upper_bound":2589317.9575971276},"point_estimate":2580996.8392421086,"standard_error":3785.601561768766},"Median":{"confidence_interval":{"confidence_level":0.95,"lower_bound":2569462.1352134147,"upper_bound":2571943.2227272727},"point_estimate":2570367.973333333,"standard_error":592.1525639088856},"MedianAbsDev":{"confidence_interval":{"confidence_level":0.95,"lower_bound":3486.619635266658,"upper_bound":6427.500847847224},"point_estimate":4587.081651118959,"standard_error":736.3924329366326},"Slope":{"confidence_interval":{"confidence_level":0.95,"lower_bound":2570176.783890273,"upper_bound":2580036.185366021},"point_estimate":2574419.0551943253,"standard_error":2540.2715445762938},"StdDev":{"confidence_interval":{"confidence_level":0.95,"lower_bound":16419.08541815081,"upper_bound":58072.9129967743},"point_estimate":38084.010097231774,"standard_error":11714.061521435377}}