{"Mean":{"confidence_interval":{"confidence_level":0.95,"lower_bound":2581476.986633489,"upper_bound":2666089.7619786384},"point_estimate":2612041.690261275,"standard_error":24749.326094970198},"Median":{"confidence_interval":{"confidence_level":0.95,"lower_bound":2569715.6363636362,"upper_bound":2573710.611111111},"point_estimate":2571368.78627451,"standard_error":1043.472795390558},"MedianAbsDev":{"confidence_interval":{"confidence_level":0.95,"lower_bound":5030.721421210102,"upper_bound":10441.210887135847},"point_estimate":7412.148307820185,"standard_error":1452.211856677824},"Slope":{"confidence_interval":{"confidence_level":0.95,"lower_bound":2575246.1468710518,"upper_bound":2592227.0834511262},"point_estimate":2582918.709233043,"standard_error":4349.7178305022535},"StdDev":{"confidence_interval":{"confidence_level":0.95,"lower_bound":30972.893955166885,"upper_bound":423186.64859528677},"point_estimate":248998.35426502288,"standard_error":136873.52358067242}}