{"Mean":{"confidence_interval":{"confidence_level":0.95,"lower_bound":2775.797338028596,"upper_bound":2777.529575754622},"point_estimate":2776.650505446715,"standard_error":0.4403919302821759},"Median":{"confidence_interval":{"confidence_level":0.95,"lower_bound":2774.1285714285714,"upper_bound":2778.181423293955},"point_estimate":2777.7820035622944,"standard_error":0.7666055081214742},"MedianAbsDev":{"confidence_interval":{"confidence_level":0.95,"lower_bound":2.8913077370212172,"upper_bound":6.745512651748476},"point_estimate":6.192201568045289,"standard_error":0.9781718682254238},"Slope":{"confidence_interval":{"confidence_level":0.95,"lower_bound":2775.2818259158666,"upper_bound":2777.532179870384},"point_estimate":2776.3933392692084,"standard_error":0.573483508736704},"StdDev":{"confidence_interval":{"confidence_level":0.95,"lower_bound":3.8518885949919683,"upper_bound":4.917477463240969},"point_estimate":4.407133291004874,"standard_error":0.27235617510415383}}