{"Mean":{"confidence_interval":{"confidence_level":0.95,"lower_bound":120950.60182255686,"upper_bound":122538.44067089887},"point_estimate":121633.53124436532,"standard_error":407.7790510641476},"Median":{"confidence_interval":{"confidence_level":0.95,"lower_bound":120772.53405017921,"upper_bound":121246.69936108615},"point_estimate":120976.0267489712,"standard_error":136.37347854256248},"MedianAbsDev":{"confidence_interval":{"confidence_level":0.95,"lower_bound":915.8934740905173,"upper_bound":1449.7619870723947},"point_estimate":1173.8451299008275,"standard_error":135.18008500992892},"Slope":{"confidence_interval":{"confidence_level":0.95,"lower_bound":121017.74482892563,"upper_bound":122964.35274294252},"point_estimate":121834.37801389094,"standard_error":503.3437554852552},"StdDev":{"confidence_interval":{"confidence_level":0.95,"lower_bound":1114.2402809541754,"upper_bound":6195.84113196122},"point_estimate":4103.577455837114,"standard_error":1260.204373239121}}