{"Mean":{"confidence_interval":{"confidence_level":0.95,"lower_bound":1191.628768410516,"upper_bound":1191.6700920675587},"point_estimate":1191.6484256335864,"standard_error":0.010531256113045851},"Median":{"confidence_interval":{"confidence_level":0.95,"lower_bound":1191.6269574170324,"upper_bound":1191.6557587050193},"point_estimate":1191.641853712133,"standard_error":0.008074329742019815},"MedianAbsDev":{"confidence_interval":{"confidence_level":0.95,"lower_bound":0.041523121032418536,"upper_bound":0.07084740405415449},"point_estimate":0.05203288209735844,"standard_error":0.0075779514333469715},"Slope":{"confidence_interval":{"confidence_level":0.95,"lower_bound":1191.6387650623315,"upper_bound":1191.6575791677587},"point_estimate":1191.6480706344248,"standard_error":0.00479126386175074},"StdDev":{"confidence_interval":{"confidence_level":0.95,"lower_bound":0.06823786909656206,"upper_bound":0.14588319075959286},"point_estimate":0.10575751494284863,"standard_error":0.02085418925403893}}