{"Mean":{"confidence_interval":{"confidence_level":0.95,"lower_bound":3963.3650858232586,"upper_bound":3965.461940495726},"point_estimate":3964.205210419713,"standard_error":0.5510677861649337},"Median":{"confidence_interval":{"confidence_level":0.95,"lower_bound":3962.957024390244,"upper_bound":3963.158024691358},"point_estimate":3963.057642176871,"standard_error":0.048627069298351054},"MedianAbsDev":{"confidence_interval":{"confidence_level":0.95,"lower_bound":0.35578193410912334,"upper_bound":0.5628479093706023},"point_estimate":0.4556534004816251,"standard_error":0.052992579637772666},"Slope":{"confidence_interval":{"confidence_level":0.95,"lower_bound":3963.179773052298,"upper_bound":3964.354292026681},"point_estimate":3963.6966698625683,"standard_error":0.30337071876208427},"StdDev":{"confidence_interval":{"confidence_level":0.95,"lower_bound":1.5703923469843715,"upper_bound":9.032526219783113},"point_estimate":5.558467354601549,"standard_error":2.3167466130811185}}