{"Mean":{"confidence_interval":{"confidence_level":0.95,"lower_bound":28097.456142243194,"upper_bound":28753.799550781696},"point_estimate":28344.187026291132,"standard_error":180.48754036817743},"Median":{"confidence_interval":{"confidence_level":0.95,"lower_bound":28005.392929292928,"upper_bound":28038.03125},"point_estimate":28020.638556466303,"standard_error":8.022060751795424},"MedianAbsDev":{"confidence_interval":{"confidence_level":0.95,"lower_bound":45.638408154197805,"upper_bound":85.63371283154889},"point_estimate":69.17268444785591,"standard_error":10.547804749288643},"Slope":{"confidence_interval":{"confidence_level":0.95,"lower_bound":28017.62823799165,"upper_bound":28259.848577015924},"point_estimate":28118.906950642824,"standard_error":63.002362825529765},"StdDev":{"confidence_interval":{"confidence_level":0.95,"lower_bound":322.74453473974756,"upper_bound":3043.9770579244687},"point_estimate":1817.1709048614769,"standard_error":897.4932958935979}}