{"Mean":{"confidence_interval":{"confidence_level":0.95,"lower_bound":166397.61429846255,"upper_bound":166552.40268363067},"point_estimate":166473.75331836176,"standard_error":39.4355147724477},"Median":{"confidence_interval":{"confidence_level":0.95,"lower_bound":166158.42255623068,"upper_bound":166797.59},"point_estimate":166198.6979166667,"standard_error":140.35578669483684},"MedianAbsDev":{"confidence_interval":{"confidence_level":0.95,"lower_bound":67.45631141802883,"upper_bound":645.5012351329966},"point_estimate":148.76794229634308,"standard_error":145.40557347489005},"Slope":{"confidence_interval":{"confidence_level":0.95,"lower_bound":166653.65088898837,"upper_bound":166786.49514218193},"point_estimate":166724.8962474755,"standard_error":33.93816482339514},"StdDev":{"confidence_interval":{"confidence_level":0.95,"lower_bound":347.99848113803944,"upper_bound":448.80223626969547},"point_estimate":396.6265840555317,"standard_error":26.125233153590187}}