{"Mean":{"confidence_interval":{"confidence_level":0.95,"lower_bound":204.16044422917724,"upper_bound":204.30427224406102},"point_estimate":204.22618272383738,"standard_error":0.03672000839015842},"Median":{"confidence_interval":{"confidence_level":0.95,"lower_bound":204.15094678686097,"upper_bound":204.2105729596043},"point_estimate":204.18624191976124,"standard_error":0.015611185655654397},"MedianAbsDev":{"confidence_interval":{"confidence_level":0.95,"lower_bound":0.09401875093116505,"upper_bound":0.1952009017499353},"point_estimate":0.1291567109358164,"standard_error":0.02426932846218866},"Slope":{"confidence_interval":{"confidence_level":0.95,"lower_bound":204.13825636808744,"upper_bound":204.21466662825824},"point_estimate":204.17400715866765,"standard_error":0.019516715060589575},"StdDev":{"confidence_interval":{"confidence_level":0.95,"lower_bound":0.2040298957448221,"upper_bound":0.5174670395591177},"point_estimate":0.3690779914292786,"standard_error":0.08219129350544352}}