{"Mean":{"confidence_interval":{"confidence_level":0.95,"lower_bound":107627.41620690985,"upper_bound":108833.2400095565},"point_estimate":108123.09663795523,"standard_error":315.4101938943597},"Median":{"confidence_interval":{"confidence_level":0.95,"lower_bound":107433.85744680851,"upper_bound":107512.71612903225},"point_estimate":107472.20011128113,"standard_error":21.539930533906183},"MedianAbsDev":{"confidence_interval":{"confidence_level":0.95,"lower_bound":123.04100296264164,"upper_bound":256.10569830070745},"point_estimate":177.17217945455997,"standard_error":35.655424809603346},"Slope":{"confidence_interval":{"confidence_level":0.95,"lower_bound":107457.50558317114,"upper_bound":108575.59118324524},"point_estimate":107838.86611969853,"standard_error":317.4936375812764},"StdDev":{"confidence_interval":{"confidence_level":0.95,"lower_bound":625.8241799811501,"upper_bound":5110.964384483126},"point_estimate":3175.669178193211,"standard_error":1227.5682659609606}}