{"Mean":{"confidence_interval":{"confidence_level":0.95,"lower_bound":5088.1715669834575,"upper_bound":5090.965090196694},"point_estimate":5089.52093012452,"standard_error":0.7111216707105148},"Median":{"confidence_interval":{"confidence_level":0.95,"lower_bound":5087.274932820166,"upper_bound":5088.7561965811965},"point_estimate":5088.519797161902,"standard_error":0.41668522325578095},"MedianAbsDev":{"confidence_interval":{"confidence_level":0.95,"lower_bound":1.7673617217535647,"upper_bound":3.1079335899177463},"point_estimate":2.7705894143907015,"standard_error":0.3920229739032962},"Slope":{"confidence_interval":{"confidence_level":0.95,"lower_bound":5087.065253343226,"upper_bound":5088.825745069756},"point_estimate":5087.88536617749,"standard_error":0.4489898195634686},"StdDev":{"confidence_interval":{"confidence_level":0.95,"lower_bound":4.375743462061582,"upper_bound":9.535008678859429},"point_estimate":7.164442485176648,"standard_error":1.3171849701299418}}