{"Mean":{"confidence_interval":{"confidence_level":0.95,"lower_bound":4850331.004116275,"upper_bound":4871288.846470026},"point_estimate":4859882.177416357,"standard_error":5377.75800175362},"Median":{"confidence_interval":{"confidence_level":0.95,"lower_bound":4841285.997435898,"upper_bound":4844811.037735849},"point_estimate":4842779.970503827,"standard_error":945.2068397804101},"MedianAbsDev":{"confidence_interval":{"confidence_level":0.95,"lower_bound":5341.9625535421,"upper_bound":9917.290505039498},"point_estimate":7158.3015479149735,"standard_error":1173.3066056170558},"Slope":{"confidence_interval":{"confidence_level":0.95,"lower_bound":4843474.063062811,"upper_bound":4864077.759000058},"point_estimate":4852361.816228758,"standard_error":5346.405448040985},"StdDev":{"confidence_interval":{"confidence_level":0.95,"lower_bound":31718.047537563056,"upper_bound":72571.2773160613},"point_estimate":54051.24220191766,"standard_error":10471.110185218788}}