{"Mean":{"confidence_interval":{"confidence_level":0.95,"lower_bound":4868039.309537602,"upper_bound":4890220.047449442},"point_estimate":4878059.312263179,"standard_error":5664.75717634458},"Median":{"confidence_interval":{"confidence_level":0.95,"lower_bound":4858377.933333334,"upper_bound":4861546.136363637},"point_estimate":4859644.978070175,"standard_error":736.6750196411009},"MedianAbsDev":{"confidence_interval":{"confidence_level":0.95,"lower_bound":5192.584683199613,"upper_bound":10123.584556794201},"point_estimate":7315.052681448036,"standard_error":1241.5886606698148},"Slope":{"confidence_interval":{"confidence_level":0.95,"lower_bound":4860766.937268841,"upper_bound":4879496.114657195},"point_estimate":4869067.442869809,"standard_error":4832.056457992208},"StdDev":{"confidence_interval":{"confidence_level":0.95,"lower_bound":30898.192183606443,"upper_bound":80098.62642176294},"point_estimate":56463.70199755511,"standard_error":12932.669017711794}}