{"Mean":{"confidence_interval":{"confidence_level":0.95,"lower_bound":535306.916813536,"upper_bound":541262.6688137786},"point_estimate":537906.0386745753,"standard_error":1533.0023094322175},"Median":{"confidence_interval":{"confidence_level":0.95,"lower_bound":534031.5460526316,"upper_bound":534591.4502164503},"point_estimate":534384.0570142536,"standard_error":144.68580163700435},"MedianAbsDev":{"confidence_interval":{"confidence_level":0.95,"lower_bound":1003.4689994901117,"upper_bound":1738.8507272671427},"point_estimate":1363.43791368123,"standard_error":186.9462400042774},"Slope":{"confidence_interval":{"confidence_level":0.95,"lower_bound":533896.9307425505,"upper_bound":535890.8261111851},"point_estimate":534636.5309945323,"standard_error":529.9956723053647},"StdDev":{"confidence_interval":{"confidence_level":0.95,"lower_bound":5451.201455202282,"upper_bound":22689.421294059528},"point_estimate":15378.173943850396,"standard_error":4391.0508202438605}}