{"Mean":{"confidence_interval":{"confidence_level":0.95,"lower_bound":61664.49877796295,"upper_bound":61694.598113132924},"point_estimate":61678.129133104085,"standard_error":7.734135533893493},"Median":{"confidence_interval":{"confidence_level":0.95,"lower_bound":61655.67077566321,"upper_bound":61669.46957403651},"point_estimate":61664.51077354018,"standard_error":3.7811338653940227},"MedianAbsDev":{"confidence_interval":{"confidence_level":0.95,"lower_bound":22.75645606657856,"upper_bound":39.49541784101478},"point_estimate":31.325264167845088,"standard_error":4.207226192827012},"Slope":{"confidence_interval":{"confidence_level":0.95,"lower_bound":61654.74649686845,"upper_bound":61710.73643515976},"point_estimate":61676.70907222768,"standard_error":14.88962950839685},"StdDev":{"confidence_interval":{"confidence_level":0.95,"lower_bound":43.63086469426169,"upper_bound":110.02465283203937},"point_estimate":77.72137135490603,"standard_error":17.429461669865443}}