{"Mean":{"confidence_interval":{"confidence_level":0.95,"lower_bound":39266.87523628902,"upper_bound":39308.69968410935},"point_estimate":39282.541721178146,"standard_error":11.671149030908277},"Median":{"confidence_interval":{"confidence_level":0.95,"lower_bound":39258.945464982775,"upper_bound":39264.40299773756},"point_estimate":39262.247326088815,"standard_error":1.422965333024954},"MedianAbsDev":{"confidence_interval":{"confidence_level":0.95,"lower_bound":6.1883694312574615,"upper_bound":11.434916979455815},"point_estimate":8.826137834173458,"standard_error":1.3915917361064587},"Slope":{"confidence_interval":{"confidence_level":0.95,"lower_bound":39263.18338278256,"upper_bound":39277.51047554911},"point_estimate":39269.71217924089,"standard_error":3.6821550478100136},"StdDev":{"confidence_interval":{"confidence_level":0.95,"lower_bound":21.66966028814555,"upper_bound":197.77107093294396},"point_estimate":117.67591861632256,"standard_error":59.58017901081377}}