{"Mean":{"confidence_interval":{"confidence_level":0.95,"lower_bound":837782.5018386684,"upper_bound":837960.1135660395},"point_estimate":837867.6279585187,"standard_error":45.051548726041084},"Median":{"confidence_interval":{"confidence_level":0.95,"lower_bound":837775.3333333334,"upper_bound":837849.0239583333},"point_estimate":837807.8753987948,"standard_error":20.554855231371718},"MedianAbsDev":{"confidence_interval":{"confidence_level":0.95,"lower_bound":127.23341424010611,"upper_bound":228.04102019120847},"point_estimate":171.626645409539,"standard_error":25.04678648591652},"Slope":{"confidence_interval":{"confidence_level":0.95,"lower_bound":837769.5695441274,"upper_bound":837942.3425438394},"point_estimate":837838.3374124428,"standard_error":45.572675905395194},"StdDev":{"confidence_interval":{"confidence_level":0.95,"lower_bound":248.22283515174257,"upper_bound":631.0000670633401},"point_estimate":453.888066459839,"standard_error":97.3329721718177}}