{"Mean":{"confidence_interval":{"confidence_level":0.95,"lower_bound":4179.573419494441,"upper_bound":4191.968553782846},"point_estimate":4185.710856114452,"standard_error":3.171603589078856},"Median":{"confidence_interval":{"confidence_level":0.95,"lower_bound":4172.872413100261,"upper_bound":4187.525292565313},"point_estimate":4179.596991969512,"standard_error":3.5360693637288083},"MedianAbsDev":{"confidence_interval":{"confidence_level":0.95,"lower_bound":24.929798191728427,"upper_bound":42.80373016814605},"point_estimate":34.665014293731836,"standard_error":4.514025683711969},"Slope":{"confidence_interval":{"confidence_level":0.95,"lower_bound":4186.453194963087,"upper_bound":4200.6694772681085},"point_estimate":4193.468979005212,"standard_error":3.627665673979795},"StdDev":{"confidence_interval":{"confidence_level":0.95,"lower_bound":27.85012299188031,"upper_bound":35.65902486755088},"point_estimate":31.923071452607232,"standard_error":1.989492164320952}}