{"Mean":{"confidence_interval":{"confidence_level":0.95,"lower_bound":24515181.8035554,"upper_bound":24640056.956269342},"point_estimate":24565786.54408078,"standard_error":32767.48710172305},"Median":{"confidence_interval":{"confidence_level":0.95,"lower_bound":24479131.615703195,"upper_bound":24534418.507246375},"point_estimate":24512236.934006214,"standard_error":13735.643468940501},"MedianAbsDev":{"confidence_interval":{"confidence_level":0.95,"lower_bound":75938.44070963592,"upper_bound":129904.70957706403},"point_estimate":106244.96467369453,"standard_error":13876.20280946504},"Slope":{"confidence_interval":{"confidence_level":0.95,"lower_bound":24496011.263137296,"upper_bound":24535435.60096926},"point_estimate":24515217.121462982,"standard_error":10049.334197748278},"StdDev":{"confidence_interval":{"confidence_level":0.95,"lower_bound":108515.24555260652,"upper_bound":532037.1233110265},"point_estimate":329025.2744107924,"standard_error":134343.28199224226}}