{"Mean":{"confidence_interval":{"confidence_level":0.95,"lower_bound":14233.373505966374,"upper_bound":14244.189159291458},"point_estimate":14237.745847259654,"standard_error":2.8230416521144766},"Median":{"confidence_interval":{"confidence_level":0.95,"lower_bound":14229.695052269159,"upper_bound":14231.722167487686},"point_estimate":14230.184956709956,"standard_error":0.5148575094182263},"MedianAbsDev":{"confidence_interval":{"confidence_level":0.95,"lower_bound":1.2789489150104902,"upper_bound":4.837072256494658},"point_estimate":2.282799687790266,"standard_error":0.8620896725403742},"Slope":{"confidence_interval":{"confidence_level":0.95,"lower_bound":14232.111496705493,"upper_bound":14236.62346184537},"point_estimate":14234.20532939264,"standard_error":1.154484341254832},"StdDev":{"confidence_interval":{"confidence_level":0.95,"lower_bound":8.208465879574902,"upper_bound":45.592440500326205},"point_estimate":28.221193311245262,"standard_error":11.18541187450169}}