{"Mean":{"confidence_interval":{"confidence_level":0.95,"lower_bound":209724.76537693935,"upper_bound":209766.35300513482},"point_estimate":209743.04915458208,"standard_error":10.639625400330821},"Median":{"confidence_interval":{"confidence_level":0.95,"lower_bound":209713.06585365854,"upper_bound":209727.8318225651},"point_estimate":209721.15262681158,"standard_error":4.354827121198835},"MedianAbsDev":{"confidence_interval":{"confidence_level":0.95,"lower_bound":28.831862018538313,"upper_bound":49.58156058524835},"point_estimate":40.703544711285225,"standard_error":5.584499338071277},"Slope":{"confidence_interval":{"confidence_level":0.95,"lower_bound":209718.68602610638,"upper_bound":209734.5275006191},"point_estimate":209726.57775498743,"standard_error":4.041366591013973},"StdDev":{"confidence_interval":{"confidence_level":0.95,"lower_bound":47.64397408519486,"upper_bound":159.73048261249676},"point_estimate":106.97068286998447,"standard_error":29.56183105125207}}