{"Mean":{"confidence_interval":{"confidence_level":0.95,"lower_bound":146765.1843493779,"upper_bound":146970.05948053754},"point_estimate":146844.885791103,"standard_error":54.49244179778166},"Median":{"confidence_interval":{"confidence_level":0.95,"lower_bound":146716.9950166113,"upper_bound":146747.65024630542},"point_estimate":146732.4241167435,"standard_error":8.296381348646078},"MedianAbsDev":{"confidence_interval":{"confidence_level":0.95,"lower_bound":47.955553434337894,"upper_bound":89.13227213553469},"point_estimate":63.50791171619241,"standard_error":11.354388613428007},"Slope":{"confidence_interval":{"confidence_level":0.95,"lower_bound":146720.46118300656,"upper_bound":146824.33840972895},"point_estimate":146763.2841322384,"standard_error":27.08931640119621},"StdDev":{"confidence_interval":{"confidence_level":0.95,"lower_bound":141.13045745848285,"upper_bound":902.3248740716917},"point_estimate":547.7308328846427,"standard_error":245.0944926936668}}