{"Mean":{"confidence_interval":{"confidence_level":0.95,"lower_bound":4256152.661317592,"upper_bound":4348862.910143576},"point_estimate":4289883.671072802,"standard_error":26592.188589052148},"Median":{"confidence_interval":{"confidence_level":0.95,"lower_bound":4240547.629378865,"upper_bound":4248720.498167155},"point_estimate":4243014.124242425,"standard_error":1969.2492375198992},"MedianAbsDev":{"confidence_interval":{"confidence_level":0.95,"lower_bound":8354.926678272668,"upper_bound":18766.74867839715},"point_estimate":13165.471850002123,"standard_error":2419.3493666590152},"Slope":{"confidence_interval":{"confidence_level":0.95,"lower_bound":4247383.907280792,"upper_bound":4263636.850179864},"point_estimate":4254795.807601596,"standard_error":4164.101990023617},"StdDev":{"confidence_interval":{"confidence_level":0.95,"lower_bound":39206.00755321725,"upper_bound":451814.27941919904},"point_estimate":266692.5547930788,"standard_error":143126.13476412636}}