{"Mean":{"confidence_interval":{"confidence_level":0.95,"lower_bound":155936.24217820738,"upper_bound":157021.73457352276},"point_estimate":156397.65355115966,"standard_error":281.0858405845482},"Median":{"confidence_interval":{"confidence_level":0.95,"lower_bound":155667.84285714285,"upper_bound":155815.55888298716},"point_estimate":155742.93837535015,"standard_error":35.24141885170479},"MedianAbsDev":{"confidence_interval":{"confidence_level":0.95,"lower_bound":217.5568234546599,"upper_bound":394.6984970885955},"point_estimate":312.83957023121263,"standard_error":43.60737758672276},"Slope":{"confidence_interval":{"confidence_level":0.95,"lower_bound":155677.69048795308,"upper_bound":156589.29699020807},"point_estimate":155987.0231353839,"standard_error":260.43314942683685},"StdDev":{"confidence_interval":{"confidence_level":0.95,"lower_bound":894.7080002482991,"upper_bound":4427.478078689049},"point_estimate":2837.1077806710496,"standard_error":960.5460908079984}}