{"Mean":{"confidence_interval":{"confidence_level":0.95,"lower_bound":157614.78611418747,"upper_bound":162746.52979928104},"point_estimate":159871.52243335432,"standard_error":1316.9622109460759},"Median":{"confidence_interval":{"confidence_level":0.95,"lower_bound":155802.0303030303,"upper_bound":155997.96991028296},"point_estimate":155896.473815331,"standard_error":47.19229793901015},"MedianAbsDev":{"confidence_interval":{"confidence_level":0.95,"lower_bound":241.53034761759793,"upper_bound":498.23480653664734},"point_estimate":334.019907809002,"standard_error":66.58595356906024},"Slope":{"confidence_interval":{"confidence_level":0.95,"lower_bound":156035.91365201745,"upper_bound":157322.6244732366},"point_estimate":156592.43035276234,"standard_error":331.57125219716016},"StdDev":{"confidence_interval":{"confidence_level":0.95,"lower_bound":6060.703582231513,"upper_bound":19615.26667508925},"point_estimate":13183.65144581909,"standard_error":3590.5468352898774}}