{"Mean":{"confidence_interval":{"confidence_level":0.95,"lower_bound":50837.218978661134,"upper_bound":52418.2465959207},"point_estimate":51514.9729031007,"standard_error":408.13032824081574},"Median":{"confidence_interval":{"confidence_level":0.95,"lower_bound":50295.59375,"upper_bound":50373.19911151961},"point_estimate":50316.00331632653,"standard_error":20.250770517795644},"MedianAbsDev":{"confidence_interval":{"confidence_level":0.95,"lower_bound":101.20044301582865,"upper_bound":198.72934780518557},"point_estimate":145.69497011688887,"standard_error":25.200427156108677},"Slope":{"confidence_interval":{"confidence_level":0.95,"lower_bound":50321.01348843174,"upper_bound":50511.07448877341},"point_estimate":50399.5732392493,"standard_error":48.98599572641115},"StdDev":{"confidence_interval":{"confidence_level":0.95,"lower_bound":1737.4648671620218,"upper_bound":6318.757592419964},"point_estimate":4108.661802377747,"standard_error":1309.2013924461996}}