{"Mean":{"confidence_interval":{"confidence_level":0.95,"lower_bound":50103.45320664656,"upper_bound":50338.43784528088},"point_estimate":50209.66513626973,"standard_error":60.42337487597122},"Median":{"confidence_interval":{"confidence_level":0.95,"lower_bound":50031.16456473214,"upper_bound":50072.971978021975},"point_estimate":50056.02857441471,"standard_error":10.946167566854504},"MedianAbsDev":{"confidence_interval":{"confidence_level":0.95,"lower_bound":86.24356095088446,"upper_bound":148.70283767414966},"point_estimate":124.37193388237839,"standard_error":15.702957590039833},"Slope":{"confidence_interval":{"confidence_level":0.95,"lower_bound":50014.6940565755,"upper_bound":50151.65289244955},"point_estimate":50070.940257277965,"standard_error":35.55046955549992},"StdDev":{"confidence_interval":{"confidence_level":0.95,"lower_bound":313.24759364847426,"upper_bound":834.9415962401093},"point_estimate":605.5490403055422,"standard_error":132.08746920532113}}