{"Mean":{"confidence_interval":{"confidence_level":0.95,"lower_bound":1829.3379114338934,"upper_bound":1830.9080881327677},"point_estimate":1830.0278252758328,"standard_error":0.4050639520055558},"Median":{"confidence_interval":{"confidence_level":0.95,"lower_bound":1828.7974040266718,"upper_bound":1829.1463379022784},"point_estimate":1828.984014465053,"standard_error":0.0853711023952578},"MedianAbsDev":{"confidence_interval":{"confidence_level":0.95,"lower_bound":0.5416773943072379,"upper_bound":1.0263164919459224},"point_estimate":0.73710794392784,"standard_error":0.12232275370359952},"Slope":{"confidence_interval":{"confidence_level":0.95,"lower_bound":1828.6842393075492,"upper_bound":1829.3613906282637},"point_estimate":1828.9837130376034,"standard_error":0.17364576789623515},"StdDev":{"confidence_interval":{"confidence_level":0.95,"lower_bound":1.5878101467597243,"upper_bound":6.020633880730396},"point_estimate":4.066001545688564,"standard_error":1.1321555170059563}}