{"Mean":{"confidence_interval":{"confidence_level":0.95,"lower_bound":286.7226716220636,"upper_bound":287.4537297332401},"point_estimate":287.0867644883825,"standard_error":0.18628524588543593},"Median":{"confidence_interval":{"confidence_level":0.95,"lower_bound":286.4023212818944,"upper_bound":287.45748158027067},"point_estimate":286.91937289440364,"standard_error":0.2856503203082064},"MedianAbsDev":{"confidence_interval":{"confidence_level":0.95,"lower_bound":1.297119312644012,"upper_bound":2.0284408227997472},"point_estimate":1.7214034254101356,"standard_error":0.1869502154124105},"Slope":{"confidence_interval":{"confidence_level":0.95,"lower_bound":286.55961704153384,"upper_bound":287.147999105101},"point_estimate":286.84970762618195,"standard_error":0.15059756069748084},"StdDev":{"confidence_interval":{"confidence_level":0.95,"lower_bound":1.551352283852256,"upper_bound":2.1788337599868046},"point_estimate":1.873840473520716,"standard_error":0.16056178299649548}}