{"Mean":{"confidence_interval":{"confidence_level":0.95,"lower_bound":15939.795294740856,"upper_bound":15946.172479265746},"point_estimate":15942.693899041042,"standard_error":1.632126700510485},"Median":{"confidence_interval":{"confidence_level":0.95,"lower_bound":15937.059964726632,"upper_bound":15938.582702020201},"point_estimate":15937.92865056754,"standard_error":0.3634096496523557},"MedianAbsDev":{"confidence_interval":{"confidence_level":0.95,"lower_bound":2.6795862327587052,"upper_bound":4.8071535277077455},"point_estimate":3.7505190489532763,"standard_error":0.5575006846615747},"Slope":{"confidence_interval":{"confidence_level":0.95,"lower_bound":15937.743563247395,"upper_bound":15948.852042778126},"point_estimate":15942.39044255385,"standard_error":2.8929630846034806},"StdDev":{"confidence_interval":{"confidence_level":0.95,"lower_bound":9.14547002798075,"upper_bound":22.808198152687087},"point_estimate":16.44727224198799,"standard_error":3.519922137666903}}