{"Mean":{"confidence_interval":{"confidence_level":0.95,"lower_bound":1953.3565232792423,"upper_bound":1953.4133141462792},"point_estimate":1953.384897819111,"standard_error":0.01446931843841622},"Median":{"confidence_interval":{"confidence_level":0.95,"lower_bound":1953.358281925385,"upper_bound":1953.402363142421},"point_estimate":1953.3765763671074,"standard_error":0.011054074714915282},"MedianAbsDev":{"confidence_interval":{"confidence_level":0.95,"lower_bound":0.07002922309389904,"upper_bound":0.13208705574544247},"point_estimate":0.09548679414735149,"standard_error":0.01600385634537841},"Slope":{"confidence_interval":{"confidence_level":0.95,"lower_bound":1953.4130275626549,"upper_bound":1953.46533730191},"point_estimate":1953.4394948335246,"standard_error":0.013341493815742952},"StdDev":{"confidence_interval":{"confidence_level":0.95,"lower_bound":0.11385422535274341,"upper_bound":0.1746204454215928},"point_estimate":0.14544570551603642,"standard_error":0.015521253457279437}}