{"Mean":{"confidence_interval":{"confidence_level":0.95,"lower_bound":58705.80699715135,"upper_bound":58769.129868501244},"point_estimate":58732.847116494755,"standard_error":16.445576333257414},"Median":{"confidence_interval":{"confidence_level":0.95,"lower_bound":58691.081996434936,"upper_bound":58703.98529411765},"point_estimate":58697.569384510556,"standard_error":3.1608807939490604},"MedianAbsDev":{"confidence_interval":{"confidence_level":0.95,"lower_bound":19.02127030244314,"upper_bound":35.90706721519453},"point_estimate":27.48813659638498,"standard_error":4.255728627370988},"Slope":{"confidence_interval":{"confidence_level":0.95,"lower_bound":58696.03151425358,"upper_bound":58715.86492607132},"point_estimate":58705.39137092638,"standard_error":5.095640866141531},"StdDev":{"confidence_interval":{"confidence_level":0.95,"lower_bound":50.23016364535513,"upper_bound":247.81935218882572},"point_estimate":165.00319005092294,"standard_error":53.06029802638293}}