{"Mean":{"confidence_interval":{"confidence_level":0.95,"lower_bound":136666.96462357644,"upper_bound":138103.5864830856},"point_estimate":137279.1093779727,"standard_error":370.7975040179203},"Median":{"confidence_interval":{"confidence_level":0.95,"lower_bound":136332.49662162163,"upper_bound":136448.7384868421},"point_estimate":136381.4300872093,"standard_error":25.16789753081092},"MedianAbsDev":{"confidence_interval":{"confidence_level":0.95,"lower_bound":183.93834347497014,"upper_bound":367.73289437524596},"point_estimate":251.94169075909718,"standard_error":47.94308193043737},"Slope":{"confidence_interval":{"confidence_level":0.95,"lower_bound":136348.6912752237,"upper_bound":138008.02796384494},"point_estimate":136974.98668095167,"standard_error":446.099313331811},"StdDev":{"confidence_interval":{"confidence_level":0.95,"lower_bound":1282.4814224050317,"upper_bound":5752.452646216419},"point_estimate":3725.4413974562804,"standard_error":1186.215483169503}}