{"Mean":{"confidence_interval":{"confidence_level":0.95,"lower_bound":124407.69259279301,"upper_bound":124497.43863411095},"point_estimate":124448.40311036583,"standard_error":22.939649802723498},"Median":{"confidence_interval":{"confidence_level":0.95,"lower_bound":124383.61538461539,"upper_bound":124429.19875000001},"point_estimate":124408.44006238859,"standard_error":10.971187807620849},"MedianAbsDev":{"confidence_interval":{"confidence_level":0.95,"lower_bound":64.0327774802919,"upper_bound":98.45101887867945},"point_estimate":82.8095835202472,"standard_error":9.136276941416009},"Slope":{"confidence_interval":{"confidence_level":0.95,"lower_bound":124398.25646825517,"upper_bound":124500.90740046058},"point_estimate":124439.90565649475,"standard_error":26.881120358276192},"StdDev":{"confidence_interval":{"confidence_level":0.95,"lower_bound":115.55689943379626,"upper_bound":317.39545056546547},"point_estimate":230.87036850022017,"standard_error":49.599731789947874}}