{"Mean":{"confidence_interval":{"confidence_level":0.95,"lower_bound":547351.0997199225,"upper_bound":555405.1394520352},"point_estimate":550620.3737601966,"standard_error":2103.771579771707},"Median":{"confidence_interval":{"confidence_level":0.95,"lower_bound":545709.4038461539,"upper_bound":546223.5233552632},"point_estimate":546011.394773358,"standard_error":107.86270988965856},"MedianAbsDev":{"confidence_interval":{"confidence_level":0.95,"lower_bound":802.0881968147914,"upper_bound":1575.2595812128436},"point_estimate":1153.4635575154712,"standard_error":206.49511462030566},"Slope":{"confidence_interval":{"confidence_level":0.95,"lower_bound":545799.1948249986,"upper_bound":547052.9308545331},"point_estimate":546332.0919329097,"standard_error":322.04264303347185},"StdDev":{"confidence_interval":{"confidence_level":0.95,"lower_bound":5062.155049207344,"upper_bound":34152.255884712904},"point_estimate":21130.137654639915,"standard_error":8340.853051616163}}