{"Mean":{"confidence_interval":{"confidence_level":0.95,"lower_bound":24403.188232607088,"upper_bound":24416.44823559273},"point_estimate":24409.101255068817,"standard_error":3.409367278860691},"Median":{"confidence_interval":{"confidence_level":0.95,"lower_bound":24397.017984992657,"upper_bound":24400.794425087108},"point_estimate":24399.00692904656,"standard_error":1.0671211263220048},"MedianAbsDev":{"confidence_interval":{"confidence_level":0.95,"lower_bound":4.724722184584118,"upper_bound":9.26624983549118},"point_estimate":7.181213497782482,"standard_error":1.2856779980426478},"Slope":{"confidence_interval":{"confidence_level":0.95,"lower_bound":24400.81405751455,"upper_bound":24411.97018367784},"point_estimate":24405.842157024585,"standard_error":2.868567104392526},"StdDev":{"confidence_interval":{"confidence_level":0.95,"lower_bound":15.712821458720143,"upper_bound":49.15781732858011},"point_estimate":34.19941803634121,"standard_error":8.604077965338577}}