{"Mean":{"confidence_interval":{"confidence_level":0.95,"lower_bound":231289.66388500464,"upper_bound":231568.6366153286},"point_estimate":231413.03971211915,"standard_error":71.36097408809182},"Median":{"confidence_interval":{"confidence_level":0.95,"lower_bound":231163.24,"upper_bound":231274.07317073172},"point_estimate":231218.65934640524,"standard_error":32.68410711276278},"MedianAbsDev":{"confidence_interval":{"confidence_level":0.95,"lower_bound":171.47042765799722,"upper_bound":307.648538970607},"point_estimate":236.60015636651667,"standard_error":35.38521807893491},"Slope":{"confidence_interval":{"confidence_level":0.95,"lower_bound":231135.7003241075,"upper_bound":231268.32623593824},"point_estimate":231193.83629023202,"standard_error":33.99533481677775},"StdDev":{"confidence_interval":{"confidence_level":0.95,"lower_bound":376.28722007898716,"upper_bound":1047.9627706715667},"point_estimate":712.7129952366853,"standard_error":187.07246314460124}}