{"Mean":{"confidence_interval":{"confidence_level":0.95,"lower_bound":16240.071278648404,"upper_bound":16247.91931282168},"point_estimate":16243.997626782342,"standard_error":2.010175741829486},"Median":{"confidence_interval":{"confidence_level":0.95,"lower_bound":16246.056401249025,"upper_bound":16252.938012295082},"point_estimate":16252.352060256979,"standard_error":1.7643745948549974},"MedianAbsDev":{"confidence_interval":{"confidence_level":0.95,"lower_bound":6.362983052621745,"upper_bound":23.830900271873585},"point_estimate":15.352451967876616,"standard_error":3.565633453738117},"Slope":{"confidence_interval":{"confidence_level":0.95,"lower_bound":16231.930800971855,"upper_bound":16242.704367630899},"point_estimate":16237.123930065627,"standard_error":2.748752573566723},"StdDev":{"confidence_interval":{"confidence_level":0.95,"lower_bound":17.418431671793766,"upper_bound":22.87570037532225},"point_estimate":20.18576071384246,"standard_error":1.3936795652347498}}