{"Mean":{"confidence_interval":{"confidence_level":0.95,"lower_bound":188744.51591897706,"upper_bound":194669.99318800803},"point_estimate":190961.06039713486,"standard_error":1627.687742339662},"Median":{"confidence_interval":{"confidence_level":0.95,"lower_bound":188272.7645046027,"upper_bound":188451.73138083736},"point_estimate":188371.06786660434,"standard_error":50.26713196665665},"MedianAbsDev":{"confidence_interval":{"confidence_level":0.95,"lower_bound":324.055801089519,"upper_bound":569.9226005245423},"point_estimate":474.7580410864397,"standard_error":63.689606114579604},"Slope":{"confidence_interval":{"confidence_level":0.95,"lower_bound":188257.49774567917,"upper_bound":188468.04281312358},"point_estimate":188350.84162060983,"standard_error":53.650695864757765},"StdDev":{"confidence_interval":{"confidence_level":0.95,"lower_bound":1686.9188780375068,"upper_bound":27487.51140154255},"point_estimate":16373.395425176548,"standard_error":8157.158509210352}}