{"Mean":{"confidence_interval":{"confidence_level":0.95,"lower_bound":197185.414531035,"upper_bound":204004.87090956545},"point_estimate":199650.54053533188,"standard_error":1966.2340253629582},"Median":{"confidence_interval":{"confidence_level":0.95,"lower_bound":196445.71489361703,"upper_bound":196724.99130434782},"point_estimate":196575.6104793757,"standard_error":69.32799164345717},"MedianAbsDev":{"confidence_interval":{"confidence_level":0.95,"lower_bound":409.2150106930297,"upper_bound":758.4980098403662},"point_estimate":533.225737006557,"standard_error":93.68698903720774},"Slope":{"confidence_interval":{"confidence_level":0.95,"lower_bound":196606.0134000576,"upper_bound":198003.47075296665},"point_estimate":197207.68761400916,"standard_error":360.55205683244327},"StdDev":{"confidence_interval":{"confidence_level":0.95,"lower_bound":2395.2600375786687,"upper_bound":33714.67390547372},"point_estimate":19864.865373094988,"standard_error":10765.211161862115}}