{"Mean":{"confidence_interval":{"confidence_level":0.95,"lower_bound":965.0005894283835,"upper_bound":965.4946927695077},"point_estimate":965.2221971142332,"standard_error":0.12744488672385504},"Median":{"confidence_interval":{"confidence_level":0.95,"lower_bound":964.8179084620979,"upper_bound":964.8875781407542},"point_estimate":964.8466353963613,"standard_error":0.01900943799717074},"MedianAbsDev":{"confidence_interval":{"confidence_level":0.95,"lower_bound":0.10100383686328467,"upper_bound":0.19401191592216718},"point_estimate":0.143019781097918,"standard_error":0.024203344526910087},"Slope":{"confidence_interval":{"confidence_level":0.95,"lower_bound":964.9119930452684,"upper_bound":965.5185609755036},"point_estimate":965.1615536814221,"standard_error":0.15823318755698662},"StdDev":{"confidence_interval":{"confidence_level":0.95,"lower_bound":0.5743351462190522,"upper_bound":1.786255958000526},"point_estimate":1.2820130033403963,"standard_error":0.2990743887824961}}