{"Mean":{"confidence_interval":{"confidence_level":0.95,"lower_bound":700967.6314501285,"upper_bound":705380.632815025},"point_estimate":702816.1593796675,"standard_error":1142.6604631088708},"Median":{"confidence_interval":{"confidence_level":0.95,"lower_bound":699360.7733333333,"upper_bound":700335.1590909091},"point_estimate":699768.357107843,"standard_error":279.121496983352},"MedianAbsDev":{"confidence_interval":{"confidence_level":0.95,"lower_bound":1560.4313243801012,"upper_bound":2959.5631979088553},"point_estimate":2143.706058810117,"standard_error":373.0291386430349},"Slope":{"confidence_interval":{"confidence_level":0.95,"lower_bound":699244.6972448312,"upper_bound":701659.2795698346},"point_estimate":700329.3764356435,"standard_error":619.4111349320394},"StdDev":{"confidence_interval":{"confidence_level":0.95,"lower_bound":4407.947240065467,"upper_bound":18042.213023233657},"point_estimate":11481.33276380664,"standard_error":4053.1073881646976}}