{"Mean":{"confidence_interval":{"confidence_level":0.95,"lower_bound":9151.206210349463,"upper_bound":9159.218055833948},"point_estimate":9154.527416132138,"standard_error":2.084136899948409},"Median":{"confidence_interval":{"confidence_level":0.95,"lower_bound":9147.761198057204,"upper_bound":9151.196783811414},"point_estimate":9148.460247867373,"standard_error":0.8018544721526718},"MedianAbsDev":{"confidence_interval":{"confidence_level":0.95,"lower_bound":2.412036629128285,"upper_bound":6.289564899666673},"point_estimate":3.5953831985069704,"standard_error":1.0143979589996341},"Slope":{"confidence_interval":{"confidence_level":0.95,"lower_bound":9149.283478061692,"upper_bound":9154.365846277538},"point_estimate":9151.408613034382,"standard_error":1.3212736578541815},"StdDev":{"confidence_interval":{"confidence_level":0.95,"lower_bound":6.744444106168832,"upper_bound":33.262899122826646},"point_estimate":20.940631321584828,"standard_error":7.66204815050768}}