{"Mean":{"confidence_interval":{"confidence_level":0.95,"lower_bound":3289050.8917737245,"upper_bound":3317677.9799578926},"point_estimate":3301762.0011861627,"standard_error":7320.229585079253},"Median":{"confidence_interval":{"confidence_level":0.95,"lower_bound":3277114.243970315,"upper_bound":3281205.084510358},"point_estimate":3278590.731168831,"standard_error":1209.577163577524},"MedianAbsDev":{"confidence_interval":{"confidence_level":0.95,"lower_bound":5234.6123860595735,"upper_bound":10030.24432692032},"point_estimate":6869.977837229471,"standard_error":1209.2524039999093},"Slope":{"confidence_interval":{"confidence_level":0.95,"lower_bound":3277573.5305723264,"upper_bound":3292152.1867391695},"point_estimate":3283683.621637358,"standard_error":3789.645195697945},"StdDev":{"confidence_interval":{"confidence_level":0.95,"lower_bound":35305.066548322844,"upper_bound":103662.44024077697},"point_estimate":73284.4564479541,"standard_error":17477.54714250232}}