{"Mean":{"confidence_interval":{"confidence_level":0.95,"lower_bound":3312095.9077277933,"upper_bound":3349702.140371815},"point_estimate":3328916.1892158627,"standard_error":9625.062662729735},"Median":{"confidence_interval":{"confidence_level":0.95,"lower_bound":3294520.604651163,"upper_bound":3299082.829885057},"point_estimate":3296120.1847943724,"standard_error":1231.8119401375113},"MedianAbsDev":{"confidence_interval":{"confidence_level":0.95,"lower_bound":8528.356644258829,"upper_bound":16016.745436675994},"point_estimate":10948.827086531357,"standard_error":1944.1085562299293},"Slope":{"confidence_interval":{"confidence_level":0.95,"lower_bound":3299331.619002864,"upper_bound":3315669.0093517494},"point_estimate":3306806.671659524,"standard_error":4185.6494775644305},"StdDev":{"confidence_interval":{"confidence_level":0.95,"lower_bound":49223.60512187698,"upper_bound":136893.93961554096},"point_estimate":96704.40626449799,"standard_error":22501.463128014875}}