{"Mean":{"confidence_interval":{"confidence_level":0.95,"lower_bound":194663.9383249879,"upper_bound":196400.9140403489},"point_estimate":195497.30655498133,"standard_error":444.7915457480764},"Median":{"confidence_interval":{"confidence_level":0.95,"lower_bound":195594.49269064268,"upper_bound":196395.52546988876},"point_estimate":196058.2506229236,"standard_error":224.51063022556346},"MedianAbsDev":{"confidence_interval":{"confidence_level":0.95,"lower_bound":1100.7321880042684,"upper_bound":3227.884915278212},"point_estimate":1498.1109491384996,"standard_error":508.7627603201464},"Slope":{"confidence_interval":{"confidence_level":0.95,"lower_bound":193183.34223298173,"upper_bound":194767.42457890738},"point_estimate":193985.03846854836,"standard_error":408.84593122906506},"StdDev":{"confidence_interval":{"confidence_level":0.95,"lower_bound":3277.0643220110464,"upper_bound":5789.885957400009},"point_estimate":4421.6644340483435,"standard_error":683.7889362981791}}