{"Mean":{"confidence_interval":{"confidence_level":0.95,"lower_bound":61451.28603693654,"upper_bound":62029.11204479044},"point_estimate":61708.094889876666,"standard_error":148.90503035708704},"Median":{"confidence_interval":{"confidence_level":0.95,"lower_bound":61276.72850678733,"upper_bound":61362.661257606494},"point_estimate":61317.509187801654,"standard_error":18.41621977681524},"MedianAbsDev":{"confidence_interval":{"confidence_level":0.95,"lower_bound":102.46199839004167,"upper_bound":193.93314858539628},"point_estimate":146.70844239158941,"standard_error":22.75116950710324},"Slope":{"confidence_interval":{"confidence_level":0.95,"lower_bound":61298.0517171661,"upper_bound":62281.4901744512},"point_estimate":61652.24757603943,"standard_error":271.340380329993},"StdDev":{"confidence_interval":{"confidence_level":0.95,"lower_bound":679.7378550128602,"upper_bound":2140.0414366637287},"point_estimate":1491.9692168630097,"standard_error":374.9721378557508}}