{"Mean":{"confidence_interval":{"confidence_level":0.95,"lower_bound":534775.5373000887,"upper_bound":535144.3713008609},"point_estimate":534908.7004989916,"standard_error":108.07683593688338},"Median":{"confidence_interval":{"confidence_level":0.95,"lower_bound":534758.0263157894,"upper_bound":534806.3881118881},"point_estimate":534771.7218969555,"standard_error":13.375403378445107},"MedianAbsDev":{"confidence_interval":{"confidence_level":0.95,"lower_bound":76.81528066753492,"upper_bound":143.9402037933938},"point_estimate":117.0411403866676,"standard_error":16.41599571342443},"Slope":{"confidence_interval":{"confidence_level":0.95,"lower_bound":534771.0094015606,"upper_bound":535416.6277688585},"point_estimate":534978.835689375,"standard_error":191.32530021560055},"StdDev":{"confidence_interval":{"confidence_level":0.95,"lower_bound":141.98341656713365,"upper_bound":1845.52049270309},"point_estimate":1083.795041900007,"standard_error":599.5640868405128}}