{"Mean":{"confidence_interval":{"confidence_level":0.95,"lower_bound":39611.291688114325,"upper_bound":39978.99925112412},"point_estimate":39760.885499343065,"standard_error":96.11528092162403},"Median":{"confidence_interval":{"confidence_level":0.95,"lower_bound":39544.57692307692,"upper_bound":39579.70181818182},"point_estimate":39558.90246487867,"standard_error":7.641257473769243},"MedianAbsDev":{"confidence_interval":{"confidence_level":0.95,"lower_bound":66.90954673519815,"upper_bound":115.40820693879695},"point_estimate":88.1242598354794,"standard_error":12.05507057106782},"Slope":{"confidence_interval":{"confidence_level":0.95,"lower_bound":39543.04075999291,"upper_bound":39843.32014523294},"point_estimate":39644.17600520171,"standard_error":83.95923234894596},"StdDev":{"confidence_interval":{"confidence_level":0.95,"lower_bound":250.9558400431343,"upper_bound":1554.5696894806147},"point_estimate":965.6174553985738,"standard_error":374.11527728946055}}