{"Mean":{"confidence_interval":{"confidence_level":0.95,"lower_bound":40036.5917568762,"upper_bound":41600.960239724605},"point_estimate":40713.023770517924,"standard_error":403.5021517931513},"Median":{"confidence_interval":{"confidence_level":0.95,"lower_bound":39553.474,"upper_bound":39603.83197062423},"point_estimate":39577.89143258427,"standard_error":13.382591680753894},"MedianAbsDev":{"confidence_interval":{"confidence_level":0.95,"lower_bound":62.252916332462256,"upper_bound":137.1983272385233},"point_estimate":91.4265030662953,"standard_error":21.04161718027729},"Slope":{"confidence_interval":{"confidence_level":0.95,"lower_bound":39625.23188202215,"upper_bound":40084.792508423525},"point_estimate":39818.73256284912,"standard_error":118.75945937165619},"StdDev":{"confidence_interval":{"confidence_level":0.95,"lower_bound":1759.6795743814466,"upper_bound":6169.206963065208},"point_estimate":4051.9317270917027,"standard_error":1228.4147471592926}}