{"Mean":{"confidence_interval":{"confidence_level":0.95,"lower_bound":42582.84584579095,"upper_bound":42606.49534886208},"point_estimate":42593.27616656439,"standard_error":6.052044866505307},"Median":{"confidence_interval":{"confidence_level":0.95,"lower_bound":42577.07335551822,"upper_bound":42579.86230324074},"point_estimate":42578.6610018215,"standard_error":0.7627508048841932},"MedianAbsDev":{"confidence_interval":{"confidence_level":0.95,"lower_bound":5.72169437894007,"upper_bound":13.790846031768554},"point_estimate":9.513892250067606,"standard_error":2.241897439392508},"Slope":{"confidence_interval":{"confidence_level":0.95,"lower_bound":42580.380071639,"upper_bound":42605.79150721793},"point_estimate":42591.5052769568,"standard_error":6.493387216891141},"StdDev":{"confidence_interval":{"confidence_level":0.95,"lower_bound":27.300770103507375,"upper_bound":89.46713578000757},"point_estimate":60.78560916089233,"standard_error":16.094358018511723}}