{"Mean":{"confidence_interval":{"confidence_level":0.95,"lower_bound":23644.976326293887,"upper_bound":23663.935668393897},"point_estimate":23652.59758132368,"standard_error":4.948208765714991},"Median":{"confidence_interval":{"confidence_level":0.95,"lower_bound":23640.323333333334,"upper_bound":23643.91156462585},"point_estimate":23641.879083275824,"standard_error":0.919416378728872},"MedianAbsDev":{"confidence_interval":{"confidence_level":0.95,"lower_bound":4.997156161286211,"upper_bound":8.91220064894227},"point_estimate":6.4439417570850255,"standard_error":1.0424788337410873},"Slope":{"confidence_interval":{"confidence_level":0.95,"lower_bound":23641.95418418473,"upper_bound":23655.45975043798},"point_estimate":23647.732969593333,"standard_error":3.5094437089823924},"StdDev":{"confidence_interval":{"confidence_level":0.95,"lower_bound":15.026425605204901,"upper_bound":80.73926593475389},"point_estimate":49.83371374004076,"standard_error":20.466732251494477}}