{"Mean":{"confidence_interval":{"confidence_level":0.95,"lower_bound":13787972.477379978,"upper_bound":14055074.633521238},"point_estimate":13919767.023226378,"standard_error":68258.97941759531},"Median":{"confidence_interval":{"confidence_level":0.95,"lower_bound":13774488.911931818,"upper_bound":13989515.735788114},"point_estimate":13929496.282392895,"standard_error":56463.502957746554},"MedianAbsDev":{"confidence_interval":{"confidence_level":0.95,"lower_bound":392914.33700701396,"upper_bound":648078.172789581},"point_estimate":536989.4212371225,"standard_error":66953.5499355683},"Slope":{"confidence_interval":{"confidence_level":0.95,"lower_bound":13718243.373720294,"upper_bound":13914758.39023476},"point_estimate":13816095.052945174,"standard_error":50188.79483843731},"StdDev":{"confidence_interval":{"confidence_level":0.95,"lower_bound":542585.8479816938,"upper_bound":814398.3289321503},"point_estimate":683089.9524828914,"standard_error":69413.30062100057}}