{"Mean":{"confidence_interval":{"confidence_level":0.95,"lower_bound":305805.08330331004,"upper_bound":305959.6739141202},"point_estimate":305875.0055066731,"standard_error":39.53295295192424},"Median":{"confidence_interval":{"confidence_level":0.95,"lower_bound":305789.0,"upper_bound":305844.05555555556},"point_estimate":305825.10227576975,"standard_error":13.724365545453685},"MedianAbsDev":{"confidence_interval":{"confidence_level":0.95,"lower_bound":90.858799930746,"upper_bound":154.40773294055492},"point_estimate":122.66813745037544,"standard_error":16.076642304823796},"Slope":{"confidence_interval":{"confidence_level":0.95,"lower_bound":305797.78267829417,"upper_bound":305961.7964611307},"point_estimate":305869.6844643121,"standard_error":41.95609774300044},"StdDev":{"confidence_interval":{"confidence_level":0.95,"lower_bound":194.73704331449903,"upper_bound":567.4182078188971},"point_estimate":399.22868669627906,"standard_error":96.41874282334912}}