{"Mean":{"confidence_interval":{"confidence_level":0.95,"lower_bound":93.81555698141966,"upper_bound":93.9251138854015},"point_estimate":93.85676691317472,"standard_error":0.03004922026065741},"Median":{"confidence_interval":{"confidence_level":0.95,"lower_bound":93.79372288572583,"upper_bound":93.8049011251644},"point_estimate":93.79700382136423,"standard_error":0.003127760628744795},"MedianAbsDev":{"confidence_interval":{"confidence_level":0.95,"lower_bound":0.012202881244977674,"upper_bound":0.02896650392980089},"point_estimate":0.02000394486157005,"standard_error":0.00442237938817706},"Slope":{"confidence_interval":{"confidence_level":0.95,"lower_bound":93.80443109163004,"upper_bound":93.85088579718753},"point_estimate":93.82512575422213,"standard_error":0.011916218463006056},"StdDev":{"confidence_interval":{"confidence_level":0.95,"lower_bound":0.059271020038067404,"upper_bound":0.504992004527713},"point_estimate":0.30187394565495723,"standard_error":0.14830593100167086}}