{"Mean":{"confidence_interval":{"confidence_level":0.95,"lower_bound":197656.00013451016,"upper_bound":197774.37192881864},"point_estimate":197704.33284188306,"standard_error":30.915965675691403},"Median":{"confidence_interval":{"confidence_level":0.95,"lower_bound":197628.13828125,"upper_bound":197640.0080998666},"point_estimate":197633.82463214488,"standard_error":2.983527879314366},"MedianAbsDev":{"confidence_interval":{"confidence_level":0.95,"lower_bound":20.979748866674676,"upper_bound":36.091424215368384},"point_estimate":27.557309509164256,"standard_error":3.9197150577427617},"Slope":{"confidence_interval":{"confidence_level":0.95,"lower_bound":197645.40752783933,"upper_bound":197730.06228908338},"point_estimate":197681.32943746613,"standard_error":21.9121664754086},"StdDev":{"confidence_interval":{"confidence_level":0.95,"lower_bound":95.31774116992473,"upper_bound":499.5404533492662},"point_estimate":310.6633611701136,"standard_error":121.09191715195861}}