{"Mean":{"confidence_interval":{"confidence_level":0.95,"lower_bound":28087.09171565015,"upper_bound":28304.93491384154},"point_estimate":28182.449256043587,"standard_error":56.029522844258416},"Median":{"confidence_interval":{"confidence_level":0.95,"lower_bound":28015.891047619047,"upper_bound":28053.11948051948},"point_estimate":28031.526831501833,"standard_error":9.51977024341453},"MedianAbsDev":{"confidence_interval":{"confidence_level":0.95,"lower_bound":48.93312525099305,"upper_bound":86.61736200119452},"point_estimate":68.83668860033362,"standard_error":9.784758587683804},"Slope":{"confidence_interval":{"confidence_level":0.95,"lower_bound":28035.516155290046,"upper_bound":28381.70857516754},"point_estimate":28179.93312596846,"standard_error":90.02410203999759},"StdDev":{"confidence_interval":{"confidence_level":0.95,"lower_bound":261.1076786439734,"upper_bound":833.8070394822721},"point_estimate":561.1565691815514,"standard_error":153.29350120883169}}