{"Mean":{"confidence_interval":{"confidence_level":0.95,"lower_bound":410680.134902687,"upper_bound":410781.7503305446},"point_estimate":410726.3467912198,"standard_error":26.080779710720616},"Median":{"confidence_interval":{"confidence_level":0.95,"lower_bound":410641.0298507463,"upper_bound":410683.8425925926},"point_estimate":410665.2651230705,"standard_error":11.175984968089335},"MedianAbsDev":{"confidence_interval":{"confidence_level":0.95,"lower_bound":61.731961579076675,"upper_bound":108.3744899457268},"point_estimate":83.25372578630022,"standard_error":11.759917906043238},"Slope":{"confidence_interval":{"confidence_level":0.95,"lower_bound":410697.59099899605,"upper_bound":410831.93875795376},"point_estimate":410759.59345056897,"standard_error":34.47753274364723},"StdDev":{"confidence_interval":{"confidence_level":0.95,"lower_bound":147.45045393542867,"upper_bound":356.66581058660654},"point_estimate":262.81801788416016,"standard_error":53.175053744410945}}