{"Mean":{"confidence_interval":{"confidence_level":0.95,"lower_bound":480.3545465766979,"upper_bound":480.6165228659918},"point_estimate":480.47556225112913,"standard_error":0.066994007599957},"Median":{"confidence_interval":{"confidence_level":0.95,"lower_bound":480.11141840530485,"upper_bound":480.5279588690765},"point_estimate":480.1958757884522,"standard_error":0.12602588067583032},"MedianAbsDev":{"confidence_interval":{"confidence_level":0.95,"lower_bound":0.1733939323765965,"upper_bound":0.5545302764239315},"point_estimate":0.31678456096455354,"standard_error":0.1167593774514027},"Slope":{"confidence_interval":{"confidence_level":0.95,"lower_bound":480.33165640115044,"upper_bound":480.7160416818935},"point_estimate":480.4971601215391,"standard_error":0.09899346467504125},"StdDev":{"confidence_interval":{"confidence_level":0.95,"lower_bound":0.42104134460818315,"upper_bound":0.8860249594752019},"point_estimate":0.672072150214338,"standard_error":0.11847806068273542}}