{"Mean":{"confidence_interval":{"confidence_level":0.95,"lower_bound":69913.58160299301,"upper_bound":69915.94209311176},"point_estimate":69914.70302317248,"standard_error":0.6022130608729592},"Median":{"confidence_interval":{"confidence_level":0.95,"lower_bound":69912.16483516483,"upper_bound":69913.81717171716},"point_estimate":69912.95897891495,"standard_error":0.47441846051893294},"MedianAbsDev":{"confidence_interval":{"confidence_level":0.95,"lower_bound":2.7883641556870518,"upper_bound":5.145321938234208},"point_estimate":3.9538082812293203,"standard_error":0.6232142317805547},"Slope":{"confidence_interval":{"confidence_level":0.95,"lower_bound":69912.29576782112,"upper_bound":69913.87660249267},"point_estimate":69913.03709452736,"standard_error":0.40466303570827106},"StdDev":{"confidence_interval":{"confidence_level":0.95,"lower_bound":4.463418445605186,"upper_bound":7.5907027590365725},"point_estimate":6.041431572443084,"standard_error":0.8067530171213544}}