{"Mean":{"confidence_interval":{"confidence_level":0.95,"lower_bound":861585.2837515249,"upper_bound":861638.0015432232},"point_estimate":861611.0169086799,"standard_error":13.448827696468502},"Median":{"confidence_interval":{"confidence_level":0.95,"lower_bound":861567.2037037037,"upper_bound":861610.8272414871},"point_estimate":861584.7017844886,"standard_error":11.899071252689636},"MedianAbsDev":{"confidence_interval":{"confidence_level":0.95,"lower_bound":62.24007639502762,"upper_bound":108.41408544999206},"point_estimate":80.16665658888216,"standard_error":11.588888055512024},"Slope":{"confidence_interval":{"confidence_level":0.95,"lower_bound":861570.0762024291,"upper_bound":861596.2436584642},"point_estimate":861583.0271287129,"standard_error":6.700575261128195},"StdDev":{"confidence_interval":{"confidence_level":0.95,"lower_bound":105.27805717185895,"upper_bound":161.3682120626053},"point_estimate":134.99489140135472,"standard_error":14.319864410744785}}