{"Mean":{"confidence_interval":{"confidence_level":0.95,"lower_bound":26952.111883768375,"upper_bound":26967.62454374036},"point_estimate":26959.119554776767,"standard_error":3.978216419173043},"Median":{"confidence_interval":{"confidence_level":0.95,"lower_bound":26946.43053724456,"upper_bound":26950.282744282744},"point_estimate":26948.363673456064,"standard_error":0.9747012124088376},"MedianAbsDev":{"confidence_interval":{"confidence_level":0.95,"lower_bound":4.146836397196051,"upper_bound":7.852564557750765},"point_estimate":6.213392140636941,"standard_error":0.9438825800641651},"Slope":{"confidence_interval":{"confidence_level":0.95,"lower_bound":26950.228794671984,"upper_bound":26969.20116945455},"point_estimate":26957.907129272022,"standard_error":4.979471389016218},"StdDev":{"confidence_interval":{"confidence_level":0.95,"lower_bound":20.00673775532495,"upper_bound":55.29424696666158},"point_estimate":40.06901464895754,"standard_error":8.94888649814232}}