{"Mean":{"confidence_interval":{"confidence_level":0.95,"lower_bound":6500.785313856538,"upper_bound":6505.411141300335},"point_estimate":6502.6925730746925,"standard_error":1.2083889470641482},"Median":{"confidence_interval":{"confidence_level":0.95,"lower_bound":6499.686518140954,"upper_bound":6499.839735894358},"point_estimate":6499.7623910675375,"standard_error":0.03581884978396117},"MedianAbsDev":{"confidence_interval":{"confidence_level":0.95,"lower_bound":0.2141491346412612,"upper_bound":0.45366112302330047},"point_estimate":0.3177735095237068,"standard_error":0.0606887584883387},"Slope":{"confidence_interval":{"confidence_level":0.95,"lower_bound":6500.471592628213,"upper_bound":6503.723630540102},"point_estimate":6501.846001075964,"standard_error":0.8428584169672507},"StdDev":{"confidence_interval":{"confidence_level":0.95,"lower_bound":3.488924146286899,"upper_bound":19.375685221649874},"point_estimate":12.104771702667804,"standard_error":4.569219767583189}}