{"Mean":{"confidence_interval":{"confidence_level":0.95,"lower_bound":2546563.8364545605,"upper_bound":2553113.0972663183},"point_estimate":2549839.518272841,"standard_error":1671.4525596844223},"Median":{"confidence_interval":{"confidence_level":0.95,"lower_bound":2546364.373655914,"upper_bound":2554970.84},"point_estimate":2550546.1050013816,"standard_error":2238.8273872087707},"MedianAbsDev":{"confidence_interval":{"confidence_level":0.95,"lower_bound":12468.735681077542,"upper_bound":20998.35994720452},"point_estimate":17284.715374787484,"standard_error":2166.6736901622007},"Slope":{"confidence_interval":{"confidence_level":0.95,"lower_bound":2542304.433045943,"upper_bound":2549052.3287081057},"point_estimate":2545693.6070577805,"standard_error":1720.7800348797566},"StdDev":{"confidence_interval":{"confidence_level":0.95,"lower_bound":14508.552095065057,"upper_bound":18864.240415485714},"point_estimate":16789.635313822557,"standard_error":1112.890127336041}}