{"Mean":{"confidence_interval":{"confidence_level":0.95,"lower_bound":19245.80542611857,"upper_bound":19254.574486167563},"point_estimate":19249.820665357915,"standard_error":2.2437200093275456},"Median":{"confidence_interval":{"confidence_level":0.95,"lower_bound":19240.527188328913,"upper_bound":19243.162366602926},"point_estimate":19242.09740780053,"standard_error":0.678658795393811},"MedianAbsDev":{"confidence_interval":{"confidence_level":0.95,"lower_bound":4.342150728141355,"upper_bound":8.401346308052245},"point_estimate":6.502326263974468,"standard_error":0.9910946593422005},"Slope":{"confidence_interval":{"confidence_level":0.95,"lower_bound":19243.285888845545,"upper_bound":19256.893238758046},"point_estimate":19248.95598657512,"standard_error":3.5289381830630906},"StdDev":{"confidence_interval":{"confidence_level":0.95,"lower_bound":13.416273431596212,"upper_bound":31.74238093070206},"point_estimate":22.689902124668784,"standard_error":4.872240939734972}}