{"Mean":{"confidence_interval":{"confidence_level":0.95,"lower_bound":215119.28185820085,"upper_bound":215317.11289968554},"point_estimate":215205.09731699608,"standard_error":50.93363761399341},"Median":{"confidence_interval":{"confidence_level":0.95,"lower_bound":215079.9935483871,"upper_bound":215087.25333333333},"point_estimate":215083.96101694915,"standard_error":1.7070711745722154},"MedianAbsDev":{"confidence_interval":{"confidence_level":0.95,"lower_bound":14.03948859690106,"upper_bound":27.405462932121566},"point_estimate":22.043328993267675,"standard_error":3.2244794808443995},"Slope":{"confidence_interval":{"confidence_level":0.95,"lower_bound":215103.94761513826,"upper_bound":215180.03667911087},"point_estimate":215137.33341864933,"standard_error":19.495252363182402},"StdDev":{"confidence_interval":{"confidence_level":0.95,"lower_bound":115.20161362829596,"upper_bound":760.2686436907953},"point_estimate":510.0279448435387,"standard_error":156.90550125924233}}