{"Mean":{"confidence_interval":{"confidence_level":0.95,"lower_bound":2896.8007646093774,"upper_bound":2897.9261484564586},"point_estimate":2897.2996479347003,"standard_error":0.288928157107244},"Median":{"confidence_interval":{"confidence_level":0.95,"lower_bound":2896.319245082403,"upper_bound":2896.4635511191773},"point_estimate":2896.3672075067843,"standard_error":0.03722200515459816},"MedianAbsDev":{"confidence_interval":{"confidence_level":0.95,"lower_bound":0.2217839405181169,"upper_bound":0.5810431056263802},"point_estimate":0.31329620806512004,"standard_error":0.09388002590793444},"Slope":{"confidence_interval":{"confidence_level":0.95,"lower_bound":2896.723645996042,"upper_bound":2898.676637731406},"point_estimate":2897.534253078882,"standard_error":0.5090602274700361},"StdDev":{"confidence_interval":{"confidence_level":0.95,"lower_bound":1.3780467709776945,"upper_bound":4.24090520065438},"point_estimate":2.8981253832718328,"standard_error":0.7495975043461298}}