{"Mean":{"confidence_interval":{"confidence_level":0.95,"lower_bound":2812543.264706695,"upper_bound":2844975.461073575},"point_estimate":2825541.4862665427,"standard_error":8517.1143264722},"Median":{"confidence_interval":{"confidence_level":0.95,"lower_bound":2804824.871923077,"upper_bound":2808363.5529470528},"point_estimate":2805575.6448464915,"standard_error":1175.2443356384033},"MedianAbsDev":{"confidence_interval":{"confidence_level":0.95,"lower_bound":4557.454638448551,"upper_bound":9338.300664212025},"point_estimate":6456.033064549207,"standard_error":1320.0512335726453},"Slope":{"confidence_interval":{"confidence_level":0.95,"lower_bound":2806157.247422115,"upper_bound":2821773.913740675},"point_estimate":2812831.7110152207,"standard_error":4023.169565892101},"StdDev":{"confidence_interval":{"confidence_level":0.95,"lower_bound":25728.140293764187,"upper_bound":138234.9780762317},"point_estimate":85399.41518778037,"standard_error":34910.5088413329}}