{"Mean":{"confidence_interval":{"confidence_level":0.95,"lower_bound":38220.32799736495,"upper_bound":38587.31738262109},"point_estimate":38398.38124573621,"standard_error":93.72948377052398},"Median":{"confidence_interval":{"confidence_level":0.95,"lower_bound":38002.11097951957,"upper_bound":38519.8253968254},"point_estimate":38190.824194324196,"standard_error":116.34350325614804},"MedianAbsDev":{"confidence_interval":{"confidence_level":0.95,"lower_bound":665.271598668128,"upper_bound":1062.0985182027741},"point_estimate":830.3862112462427,"standard_error":101.06951175918093},"Slope":{"confidence_interval":{"confidence_level":0.95,"lower_bound":38020.96729507459,"upper_bound":38401.1171211303},"point_estimate":38211.74369757374,"standard_error":96.51651055114651},"StdDev":{"confidence_interval":{"confidence_level":0.95,"lower_bound":770.1020247389457,"upper_bound":1088.9704665525571},"point_estimate":938.3193527274503,"standard_error":81.25153774402082}}