{"Mean":{"confidence_interval":{"confidence_level":0.95,"lower_bound":294654.37106142566,"upper_bound":297671.9720114727},"point_estimate":296119.39622294455,"standard_error":770.3995649394637},"Median":{"confidence_interval":{"confidence_level":0.95,"lower_bound":293813.42516797315,"upper_bound":295869.39223845105},"point_estimate":294935.4025297619,"standard_error":568.7252225615633},"MedianAbsDev":{"confidence_interval":{"confidence_level":0.95,"lower_bound":3616.0674773686083,"upper_bound":6203.674719205068},"point_estimate":5178.9206442094965,"standard_error":669.6634388593388},"Slope":{"confidence_interval":{"confidence_level":0.95,"lower_bound":293594.1938544517,"upper_bound":296630.66127498535},"point_estimate":294890.1445899217,"standard_error":785.4354284674537},"StdDev":{"confidence_interval":{"confidence_level":0.95,"lower_bound":5853.425650807255,"upper_bound":9350.620774707182},"point_estimate":7716.163357858838,"standard_error":894.2601414334687}}