{"Mean":{"confidence_interval":{"confidence_level":0.95,"lower_bound":1371.867613154186,"upper_bound":1372.1745468296706},"point_estimate":1372.0010083480558,"standard_error":0.07864166764053378},"Median":{"confidence_interval":{"confidence_level":0.95,"lower_bound":1371.9303484743414,"upper_bound":1372.0885806749884},"point_estimate":1372.0360562360397,"standard_error":0.04023550732892414},"MedianAbsDev":{"confidence_interval":{"confidence_level":0.95,"lower_bound":0.2145637090371148,"upper_bound":0.39472004418398143},"point_estimate":0.32895968527398434,"standard_error":0.04560478457135513},"Slope":{"confidence_interval":{"confidence_level":0.95,"lower_bound":1372.0122161028362,"upper_bound":1372.1122808810912},"point_estimate":1372.063302786817,"standard_error":0.025603573414954534},"StdDev":{"confidence_interval":{"confidence_level":0.95,"lower_bound":0.3249284870120398,"upper_bound":1.2498700049384048},"point_estimate":0.7907858355867203,"standard_error":0.27521841515338386}}