{"Mean":{"confidence_interval":{"confidence_level":0.95,"lower_bound":8268.020596050696,"upper_bound":8270.39254153504},"point_estimate":8268.888336469361,"standard_error":0.6708397950065169},"Median":{"confidence_interval":{"confidence_level":0.95,"lower_bound":8267.902304964538,"upper_bound":8268.163787878788},"point_estimate":8268.024842171717,"standard_error":0.07695309451885908},"MedianAbsDev":{"confidence_interval":{"confidence_level":0.95,"lower_bound":0.452858360728513,"upper_bound":0.7835511062192743},"point_estimate":0.6323906637728826,"standard_error":0.08548309418511378},"Slope":{"confidence_interval":{"confidence_level":0.95,"lower_bound":8268.007847693665,"upper_bound":8269.64113942807},"point_estimate":8268.554882789025,"standard_error":0.460902453746655},"StdDev":{"confidence_interval":{"confidence_level":0.95,"lower_bound":0.8803307323087137,"upper_bound":11.403035805674294},"point_estimate":6.737623351597498,"standard_error":3.535899635664224}}