{"Mean":{"confidence_interval":{"confidence_level":0.95,"lower_bound":3348242.112826626,"upper_bound":3348905.662382223},"point_estimate":3348571.3896500897,"standard_error":168.041892129077},"Median":{"confidence_interval":{"confidence_level":0.95,"lower_bound":3348179.8,"upper_bound":3348750.686567164},"point_estimate":3348581.98496732,"standard_error":149.20539954353208},"MedianAbsDev":{"confidence_interval":{"confidence_level":0.95,"lower_bound":682.4302137829758,"upper_bound":1057.3316950680664},"point_estimate":858.8947359311486,"standard_error":95.44320211337299},"Slope":{"confidence_interval":{"confidence_level":0.95,"lower_bound":3348302.2988207773,"upper_bound":3348706.2086153976},"point_estimate":3348493.6918930104,"standard_error":103.26993315921771},"StdDev":{"confidence_interval":{"confidence_level":0.95,"lower_bound":950.1967055809408,"upper_bound":2326.429234041071},"point_estimate":1692.7220586269514,"standard_error":345.69455800879126}}