{"Mean":{"confidence_interval":{"confidence_level":0.95,"lower_bound":1026.047328836975,"upper_bound":1028.7052380390278},"point_estimate":1027.3839625527469,"standard_error":0.6785488110480993},"Median":{"confidence_interval":{"confidence_level":0.95,"lower_bound":1025.12168630119,"upper_bound":1029.2226594523693},"point_estimate":1026.9809622706819,"standard_error":1.1373716191074854},"MedianAbsDev":{"confidence_interval":{"confidence_level":0.95,"lower_bound":4.906032477115817,"upper_bound":8.247370351017091},"point_estimate":6.277598155051663,"standard_error":0.9060485940751906},"Slope":{"confidence_interval":{"confidence_level":0.95,"lower_bound":1027.2642617892998,"upper_bound":1029.840214415291},"point_estimate":1028.5540714275082,"standard_error":0.6579421598796416},"StdDev":{"confidence_interval":{"confidence_level":0.95,"lower_bound":5.757962907825541,"upper_bound":7.819661366434246},"point_estimate":6.816231858225605,"standard_error":0.5268139691960982}}