{"Mean":{"confidence_interval":{"confidence_level":0.95,"lower_bound":35839.14647927244,"upper_bound":35867.59782115655},"point_estimate":35851.99278952745,"standard_error":7.309077019424943},"Median":{"confidence_interval":{"confidence_level":0.95,"lower_bound":35828.8919983534,"upper_bound":35833.05854314906},"point_estimate":35830.36986394558,"standard_error":1.0243737978154122},"MedianAbsDev":{"confidence_interval":{"confidence_level":0.95,"lower_bound":7.508590662145529,"upper_bound":17.219224955132642},"point_estimate":12.338560066669668,"standard_error":2.6657034543108704},"Slope":{"confidence_interval":{"confidence_level":0.95,"lower_bound":35825.91485101441,"upper_bound":35847.88050251703},"point_estimate":35834.82365946083,"standard_error":5.722563482214941},"StdDev":{"confidence_interval":{"confidence_level":0.95,"lower_bound":38.635122089531336,"upper_bound":101.46500208556209},"point_estimate":73.37561251882168,"standard_error":16.16073656129778}}