{"Mean":{"confidence_interval":{"confidence_level":0.95,"lower_bound":3256.1762152879073,"upper_bound":3258.867426651592},"point_estimate":3257.327798647006,"standard_error":0.6961220263856511},"Median":{"confidence_interval":{"confidence_level":0.95,"lower_bound":3255.626953125,"upper_bound":3255.720689972213},"point_estimate":3255.657840376896,"standard_error":0.030543236114504976},"MedianAbsDev":{"confidence_interval":{"confidence_level":0.95,"lower_bound":0.10937959595376551,"upper_bound":0.23220896394524346},"point_estimate":0.1589338402943409,"standard_error":0.030263920517101424},"Slope":{"confidence_interval":{"confidence_level":0.95,"lower_bound":3255.9695339748064,"upper_bound":3257.7471306412867},"point_estimate":3256.698434041362,"standard_error":0.46288010615740194},"StdDev":{"confidence_interval":{"confidence_level":0.95,"lower_bound":1.7150909260418075,"upper_bound":10.67015834062027},"point_estimate":6.978854711623673,"standard_error":2.2772893171953523}}