{"Mean":{"confidence_interval":{"confidence_level":0.95,"lower_bound":1502824.9265524477,"upper_bound":1512818.6318551647},"point_estimate":1507273.795180397,"standard_error":2576.769663976082},"Median":{"confidence_interval":{"confidence_level":0.95,"lower_bound":1499741.060240964,"upper_bound":1501279.761904762},"point_estimate":1500682.3852813854,"standard_error":461.4843241927615},"MedianAbsDev":{"confidence_interval":{"confidence_level":0.95,"lower_bound":2165.9419195233286,"upper_bound":3745.4476551882667},"point_estimate":2946.5551092385413,"standard_error":400.32515891032546},"Slope":{"confidence_interval":{"confidence_level":0.95,"lower_bound":1500004.9972344965,"upper_bound":1505857.0412922287},"point_estimate":1502443.4195921384,"standard_error":1514.4782172080347},"StdDev":{"confidence_interval":{"confidence_level":0.95,"lower_bound":10560.535042643407,"upper_bound":37366.29086285061},"point_estimate":25990.47677212633,"standard_error":6846.033096171458}}