{"Mean":{"confidence_interval":{"confidence_level":0.95,"lower_bound":859963.4076386378,"upper_bound":860400.8178723982},"point_estimate":860177.295056729,"standard_error":111.14166391517598},"Median":{"confidence_interval":{"confidence_level":0.95,"lower_bound":859865.7727272727,"upper_bound":860228.2308679161},"point_estimate":860049.3698257081,"standard_error":97.08918709227778},"MedianAbsDev":{"confidence_interval":{"confidence_level":0.95,"lower_bound":488.880962026726,"upper_bound":945.9925709905012},"point_estimate":715.8527150182878,"standard_error":118.34298926023772},"Slope":{"confidence_interval":{"confidence_level":0.95,"lower_bound":860108.1541236854,"upper_bound":860531.2688113105},"point_estimate":860303.4775572632,"standard_error":108.50281272114987},"StdDev":{"confidence_interval":{"confidence_level":0.95,"lower_bound":841.6381810323744,"upper_bound":1375.3117474878632},"point_estimate":1119.1024139000717,"standard_error":136.85674291812174}}