{"Mean":{"confidence_interval":{"confidence_level":0.95,"lower_bound":7390.160864733856,"upper_bound":7394.586893428179},"point_estimate":7391.95838812793,"standard_error":1.1581589411375457},"Median":{"confidence_interval":{"confidence_level":0.95,"lower_bound":7389.763842079923,"upper_bound":7390.293308737213},"point_estimate":7389.915106048704,"standard_error":0.13307822638318537},"MedianAbsDev":{"confidence_interval":{"confidence_level":0.95,"lower_bound":0.868763420793043,"upper_bound":1.5565833323544374},"point_estimate":1.2799947527513735,"standard_error":0.17794708913144147},"Slope":{"confidence_interval":{"confidence_level":0.95,"lower_bound":7389.6325797670415,"upper_bound":7390.764678585427},"point_estimate":7390.0739242019545,"standard_error":0.29573265886830397},"StdDev":{"confidence_interval":{"confidence_level":0.95,"lower_bound":2.080004169572645,"upper_bound":18.789562360515355},"point_estimate":11.610248213315462,"standard_error":4.628200015289667}}