{"Mean":{"confidence_interval":{"confidence_level":0.95,"lower_bound":7373.950101405992,"upper_bound":7376.595055625567},"point_estimate":7375.1415429626495,"standard_error":0.680078773526785},"Median":{"confidence_interval":{"confidence_level":0.95,"lower_bound":7374.098969072165,"upper_bound":7374.9256038647345},"point_estimate":7374.498002265473,"standard_error":0.21713277719151516},"MedianAbsDev":{"confidence_interval":{"confidence_level":0.95,"lower_bound":1.4655857638068066,"upper_bound":3.645804241815163},"point_estimate":2.5167442696645397,"standard_error":0.5660383366265042},"Slope":{"confidence_interval":{"confidence_level":0.95,"lower_bound":7372.971594904981,"upper_bound":7375.51982266407},"point_estimate":7373.991264185125,"standard_error":0.6698516873727994},"StdDev":{"confidence_interval":{"confidence_level":0.95,"lower_bound":3.610419024074925,"upper_bound":9.496796817461696},"point_estimate":6.840311415047855,"standard_error":1.5297767436085619}}