{"Mean":{"confidence_interval":{"confidence_level":0.95,"lower_bound":83773.97568185713,"upper_bound":83835.91243095895},"point_estimate":83799.40061366405,"standard_error":16.140421827213515},"Median":{"confidence_interval":{"confidence_level":0.95,"lower_bound":83757.93518518518,"upper_bound":83772.51226851852},"point_estimate":83765.52424904561,"standard_error":3.6231986563204903},"MedianAbsDev":{"confidence_interval":{"confidence_level":0.95,"lower_bound":19.768309764499833,"upper_bound":31.08227282901662},"point_estimate":24.850077625992284,"standard_error":2.889218893773761},"Slope":{"confidence_interval":{"confidence_level":0.95,"lower_bound":83764.16737933726,"upper_bound":83825.44195505828},"point_estimate":83789.26506477513,"standard_error":15.969313563309628},"StdDev":{"confidence_interval":{"confidence_level":0.95,"lower_bound":50.938343116511625,"upper_bound":258.2487694741597},"point_estimate":161.86613152777878,"standard_error":61.00136090157764}}