{"Mean":{"confidence_interval":{"confidence_level":0.95,"lower_bound":269.9694353959587,"upper_bound":270.1058364559558},"point_estimate":270.0292473055148,"standard_error":0.03497245595815561},"Median":{"confidence_interval":{"confidence_level":0.95,"lower_bound":269.9258770534124,"upper_bound":269.97249172310745},"point_estimate":269.938302990242,"standard_error":0.013679676845081219},"MedianAbsDev":{"confidence_interval":{"confidence_level":0.95,"lower_bound":0.05569982430489165,"upper_bound":0.08774608527980766},"point_estimate":0.07125144541235776,"standard_error":0.008131020574475822},"Slope":{"confidence_interval":{"confidence_level":0.95,"lower_bound":269.9639657444163,"upper_bound":270.1208368082162},"point_estimate":270.03102230224323,"standard_error":0.04060157133695758},"StdDev":{"confidence_interval":{"confidence_level":0.95,"lower_bound":0.15321708894728642,"upper_bound":0.51738855040922},"point_estimate":0.3511177354917688,"standard_error":0.09566862194705063}}