{"Mean":{"confidence_interval":{"confidence_level":0.95,"lower_bound":201220.87660917535,"upper_bound":203673.7271724931},"point_estimate":202369.49326052074,"standard_error":628.9794979460685},"Median":{"confidence_interval":{"confidence_level":0.95,"lower_bound":199222.3958333333,"upper_bound":201486.78974358973},"point_estimate":199603.33228070175,"standard_error":583.786627526012},"MedianAbsDev":{"confidence_interval":{"confidence_level":0.95,"lower_bound":1300.0542450071848,"upper_bound":3747.812590282622},"point_estimate":2156.8725260762712,"standard_error":596.7470766950671},"Slope":{"confidence_interval":{"confidence_level":0.95,"lower_bound":199625.00736695834,"upper_bound":200695.1754085784},"point_estimate":200124.05705452934,"standard_error":273.1313994578708},"StdDev":{"confidence_interval":{"confidence_level":0.95,"lower_bound":4273.8687866671335,"upper_bound":8238.525682477759},"point_estimate":6309.347699522018,"standard_error":1024.5673841749478}}