{"Mean":{"confidence_interval":{"confidence_level":0.95,"lower_bound":4817.722702803239,"upper_bound":4822.262864946416},"point_estimate":4819.6775825707855,"standard_error":1.172708011956915},"Median":{"confidence_interval":{"confidence_level":0.95,"lower_bound":4816.420783915282,"upper_bound":4817.074571369551},"point_estimate":4816.617753021879,"standard_error":0.16635402690739143},"MedianAbsDev":{"confidence_interval":{"confidence_level":0.95,"lower_bound":0.6557942371642033,"upper_bound":1.2726921305631256},"point_estimate":0.9156408575305096,"standard_error":0.14898832093491685},"Slope":{"confidence_interval":{"confidence_level":0.95,"lower_bound":4816.817414199564,"upper_bound":4819.61278087969},"point_estimate":4818.001714631686,"standard_error":0.726799040295759},"StdDev":{"confidence_interval":{"confidence_level":0.95,"lower_bound":3.7788268263682236,"upper_bound":17.884956229521947},"point_estimate":11.769363692778137,"standard_error":3.7009057595266754}}