{"Mean":{"confidence_interval":{"confidence_level":0.95,"lower_bound":724.2556312083896,"upper_bound":724.3344641398651},"point_estimate":724.2936289319016,"standard_error":0.020117023996876145},"Median":{"confidence_interval":{"confidence_level":0.95,"lower_bound":724.2367346983133,"upper_bound":724.2909070654931},"point_estimate":724.2578048433048,"standard_error":0.014476026850325511},"MedianAbsDev":{"confidence_interval":{"confidence_level":0.95,"lower_bound":0.09634659203151202,"upper_bound":0.19309132756108946},"point_estimate":0.12919505192546857,"standard_error":0.025605247311730195},"Slope":{"confidence_interval":{"confidence_level":0.95,"lower_bound":724.3518656027809,"upper_bound":724.4431456142577},"point_estimate":724.4005484787285,"standard_error":0.023335233270265123},"StdDev":{"confidence_interval":{"confidence_level":0.95,"lower_bound":0.1580670319787527,"upper_bound":0.25121039366576337},"point_estimate":0.202030567038064,"standard_error":0.0245247454476984}}