{"Mean":{"confidence_interval":{"confidence_level":0.95,"lower_bound":21275.48072857896,"upper_bound":21904.510437535762},"point_estimate":21523.878012168243,"standard_error":165.89179195624465},"Median":{"confidence_interval":{"confidence_level":0.95,"lower_bound":21122.268617021276,"upper_bound":21157.336300477637},"point_estimate":21138.476831510136,"standard_error":9.532172855887573},"MedianAbsDev":{"confidence_interval":{"confidence_level":0.95,"lower_bound":52.73144121594766,"upper_bound":103.89757751260052},"point_estimate":73.43659379326598,"standard_error":12.164712656265488},"Slope":{"confidence_interval":{"confidence_level":0.95,"lower_bound":21144.70981918207,"upper_bound":21413.8759253375},"point_estimate":21254.92175444664,"standard_error":70.60070253953343},"StdDev":{"confidence_interval":{"confidence_level":0.95,"lower_bound":490.72969869874277,"upper_bound":2726.6116659692525},"point_estimate":1670.6510543291934,"standard_error":720.1513560055623}}