{"Mean":{"confidence_interval":{"confidence_level":0.95,"lower_bound":153072.6196255932,"upper_bound":153136.11778834503},"point_estimate":153101.71538111183,"standard_error":16.272313611882304},"Median":{"confidence_interval":{"confidence_level":0.95,"lower_bound":153052.7172312224,"upper_bound":153080.55130784708},"point_estimate":153065.2162480377,"standard_error":5.960291101710052},"MedianAbsDev":{"confidence_interval":{"confidence_level":0.95,"lower_bound":42.30606851703376,"upper_bound":74.09217725602772},"point_estimate":62.20364175281304,"standard_error":8.196994287731435},"Slope":{"confidence_interval":{"confidence_level":0.95,"lower_bound":153068.1443042202,"upper_bound":153166.06474997458},"point_estimate":153110.55482488548,"standard_error":25.181336921498342},"StdDev":{"confidence_interval":{"confidence_level":0.95,"lower_bound":91.20176555972078,"upper_bound":221.6264385311505},"point_estimate":163.50739770282743,"standard_error":32.9164649868571}}