{"Mean":{"confidence_interval":{"confidence_level":0.95,"lower_bound":8167.841030489144,"upper_bound":8171.597556114915},"point_estimate":8169.560632947065,"standard_error":0.9631108240956816},"Median":{"confidence_interval":{"confidence_level":0.95,"lower_bound":8165.203104390428,"upper_bound":8166.039313904068},"point_estimate":8165.698715846995,"standard_error":0.2272561303862776},"MedianAbsDev":{"confidence_interval":{"confidence_level":0.95,"lower_bound":0.7769114424541973,"upper_bound":1.967936826768116},"point_estimate":1.3716938167023918,"standard_error":0.3171797154955543},"Slope":{"confidence_interval":{"confidence_level":0.95,"lower_bound":8167.723996293777,"upper_bound":8173.6383190617635},"point_estimate":8170.2560024661625,"standard_error":1.52564250320052},"StdDev":{"confidence_interval":{"confidence_level":0.95,"lower_bound":5.695093768979412,"upper_bound":13.355110342174424},"point_estimate":9.636706055138996,"standard_error":2.001076703158297}}