{"Mean":{"confidence_interval":{"confidence_level":0.95,"lower_bound":1640.5264118684086,"upper_bound":1642.6939399300002},"point_estimate":1641.3280458349636,"standard_error":0.6050047137386654},"Median":{"confidence_interval":{"confidence_level":0.95,"lower_bound":1640.3104656321689,"upper_bound":1640.4009554359823},"point_estimate":1640.3509933774835,"standard_error":0.024776044404193853},"MedianAbsDev":{"confidence_interval":{"confidence_level":0.95,"lower_bound":0.1568656698290465,"upper_bound":0.29041596693495936},"point_estimate":0.20709941160347284,"standard_error":0.033247448893632285},"Slope":{"confidence_interval":{"confidence_level":0.95,"lower_bound":1640.4988391623897,"upper_bound":1641.6343630181343},"point_estimate":1640.9516224871968,"standard_error":0.2994802088078162},"StdDev":{"confidence_interval":{"confidence_level":0.95,"lower_bound":0.8609293527250444,"upper_bound":10.246139407810972},"point_estimate":6.081583589672326,"standard_error":3.1136233813821064}}