{"Mean":{"confidence_interval":{"confidence_level":0.95,"lower_bound":1624.032541841039,"upper_bound":1625.1792112999753},"point_estimate":1624.5052555751922,"standard_error":0.2997311540498407},"Median":{"confidence_interval":{"confidence_level":0.95,"lower_bound":1623.8537591859808,"upper_bound":1623.9170594262296},"point_estimate":1623.8922048184775,"standard_error":0.016870659783897936},"MedianAbsDev":{"confidence_interval":{"confidence_level":0.95,"lower_bound":0.10997414331870013,"upper_bound":0.399252172109202},"point_estimate":0.1985776870483019,"standard_error":0.07649208991683726},"Slope":{"confidence_interval":{"confidence_level":0.95,"lower_bound":1623.9106807832438,"upper_bound":1624.8295927277256},"point_estimate":1624.2996230840604,"standard_error":0.23816435623646942},"StdDev":{"confidence_interval":{"confidence_level":0.95,"lower_bound":0.9830369124517698,"upper_bound":4.82842510692234},"point_estimate":3.0213015339112164,"standard_error":1.1567008673374546}}