{"Mean":{"confidence_interval":{"confidence_level":0.95,"lower_bound":35981.00611377852,"upper_bound":37831.02404692733},"point_estimate":36729.89369667728,"standard_error":485.45533717886934},"Median":{"confidence_interval":{"confidence_level":0.95,"lower_bound":35723.15351812367,"upper_bound":35777.22294372295},"point_estimate":35751.77237457483,"standard_error":10.603883131239414},"MedianAbsDev":{"confidence_interval":{"confidence_level":0.95,"lower_bound":83.48078019060041,"upper_bound":157.5419360919602},"point_estimate":116.89016874529158,"standard_error":17.614535110816664},"Slope":{"confidence_interval":{"confidence_level":0.95,"lower_bound":35759.768952923456,"upper_bound":35994.939936304356},"point_estimate":35856.23871424349,"standard_error":61.24502829030795},"StdDev":{"confidence_interval":{"confidence_level":0.95,"lower_bound":843.6349802901486,"upper_bound":7915.887384088791},"point_estimate":4894.1016039798815,"standard_error":1983.3698459906861}}