{"Mean":{"confidence_interval":{"confidence_level":0.95,"lower_bound":22681.80975294575,"upper_bound":23464.529459632282},"point_estimate":23020.92035772244,"standard_error":201.55791842886396},"Median":{"confidence_interval":{"confidence_level":0.95,"lower_bound":22475.935196560196,"upper_bound":22516.25484848485},"point_estimate":22495.04765925509,"standard_error":8.196518643717601},"MedianAbsDev":{"confidence_interval":{"confidence_level":0.95,"lower_bound":58.60081419600399,"upper_bound":106.14872196827882},"point_estimate":85.92570973933631,"standard_error":12.003767767542273},"Slope":{"confidence_interval":{"confidence_level":0.95,"lower_bound":22517.86670709183,"upper_bound":22809.360518150792},"point_estimate":22636.568800394965,"standard_error":76.5476349782209},"StdDev":{"confidence_interval":{"confidence_level":0.95,"lower_bound":727.2362753368653,"upper_bound":3045.643593608264},"point_estimate":2030.1397484259144,"standard_error":603.389783771269}}