{"Mean":{"confidence_interval":{"confidence_level":0.95,"lower_bound":7863492.422399627,"upper_bound":7903040.611265965},"point_estimate":7881750.003763926,"standard_error":10122.57970825489},"Median":{"confidence_interval":{"confidence_level":0.95,"lower_bound":7831799.933771931,"upper_bound":7854379.402439024},"point_estimate":7839232.99090909,"standard_error":4739.298566703662},"MedianAbsDev":{"confidence_interval":{"confidence_level":0.95,"lower_bound":13139.303341467139,"upper_bound":41021.10115922964},"point_estimate":23415.14122229844,"standard_error":6537.585736616028},"Slope":{"confidence_interval":{"confidence_level":0.95,"lower_bound":7855858.236899924,"upper_bound":7887828.552404405},"point_estimate":7871199.288405498,"standard_error":8187.353589364583},"StdDev":{"confidence_interval":{"confidence_level":0.95,"lower_bound":61381.665208908926,"upper_bound":136334.44608911523},"point_estimate":101909.53959013303,"standard_error":19033.327853148057}}