{"Mean":{"confidence_interval":{"confidence_level":0.95,"lower_bound":5005.805874462241,"upper_bound":5007.688943905955},"point_estimate":5006.648909046302,"standard_error":0.483653044190909},"Median":{"confidence_interval":{"confidence_level":0.95,"lower_bound":5004.739986067572,"upper_bound":5005.464030549397},"point_estimate":5004.917392676767,"standard_error":0.19549235206251028},"MedianAbsDev":{"confidence_interval":{"confidence_level":0.95,"lower_bound":0.6303763029437162,"upper_bound":1.616821130329033},"point_estimate":0.9213665122427428,"standard_error":0.24796714392730412},"Slope":{"confidence_interval":{"confidence_level":0.95,"lower_bound":5005.238397297232,"upper_bound":5006.892170401039},"point_estimate":5005.9757389171755,"standard_error":0.4265514507234776},"StdDev":{"confidence_interval":{"confidence_level":0.95,"lower_bound":2.5518394241495588,"upper_bound":7.108438824367606},"point_estimate":4.878162072126831,"standard_error":1.2534907333692882}}