{"Mean":{"confidence_interval":{"confidence_level":0.95,"lower_bound":62747.91063236395,"upper_bound":64318.06856411517},"point_estimate":63347.55132555553,"standard_error":419.57061402509083},"Median":{"confidence_interval":{"confidence_level":0.95,"lower_bound":62475.11666666667,"upper_bound":62563.89281031469},"point_estimate":62509.15470779221,"standard_error":23.035241944150584},"MedianAbsDev":{"confidence_interval":{"confidence_level":0.95,"lower_bound":126.46822160089297,"upper_bound":231.9672551888234},"point_estimate":183.07786583683944,"standard_error":26.881251040841782},"Slope":{"confidence_interval":{"confidence_level":0.95,"lower_bound":62535.93207944139,"upper_bound":63228.27132750085},"point_estimate":62809.98523330132,"standard_error":182.3312888536738},"StdDev":{"confidence_interval":{"confidence_level":0.95,"lower_bound":865.469472488878,"upper_bound":6990.292976210151},"point_estimate":4210.422504685566,"standard_error":1950.535740438279}}