{"Mean":{"confidence_interval":{"confidence_level":0.95,"lower_bound":62928.861177857085,"upper_bound":63424.60395113234},"point_estimate":63150.276618361684,"standard_error":127.52896021183562},"Median":{"confidence_interval":{"confidence_level":0.95,"lower_bound":62768.5206700627,"upper_bound":62841.97677139037},"point_estimate":62805.5089984624,"standard_error":20.375355390777525},"MedianAbsDev":{"confidence_interval":{"confidence_level":0.95,"lower_bound":115.5204313663273,"upper_bound":218.17425525705988},"point_estimate":159.61825463757665,"standard_error":28.420538376240767},"Slope":{"confidence_interval":{"confidence_level":0.95,"lower_bound":62792.84468479839,"upper_bound":63412.35749486367},"point_estimate":63014.80108208955,"standard_error":171.37014937894986},"StdDev":{"confidence_interval":{"confidence_level":0.95,"lower_bound":624.8785497976675,"upper_bound":1784.726106894198},"point_estimate":1281.4470552452622,"standard_error":294.27151995266576}}