{"Mean":{"confidence_interval":{"confidence_level":0.95,"lower_bound":526540.9520230293,"upper_bound":526716.3963195396},"point_estimate":526613.9823558335,"standard_error":45.585337965619615},"Median":{"confidence_interval":{"confidence_level":0.95,"lower_bound":526490.2727272727,"upper_bound":526527.1046511628},"point_estimate":526514.0023731112,"standard_error":10.033321677825898},"MedianAbsDev":{"confidence_interval":{"confidence_level":0.95,"lower_bound":57.36589991160386,"upper_bound":100.02576704419714},"point_estimate":75.63775218498303,"standard_error":11.353449714842249},"Slope":{"confidence_interval":{"confidence_level":0.95,"lower_bound":526487.3798624501,"upper_bound":526519.4949404831},"point_estimate":526502.5421575292,"standard_error":8.18279866606065},"StdDev":{"confidence_interval":{"confidence_level":0.95,"lower_bound":157.741517319092,"upper_bound":724.3905896457878},"point_estimate":458.1686095486092,"standard_error":165.59227930228047}}