{"Mean":{"confidence_interval":{"confidence_level":0.95,"lower_bound":2073.802362958151,"upper_bound":2074.709590724761},"point_estimate":2074.2004245370586,"standard_error":0.23340098804612913},"Median":{"confidence_interval":{"confidence_level":0.95,"lower_bound":2073.6077946905207,"upper_bound":2073.6632512362116},"point_estimate":2073.6270353339128,"standard_error":0.014955870828616909},"MedianAbsDev":{"confidence_interval":{"confidence_level":0.95,"lower_bound":0.13251728077153865,"upper_bound":0.24544974620627732},"point_estimate":0.16616501307433404,"standard_error":0.03003734419169617},"Slope":{"confidence_interval":{"confidence_level":0.95,"lower_bound":2073.781159988323,"upper_bound":2075.2844234292957},"point_estimate":2074.3927363781777,"standard_error":0.39607496967195743},"StdDev":{"confidence_interval":{"confidence_level":0.95,"lower_bound":0.9206561533650705,"upper_bound":3.445644456390981},"point_estimate":2.3472891959741884,"standard_error":0.6476652708491534}}