{"Mean":{"confidence_interval":{"confidence_level":0.95,"lower_bound":100770.56776843568,"upper_bound":101650.29676932197},"point_estimate":101173.44983146654,"standard_error":224.8489894792775},"Median":{"confidence_interval":{"confidence_level":0.95,"lower_bound":100270.44605263158,"upper_bound":100866.55882352941},"point_estimate":100458.08987341772,"standard_error":133.75350888891677},"MedianAbsDev":{"confidence_interval":{"confidence_level":0.95,"lower_bound":796.2042283035722,"upper_bound":1724.0659020390524},"point_estimate":1328.2470388445724,"standard_error":246.49533154521401},"Slope":{"confidence_interval":{"confidence_level":0.95,"lower_bound":100260.83133212767,"upper_bound":101063.18823688428},"point_estimate":100635.61532850598,"standard_error":204.93750947615857},"StdDev":{"confidence_interval":{"confidence_level":0.95,"lower_bound":1354.4241469441704,"upper_bound":3188.9367472013078},"point_estimate":2258.230094994437,"standard_error":504.2647650927483}}