{"Mean":{"confidence_interval":{"confidence_level":0.95,"lower_bound":39204.49431798401,"upper_bound":39247.464962528466},"point_estimate":39223.8366188742,"standard_error":11.044815552130835},"Median":{"confidence_interval":{"confidence_level":0.95,"lower_bound":39183.61266968326,"upper_bound":39188.69349278173},"point_estimate":39186.581286105196,"standard_error":1.5398121422151183},"MedianAbsDev":{"confidence_interval":{"confidence_level":0.95,"lower_bound":7.2744869792059585,"upper_bound":13.822268889659096},"point_estimate":11.600214835874745,"standard_error":1.8261938349123785},"Slope":{"confidence_interval":{"confidence_level":0.95,"lower_bound":39186.68941928474,"upper_bound":39212.783594515764},"point_estimate":39198.08921974287,"standard_error":6.770721509382738},"StdDev":{"confidence_interval":{"confidence_level":0.95,"lower_bound":58.54907205994571,"upper_bound":159.89639491292075},"point_estimate":111.13464443643903,"standard_error":26.7056634009388}}