{"Mean":{"confidence_interval":{"confidence_level":0.95,"lower_bound":2542323.925089,"upper_bound":2552936.201769284},"point_estimate":2547214.681861483,"standard_error":2721.125993986959},"Median":{"confidence_interval":{"confidence_level":0.95,"lower_bound":2537675.049074686,"upper_bound":2539307.309503785},"point_estimate":2538128.693548387,"standard_error":416.7564852537882},"MedianAbsDev":{"confidence_interval":{"confidence_level":0.95,"lower_bound":2595.4713372343954,"upper_bound":5156.51605391479},"point_estimate":3426.4438289857344,"standard_error":613.727673178524},"Slope":{"confidence_interval":{"confidence_level":0.95,"lower_bound":2538836.8473269986,"upper_bound":2549708.271234184},"point_estimate":2543633.951943254,"standard_error":2805.440002814555},"StdDev":{"confidence_interval":{"confidence_level":0.95,"lower_bound":16555.20595203434,"upper_bound":36022.0626470197},"point_estimate":27372.86443845032,"standard_error":4973.4817378682565}}