{"Mean":{"confidence_interval":{"confidence_level":0.95,"lower_bound":18487410.87625481,"upper_bound":18844639.387028165},"point_estimate":18668187.161496293,"standard_error":91101.41799941138},"Median":{"confidence_interval":{"confidence_level":0.95,"lower_bound":18592228.95087871,"upper_bound":18879066.325301204},"point_estimate":18767248.461352658,"standard_error":84114.97075233386},"MedianAbsDev":{"confidence_interval":{"confidence_level":0.95,"lower_bound":481553.5109285083,"upper_bound":863203.6205941626},"point_estimate":663354.5903545694,"standard_error":93693.05422771319},"Slope":{"confidence_interval":{"confidence_level":0.95,"lower_bound":18420989.054019496,"upper_bound":18676133.345272273},"point_estimate":18547378.092729423,"standard_error":65195.830870965096},"StdDev":{"confidence_interval":{"confidence_level":0.95,"lower_bound":738862.5737526753,"upper_bound":1075532.1951636025},"point_estimate":914371.7219498866,"standard_error":86029.18122400666}}