{"Mean":{"confidence_interval":{"confidence_level":0.95,"lower_bound":473684.13830505044,"upper_bound":474057.5183011033},"point_estimate":473836.94971940405,"standard_error":97.89402084466234},"Median":{"confidence_interval":{"confidence_level":0.95,"lower_bound":473611.86363636365,"upper_bound":473673.649122807},"point_estimate":473638.60869565216,"standard_error":16.499254310414585},"MedianAbsDev":{"confidence_interval":{"confidence_level":0.95,"lower_bound":79.92687955734934,"upper_bound":136.82423898762275},"point_estimate":98.96249677241973,"standard_error":15.31375175216608},"Slope":{"confidence_interval":{"confidence_level":0.95,"lower_bound":473676.6323324414,"upper_bound":473791.83138863236},"point_estimate":473731.15404068766,"standard_error":29.443743959902037},"StdDev":{"confidence_interval":{"confidence_level":0.95,"lower_bound":196.01505863583455,"upper_bound":1574.9770384006622},"point_estimate":983.5071266820358,"standard_error":382.39173988505803}}