{"Mean":{"confidence_interval":{"confidence_level":0.95,"lower_bound":9169.447184382043,"upper_bound":9325.361256564673},"point_estimate":9240.65851195525,"standard_error":39.864352481027105},"Median":{"confidence_interval":{"confidence_level":0.95,"lower_bound":9104.351395730706,"upper_bound":9154.177686318131},"point_estimate":9132.619075388777,"standard_error":15.0003817718807},"MedianAbsDev":{"confidence_interval":{"confidence_level":0.95,"lower_bound":65.27613336061549,"upper_bound":115.43875733906853},"point_estimate":96.47750101844936,"standard_error":13.479086623065454},"Slope":{"confidence_interval":{"confidence_level":0.95,"lower_bound":9124.57094003334,"upper_bound":9342.914850052726},"point_estimate":9219.70915365134,"standard_error":56.356759247107135},"StdDev":{"confidence_interval":{"confidence_level":0.95,"lower_bound":233.76735842144413,"upper_bound":531.975697389956},"point_estimate":400.8028474991726,"standard_error":75.98515675024113}}