{"Mean":{"confidence_interval":{"confidence_level":0.95,"lower_bound":64106.07324548445,"upper_bound":64379.57713595086},"point_estimate":64229.077758692445,"standard_error":70.35615901028223},"Median":{"confidence_interval":{"confidence_level":0.95,"lower_bound":64016.57692307692,"upper_bound":64109.7525},"point_estimate":64051.601058845576,"standard_error":22.59385801907582},"MedianAbsDev":{"confidence_interval":{"confidence_level":0.95,"lower_bound":116.77527136809954,"upper_bound":205.18875692360197},"point_estimate":150.49344539434836,"standard_error":21.72538265753558},"Slope":{"confidence_interval":{"confidence_level":0.95,"lower_bound":64030.70540314883,"upper_bound":64165.92545677736},"point_estimate":64085.97099471701,"standard_error":34.956684871374314},"StdDev":{"confidence_interval":{"confidence_level":0.95,"lower_bound":354.1047297238954,"upper_bound":992.4354316199854},"point_estimate":707.3338743936283,"standard_error":163.5977347141132}}