{"Mean":{"confidence_interval":{"confidence_level":0.95,"lower_bound":159830.49818457992,"upper_bound":162390.94356172366},"point_estimate":160852.97214999385,"standard_error":673.4974804249491},"Median":{"confidence_interval":{"confidence_level":0.95,"lower_bound":159483.52405099972,"upper_bound":159676.81632653062},"point_estimate":159537.1155671571,"standard_error":47.983033666622966},"MedianAbsDev":{"confidence_interval":{"confidence_level":0.95,"lower_bound":225.76937800760143,"upper_bound":455.86736279419995},"point_estimate":311.00102203888343,"standard_error":58.034827430482345},"Slope":{"confidence_interval":{"confidence_level":0.95,"lower_bound":159480.81536805112,"upper_bound":161122.8745052346},"point_estimate":160050.03418987102,"standard_error":461.54113395644805},"StdDev":{"confidence_interval":{"confidence_level":0.95,"lower_bound":1007.6183730237741,"upper_bound":11071.681626356625},"point_estimate":6765.9827812630365,"standard_error":2845.177527381766}}