{"Mean":{"confidence_interval":{"confidence_level":0.95,"lower_bound":10527.31481490928,"upper_bound":11203.719573020186},"point_estimate":10858.078334260783,"standard_error":174.02924653337442},"Median":{"confidence_interval":{"confidence_level":0.95,"lower_bound":9965.132176496973,"upper_bound":10940.542537496927},"point_estimate":10159.097212055554,"standard_error":277.13630591759966},"MedianAbsDev":{"confidence_interval":{"confidence_level":0.95,"lower_bound":1030.1580559915026,"upper_bound":1839.1337565651788},"point_estimate":1340.4996934946055,"standard_error":200.20520404506846},"Slope":{"confidence_interval":{"confidence_level":0.95,"lower_bound":10287.3205280717,"upper_bound":11136.744078476013},"point_estimate":10692.94058127226,"standard_error":215.41540685549816},"StdDev":{"confidence_interval":{"confidence_level":0.95,"lower_bound":1440.8588088520933,"upper_bound":1998.1227290270724},"point_estimate":1739.337921621062,"standard_error":141.97703286829108}}