{"Mean":{"confidence_interval":{"confidence_level":0.95,"lower_bound":63789.73244521867,"upper_bound":63817.309481674216},"point_estimate":63802.30296128177,"standard_error":7.075826221983123},"Median":{"confidence_interval":{"confidence_level":0.95,"lower_bound":63779.916666666664,"upper_bound":63785.78950471698},"point_estimate":63782.98721590909,"standard_error":1.6129682091364421},"MedianAbsDev":{"confidence_interval":{"confidence_level":0.95,"lower_bound":10.66923598738582,"upper_bound":17.95098079247699},"point_estimate":14.89241687963377,"standard_error":1.8449347152486815},"Slope":{"confidence_interval":{"confidence_level":0.95,"lower_bound":63792.97819597367,"upper_bound":63841.75981248653},"point_estimate":63813.733712501846,"standard_error":12.681576692269523},"StdDev":{"confidence_interval":{"confidence_level":0.95,"lower_bound":40.393063765087504,"upper_bound":96.14588359450522},"point_estimate":70.87849848653521,"standard_error":14.179835163780774}}