{"Mean":{"confidence_interval":{"confidence_level":0.95,"lower_bound":2966165.390352798,"upper_bound":2975786.6856614538},"point_estimate":2970682.58987326,"standard_error":2458.1482387480223},"Median":{"confidence_interval":{"confidence_level":0.95,"lower_bound":2964070.2537313434,"upper_bound":2969455.9411764704},"point_estimate":2966313.0125482623,"standard_error":1287.278185960851},"MedianAbsDev":{"confidence_interval":{"confidence_level":0.95,"lower_bound":6796.569617972651,"upper_bound":13352.192435582445},"point_estimate":10213.091487063655,"standard_error":1778.827512950075},"Slope":{"confidence_interval":{"confidence_level":0.95,"lower_bound":2965497.2404324673,"upper_bound":2976737.9940045406},"point_estimate":2970646.1348189744,"standard_error":2870.7425715051595},"StdDev":{"confidence_interval":{"confidence_level":0.95,"lower_bound":16989.762524677764,"upper_bound":30715.75250391643},"point_estimate":24606.72801226257,"standard_error":3490.806648094334}}