{"Mean":{"confidence_interval":{"confidence_level":0.95,"lower_bound":202.30684722344023,"upper_bound":202.7580526339981},"point_estimate":202.52688033235313,"standard_error":0.11493152350709276},"Median":{"confidence_interval":{"confidence_level":0.95,"lower_bound":202.20418537484127,"upper_bound":202.68987998927085},"point_estimate":202.461774137522,"standard_error":0.10708039693838572},"MedianAbsDev":{"confidence_interval":{"confidence_level":0.95,"lower_bound":0.6894189548551445,"upper_bound":1.2288165049666977},"point_estimate":0.8938059646058163,"standard_error":0.14347252135670632},"Slope":{"confidence_interval":{"confidence_level":0.95,"lower_bound":202.18368349302688,"upper_bound":202.51548161978982},"point_estimate":202.34756772649703,"standard_error":0.084691316180826},"StdDev":{"confidence_interval":{"confidence_level":0.95,"lower_bound":0.9419818020540609,"upper_bound":1.3451694983524418},"point_estimate":1.154335057726949,"standard_error":0.10290987511850701}}