{"Mean":{"confidence_interval":{"confidence_level":0.95,"lower_bound":7017.210549309866,"upper_bound":7022.575304322588},"point_estimate":7019.426897827547,"standard_error":1.3959886546700877},"Median":{"confidence_interval":{"confidence_level":0.95,"lower_bound":7014.174639323919,"upper_bound":7019.010280393426},"point_estimate":7018.522067057506,"standard_error":1.6658942372735939},"MedianAbsDev":{"confidence_interval":{"confidence_level":0.95,"lower_bound":2.5889977595942426,"upper_bound":7.865793664914879},"point_estimate":7.054419092406541,"standard_error":1.5558851215742746},"Slope":{"confidence_interval":{"confidence_level":0.95,"lower_bound":7016.069716886695,"upper_bound":7018.895591307653},"point_estimate":7017.395226563622,"standard_error":0.7248642015925567},"StdDev":{"confidence_interval":{"confidence_level":0.95,"lower_bound":5.251132093170691,"upper_bound":22.320941798582236},"point_estimate":14.030135361698164,"standard_error":5.277067248406297}}