{"Mean":{"confidence_interval":{"confidence_level":0.95,"lower_bound":146022.91977366485,"upper_bound":148139.63013840854},"point_estimate":146887.59733891362,"standard_error":551.4273777798377},"Median":{"confidence_interval":{"confidence_level":0.95,"lower_bound":145585.22180616052,"upper_bound":145750.65538847118},"point_estimate":145666.98945871452,"standard_error":42.2082463140635},"MedianAbsDev":{"confidence_interval":{"confidence_level":0.95,"lower_bound":305.0261612689048,"upper_bound":504.2444914374716},"point_estimate":384.3536014956809,"standard_error":49.073987066292425},"Slope":{"confidence_interval":{"confidence_level":0.95,"lower_bound":145568.87498370343,"upper_bound":146291.8668073119},"point_estimate":145828.30176486733,"standard_error":194.64697456105205},"StdDev":{"confidence_interval":{"confidence_level":0.95,"lower_bound":1574.2290997337577,"upper_bound":8953.550981937702},"point_estimate":5562.720358105187,"standard_error":2168.8135441278678}}