{"Mean":{"confidence_interval":{"confidence_level":0.95,"lower_bound":147302.7581113393,"upper_bound":150834.47939293305},"point_estimate":148638.1296810838,"standard_error":953.2766252666917},"Median":{"confidence_interval":{"confidence_level":0.95,"lower_bound":146653.3170426065,"upper_bound":146935.25320128052},"point_estimate":146808.26331569665,"standard_error":78.10144733299104},"MedianAbsDev":{"confidence_interval":{"confidence_level":0.95,"lower_bound":339.83179646771436,"upper_bound":671.0294547534994},"point_estimate":499.2405024171324,"standard_error":88.55017017640073},"Slope":{"confidence_interval":{"confidence_level":0.95,"lower_bound":146764.17765604326,"upper_bound":147940.93358323554},"point_estimate":147238.5275551521,"standard_error":308.68463560057484},"StdDev":{"confidence_interval":{"confidence_level":0.95,"lower_bound":2003.0308768477992,"upper_bound":15917.268467121774},"point_estimate":9558.917130454995,"standard_error":4570.253005163691}}