{"Mean":{"confidence_interval":{"confidence_level":0.95,"lower_bound":1080.8918504650082,"upper_bound":1081.5343272370294},"point_estimate":1081.1338102954194,"standard_error":0.17239554742542582},"Median":{"confidence_interval":{"confidence_level":0.95,"lower_bound":1080.8644923580787,"upper_bound":1080.9253091864562},"point_estimate":1080.8991111717612,"standard_error":0.01749825980174339},"MedianAbsDev":{"confidence_interval":{"confidence_level":0.95,"lower_bound":0.0833577346172735,"upper_bound":0.17265107024113432},"point_estimate":0.11272423164087157,"standard_error":0.022608676508615068},"Slope":{"confidence_interval":{"confidence_level":0.95,"lower_bound":1080.8696036657045,"upper_bound":1080.9195637105452},"point_estimate":1080.8940161959883,"standard_error":0.012801949289471842},"StdDev":{"confidence_interval":{"confidence_level":0.95,"lower_bound":0.2477844105373769,"upper_bound":2.888530965873254},"point_estimate":1.7297301233105427,"standard_error":0.8213596689010672}}