{"Mean":{"confidence_interval":{"confidence_level":0.95,"lower_bound":5273.384526653984,"upper_bound":5280.293181939651},"point_estimate":5276.845333067777,"standard_error":1.7662526476479714},"Median":{"confidence_interval":{"confidence_level":0.95,"lower_bound":5259.3893110435665,"upper_bound":5289.419348404255},"point_estimate":5286.064367242908,"standard_error":6.778374905786808},"MedianAbsDev":{"confidence_interval":{"confidence_level":0.95,"lower_bound":4.822542383696797,"upper_bound":32.07538015187661},"point_estimate":14.78283167462937,"standard_error":7.434199985025315},"Slope":{"confidence_interval":{"confidence_level":0.95,"lower_bound":5270.957479774825,"upper_bound":5280.381688149211},"point_estimate":5275.693872375012,"standard_error":2.405710403520949},"StdDev":{"confidence_interval":{"confidence_level":0.95,"lower_bound":16.476644814284153,"upper_bound":19.039335284584233},"point_estimate":17.799449062425975,"standard_error":0.6561040180431736}}