{"Mean":{"confidence_interval":{"confidence_level":0.95,"lower_bound":80458.6003991329,"upper_bound":81118.35691153519},"point_estimate":80737.68785421415,"standard_error":170.78911571998225},"Median":{"confidence_interval":{"confidence_level":0.95,"lower_bound":80192.5798816568,"upper_bound":80373.50615384616},"point_estimate":80264.14789264789,"standard_error":46.57767615834088},"MedianAbsDev":{"confidence_interval":{"confidence_level":0.95,"lower_bound":166.4736523235339,"upper_bound":373.71318697766645},"point_estimate":244.76349770585938,"standard_error":49.0140888655846},"Slope":{"confidence_interval":{"confidence_level":0.95,"lower_bound":80194.3743609398,"upper_bound":80330.34831977678},"point_estimate":80257.69788862238,"standard_error":34.71621425756602},"StdDev":{"confidence_interval":{"confidence_level":0.95,"lower_bound":646.2404138639604,"upper_bound":2685.842416235242},"point_estimate":1717.3309358699632,"standard_error":586.2454431631847}}