{"Mean":{"confidence_interval":{"confidence_level":0.95,"lower_bound":568898.7990801173,"upper_bound":571907.4118038343},"point_estimate":570238.268713315,"standard_error":773.1943764737591},"Median":{"confidence_interval":{"confidence_level":0.95,"lower_bound":567880.2295618791,"upper_bound":568637.3506084312},"point_estimate":568230.311936937,"standard_error":211.32981382533055},"MedianAbsDev":{"confidence_interval":{"confidence_level":0.95,"lower_bound":1114.9092968730754,"upper_bound":2039.3752603080923},"point_estimate":1427.9153402955592,"standard_error":236.87207608198136},"Slope":{"confidence_interval":{"confidence_level":0.95,"lower_bound":567748.8574238869,"upper_bound":571049.0106580324},"point_estimate":568879.1223747599,"standard_error":920.2250517889105},"StdDev":{"confidence_interval":{"confidence_level":0.95,"lower_bound":3281.9475438760855,"upper_bound":11043.706075531083},"point_estimate":7813.5794689622835,"standard_error":1916.583723037008}}