{"Mean":{"confidence_interval":{"confidence_level":0.95,"lower_bound":291840.53484871535,"upper_bound":292059.92264238896},"point_estimate":291932.27296694147,"standard_error":56.79497327222607},"Median":{"confidence_interval":{"confidence_level":0.95,"lower_bound":291821.1291866029,"upper_bound":291890.05833333335},"point_estimate":291857.15630032204,"standard_error":16.731969928804883},"MedianAbsDev":{"confidence_interval":{"confidence_level":0.95,"lower_bound":117.29269289365911,"upper_bound":224.50660259317885},"point_estimate":149.12985312213823,"standard_error":28.00502754442168},"Slope":{"confidence_interval":{"confidence_level":0.95,"lower_bound":291868.72252465854,"upper_bound":292037.62061060907},"point_estimate":291944.73118294665,"standard_error":43.40829362201225},"StdDev":{"confidence_interval":{"confidence_level":0.95,"lower_bound":218.58484350791127,"upper_bound":902.9306771183554},"point_estimate":570.7946436266598,"standard_error":205.09025793650122}}