{"Mean":{"confidence_interval":{"confidence_level":0.95,"lower_bound":672.9685282397816,"upper_bound":673.7664695684447},"point_estimate":673.3273551686835,"standard_error":0.2048566146912493},"Median":{"confidence_interval":{"confidence_level":0.95,"lower_bound":672.7490110668897,"upper_bound":672.9557702423331},"point_estimate":672.9064714050735,"standard_error":0.050581834718297164},"MedianAbsDev":{"confidence_interval":{"confidence_level":0.95,"lower_bound":0.308092565208057,"upper_bound":0.7224235342027927},"point_estimate":0.6224981701137221,"standard_error":0.13134218693110192},"Slope":{"confidence_interval":{"confidence_level":0.95,"lower_bound":672.8258360662086,"upper_bound":673.5230825912047},"point_estimate":673.108543067113,"standard_error":0.18445348576882065},"StdDev":{"confidence_interval":{"confidence_level":0.95,"lower_bound":1.0311897986121767,"upper_bound":2.892493545098766},"point_estimate":2.055132585234135,"standard_error":0.4765234509856414}}