{"Mean":{"confidence_interval":{"confidence_level":0.95,"lower_bound":2728.441692728075,"upper_bound":2730.503158302245},"point_estimate":2729.2854399226508,"standard_error":0.5393232539630926},"Median":{"confidence_interval":{"confidence_level":0.95,"lower_bound":2727.918971533517,"upper_bound":2728.032966023875},"point_estimate":2727.9826502683572,"standard_error":0.033775255222848174},"MedianAbsDev":{"confidence_interval":{"confidence_level":0.95,"lower_bound":0.16022150995548373,"upper_bound":0.35951591930788007},"point_estimate":0.22533957841680982,"standard_error":0.05286986225578181},"Slope":{"confidence_interval":{"confidence_level":0.95,"lower_bound":2728.1585206498785,"upper_bound":2729.632198840716},"point_estimate":2728.7683507102406,"standard_error":0.38483039503832617},"StdDev":{"confidence_interval":{"confidence_level":0.95,"lower_bound":1.7357572244811028,"upper_bound":8.68033721165593},"point_estimate":5.416722653868058,"standard_error":2.11051334516337}}