{"Mean":{"confidence_interval":{"confidence_level":0.95,"lower_bound":952.7512579781371,"upper_bound":953.741936978612},"point_estimate":953.1394058583104,"standard_error":0.26277265063083255},"Median":{"confidence_interval":{"confidence_level":0.95,"lower_bound":952.5779804996444,"upper_bound":952.7315795102129},"point_estimate":952.6735177538369,"standard_error":0.04698539298609184},"MedianAbsDev":{"confidence_interval":{"confidence_level":0.95,"lower_bound":0.17218517499893435,"upper_bound":0.3194262159944492},"point_estimate":0.24344195684645645,"standard_error":0.038989630962339074},"Slope":{"confidence_interval":{"confidence_level":0.95,"lower_bound":952.6575558660076,"upper_bound":953.0137068563989},"point_estimate":952.8169975563629,"standard_error":0.09221135930569682},"StdDev":{"confidence_interval":{"confidence_level":0.95,"lower_bound":0.4992941543122722,"upper_bound":4.356548979400577},"point_estimate":2.6451284049336894,"standard_error":1.1681666009742186}}