{"Mean":{"confidence_interval":{"confidence_level":0.95,"lower_bound":23417.415551094473,"upper_bound":24101.208383799712},"point_estimate":23695.317415136848,"standard_error":179.19864740761858},"Median":{"confidence_interval":{"confidence_level":0.95,"lower_bound":23323.67619047619,"upper_bound":23352.68051948052},"point_estimate":23333.526125244618,"standard_error":6.469638030371462},"MedianAbsDev":{"confidence_interval":{"confidence_level":0.95,"lower_bound":35.43765415328923,"upper_bound":71.83995428442469},"point_estimate":46.04628457295637,"standard_error":9.796450673724603},"Slope":{"confidence_interval":{"confidence_level":0.95,"lower_bound":23346.411732468034,"upper_bound":23633.124420513832},"point_estimate":23454.986152547026,"standard_error":77.30786289631692},"StdDev":{"confidence_interval":{"confidence_level":0.95,"lower_bound":355.89103981352486,"upper_bound":2915.22406593248},"point_estimate":1800.2867799124688,"standard_error":727.8080430964579}}