{"Mean":{"confidence_interval":{"confidence_level":0.95,"lower_bound":23216.605026827412,"upper_bound":23790.06845069733},"point_estimate":23467.427100025117,"standard_error":146.1946372324112},"Median":{"confidence_interval":{"confidence_level":0.95,"lower_bound":23146.058281156827,"upper_bound":23172.10977297896},"point_estimate":23152.989462209305,"standard_error":7.649326158568065},"MedianAbsDev":{"confidence_interval":{"confidence_level":0.95,"lower_bound":31.729108199697592,"upper_bound":61.67175416270258},"point_estimate":39.72034779544183,"standard_error":7.3410372442534495},"Slope":{"confidence_interval":{"confidence_level":0.95,"lower_bound":23155.002651495583,"upper_bound":23303.584970984102},"point_estimate":23212.619662177254,"standard_error":38.922357387714555},"StdDev":{"confidence_interval":{"confidence_level":0.95,"lower_bound":283.68676637607024,"upper_bound":2197.070117150441},"point_estimate":1470.5446817550971,"standard_error":446.7975584424495}}