{"Mean":{"confidence_interval":{"confidence_level":0.95,"lower_bound":12278915.998480579,"upper_bound":12322995.628540022},"point_estimate":12299106.220774487,"standard_error":11279.517806473268},"Median":{"confidence_interval":{"confidence_level":0.95,"lower_bound":12252172.56321839,"upper_bound":12281535.24556541},"point_estimate":12266506.142424243,"standard_error":8102.25221674411},"MedianAbsDev":{"confidence_interval":{"confidence_level":0.95,"lower_bound":35180.187608172615,"upper_bound":62224.17582176999},"point_estimate":46474.81799323771,"standard_error":6886.061661407778},"Slope":{"confidence_interval":{"confidence_level":0.95,"lower_bound":12272547.260700174,"upper_bound":12303765.024736453},"point_estimate":12287518.601421604,"standard_error":7964.696034806498},"StdDev":{"confidence_interval":{"confidence_level":0.95,"lower_bound":71056.55449463415,"upper_bound":157624.19560497248},"point_estimate":113434.96507868999,"standard_error":23664.918987632238}}