{"Mean":{"confidence_interval":{"confidence_level":0.95,"lower_bound":2349.3773587099513,"upper_bound":2351.850903617628},"point_estimate":2350.472982681588,"standard_error":0.6367983028811601},"Median":{"confidence_interval":{"confidence_level":0.95,"lower_bound":2348.612153203046,"upper_bound":2349.169538991814},"point_estimate":2348.8732819905213,"standard_error":0.13975958888106566},"MedianAbsDev":{"confidence_interval":{"confidence_level":0.95,"lower_bound":0.7417764379727368,"upper_bound":1.2515710461370169},"point_estimate":0.9395302176051213,"standard_error":0.1306980781606088},"Slope":{"confidence_interval":{"confidence_level":0.95,"lower_bound":2348.784346135822,"upper_bound":2349.8442851520927},"point_estimate":2349.2813891081405,"standard_error":0.2709874997028306},"StdDev":{"confidence_interval":{"confidence_level":0.95,"lower_bound":2.7414080755648964,"upper_bound":9.408809402655574},"point_estimate":6.407543824908975,"standard_error":1.7343253524360134}}