{"Mean":{"confidence_interval":{"confidence_level":0.95,"lower_bound":9431.100142355011,"upper_bound":9435.21056680023},"point_estimate":9432.819485112448,"standard_error":1.0694137770083025},"Median":{"confidence_interval":{"confidence_level":0.95,"lower_bound":9429.58801843318,"upper_bound":9430.040362811791},"point_estimate":9429.839532228834,"standard_error":0.12498273784380547},"MedianAbsDev":{"confidence_interval":{"confidence_level":0.95,"lower_bound":0.5478559902742695,"upper_bound":1.2963747791525582},"point_estimate":0.9079855141823556,"standard_error":0.2026839511905185},"Slope":{"confidence_interval":{"confidence_level":0.95,"lower_bound":9430.982679608238,"upper_bound":9433.848542391604},"point_estimate":9432.280379263513,"standard_error":0.7384318930066515},"StdDev":{"confidence_interval":{"confidence_level":0.95,"lower_bound":3.880291198917358,"upper_bound":16.985157687617953},"point_estimate":10.750211209951766,"standard_error":3.9123545461983444}}