{"Mean":{"confidence_interval":{"confidence_level":0.95,"lower_bound":506.54089848356716,"upper_bound":506.7275478716813},"point_estimate":506.62333712480716,"standard_error":0.048117515157895585},"Median":{"confidence_interval":{"confidence_level":0.95,"lower_bound":506.48948213890236,"upper_bound":506.5150739741323},"point_estimate":506.502524613735,"standard_error":0.006961253848522423},"MedianAbsDev":{"confidence_interval":{"confidence_level":0.95,"lower_bound":0.03543415808757225,"upper_bound":0.059249042659393056},"point_estimate":0.047519272219388446,"standard_error":0.006323917671920605},"Slope":{"confidence_interval":{"confidence_level":0.95,"lower_bound":506.5286936612007,"upper_bound":506.6925471027081},"point_estimate":506.60137782262314,"standard_error":0.04226597529268607},"StdDev":{"confidence_interval":{"confidence_level":0.95,"lower_bound":0.21140108453262202,"upper_bound":0.7177368226842024},"point_estimate":0.4849846779546994,"standard_error":0.1328969785171829}}