{"Mean":{"confidence_interval":{"confidence_level":0.95,"lower_bound":253827.64514082484,"upper_bound":257276.5083399831},"point_estimate":255505.43942648798,"standard_error":877.6729836793896},"Median":{"confidence_interval":{"confidence_level":0.95,"lower_bound":253806.21837444656,"upper_bound":255860.5304054054},"point_estimate":255000.17913096695,"standard_error":583.170788466198},"MedianAbsDev":{"confidence_interval":{"confidence_level":0.95,"lower_bound":3211.3621828836026,"upper_bound":5584.329662015054},"point_estimate":4287.574053451944,"standard_error":612.990441418923},"Slope":{"confidence_interval":{"confidence_level":0.95,"lower_bound":254089.86299127835,"upper_bound":257184.6689521803},"point_estimate":255387.65081572338,"standard_error":805.6605331422815},"StdDev":{"confidence_interval":{"confidence_level":0.95,"lower_bound":6062.645980756171,"upper_bound":11216.327209466966},"point_estimate":8789.249436097036,"standard_error":1318.3029012506245}}