{"Mean":{"confidence_interval":{"confidence_level":0.95,"lower_bound":845.4005101841523,"upper_bound":846.3066798164568},"point_estimate":845.8292710059281,"standard_error":0.230953547842444},"Median":{"confidence_interval":{"confidence_level":0.95,"lower_bound":845.532086834734,"upper_bound":845.8965084175562},"point_estimate":845.7648529411765,"standard_error":0.08743529245003205},"MedianAbsDev":{"confidence_interval":{"confidence_level":0.95,"lower_bound":0.7553249760782563,"upper_bound":1.5953215226789272},"point_estimate":1.2455950228060937,"standard_error":0.20643739808548886},"Slope":{"confidence_interval":{"confidence_level":0.95,"lower_bound":844.9018863395646,"upper_bound":845.7114444600654},"point_estimate":845.2919985892983,"standard_error":0.20549241477279026},"StdDev":{"confidence_interval":{"confidence_level":0.95,"lower_bound":1.5961729642480784,"upper_bound":2.947732288610914},"point_estimate":2.314772417963605,"standard_error":0.3459814657877535}}