{"Mean":{"confidence_interval":{"confidence_level":0.95,"lower_bound":41189277.70811569,"upper_bound":41240706.00938289},"point_estimate":41213869.7466212,"standard_error":13151.584794518338},"Median":{"confidence_interval":{"confidence_level":0.95,"lower_bound":41172550.25,"upper_bound":41207866.926757365},"point_estimate":41195484.09134615,"standard_error":8969.200017705989},"MedianAbsDev":{"confidence_interval":{"confidence_level":0.95,"lower_bound":75970.82364154833,"upper_bound":110279.40748830396},"point_estimate":93244.9215918616,"standard_error":8557.128718996535},"Slope":{"confidence_interval":{"confidence_level":0.95,"lower_bound":41192021.745723896,"upper_bound":41236964.53409448},"point_estimate":41212579.01497857,"standard_error":11496.794723378362},"StdDev":{"confidence_interval":{"confidence_level":0.95,"lower_bound":97035.41049049981,"upper_bound":161430.63910706135},"point_estimate":131659.3822686298,"standard_error":16413.930330917057}}