{"Mean":{"confidence_interval":{"confidence_level":0.95,"lower_bound":157641.4293246909,"upper_bound":157683.38065402902},"point_estimate":157661.37828934463,"standard_error":10.65665141650036},"Median":{"confidence_interval":{"confidence_level":0.95,"lower_bound":157641.83287021902,"upper_bound":157670.0069124424},"point_estimate":157651.01960586495,"standard_error":6.14547919750169},"MedianAbsDev":{"confidence_interval":{"confidence_level":0.95,"lower_bound":42.30360256134803,"upper_bound":70.91067794718104},"point_estimate":57.943173399252046,"standard_error":7.04449767303169},"Slope":{"confidence_interval":{"confidence_level":0.95,"lower_bound":157650.2308717317,"upper_bound":157710.42255092543},"point_estimate":157674.2476345289,"standard_error":15.833200950096515},"StdDev":{"confidence_interval":{"confidence_level":0.95,"lower_bound":63.84066678801043,"upper_bound":149.96256869718127},"point_estimate":107.12413338135376,"standard_error":22.73564928338967}}