{"Mean":{"confidence_interval":{"confidence_level":0.95,"lower_bound":9574.587937497334,"upper_bound":9577.223885799332},"point_estimate":9575.765857251728,"standard_error":0.6804457873901592},"Median":{"confidence_interval":{"confidence_level":0.95,"lower_bound":9573.757867132867,"upper_bound":9574.081538461538},"point_estimate":9573.96884527439,"standard_error":0.08238403216622833},"MedianAbsDev":{"confidence_interval":{"confidence_level":0.95,"lower_bound":0.5052086128256905,"upper_bound":0.919168112679252},"point_estimate":0.7305347608373555,"standard_error":0.10412755437603617},"Slope":{"confidence_interval":{"confidence_level":0.95,"lower_bound":9574.319345282294,"upper_bound":9577.335858065966},"point_estimate":9575.672404968684,"standard_error":0.776990968960336},"StdDev":{"confidence_interval":{"confidence_level":0.95,"lower_bound":3.3979384145629377,"upper_bound":9.763146922121619},"point_estimate":6.835635597718406,"standard_error":1.6453718133588882}}