{"Mean":{"confidence_interval":{"confidence_level":0.95,"lower_bound":1859.736318202095,"upper_bound":1860.1845603397585},"point_estimate":1859.9407861994707,"standard_error":0.1151965596293313},"Median":{"confidence_interval":{"confidence_level":0.95,"lower_bound":1859.5775244142974,"upper_bound":1859.8869161647083},"point_estimate":1859.710868295032,"standard_error":0.09296760499059736},"MedianAbsDev":{"confidence_interval":{"confidence_level":0.95,"lower_bound":0.400194100007274,"upper_bound":0.6516941182803688},"point_estimate":0.4906070738415468,"standard_error":0.06259854846807553},"Slope":{"confidence_interval":{"confidence_level":0.95,"lower_bound":1859.5994399233966,"upper_bound":1860.3321035775282},"point_estimate":1859.8758896820489,"standard_error":0.19847855645788054},"StdDev":{"confidence_interval":{"confidence_level":0.95,"lower_bound":0.6368234831583275,"upper_bound":1.6293391704267588},"point_estimate":1.1559883539412816,"standard_error":0.25840590623979504}}