{"Mean":{"confidence_interval":{"confidence_level":0.95,"lower_bound":62497.52985121824,"upper_bound":62523.58562324079},"point_estimate":62509.08925536582,"standard_error":6.670336269565157},"Median":{"confidence_interval":{"confidence_level":0.95,"lower_bound":62490.150862068964,"upper_bound":62499.86784090909},"point_estimate":62492.92476851852,"standard_error":2.802843889014247},"MedianAbsDev":{"confidence_interval":{"confidence_level":0.95,"lower_bound":11.529578141880144,"upper_bound":20.551094283581563},"point_estimate":15.523893038349957,"standard_error":2.215840923471646},"Slope":{"confidence_interval":{"confidence_level":0.95,"lower_bound":62490.378567001615,"upper_bound":62545.943003376015},"point_estimate":62511.803890017734,"standard_error":14.974458261522035},"StdDev":{"confidence_interval":{"confidence_level":0.95,"lower_bound":32.79031148964695,"upper_bound":99.09874667060605},"point_estimate":67.04857643187475,"standard_error":17.952314363196187}}