{"Mean":{"confidence_interval":{"confidence_level":0.95,"lower_bound":160072.8442401905,"upper_bound":165149.7878570362},"point_estimate":162045.09449308788,"standard_error":1356.6004101299593},"Median":{"confidence_interval":{"confidence_level":0.95,"lower_bound":159157.74517340894,"upper_bound":159420.31578947368},"point_estimate":159263.95781302033,"standard_error":73.13545255140366},"MedianAbsDev":{"confidence_interval":{"confidence_level":0.95,"lower_bound":261.317750371863,"upper_bound":617.2457033273962},"point_estimate":406.8898966891323,"standard_error":94.24790169313162},"Slope":{"confidence_interval":{"confidence_level":0.95,"lower_bound":159362.98391929068,"upper_bound":161106.01804772735},"point_estimate":160007.4673199772,"standard_error":472.6686598987289},"StdDev":{"confidence_interval":{"confidence_level":0.95,"lower_bound":2800.5865033098175,"upper_bound":22634.513493037706},"point_estimate":13686.103289996528,"standard_error":6215.236836280148}}