{"Mean":{"confidence_interval":{"confidence_level":0.95,"lower_bound":4294.017564344055,"upper_bound":4294.202333333339},"point_estimate":4294.10160213889,"standard_error":0.047268380734811134},"Median":{"confidence_interval":{"confidence_level":0.95,"lower_bound":4293.949074074074,"upper_bound":4294.075044208665},"point_estimate":4294.030018472906,"standard_error":0.030824603195255},"MedianAbsDev":{"confidence_interval":{"confidence_level":0.95,"lower_bound":0.17351864344878956,"upper_bound":0.29180825631311735},"point_estimate":0.23017581720822683,"standard_error":0.030749828701460608},"Slope":{"confidence_interval":{"confidence_level":0.95,"lower_bound":4293.992383400974,"upper_bound":4294.082321321993},"point_estimate":4294.037075437086,"standard_error":0.022908517582269736},"StdDev":{"confidence_interval":{"confidence_level":0.95,"lower_bound":0.26421226245957136,"upper_bound":0.6788024865934529},"point_estimate":0.47530374330887587,"standard_error":0.11078135284371181}}