{"Mean":{"confidence_interval":{"confidence_level":0.95,"lower_bound":666509.6980268572,"upper_bound":666767.1828868565},"point_estimate":666631.7835809678,"standard_error":65.82485761202247},"Median":{"confidence_interval":{"confidence_level":0.95,"lower_bound":666382.9913194445,"upper_bound":666628.4117647059},"point_estimate":666468.9677083334,"standard_error":56.48523397939963},"MedianAbsDev":{"confidence_interval":{"confidence_level":0.95,"lower_bound":342.55651000558373,"upper_bound":596.8592339278558},"point_estimate":418.1066168242577,"standard_error":64.41402931574652},"Slope":{"confidence_interval":{"confidence_level":0.95,"lower_bound":666506.1657922203,"upper_bound":666774.2073166943},"point_estimate":666637.9277951824,"standard_error":68.63008438592654},"StdDev":{"confidence_interval":{"confidence_level":0.95,"lower_bound":477.3250423570625,"upper_bound":870.4676678773241},"point_estimate":661.2495930446288,"standard_error":107.24768126612757}}