{"Mean":{"confidence_interval":{"confidence_level":0.95,"lower_bound":1317.037657656422,"upper_bound":1317.3995912536757},"point_estimate":1317.200879486699,"standard_error":0.09265493394665046},"Median":{"confidence_interval":{"confidence_level":0.95,"lower_bound":1316.9098604438343,"upper_bound":1316.9743461879432},"point_estimate":1316.9318063587439,"standard_error":0.015112376794098598},"MedianAbsDev":{"confidence_interval":{"confidence_level":0.95,"lower_bound":0.07996024489883685,"upper_bound":0.13900111022531408},"point_estimate":0.10525837659719166,"standard_error":0.014836855008727614},"Slope":{"confidence_interval":{"confidence_level":0.95,"lower_bound":1317.0091319565465,"upper_bound":1317.4322406140473},"point_estimate":1317.2010353750522,"standard_error":0.10900514469279515},"StdDev":{"confidence_interval":{"confidence_level":0.95,"lower_bound":0.48945549776202246,"upper_bound":1.2929094324570796},"point_estimate":0.9325922590145546,"standard_error":0.20568842526390713}}