{"Mean":{"confidence_interval":{"confidence_level":0.95,"lower_bound":718.0832764418444,"upper_bound":718.1417738272664},"point_estimate":718.1122598514313,"standard_error":0.0148573368163161},"Median":{"confidence_interval":{"confidence_level":0.95,"lower_bound":718.0851005702967,"upper_bound":718.1336517678892},"point_estimate":718.1003510555447,"standard_error":0.013447598842482644},"MedianAbsDev":{"confidence_interval":{"confidence_level":0.95,"lower_bound":0.07222175691117992,"upper_bound":0.13999476390044568},"point_estimate":0.09739511760636611,"standard_error":0.016903936472432598},"Slope":{"confidence_interval":{"confidence_level":0.95,"lower_bound":718.0969193480828,"upper_bound":718.1444120318779},"point_estimate":718.1203789878626,"standard_error":0.012085744273952446},"StdDev":{"confidence_interval":{"confidence_level":0.95,"lower_bound":0.10315605042983146,"upper_bound":0.1952873640954664},"point_estimate":0.14992738472682246,"standard_error":0.023859555502302073}}