{"Mean":{"confidence_interval":{"confidence_level":0.95,"lower_bound":860399.6171795849,"upper_bound":861090.4395999776},"point_estimate":860775.251418829,"standard_error":176.47019761629443},"Median":{"confidence_interval":{"confidence_level":0.95,"lower_bound":860854.6666666666,"upper_bound":860948.0345959596},"point_estimate":860901.7618042526,"standard_error":27.510853315170603},"MedianAbsDev":{"confidence_interval":{"confidence_level":0.95,"lower_bound":178.65605911580542,"upper_bound":378.2483549121521},"point_estimate":288.4990493056832,"standard_error":49.41488476304978},"Slope":{"confidence_interval":{"confidence_level":0.95,"lower_bound":861018.1386917634,"upper_bound":861286.6685227966},"point_estimate":861139.6370459583,"standard_error":68.71295430931545},"StdDev":{"confidence_interval":{"confidence_level":0.95,"lower_bound":825.7889270260918,"upper_bound":2643.7860442943834},"point_estimate":1774.2793971500018,"standard_error":484.50316385219656}}