{"Mean":{"confidence_interval":{"confidence_level":0.95,"lower_bound":6813.8450577001,"upper_bound":6829.256565630105},"point_estimate":6821.222104734307,"standard_error":3.929385959133567},"Median":{"confidence_interval":{"confidence_level":0.95,"lower_bound":6812.811343658679,"upper_bound":6828.562145593869},"point_estimate":6821.763848781685,"standard_error":4.1614932880011555},"MedianAbsDev":{"confidence_interval":{"confidence_level":0.95,"lower_bound":22.56141667756819,"upper_bound":37.429608972750685},"point_estimate":29.584412147185308,"standard_error":3.7539033048089063},"Slope":{"confidence_interval":{"confidence_level":0.95,"lower_bound":6815.250707969349,"upper_bound":6826.770579551963},"point_estimate":6821.359638713228,"standard_error":2.9288043895161384},"StdDev":{"confidence_interval":{"confidence_level":0.95,"lower_bound":27.486629445981738,"upper_bound":50.7769554838003},"point_estimate":39.61015531217237,"standard_error":5.975767737290925}}