{"Mean":{"confidence_interval":{"confidence_level":0.95,"lower_bound":581.0768543627325,"upper_bound":581.855492921468},"point_estimate":581.4676713649083,"standard_error":0.19841830666087207},"Median":{"confidence_interval":{"confidence_level":0.95,"lower_bound":581.1376025791325,"upper_bound":583.1270426107137},"point_estimate":582.092669639856,"standard_error":0.5132688688446003},"MedianAbsDev":{"confidence_interval":{"confidence_level":0.95,"lower_bound":0.9577883406639794,"upper_bound":3.177652895299907},"point_estimate":2.0676205929909894,"standard_error":0.6090471201033176},"Slope":{"confidence_interval":{"confidence_level":0.95,"lower_bound":580.8537782793392,"upper_bound":581.890321097971},"point_estimate":581.3800947325402,"standard_error":0.2655523157718087},"StdDev":{"confidence_interval":{"confidence_level":0.95,"lower_bound":1.8624507449854588,"upper_bound":2.0912189299377366},"point_estimate":1.9972079125920097,"standard_error":0.05828020670728695}}