{"Mean":{"confidence_interval":{"confidence_level":0.95,"lower_bound":7680.244475264249,"upper_bound":7688.873907337857},"point_estimate":7684.205157277796,"standard_error":2.206771490186319},"Median":{"confidence_interval":{"confidence_level":0.95,"lower_bound":7678.5863704732155,"upper_bound":7691.204421475739},"point_estimate":7690.508236434109,"standard_error":3.0617723365725054},"MedianAbsDev":{"confidence_interval":{"confidence_level":0.95,"lower_bound":4.354999341608714,"upper_bound":23.839496179908664},"point_estimate":16.069425657457188,"standard_error":5.645880826242637},"Slope":{"confidence_interval":{"confidence_level":0.95,"lower_bound":7678.486182051674,"upper_bound":7687.1812005061365},"point_estimate":7682.852937683217,"standard_error":2.21634753583575},"StdDev":{"confidence_interval":{"confidence_level":0.95,"lower_bound":14.292743964011377,"upper_bound":31.322603744256412},"point_estimate":22.203803297008005,"standard_error":4.914720688462369}}