{"Mean":{"confidence_interval":{"confidence_level":0.95,"lower_bound":1290.085903711738,"upper_bound":1291.0281039967333},"point_estimate":1290.531323461898,"standard_error":0.24054172150367412},"Median":{"confidence_interval":{"confidence_level":0.95,"lower_bound":1289.6267036519307,"upper_bound":1290.631549274281},"point_estimate":1289.7647805373322,"standard_error":0.26906535239489804},"MedianAbsDev":{"confidence_interval":{"confidence_level":0.95,"lower_bound":1.6254096063533756,"upper_bound":2.5194707540945416},"point_estimate":2.2586440976794813,"standard_error":0.23163487734882826},"Slope":{"confidence_interval":{"confidence_level":0.95,"lower_bound":1289.3096590486577,"upper_bound":1290.254437381021},"point_estimate":1289.7558741024895,"standard_error":0.24131571912163438},"StdDev":{"confidence_interval":{"confidence_level":0.95,"lower_bound":1.7104408409917686,"upper_bound":3.1460256779711013},"point_estimate":2.4166409146454635,"standard_error":0.3778049557897507}}