{"Mean":{"confidence_interval":{"confidence_level":0.95,"lower_bound":22659.448095771924,"upper_bound":22672.20432008662},"point_estimate":22664.790935275865,"standard_error":3.3185526097318867},"Median":{"confidence_interval":{"confidence_level":0.95,"lower_bound":22656.416591854093,"upper_bound":22658.48181818182},"point_estimate":22657.217073450065,"standard_error":0.5053679653440478},"MedianAbsDev":{"confidence_interval":{"confidence_level":0.95,"lower_bound":3.313186364396815,"upper_bound":5.337921496143675},"point_estimate":4.290412188428252,"standard_error":0.4925583593457034},"Slope":{"confidence_interval":{"confidence_level":0.95,"lower_bound":22656.299877746413,"upper_bound":22667.08568847404},"point_estimate":22660.95172817282,"standard_error":2.7811923769430895},"StdDev":{"confidence_interval":{"confidence_level":0.95,"lower_bound":11.415329381696054,"upper_bound":52.70038813999368},"point_estimate":33.458441438039294,"standard_error":11.856455424824569}}