{"Mean":{"confidence_interval":{"confidence_level":0.95,"lower_bound":84692749.56994018,"upper_bound":84800878.54553175},"point_estimate":84743704.31223166,"standard_error":27615.947578237243},"Median":{"confidence_interval":{"confidence_level":0.95,"lower_bound":84686634.21884087,"upper_bound":84746494.0},"point_estimate":84720303.27941176,"standard_error":14989.311410426466},"MedianAbsDev":{"confidence_interval":{"confidence_level":0.95,"lower_bound":115761.83971032817,"upper_bound":211153.63384903845},"point_estimate":170233.2540822921,"standard_error":24129.188231783814},"Slope":{"confidence_interval":{"confidence_level":0.95,"lower_bound":84704728.80987391,"upper_bound":84751766.308173},"point_estimate":84727508.49755874,"standard_error":12003.423442435835},"StdDev":{"confidence_interval":{"confidence_level":0.95,"lower_bound":185631.067561576,"upper_bound":369389.7915738099},"point_estimate":278459.43300704646,"standard_error":47761.48094241131}}