{"Mean":{"confidence_interval":{"confidence_level":0.95,"lower_bound":84510647.76200083,"upper_bound":84594007.35525542},"point_estimate":84549351.4986974,"standard_error":21276.65779616951},"Median":{"confidence_interval":{"confidence_level":0.95,"lower_bound":84492636.89552239,"upper_bound":84547664.81690142},"point_estimate":84516652.7638889,"standard_error":15005.56539070293},"MedianAbsDev":{"confidence_interval":{"confidence_level":0.95,"lower_bound":89090.49766838744,"upper_bound":173930.2813910646},"point_estimate":122774.58166059728,"standard_error":22247.815549324838},"Slope":{"confidence_interval":{"confidence_level":0.95,"lower_bound":84511732.99925424,"upper_bound":84558314.67207862},"point_estimate":84533297.61412738,"standard_error":11903.01223364202},"StdDev":{"confidence_interval":{"confidence_level":0.95,"lower_bound":131054.89848653319,"upper_bound":288193.78852405184},"point_estimate":214587.77133838588,"standard_error":40670.94855907923}}