{"Mean":{"confidence_interval":{"confidence_level":0.95,"lower_bound":56425.67676364369,"upper_bound":57967.651824602064},"point_estimate":57007.37757869102,"standard_error":417.82931902176887},"Median":{"confidence_interval":{"confidence_level":0.95,"lower_bound":56206.09920634921,"upper_bound":56270.47266313933},"point_estimate":56227.29150892112,"standard_error":14.064517058710171},"MedianAbsDev":{"confidence_interval":{"confidence_level":0.95,"lower_bound":61.824315800693164,"upper_bound":149.79218655295765},"point_estimate":92.34721463710403,"standard_error":19.65604165425207},"Slope":{"confidence_interval":{"confidence_level":0.95,"lower_bound":56256.76671043584,"upper_bound":56912.77012547684},"point_estimate":56503.78922729586,"standard_error":175.5116557065891},"StdDev":{"confidence_interval":{"confidence_level":0.95,"lower_bound":732.5362030451155,"upper_bound":7004.462074216838},"point_estimate":4192.674283511656,"standard_error":2026.3052463026602}}