{"Mean":{"confidence_interval":{"confidence_level":0.95,"lower_bound":6222.558402443114,"upper_bound":6326.857826262342},"point_estimate":6263.547522169346,"standard_error":27.7735611120377},"Median":{"confidence_interval":{"confidence_level":0.95,"lower_bound":6208.815137130801,"upper_bound":6217.856690777577},"point_estimate":6213.378939475423,"standard_error":2.06849064471291},"MedianAbsDev":{"confidence_interval":{"confidence_level":0.95,"lower_bound":11.422402524792213,"upper_bound":19.516275496725473},"point_estimate":16.081627244677055,"standard_error":2.077823237425204},"Slope":{"confidence_interval":{"confidence_level":0.95,"lower_bound":6212.060833505952,"upper_bound":6278.806872947038},"point_estimate":6238.349443801172,"standard_error":17.79580179740912},"StdDev":{"confidence_interval":{"confidence_level":0.95,"lower_bound":43.716493164195676,"upper_bound":461.0120990658826},"point_estimate":279.82372410037476,"standard_error":124.76235924017259}}