{"Mean":{"confidence_interval":{"confidence_level":0.95,"lower_bound":6334.97435679322,"upper_bound":6555.101717448159},"point_estimate":6432.51248212024,"standard_error":56.64053519295094},"Median":{"confidence_interval":{"confidence_level":0.95,"lower_bound":6248.023508975101,"upper_bound":6255.4723142580215},"point_estimate":6252.157799425502,"standard_error":1.8800260532463966},"MedianAbsDev":{"confidence_interval":{"confidence_level":0.95,"lower_bound":11.180248081097591,"upper_bound":22.23744702702955},"point_estimate":16.72470009360027,"standard_error":2.7989805087497843},"Slope":{"confidence_interval":{"confidence_level":0.95,"lower_bound":6257.460704232313,"upper_bound":6317.11807619375},"point_estimate":6281.422533124878,"standard_error":15.463768355844557},"StdDev":{"confidence_interval":{"confidence_level":0.95,"lower_bound":278.248938395471,"upper_bound":834.681526952016},"point_estimate":568.6037064865667,"standard_error":147.7361644806601}}