{"Mean":{"confidence_interval":{"confidence_level":0.95,"lower_bound":663.2004770300667,"upper_bound":663.3776334178498},"point_estimate":663.2806635229667,"standard_error":0.045547083282374876},"Median":{"confidence_interval":{"confidence_level":0.95,"lower_bound":663.1540627302772,"upper_bound":663.2267765746318},"point_estimate":663.1953369358803,"standard_error":0.01935393844555078},"MedianAbsDev":{"confidence_interval":{"confidence_level":0.95,"lower_bound":0.09559202282322424,"upper_bound":0.16294416905455877},"point_estimate":0.1297054154810043,"standard_error":0.017185084633493417},"Slope":{"confidence_interval":{"confidence_level":0.95,"lower_bound":663.1926274618436,"upper_bound":663.3903676204251},"point_estimate":663.2811662297437,"standard_error":0.05075711217993779},"StdDev":{"confidence_interval":{"confidence_level":0.95,"lower_bound":0.24280451718861668,"upper_bound":0.632201540768689},"point_estimate":0.4567447537823479,"standard_error":0.09974213440412286}}