{"Mean":{"confidence_interval":{"confidence_level":0.95,"lower_bound":153996.19901678857,"upper_bound":154038.48271789495},"point_estimate":154015.1071743964,"standard_error":10.867161400223665},"Median":{"confidence_interval":{"confidence_level":0.95,"lower_bound":153983.1059914712,"upper_bound":153992.59065934067},"point_estimate":153986.51219256932,"standard_error":2.6643303620514747},"MedianAbsDev":{"confidence_interval":{"confidence_level":0.95,"lower_bound":14.305040068625955,"upper_bound":26.212771864340628},"point_estimate":19.75370771626568,"standard_error":3.126003120135168},"Slope":{"confidence_interval":{"confidence_level":0.95,"lower_bound":153989.51955592286,"upper_bound":154035.08460349945},"point_estimate":154009.93289155356,"standard_error":11.694489222330146},"StdDev":{"confidence_interval":{"confidence_level":0.95,"lower_bound":54.020855544903945,"upper_bound":155.97973171421825},"point_estimate":109.74921716850844,"standard_error":26.372140145543508}}