{"Mean":{"confidence_interval":{"confidence_level":0.95,"lower_bound":856.7646404709751,"upper_bound":857.6560781083492},"point_estimate":857.1976940688755,"standard_error":0.22725672967095756},"Median":{"confidence_interval":{"confidence_level":0.95,"lower_bound":856.7082132727028,"upper_bound":857.3772439422568},"point_estimate":857.1465232799707,"standard_error":0.17245827930488392},"MedianAbsDev":{"confidence_interval":{"confidence_level":0.95,"lower_bound":1.5600963017752163,"upper_bound":2.3300815655083746},"point_estimate":2.104509086132614,"standard_error":0.20063447815850602},"Slope":{"confidence_interval":{"confidence_level":0.95,"lower_bound":856.2731393588207,"upper_bound":857.1648161649847},"point_estimate":856.7157110558802,"standard_error":0.22699663209672605},"StdDev":{"confidence_interval":{"confidence_level":0.95,"lower_bound":1.8059131634372954,"upper_bound":2.756860286193901},"point_estimate":2.288980171589784,"standard_error":0.24385133574772333}}