{"Mean":{"confidence_interval":{"confidence_level":0.95,"lower_bound":841684.3076517673,"upper_bound":842520.1005175912},"point_estimate":842008.8382101135,"standard_error":225.29942547299632},"Median":{"confidence_interval":{"confidence_level":0.95,"lower_bound":841772.3958333334,"upper_bound":841841.1590909091},"point_estimate":841810.5112466125,"standard_error":15.793436115096242},"MedianAbsDev":{"confidence_interval":{"confidence_level":0.95,"lower_bound":122.06432207905725,"upper_bound":232.24673367023266},"point_estimate":166.9368182069097,"standard_error":27.773926288460206},"Slope":{"confidence_interval":{"confidence_level":0.95,"lower_bound":841932.5234724097,"upper_bound":842146.5100427738},"point_estimate":842034.6112649624,"standard_error":54.74728397959071},"StdDev":{"confidence_interval":{"confidence_level":0.95,"lower_bound":478.3578334175474,"upper_bound":3783.2304980996287},"point_estimate":2257.5296959972225,"standard_error":1076.7973085574683}}