{"Mean":{"confidence_interval":{"confidence_level":0.95,"lower_bound":117547.53288136568,"upper_bound":120805.99653961025},"point_estimate":118874.27595504369,"standard_error":857.347984290987},"Median":{"confidence_interval":{"confidence_level":0.95,"lower_bound":117115.87855297158,"upper_bound":117253.26624737945},"point_estimate":117201.31883956332,"standard_error":36.26506816511644},"MedianAbsDev":{"confidence_interval":{"confidence_level":0.95,"lower_bound":211.87885147512404,"upper_bound":413.1241288047145},"point_estimate":320.61812820137214,"standard_error":52.38917416661552},"Slope":{"confidence_interval":{"confidence_level":0.95,"lower_bound":117213.26060853,"upper_bound":117971.20869908185},"point_estimate":117542.78087056467,"standard_error":195.26988419296512},"StdDev":{"confidence_interval":{"confidence_level":0.95,"lower_bound":1204.894986217997,"upper_bound":13857.13445925505},"point_estimate":8641.582987776543,"standard_error":3432.993638019317}}