{"Mean":{"confidence_interval":{"confidence_level":0.95,"lower_bound":117276.92616877393,"upper_bound":118657.30474086673},"point_estimate":117829.75152429332,"standard_error":364.7878772098703},"Median":{"confidence_interval":{"confidence_level":0.95,"lower_bound":116951.34757834757,"upper_bound":117127.98717948717},"point_estimate":117030.60700503227,"standard_error":54.139330594291195},"MedianAbsDev":{"confidence_interval":{"confidence_level":0.95,"lower_bound":210.44135911543162,"upper_bound":382.6761601291984},"point_estimate":270.0507143134664,"standard_error":45.99431189697988},"Slope":{"confidence_interval":{"confidence_level":0.95,"lower_bound":117026.94940313238,"upper_bound":117501.56940776133},"point_estimate":117218.7599300527,"standard_error":122.69195967105219},"StdDev":{"confidence_interval":{"confidence_level":0.95,"lower_bound":1060.081022717588,"upper_bound":5975.7601694404875},"point_estimate":3674.1946968487473,"standard_error":1546.0410477589885}}