{"Mean":{"confidence_interval":{"confidence_level":0.95,"lower_bound":1701.682665086471,"upper_bound":1701.7482083402501},"point_estimate":1701.713896395833,"standard_error":0.016694846575869372},"Median":{"confidence_interval":{"confidence_level":0.95,"lower_bound":1701.6655748854525,"upper_bound":1701.7229163257514},"point_estimate":1701.700436950516,"standard_error":0.015728969123714784},"MedianAbsDev":{"confidence_interval":{"confidence_level":0.95,"lower_bound":0.07758816653576536,"upper_bound":0.12860769473468095},"point_estimate":0.10520252672955391,"standard_error":0.013421569583087815},"Slope":{"confidence_interval":{"confidence_level":0.95,"lower_bound":1701.653456309839,"upper_bound":1701.7016798243972},"point_estimate":1701.6762790010343,"standard_error":0.01234012131257415},"StdDev":{"confidence_interval":{"confidence_level":0.95,"lower_bound":0.11805153887276186,"upper_bound":0.2137938763117948},"point_estimate":0.1673118829471673,"standard_error":0.024709671967181105}}