{"Mean":{"confidence_interval":{"confidence_level":0.95,"lower_bound":3594.0164771023165,"upper_bound":3600.8952283439626},"point_estimate":3597.48085559305,"standard_error":1.7583891817750203},"Median":{"confidence_interval":{"confidence_level":0.95,"lower_bound":3589.6906799259946,"upper_bound":3611.7371626686654},"point_estimate":3610.8358925108437,"standard_error":6.138605980546795},"MedianAbsDev":{"confidence_interval":{"confidence_level":0.95,"lower_bound":2.0002345863768936,"upper_bound":25.99088070581254},"point_estimate":6.2305539876841225,"standard_error":7.6919911904305724},"Slope":{"confidence_interval":{"confidence_level":0.95,"lower_bound":3591.1759159950343,"upper_bound":3600.0722118145836},"point_estimate":3595.6507714334057,"standard_error":2.272334888555494},"StdDev":{"confidence_interval":{"confidence_level":0.95,"lower_bound":16.596907643429237,"upper_bound":18.53083629755254},"point_estimate":17.71633313181811,"standard_error":0.4868441580307419}}