{"Mean":{"confidence_interval":{"confidence_level":0.95,"lower_bound":18681992.58211714,"upper_bound":18719265.85274979},"point_estimate":18699559.26447399,"standard_error":9532.95302969897},"Median":{"confidence_interval":{"confidence_level":0.95,"lower_bound":18658223.5239212,"upper_bound":18668582.173913043},"point_estimate":18660850.913101606,"standard_error":2803.4415093433645},"MedianAbsDev":{"confidence_interval":{"confidence_level":0.95,"lower_bound":19205.163677453846,"upper_bound":41212.89349058507},"point_estimate":24580.54981986805,"standard_error":5828.710477248866},"Slope":{"confidence_interval":{"confidence_level":0.95,"lower_bound":18677096.264448244,"upper_bound":18710125.270430125},"point_estimate":18692687.94404906,"standard_error":8420.786841138612},"StdDev":{"confidence_interval":{"confidence_level":0.95,"lower_bound":66580.55150358379,"upper_bound":124242.10209493655},"point_estimate":95955.20637084957,"standard_error":14876.040321373028}}