{"Mean":{"confidence_interval":{"confidence_level":0.95,"lower_bound":37295.23219689669,"upper_bound":37307.057805355755},"point_estimate":37300.59441096277,"standard_error":3.044138688024404},"Median":{"confidence_interval":{"confidence_level":0.95,"lower_bound":37291.817365835224,"upper_bound":37294.35942785194},"point_estimate":37293.72707847708,"standard_error":0.6323673865981977},"MedianAbsDev":{"confidence_interval":{"confidence_level":0.95,"lower_bound":4.346703301827495,"upper_bound":8.084575515382074},"point_estimate":6.396855325028214,"standard_error":0.9873137300462587},"Slope":{"confidence_interval":{"confidence_level":0.95,"lower_bound":37296.94946444776,"upper_bound":37310.561024098424},"point_estimate":37303.171163325285,"standard_error":3.4897316321877185},"StdDev":{"confidence_interval":{"confidence_level":0.95,"lower_bound":15.473652034047783,"upper_bound":42.84133754912567},"point_estimate":30.68993298106507,"standard_error":6.978023192038159}}