{"Mean":{"confidence_interval":{"confidence_level":0.95,"lower_bound":488330.4179748332,"upper_bound":488510.228116612},"point_estimate":488410.53193818213,"standard_error":46.180617034889295},"Median":{"confidence_interval":{"confidence_level":0.95,"lower_bound":488270.51937984495,"upper_bound":488288.2962962963},"point_estimate":488277.8638773123,"standard_error":4.6807860281279705},"MedianAbsDev":{"confidence_interval":{"confidence_level":0.95,"lower_bound":32.586629856445185,"upper_bound":52.19663455661909},"point_estimate":43.967628704712844,"standard_error":5.071583934990468},"Slope":{"confidence_interval":{"confidence_level":0.95,"lower_bound":488327.9625136443,"upper_bound":488541.26002036605},"point_estimate":488418.477132161,"standard_error":55.045585709684566},"StdDev":{"confidence_interval":{"confidence_level":0.95,"lower_bound":220.82726217942417,"upper_bound":657.9974548396252},"point_estimate":465.00776581295946,"standard_error":112.56309439071886}}