{"Mean":{"confidence_interval":{"confidence_level":0.95,"lower_bound":252711.89985410505,"upper_bound":253353.4296381684},"point_estimate":253034.0910503133,"standard_error":163.9045313736327},"Median":{"confidence_interval":{"confidence_level":0.95,"lower_bound":252730.05110294116,"upper_bound":253412.60606060605},"point_estimate":253072.83301083592,"standard_error":170.94946785297643},"MedianAbsDev":{"confidence_interval":{"confidence_level":0.95,"lower_bound":1216.3032519741648,"upper_bound":2015.6021874285823},"point_estimate":1657.6351275407903,"standard_error":200.48074910637104},"Slope":{"confidence_interval":{"confidence_level":0.95,"lower_bound":252960.9194031591,"upper_bound":253561.37519522416},"point_estimate":253270.42390128566,"standard_error":153.25840972405916},"StdDev":{"confidence_interval":{"confidence_level":0.95,"lower_bound":1376.949524463455,"upper_bound":1913.6055349148626},"point_estimate":1648.0180759590785,"standard_error":137.2667819841525}}