{"Mean":{"confidence_interval":{"confidence_level":0.95,"lower_bound":16163.091282154875,"upper_bound":16290.11537243868},"point_estimate":16217.821416941482,"standard_error":32.80829606838029},"Median":{"confidence_interval":{"confidence_level":0.95,"lower_bound":16137.206504494976,"upper_bound":16166.276166456495},"point_estimate":16146.696354959764,"standard_error":7.184383553751823},"MedianAbsDev":{"confidence_interval":{"confidence_level":0.95,"lower_bound":40.43426885038437,"upper_bound":78.81696249967776},"point_estimate":55.985309115669374,"standard_error":10.28045443379254},"Slope":{"confidence_interval":{"confidence_level":0.95,"lower_bound":16133.932766908394,"upper_bound":16297.451984608022},"point_estimate":16189.754334220797,"standard_error":46.2724870186563},"StdDev":{"confidence_interval":{"confidence_level":0.95,"lower_bound":119.99658081905103,"upper_bound":508.1148657391722},"point_estimate":330.5219182311543,"standard_error":103.68381781305219}}