{"Mean":{"confidence_interval":{"confidence_level":0.95,"lower_bound":16354.370175541368,"upper_bound":16943.42240818916},"point_estimate":16609.501753306147,"standard_error":151.634889113464},"Median":{"confidence_interval":{"confidence_level":0.95,"lower_bound":16109.211976320583,"upper_bound":16139.97409733124},"point_estimate":16119.91878232664,"standard_error":7.396476656608779},"MedianAbsDev":{"confidence_interval":{"confidence_level":0.95,"lower_bound":36.440283460247784,"upper_bound":75.76360797835353},"point_estimate":49.959878052666475,"standard_error":9.904382691735728},"Slope":{"confidence_interval":{"confidence_level":0.95,"lower_bound":16132.935919942776,"upper_bound":16363.766126243829},"point_estimate":16221.16161928549,"standard_error":61.320239421541324},"StdDev":{"confidence_interval":{"confidence_level":0.95,"lower_bound":683.46925127351,"upper_bound":2328.725562361696},"point_estimate":1526.4622810521819,"standard_error":476.3655087089332}}