{"Mean":{"confidence_interval":{"confidence_level":0.95,"lower_bound":49654.25388914595,"upper_bound":49930.02977008792},"point_estimate":49771.40144106758,"standard_error":71.6210597389073},"Median":{"confidence_interval":{"confidence_level":0.95,"lower_bound":49579.247282608696,"upper_bound":49635.687482821806},"point_estimate":49603.50566652649,"standard_error":16.510961794146837},"MedianAbsDev":{"confidence_interval":{"confidence_level":0.95,"lower_bound":90.57232117102656,"upper_bound":182.90608989441503},"point_estimate":131.98450884898452,"standard_error":23.2347990259922},"Slope":{"confidence_interval":{"confidence_level":0.95,"lower_bound":49587.977927982996,"upper_bound":49856.17417518229},"point_estimate":49681.38390586671,"standard_error":74.60244155123522},"StdDev":{"confidence_interval":{"confidence_level":0.95,"lower_bound":253.16969755240902,"upper_bound":1129.1596914059742},"point_estimate":722.0940405076598,"standard_error":246.8718325618335}}