{"Mean":{"confidence_interval":{"confidence_level":0.95,"lower_bound":51016.23915806394,"upper_bound":52627.638221931484},"point_estimate":51723.23230968869,"standard_error":413.0686024239861},"Median":{"confidence_interval":{"confidence_level":0.95,"lower_bound":50289.244039270685,"upper_bound":50377.96501831502},"point_estimate":50326.19117647059,"standard_error":21.28417467427261},"MedianAbsDev":{"confidence_interval":{"confidence_level":0.95,"lower_bound":117.00017895472678,"upper_bound":257.81036435849956},"point_estimate":169.45998092450122,"standard_error":35.515470759043836},"Slope":{"confidence_interval":{"confidence_level":0.95,"lower_bound":50430.725438204034,"upper_bound":51387.4468694594},"point_estimate":50827.31364341658,"standard_error":249.83671852276228},"StdDev":{"confidence_interval":{"confidence_level":0.95,"lower_bound":1979.9904100999345,"upper_bound":6227.832717460677},"point_estimate":4153.484323144532,"standard_error":1189.3789135582344}}