{"Mean":{"confidence_interval":{"confidence_level":0.95,"lower_bound":534.631987467446,"upper_bound":535.0939706449992},"point_estimate":534.8321151055987,"standard_error":0.11877594095099334},"Median":{"confidence_interval":{"confidence_level":0.95,"lower_bound":534.4993782315596,"upper_bound":534.5428226555829},"point_estimate":534.5265442557699,"standard_error":0.009585387191514222},"MedianAbsDev":{"confidence_interval":{"confidence_level":0.95,"lower_bound":0.0945291419710384,"upper_bound":0.2176114465345429},"point_estimate":0.1533273845323918,"standard_error":0.03137656803069464},"Slope":{"confidence_interval":{"confidence_level":0.95,"lower_bound":534.5285622559614,"upper_bound":534.7510484175637},"point_estimate":534.6235630175152,"standard_error":0.05749684989827756},"StdDev":{"confidence_interval":{"confidence_level":0.95,"lower_bound":0.5344207567713802,"upper_bound":1.8087511831508403},"point_estimate":1.1909182352997632,"standard_error":0.35836320505472535}}