{"Mean":{"confidence_interval":{"confidence_level":0.95,"lower_bound":267.69179427247485,"upper_bound":267.84344178676304},"point_estimate":267.75668504188,"standard_error":0.039147224631292284},"Median":{"confidence_interval":{"confidence_level":0.95,"lower_bound":267.66438532814163,"upper_bound":267.71808416090266},"point_estimate":267.6899593807164,"standard_error":0.014299102255814801},"MedianAbsDev":{"confidence_interval":{"confidence_level":0.95,"lower_bound":0.08978178160862293,"upper_bound":0.14179990530452416},"point_estimate":0.124203376607465,"standard_error":0.014005785393806322},"Slope":{"confidence_interval":{"confidence_level":0.95,"lower_bound":267.67393710766436,"upper_bound":267.7698733376157},"point_estimate":267.7173826153341,"standard_error":0.024627299819819665},"StdDev":{"confidence_interval":{"confidence_level":0.95,"lower_bound":0.15031696862483016,"upper_bound":0.6128479316003835},"point_estimate":0.3939993740505462,"standard_error":0.1297004318822792}}