{"Mean":{"confidence_interval":{"confidence_level":0.95,"lower_bound":809.0339127752542,"upper_bound":809.3947881243485},"point_estimate":809.1967530102473,"standard_error":0.09247044173386335},"Median":{"confidence_interval":{"confidence_level":0.95,"lower_bound":808.8711508658446,"upper_bound":809.1894805902159},"point_estimate":809.1085419978801,"standard_error":0.08706146335337767},"MedianAbsDev":{"confidence_interval":{"confidence_level":0.95,"lower_bound":0.2092527148308019,"upper_bound":0.587307806162146},"point_estimate":0.399183136543733,"standard_error":0.09443033439680762},"Slope":{"confidence_interval":{"confidence_level":0.95,"lower_bound":809.0137932840329,"upper_bound":809.5593433338903},"point_estimate":809.2430637798196,"standard_error":0.14193956626389104},"StdDev":{"confidence_interval":{"confidence_level":0.95,"lower_bound":0.4667680497081409,"upper_bound":1.304135764276302},"point_estimate":0.9284476817352773,"standard_error":0.21563070889393923}}