{"Mean":{"confidence_interval":{"confidence_level":0.95,"lower_bound":14348.241598332928,"upper_bound":14354.754297023428},"point_estimate":14351.187486389761,"standard_error":1.67161335690837},"Median":{"confidence_interval":{"confidence_level":0.95,"lower_bound":14346.134146341463,"upper_bound":14347.721554116559},"point_estimate":14346.892454417954,"standard_error":0.3743770860887936},"MedianAbsDev":{"confidence_interval":{"confidence_level":0.95,"lower_bound":2.5952104136541063,"upper_bound":4.033374360719199},"point_estimate":3.2717428486356885,"standard_error":0.34781545671250336},"Slope":{"confidence_interval":{"confidence_level":0.95,"lower_bound":14348.193988295081,"upper_bound":14359.002020251644},"point_estimate":14352.668896113491,"standard_error":2.828249928586327},"StdDev":{"confidence_interval":{"confidence_level":0.95,"lower_bound":9.289049929103044,"upper_bound":23.156575356343865},"point_estimate":16.789028607112808,"standard_error":3.5596982759411633}}