{"Mean":{"confidence_interval":{"confidence_level":0.95,"lower_bound":3448.24899443447,"upper_bound":3449.5317876917434},"point_estimate":3448.854891262505,"standard_error":0.32818253662605534},"Median":{"confidence_interval":{"confidence_level":0.95,"lower_bound":3447.4439605110338,"upper_bound":3448.404599303136},"point_estimate":3447.744911058133,"standard_error":0.2831475766447634},"MedianAbsDev":{"confidence_interval":{"confidence_level":0.95,"lower_bound":1.0813509076316243,"upper_bound":2.639751172646865},"point_estimate":1.8567505969401819,"standard_error":0.39401010456997565},"Slope":{"confidence_interval":{"confidence_level":0.95,"lower_bound":3447.1985021439036,"upper_bound":3448.422087774272},"point_estimate":3447.7596766641145,"standard_error":0.31438103770041},"StdDev":{"confidence_interval":{"confidence_level":0.95,"lower_bound":2.3491070134224277,"upper_bound":4.238465687499123},"point_estimate":3.302601357125099,"standard_error":0.48935083945044716}}