{"Mean":{"confidence_interval":{"confidence_level":0.95,"lower_bound":153.99552689809715,"upper_bound":154.0438516203728},"point_estimate":154.01735020000825,"standard_error":0.012439891225750574},"Median":{"confidence_interval":{"confidence_level":0.95,"lower_bound":153.97971389512742,"upper_bound":153.98590723859115},"point_estimate":153.98238979935408,"standard_error":0.0017820012568147512},"MedianAbsDev":{"confidence_interval":{"confidence_level":0.95,"lower_bound":0.00824636427126493,"upper_bound":0.017551255617487875},"point_estimate":0.012510267310550395,"standard_error":0.002484695019797983},"Slope":{"confidence_interval":{"confidence_level":0.95,"lower_bound":153.99179332428366,"upper_bound":154.0388203273653},"point_estimate":154.0126083089576,"standard_error":0.01213046004481312},"StdDev":{"confidence_interval":{"confidence_level":0.95,"lower_bound":0.06483288473253573,"upper_bound":0.1710583397672165},"point_estimate":0.124871928459365,"standard_error":0.027127038245747224}}