{"Mean":{"confidence_interval":{"confidence_level":0.95,"lower_bound":1790459.6748035108,"upper_bound":1791927.830359405},"point_estimate":1791080.1444747895,"standard_error":380.63714124554815},"Median":{"confidence_interval":{"confidence_level":0.95,"lower_bound":1790011.5121890549,"upper_bound":1790500.7551020407},"point_estimate":1790188.6724137932,"standard_error":133.67306150901743},"MedianAbsDev":{"confidence_interval":{"confidence_level":0.95,"lower_bound":696.48758284355,"upper_bound":1475.8157658100326},"point_estimate":1051.2463374849979,"standard_error":205.00479025188193},"Slope":{"confidence_interval":{"confidence_level":0.95,"lower_bound":1790049.8288275471,"upper_bound":1790706.1023361562},"point_estimate":1790354.0667001626,"standard_error":168.01271961756265},"StdDev":{"confidence_interval":{"confidence_level":0.95,"lower_bound":1438.354600856472,"upper_bound":6041.943868302316},"point_estimate":3837.8404543906777,"standard_error":1360.6698598911298}}