{"Mean":{"confidence_interval":{"confidence_level":0.95,"lower_bound":1289.250672713966,"upper_bound":1289.9805163477802},"point_estimate":1289.5582484735405,"standard_error":0.18864852606883714},"Median":{"confidence_interval":{"confidence_level":0.95,"lower_bound":1289.0393497242649,"upper_bound":1289.1609100877192},"point_estimate":1289.0728282536008,"standard_error":0.03378888760874403},"MedianAbsDev":{"confidence_interval":{"confidence_level":0.95,"lower_bound":0.1284390873987147,"upper_bound":0.27997733788576545},"point_estimate":0.18559194352746566,"standard_error":0.03979762908792878},"Slope":{"confidence_interval":{"confidence_level":0.95,"lower_bound":1289.241854928566,"upper_bound":1289.9146032675872},"point_estimate":1289.5311218043446,"standard_error":0.17277923280835844},"StdDev":{"confidence_interval":{"confidence_level":0.95,"lower_bound":0.6573208699346537,"upper_bound":2.964956351208634},"point_estimate":1.8962514015122034,"standard_error":0.6442476034286617}}