{"Mean":{"confidence_interval":{"confidence_level":0.95,"lower_bound":29301849.593492907,"upper_bound":29354036.71702789},"point_estimate":29326423.79755259,"standard_error":13273.49145665162},"Median":{"confidence_interval":{"confidence_level":0.95,"lower_bound":29284287.38,"upper_bound":29323112.483333334},"point_estimate":29305147.03991228,"standard_error":9456.01351429259},"MedianAbsDev":{"confidence_interval":{"confidence_level":0.95,"lower_bound":62353.795217820465,"upper_bound":104578.38669112312},"point_estimate":86749.98720920474,"standard_error":11126.293067300845},"Slope":{"confidence_interval":{"confidence_level":0.95,"lower_bound":29301651.374656044,"upper_bound":29343079.958437953},"point_estimate":29321886.254224915,"standard_error":10585.95420884737},"StdDev":{"confidence_interval":{"confidence_level":0.95,"lower_bound":91733.2240750176,"upper_bound":177526.69115197627},"point_estimate":133402.2910035962,"standard_error":22767.305188503266}}