{"Mean":{"confidence_interval":{"confidence_level":0.95,"lower_bound":601738.1527407988,"upper_bound":613958.8787855845},"point_estimate":606673.0560070995,"standard_error":3195.2500369707054},"Median":{"confidence_interval":{"confidence_level":0.95,"lower_bound":599966.6428571428,"upper_bound":600781.568627451},"point_estimate":600360.1907894737,"standard_error":207.0236381286339},"MedianAbsDev":{"confidence_interval":{"confidence_level":0.95,"lower_bound":1074.8811793785505,"upper_bound":1710.8784700606316},"point_estimate":1436.2347678420938,"standard_error":162.29656888575735},"Slope":{"confidence_interval":{"confidence_level":0.95,"lower_bound":600000.3197460434,"upper_bound":602703.8050092283},"point_estimate":600972.3620629526,"standard_error":727.3631289518487},"StdDev":{"confidence_interval":{"confidence_level":0.95,"lower_bound":6516.21323732361,"upper_bound":51991.21666012607},"point_estimate":32101.134867153625,"standard_error":12716.601368404714}}