{"Mean":{"confidence_interval":{"confidence_level":0.95,"lower_bound":153.08254390187392,"upper_bound":153.23910995067502},"point_estimate":153.1617913802131,"standard_error":0.03982404953396891},"Median":{"confidence_interval":{"confidence_level":0.95,"lower_bound":153.14404260690407,"upper_bound":153.31288520552891},"point_estimate":153.24080924442754,"standard_error":0.056705056038877474},"MedianAbsDev":{"confidence_interval":{"confidence_level":0.95,"lower_bound":0.15404556330776206,"upper_bound":0.317031950807406},"point_estimate":0.21776148084640018,"standard_error":0.04713692208928321},"Slope":{"confidence_interval":{"confidence_level":0.95,"lower_bound":153.11186445438,"upper_bound":153.2464544615794},"point_estimate":153.17617180572108,"standard_error":0.03429509813988222},"StdDev":{"confidence_interval":{"confidence_level":0.95,"lower_bound":0.2932517120839718,"upper_bound":0.4985407962724297},"point_estimate":0.4006506085329755,"standard_error":0.052511081532645894}}