{"Mean":{"confidence_interval":{"confidence_level":0.95,"lower_bound":50078.04537183533,"upper_bound":51664.87190666011},"point_estimate":50685.847682134154,"standard_error":425.7174450438563},"Median":{"confidence_interval":{"confidence_level":0.95,"lower_bound":49825.373170731706,"upper_bound":49902.55080551804},"point_estimate":49861.19202046035,"standard_error":21.815162027417042},"MedianAbsDev":{"confidence_interval":{"confidence_level":0.95,"lower_bound":96.4785165371668,"upper_bound":184.17488854732872},"point_estimate":119.78284605524617,"standard_error":21.528408816266705},"Slope":{"confidence_interval":{"confidence_level":0.95,"lower_bound":49923.88656388207,"upper_bound":50861.653116331116},"point_estimate":50307.4802958475,"standard_error":245.93920489784887},"StdDev":{"confidence_interval":{"confidence_level":0.95,"lower_bound":921.5725467596155,"upper_bound":7105.187606184953},"point_estimate":4284.889583321403,"standard_error":1991.012705075521}}