{"Mean":{"confidence_interval":{"confidence_level":0.95,"lower_bound":226.85218807299427,"upper_bound":226.87019334995395},"point_estimate":226.86100723283678,"standard_error":0.004586790366353673},"Median":{"confidence_interval":{"confidence_level":0.95,"lower_bound":226.8433270245469,"upper_bound":226.86852365717792},"point_estimate":226.8595771803038,"standard_error":0.006418286360866588},"MedianAbsDev":{"confidence_interval":{"confidence_level":0.95,"lower_bound":0.03227839330614212,"upper_bound":0.05011937434755656},"point_estimate":0.04130321334623959,"standard_error":0.0046382239612051835},"Slope":{"confidence_interval":{"confidence_level":0.95,"lower_bound":226.83887617073495,"upper_bound":226.85467249836876},"point_estimate":226.84638278627915,"standard_error":0.00404470321792092},"StdDev":{"confidence_interval":{"confidence_level":0.95,"lower_bound":0.03816170178363579,"upper_bound":0.05337917526453898},"point_estimate":0.04612040794734997,"standard_error":0.0038875605868911507}}