{"Mean":{"confidence_interval":{"confidence_level":0.95,"lower_bound":8663.702154983339,"upper_bound":8721.616745785548},"point_estimate":8687.494527211482,"standard_error":15.149652132002169},"Median":{"confidence_interval":{"confidence_level":0.95,"lower_bound":8653.227327019518,"upper_bound":8664.959126984128},"point_estimate":8659.124285030104,"standard_error":2.8337468221893904},"MedianAbsDev":{"confidence_interval":{"confidence_level":0.95,"lower_bound":15.117641572034335,"upper_bound":26.957510697851276},"point_estimate":22.152775603888664,"standard_error":3.0961566024453373},"Slope":{"confidence_interval":{"confidence_level":0.95,"lower_bound":8655.411366126704,"upper_bound":8672.881065164982},"point_estimate":8662.844780684625,"standard_error":4.494503891128953},"StdDev":{"confidence_interval":{"confidence_level":0.95,"lower_bound":41.02117369992954,"upper_bound":242.8629848691684},"point_estimate":151.95381272005207,"standard_error":57.545731740366236}}