{"Mean":{"confidence_interval":{"confidence_level":0.95,"lower_bound":3284516.482111902,"upper_bound":3301011.508157707},"point_estimate":3291943.018149751,"standard_error":4246.171625457118},"Median":{"confidence_interval":{"confidence_level":0.95,"lower_bound":3277932.865,"upper_bound":3281957.88},"point_estimate":3279451.3152173916,"standard_error":1066.8296439050212},"MedianAbsDev":{"confidence_interval":{"confidence_level":0.95,"lower_bound":5299.737207757191,"upper_bound":9531.028070790717},"point_estimate":6773.432960814685,"standard_error":989.265241207158},"Slope":{"confidence_interval":{"confidence_level":0.95,"lower_bound":3279815.5024027256,"upper_bound":3293786.6760101747},"point_estimate":3285900.7927235113,"standard_error":3603.419739767721},"StdDev":{"confidence_interval":{"confidence_level":0.95,"lower_bound":21327.503830149897,"upper_bound":59627.267228752455},"point_estimate":42763.53607560775,"standard_error":9783.78556652126}}