{"Mean":{"confidence_interval":{"confidence_level":0.95,"lower_bound":10457.901902441763,"upper_bound":10499.650094289973},"point_estimate":10475.459496929932,"standard_error":10.821123438772416},"Median":{"confidence_interval":{"confidence_level":0.95,"lower_bound":10445.037343358395,"upper_bound":10454.733938294012},"point_estimate":10450.951516943533,"standard_error":2.565302441369422},"MedianAbsDev":{"confidence_interval":{"confidence_level":0.95,"lower_bound":13.5818201147145,"upper_bound":24.605179464485474},"point_estimate":19.24359998330029,"standard_error":2.818578671184962},"Slope":{"confidence_interval":{"confidence_level":0.95,"lower_bound":10447.99665305413,"upper_bound":10528.47738257069},"point_estimate":10474.606570928578,"standard_error":23.30655641830192},"StdDev":{"confidence_interval":{"confidence_level":0.95,"lower_bound":35.77597243137516,"upper_bound":171.00505968380784},"point_estimate":108.77884122650939,"standard_error":37.62317755006943}}