{"Mean":{"confidence_interval":{"confidence_level":0.95,"lower_bound":28068.51218987257,"upper_bound":28348.365050551598},"point_estimate":28173.97957629084,"standard_error":75.92118739036351},"Median":{"confidence_interval":{"confidence_level":0.95,"lower_bound":28021.587962962964,"upper_bound":28043.933208489387},"point_estimate":28032.028796086335,"standard_error":4.691844427567263},"MedianAbsDev":{"confidence_interval":{"confidence_level":0.95,"lower_bound":43.45176702013741,"upper_bound":76.79727806977579},"point_estimate":58.312272079827935,"standard_error":7.949472044136049},"Slope":{"confidence_interval":{"confidence_level":0.95,"lower_bound":28024.26780409116,"upper_bound":28201.05503075896},"point_estimate":28089.363705154097,"standard_error":47.76019681049584},"StdDev":{"confidence_interval":{"confidence_level":0.95,"lower_bound":154.52250163546356,"upper_bound":1270.2050795856833},"point_estimate":761.7330596323935,"standard_error":366.2786713038802}}