{"Mean":{"confidence_interval":{"confidence_level":0.95,"lower_bound":14002099.468032222,"upper_bound":14027014.344110712},"point_estimate":14013227.121452104,"standard_error":6350.777899280733},"Median":{"confidence_interval":{"confidence_level":0.95,"lower_bound":13995575.505637772,"upper_bound":14014251.842062853},"point_estimate":14003134.204703834,"standard_error":5059.805847200618},"MedianAbsDev":{"confidence_interval":{"confidence_level":0.95,"lower_bound":25925.515712634002,"upper_bound":46395.491646315124},"point_estimate":34206.4400132559,"standard_error":5371.754905835526},"Slope":{"confidence_interval":{"confidence_level":0.95,"lower_bound":13993151.032995027,"upper_bound":14006935.63164995},"point_estimate":13999734.09479533,"standard_error":3509.7338457361616},"StdDev":{"confidence_interval":{"confidence_level":0.95,"lower_bound":33286.40424820914,"upper_bound":94575.40099541385},"point_estimate":63616.05373022725,"standard_error":17334.300736019413}}