{"Mean":{"confidence_interval":{"confidence_level":0.95,"lower_bound":5660.7550543507095,"upper_bound":5675.131858444075},"point_estimate":5667.900571858711,"standard_error":3.6551968569350155},"Median":{"confidence_interval":{"confidence_level":0.95,"lower_bound":5658.410594947735,"upper_bound":5670.894385560676},"point_estimate":5662.716278223649,"standard_error":3.5606175969301703},"MedianAbsDev":{"confidence_interval":{"confidence_level":0.95,"lower_bound":28.344995548317502,"upper_bound":45.571803082830655},"point_estimate":38.24229972193743,"standard_error":4.76642281155664},"Slope":{"confidence_interval":{"confidence_level":0.95,"lower_bound":5646.204423184883,"upper_bound":5658.228515978544},"point_estimate":5652.1604272330005,"standard_error":3.0639263790727673},"StdDev":{"confidence_interval":{"confidence_level":0.95,"lower_bound":31.794785469753332,"upper_bound":40.79899888687805},"point_estimate":36.58447247815968,"standard_error":2.3017318572403216}}