{"Mean":{"confidence_interval":{"confidence_level":0.95,"lower_bound":270.59621679131476,"upper_bound":270.7701312826522},"point_estimate":270.67556967772447,"standard_error":0.04447828808961617},"Median":{"confidence_interval":{"confidence_level":0.95,"lower_bound":270.54863204673944,"upper_bound":270.6100167240215},"point_estimate":270.5776079534219,"standard_error":0.014477969539481581},"MedianAbsDev":{"confidence_interval":{"confidence_level":0.95,"lower_bound":0.11078270416344296,"upper_bound":0.2032233653778484},"point_estimate":0.14420975351975437,"standard_error":0.023051869631959335},"Slope":{"confidence_interval":{"confidence_level":0.95,"lower_bound":270.59314087651137,"upper_bound":270.77689941698816},"point_estimate":270.6732522833165,"standard_error":0.04732381968069112},"StdDev":{"confidence_interval":{"confidence_level":0.95,"lower_bound":0.24580455215204255,"upper_bound":0.6085292350936552},"point_estimate":0.4465463336995256,"standard_error":0.09177341112665657}}