{"Mean":{"confidence_interval":{"confidence_level":0.95,"lower_bound":9078.047543700117,"upper_bound":9082.889257629584},"point_estimate":9080.271981190477,"standard_error":1.2415731074642569},"Median":{"confidence_interval":{"confidence_level":0.95,"lower_bound":9074.833333333334,"upper_bound":9079.941736111112},"point_estimate":9077.838246097337,"standard_error":1.5243965740916905},"MedianAbsDev":{"confidence_interval":{"confidence_level":0.95,"lower_bound":4.016688187430908,"upper_bound":9.06741382265486},"point_estimate":6.805904819172441,"standard_error":1.3995758119274675},"Slope":{"confidence_interval":{"confidence_level":0.95,"lower_bound":9078.908020810517,"upper_bound":9083.619008016372},"point_estimate":9080.971387052137,"standard_error":1.2096022904465678},"StdDev":{"confidence_interval":{"confidence_level":0.95,"lower_bound":7.009519567691277,"upper_bound":17.102243113607965},"point_estimate":12.454569541682016,"standard_error":2.5785173542764928}}