{"Mean":{"confidence_interval":{"confidence_level":0.95,"lower_bound":2299477.0734484545,"upper_bound":2310019.4514409187},"point_estimate":2304517.95893075,"standard_error":2695.9625811624364},"Median":{"confidence_interval":{"confidence_level":0.95,"lower_bound":2295963.2572591584,"upper_bound":2305101.6486486485},"point_estimate":2302491.4632878494,"standard_error":2424.221944414597},"MedianAbsDev":{"confidence_interval":{"confidence_level":0.95,"lower_bound":13444.013937959864,"upper_bound":24310.172730205915},"point_estimate":18577.837510743087,"standard_error":2752.2408225339987},"Slope":{"confidence_interval":{"confidence_level":0.95,"lower_bound":2296548.926766639,"upper_bound":2309410.857646831},"point_estimate":2302382.157221812,"standard_error":3280.221315810936},"StdDev":{"confidence_interval":{"confidence_level":0.95,"lower_bound":20434.022022374465,"upper_bound":32770.43498174542},"point_estimate":27002.27179443402,"standard_error":3157.6365317852474}}