{"Mean":{"confidence_interval":{"confidence_level":0.95,"lower_bound":41929.128187448936,"upper_bound":41932.03518993426},"point_estimate":41930.5758461156,"standard_error":0.7410247780229656},"Median":{"confidence_interval":{"confidence_level":0.95,"lower_bound":41928.620218579235,"upper_bound":41931.931818181816},"point_estimate":41929.80250533049,"standard_error":0.8061362186410848},"MedianAbsDev":{"confidence_interval":{"confidence_level":0.95,"lower_bound":4.391699330179395,"upper_bound":7.2036306387259685},"point_estimate":5.63007807738045,"standard_error":0.6964256634464686},"Slope":{"confidence_interval":{"confidence_level":0.95,"lower_bound":41928.56577995957,"upper_bound":41930.52544060753},"point_estimate":41929.542874242645,"standard_error":0.49831258712495347},"StdDev":{"confidence_interval":{"confidence_level":0.95,"lower_bound":5.918668199918615,"upper_bound":8.834636304391054},"point_estimate":7.436458600471169,"standard_error":0.7461199012392516}}