{"Mean":{"confidence_interval":{"confidence_level":0.95,"lower_bound":2871.0944749775085,"upper_bound":2872.1807857028966},"point_estimate":2871.5780458838026,"standard_error":0.2792226275290725},"Median":{"confidence_interval":{"confidence_level":0.95,"lower_bound":2870.881582125604,"upper_bound":2870.998512430777},"point_estimate":2870.9060552934675,"standard_error":0.03177904804378381},"MedianAbsDev":{"confidence_interval":{"confidence_level":0.95,"lower_bound":0.2482254273583521,"upper_bound":0.5583796333090899},"point_estimate":0.3924711910999135,"standard_error":0.07868326265522944},"Slope":{"confidence_interval":{"confidence_level":0.95,"lower_bound":2870.840848198812,"upper_bound":2872.873732903172},"point_estimate":2871.6838544085426,"standard_error":0.5334118403306083},"StdDev":{"confidence_interval":{"confidence_level":0.95,"lower_bound":1.3524541476823857,"upper_bound":4.0078546432254765},"point_estimate":2.7869854969286303,"standard_error":0.6891053873087922}}