{"Mean":{"confidence_interval":{"confidence_level":0.95,"lower_bound":413319.4010729593,"upper_bound":413660.09344428155},"point_estimate":413448.63718172914,"standard_error":92.80006579646013},"Median":{"confidence_interval":{"confidence_level":0.95,"lower_bound":413246.5141594517,"upper_bound":413370.77539099305},"point_estimate":413305.00393162394,"standard_error":30.617603426810714},"MedianAbsDev":{"confidence_interval":{"confidence_level":0.95,"lower_bound":132.48725923927338,"upper_bound":225.72617005816224},"point_estimate":155.7838312294987,"standard_error":24.345034709852513},"Slope":{"confidence_interval":{"confidence_level":0.95,"lower_bound":413306.52168268216,"upper_bound":413451.67360805674},"point_estimate":413375.48209349293,"standard_error":37.07859825620225},"StdDev":{"confidence_interval":{"confidence_level":0.95,"lower_bound":218.6636189039871,"upper_bound":1561.7952533625107},"point_estimate":935.2058493516239,"standard_error":454.6497774037955}}