{"Mean":{"confidence_interval":{"confidence_level":0.95,"lower_bound":25762.965181536994,"upper_bound":25836.361055354286},"point_estimate":25800.061543493986,"standard_error":18.681933904965522},"Median":{"confidence_interval":{"confidence_level":0.95,"lower_bound":25772.447421492365,"upper_bound":25853.950917799073},"point_estimate":25831.025234437177,"standard_error":23.589495777096218},"MedianAbsDev":{"confidence_interval":{"confidence_level":0.95,"lower_bound":151.96348775082814,"upper_bound":237.82228525745103},"point_estimate":198.58918678377967,"standard_error":21.507077757332507},"Slope":{"confidence_interval":{"confidence_level":0.95,"lower_bound":25829.008714701627,"upper_bound":25895.735736483315},"point_estimate":25862.417155047307,"standard_error":17.087616721370473},"StdDev":{"confidence_interval":{"confidence_level":0.95,"lower_bound":158.07467258097165,"upper_bound":215.47845849029895},"point_estimate":187.83618999453967,"standard_error":14.732814011118544}}