{"Mean":{"confidence_interval":{"confidence_level":0.95,"lower_bound":2781.789225423797,"upper_bound":2783.521401333693},"point_estimate":2782.5482463788426,"standard_error":0.44610831955298913},"Median":{"confidence_interval":{"confidence_level":0.95,"lower_bound":2781.368985459352,"upper_bound":2781.5040964419477},"point_estimate":2781.4434061336706,"standard_error":0.03742555123108267},"MedianAbsDev":{"confidence_interval":{"confidence_level":0.95,"lower_bound":0.16850383540857428,"upper_bound":0.288399011733963},"point_estimate":0.22836957451651993,"standard_error":0.03175911884688099},"Slope":{"confidence_interval":{"confidence_level":0.95,"lower_bound":2781.6344628721045,"upper_bound":2783.241344882754},"point_estimate":2782.2933773534155,"standard_error":0.41859728477805913},"StdDev":{"confidence_interval":{"confidence_level":0.95,"lower_bound":1.5494801948226624,"upper_bound":6.475903379514309},"point_estimate":4.470217167822373,"standard_error":1.204600827764797}}