{"Mean":{"confidence_interval":{"confidence_level":0.95,"lower_bound":6443.382334971765,"upper_bound":6447.0260768811},"point_estimate":6444.829767609336,"standard_error":0.9596086903464178},"Median":{"confidence_interval":{"confidence_level":0.95,"lower_bound":6442.612440898345,"upper_bound":6442.874213943951},"point_estimate":6442.714445993319,"standard_error":0.06623306509214198},"MedianAbsDev":{"confidence_interval":{"confidence_level":0.95,"lower_bound":0.3614045284874464,"upper_bound":0.7158310118222851},"point_estimate":0.5099236482498543,"standard_error":0.09908720566820145},"Slope":{"confidence_interval":{"confidence_level":0.95,"lower_bound":6443.287908594921,"upper_bound":6445.666897278411},"point_estimate":6444.389955974276,"standard_error":0.6120410393115602},"StdDev":{"confidence_interval":{"confidence_level":0.95,"lower_bound":2.815222061578974,"upper_bound":15.680413623919602},"point_estimate":9.629861163105776,"standard_error":4.064319590856852}}