{"Mean":{"confidence_interval":{"confidence_level":0.95,"lower_bound":1223042.087097643,"upper_bound":1252956.710131834},"point_estimate":1236915.7267721517,"standard_error":7657.366282645828},"Median":{"confidence_interval":{"confidence_level":0.95,"lower_bound":1207417.5,"upper_bound":1209682.3112373739},"point_estimate":1208218.7376565954,"standard_error":536.6128948494477},"MedianAbsDev":{"confidence_interval":{"confidence_level":0.95,"lower_bound":2746.625313475407,"upper_bound":5450.845611312493},"point_estimate":3689.7844555458146,"standard_error":675.7121193202639},"Slope":{"confidence_interval":{"confidence_level":0.95,"lower_bound":1209369.6580432756,"upper_bound":1219555.1712555022},"point_estimate":1213760.4371331462,"standard_error":2621.05031556284},"StdDev":{"confidence_interval":{"confidence_level":0.95,"lower_bound":49097.449234361025,"upper_bound":100577.12774040856},"point_estimate":77109.46769737931,"standard_error":13116.28853273533}}