{"Mean":{"confidence_interval":{"confidence_level":0.95,"lower_bound":62524.41511864904,"upper_bound":64129.13087726065},"point_estimate":63126.87686394663,"standard_error":437.93974682716765},"Median":{"confidence_interval":{"confidence_level":0.95,"lower_bound":62200.21240384615,"upper_bound":62319.61613175676},"point_estimate":62244.99472891566,"standard_error":28.75608626115404},"MedianAbsDev":{"confidence_interval":{"confidence_level":0.95,"lower_bound":120.95076845301092,"upper_bound":274.20475916598093},"point_estimate":186.51753498411114,"standard_error":37.84093407038009},"Slope":{"confidence_interval":{"confidence_level":0.95,"lower_bound":62320.31014818901,"upper_bound":63152.59094198993},"point_estimate":62665.86081165952,"standard_error":218.50004897210587},"StdDev":{"confidence_interval":{"confidence_level":0.95,"lower_bound":876.7707124011317,"upper_bound":7353.226885058267},"point_estimate":4397.954769470801,"standard_error":2147.5147945952453}}