{"Mean":{"confidence_interval":{"confidence_level":0.95,"lower_bound":62655.41390361893,"upper_bound":63522.36337799851},"point_estimate":63002.00721952962,"standard_error":227.8658245926321},"Median":{"confidence_interval":{"confidence_level":0.95,"lower_bound":62481.41464928865,"upper_bound":62563.35171568627},"point_estimate":62517.16646430306,"standard_error":20.952184161898643},"MedianAbsDev":{"confidence_interval":{"confidence_level":0.95,"lower_bound":110.48421928357202,"upper_bound":229.22760294897975},"point_estimate":153.04777166357465,"standard_error":30.96944885025831},"Slope":{"confidence_interval":{"confidence_level":0.95,"lower_bound":62586.116635575636,"upper_bound":63354.31932935657},"point_estimate":62926.75025214275,"standard_error":198.2834801547901},"StdDev":{"confidence_interval":{"confidence_level":0.95,"lower_bound":624.5135323401228,"upper_bound":3718.4170303548544},"point_estimate":2289.7840065538594,"standard_error":949.8292837771953}}