{"Mean":{"confidence_interval":{"confidence_level":0.95,"lower_bound":35578.33756488246,"upper_bound":35597.75003774989},"point_estimate":35587.133423494,"standard_error":4.9817336519907505},"Median":{"confidence_interval":{"confidence_level":0.95,"lower_bound":35570.05736856955,"upper_bound":35577.45977011494},"point_estimate":35573.50955513785,"standard_error":1.7197247570307346},"MedianAbsDev":{"confidence_interval":{"confidence_level":0.95,"lower_bound":11.373683811683446,"upper_bound":19.07258966139138},"point_estimate":15.666672898943434,"standard_error":1.9148624055293384},"Slope":{"confidence_interval":{"confidence_level":0.95,"lower_bound":35572.932658404425,"upper_bound":35598.59953399624},"point_estimate":35583.592154045895,"standard_error":6.726049612580918},"StdDev":{"confidence_interval":{"confidence_level":0.95,"lower_bound":25.93854703006284,"upper_bound":69.41613665063895},"point_estimate":50.05298264727795,"standard_error":11.027655849051897}}