{"Mean":{"confidence_interval":{"confidence_level":0.95,"lower_bound":2767297.346085559,"upper_bound":2780853.14063213},"point_estimate":2773213.099712542,"standard_error":3482.722139221247},"Median":{"confidence_interval":{"confidence_level":0.95,"lower_bound":2763001.84375,"upper_bound":2765277.1785714286},"point_estimate":2763698.289676617,"standard_error":544.6528881711322},"MedianAbsDev":{"confidence_interval":{"confidence_level":0.95,"lower_bound":3129.4854420655147,"upper_bound":5650.377797064291},"point_estimate":4372.559556345815,"standard_error":606.4074032934095},"Slope":{"confidence_interval":{"confidence_level":0.95,"lower_bound":2762659.8399605453,"upper_bound":2775913.9553398993},"point_estimate":2767704.3297147923,"standard_error":3565.6542532512894},"StdDev":{"confidence_interval":{"confidence_level":0.95,"lower_bound":16001.622603026804,"upper_bound":51625.576531389255},"point_estimate":34902.891923686635,"standard_error":9366.322037438073}}