{"Mean":{"confidence_interval":{"confidence_level":0.95,"lower_bound":2770088.5943212933,"upper_bound":2784011.3189033754},"point_estimate":2776270.9858367885,"standard_error":3581.3575188078894},"Median":{"confidence_interval":{"confidence_level":0.95,"lower_bound":2765304.200757576,"upper_bound":2767780.103896104},"point_estimate":2766727.609100446,"standard_error":682.5315612210786},"MedianAbsDev":{"confidence_interval":{"confidence_level":0.95,"lower_bound":3221.9143791630127,"upper_bound":5992.663274927494},"point_estimate":4566.018879075972,"standard_error":715.4138098946971},"Slope":{"confidence_interval":{"confidence_level":0.95,"lower_bound":2765774.8915872923,"upper_bound":2780490.0154560027},"point_estimate":2771646.767870548,"standard_error":3924.308915170039},"StdDev":{"confidence_interval":{"confidence_level":0.95,"lower_bound":15935.24720295086,"upper_bound":51224.92994059385},"point_estimate":35802.11541284528,"standard_error":8960.67321913338}}