{"Mean":{"confidence_interval":{"confidence_level":0.95,"lower_bound":45812.18981286408,"upper_bound":45827.074376932665},"point_estimate":45818.68205026904,"standard_error":3.847430999993129},"Median":{"confidence_interval":{"confidence_level":0.95,"lower_bound":45808.34848484849,"upper_bound":45809.372979797976},"point_estimate":45808.807192807195,"standard_error":0.26242243961257006},"MedianAbsDev":{"confidence_interval":{"confidence_level":0.95,"lower_bound":1.7489688541431245,"upper_bound":3.8024876418188285},"point_estimate":2.6684927556563394,"standard_error":0.5205295976712819},"Slope":{"confidence_interval":{"confidence_level":0.95,"lower_bound":45811.12811466289,"upper_bound":45824.741623977476},"point_estimate":45817.16129774172,"standard_error":3.5055301582585217},"StdDev":{"confidence_interval":{"confidence_level":0.95,"lower_bound":16.398402150968934,"upper_bound":58.55767863710608},"point_estimate":38.704247061324125,"standard_error":11.494152562469665}}