{"Mean":{"confidence_interval":{"confidence_level":0.95,"lower_bound":102492.75166011702,"upper_bound":102573.98411313754},"point_estimate":102524.46897804936,"standard_error":21.613744997608094},"Median":{"confidence_interval":{"confidence_level":0.95,"lower_bound":102478.4220338983,"upper_bound":102483.60588235295},"point_estimate":102480.69939102564,"standard_error":1.3764397546626082},"MedianAbsDev":{"confidence_interval":{"confidence_level":0.95,"lower_bound":8.494199626971723,"upper_bound":16.15403556065732},"point_estimate":11.722352328041804,"standard_error":1.9385783538091823},"Slope":{"confidence_interval":{"confidence_level":0.95,"lower_bound":102489.35035904296,"upper_bound":102545.03492363762},"point_estimate":102513.0199163588,"standard_error":14.43033551440347},"StdDev":{"confidence_interval":{"confidence_level":0.95,"lower_bound":50.94955489413444,"upper_bound":356.5926418009143},"point_estimate":216.75300403210505,"standard_error":95.48014359413101}}