{"Mean":{"confidence_interval":{"confidence_level":0.95,"lower_bound":3661501.0051900013,"upper_bound":3665295.3518694607},"point_estimate":3663326.50105137,"standard_error":968.9510224314921},"Median":{"confidence_interval":{"confidence_level":0.95,"lower_bound":3657393.123076923,"upper_bound":3665874.7333333334},"point_estimate":3660658.6083333334,"standard_error":2304.496179516439},"MedianAbsDev":{"confidence_interval":{"confidence_level":0.95,"lower_bound":4956.580112529484,"upper_bound":11717.174547403614},"point_estimate":9368.20658834774,"standard_error":1801.698086888582},"Slope":{"confidence_interval":{"confidence_level":0.95,"lower_bound":3660445.4043883127,"upper_bound":3663966.8357566213},"point_estimate":3662264.870914733,"standard_error":900.7911600113229},"StdDev":{"confidence_interval":{"confidence_level":0.95,"lower_bound":7568.996475642082,"upper_bound":12275.675271661117},"point_estimate":9729.469862471522,"standard_error":1281.6633982403473}}