{"Mean":{"confidence_interval":{"confidence_level":0.95,"lower_bound":2586.557620049976,"upper_bound":2587.9664640742067},"point_estimate":2587.1808667718597,"standard_error":0.36279125909518684},"Median":{"confidence_interval":{"confidence_level":0.95,"lower_bound":2586.4947606614446,"upper_bound":2586.8858355091384},"point_estimate":2586.6723486261344,"standard_error":0.09071429282578002},"MedianAbsDev":{"confidence_interval":{"confidence_level":0.95,"lower_bound":0.48582105555346,"upper_bound":1.0790722232492898},"point_estimate":0.6679102575467722,"standard_error":0.1528522514549657},"Slope":{"confidence_interval":{"confidence_level":0.95,"lower_bound":2586.654980326195,"upper_bound":2588.0676213827755},"point_estimate":2587.2733983341827,"standard_error":0.3619583041122971},"StdDev":{"confidence_interval":{"confidence_level":0.95,"lower_bound":1.7369332092413028,"upper_bound":5.414329503792974},"point_estimate":3.64900028278153,"standard_error":0.9842125968646853}}