{"Mean":{"confidence_interval":{"confidence_level":0.95,"lower_bound":4620.651316779246,"upper_bound":4634.028049348394},"point_estimate":4627.080548717438,"standard_error":3.4059777810928615},"Median":{"confidence_interval":{"confidence_level":0.95,"lower_bound":4617.4745923102855,"upper_bound":4633.9005303957565},"point_estimate":4625.8327282713535,"standard_error":4.140221103862007},"MedianAbsDev":{"confidence_interval":{"confidence_level":0.95,"lower_bound":23.909410641246133,"upper_bound":37.935726221170846},"point_estimate":29.865911994309556,"standard_error":3.606148284014853},"Slope":{"confidence_interval":{"confidence_level":0.95,"lower_bound":4620.409386904396,"upper_bound":4632.7132841794555},"point_estimate":4626.743474728591,"standard_error":3.1358584597748056},"StdDev":{"confidence_interval":{"confidence_level":0.95,"lower_bound":25.489881617427404,"upper_bound":44.38569385644703},"point_estimate":34.24634279493345,"standard_error":5.077043808181398}}