{"Mean":{"confidence_interval":{"confidence_level":0.95,"lower_bound":132975.00239674328,"upper_bound":133518.2979070167},"point_estimate":133235.688617641,"standard_error":138.77465024232453},"Median":{"confidence_interval":{"confidence_level":0.95,"lower_bound":132764.56919014087,"upper_bound":133212.96868699597},"point_estimate":133030.15708333335,"standard_error":116.90317039900167},"MedianAbsDev":{"confidence_interval":{"confidence_level":0.95,"lower_bound":722.5140692750825,"upper_bound":1324.1086109154573},"point_estimate":900.5353273970478,"standard_error":154.70928692269152},"Slope":{"confidence_interval":{"confidence_level":0.95,"lower_bound":133023.78333481785,"upper_bound":133429.52483608708},"point_estimate":133228.93444288458,"standard_error":103.59360027560314},"StdDev":{"confidence_interval":{"confidence_level":0.95,"lower_bound":1035.0786394164134,"upper_bound":1718.3448023755168},"point_estimate":1395.913105321954,"standard_error":175.04379268745956}}