{"Mean":{"confidence_interval":{"confidence_level":0.95,"lower_bound":33742.08353009134,"upper_bound":33762.976431806965},"point_estimate":33750.97382705503,"standard_error":5.427096723913195},"Median":{"confidence_interval":{"confidence_level":0.95,"lower_bound":33736.18357371795,"upper_bound":33740.185479797976},"point_estimate":33738.353920984715,"standard_error":1.0844039234340168},"MedianAbsDev":{"confidence_interval":{"confidence_level":0.95,"lower_bound":5.338484574361129,"upper_bound":8.8187473969523},"point_estimate":7.056722017573148,"standard_error":0.9269349779465712},"Slope":{"confidence_interval":{"confidence_level":0.95,"lower_bound":33738.33594532931,"upper_bound":33755.93094660488},"point_estimate":33745.79061642283,"standard_error":4.537259660751197},"StdDev":{"confidence_interval":{"confidence_level":0.95,"lower_bound":19.584393907242116,"upper_bound":85.44335798425286},"point_estimate":54.734581388445925,"standard_error":18.636252926653825}}