{"Mean":{"confidence_interval":{"confidence_level":0.95,"lower_bound":52458889.705760606,"upper_bound":52466206.21924654},"point_estimate":52462704.05694212,"standard_error":1843.1916490813862},"Median":{"confidence_interval":{"confidence_level":0.95,"lower_bound":52460776.74117647,"upper_bound":52462639.152777776},"point_estimate":52461744.55907738,"standard_error":473.737766634391},"MedianAbsDev":{"confidence_interval":{"confidence_level":0.95,"lower_bound":3359.4735565787546,"upper_bound":5816.241698569245},"point_estimate":4372.636753662915,"standard_error":603.0513718486924},"Slope":{"confidence_interval":{"confidence_level":0.95,"lower_bound":52459740.132969126,"upper_bound":52462241.52382904},"point_estimate":52461087.43062805,"standard_error":636.1768254885244},"StdDev":{"confidence_interval":{"confidence_level":0.95,"lower_bound":5349.920992007261,"upper_bound":29112.18084334491},"point_estimate":18627.14047963883,"standard_error":6385.875032709401}}