{"Mean":{"confidence_interval":{"confidence_level":0.95,"lower_bound":121089.09821799515,"upper_bound":121201.55415178432},"point_estimate":121140.0722450461,"standard_error":28.92471495905785},"Median":{"confidence_interval":{"confidence_level":0.95,"lower_bound":121041.42328042327,"upper_bound":121066.51851851853},"point_estimate":121048.5447368421,"standard_error":7.127889839442206},"MedianAbsDev":{"confidence_interval":{"confidence_level":0.95,"lower_bound":45.35780415266075,"upper_bound":79.69888616129093},"point_estimate":58.8410625879673,"standard_error":8.711689407301883},"Slope":{"confidence_interval":{"confidence_level":0.95,"lower_bound":121043.69446297215,"upper_bound":121100.27020686456},"point_estimate":121068.46636257655,"standard_error":14.504104314301562},"StdDev":{"confidence_interval":{"confidence_level":0.95,"lower_bound":149.23227816239194,"upper_bound":407.6755313258319},"point_estimate":290.03704206002226,"standard_error":66.10865715662122}}