{"Mean":{"confidence_interval":{"confidence_level":0.95,"lower_bound":3122.552504145753,"upper_bound":3124.6902860917685},"point_estimate":3123.398261317665,"standard_error":0.5668572088261318},"Median":{"confidence_interval":{"confidence_level":0.95,"lower_bound":3122.0418235473694,"upper_bound":3122.2076283338115},"point_estimate":3122.1152292785728,"standard_error":0.045836616384574716},"MedianAbsDev":{"confidence_interval":{"confidence_level":0.95,"lower_bound":0.18723817443787427,"upper_bound":0.36769312536012283},"point_estimate":0.26516028200757197,"standard_error":0.0468856574603699},"Slope":{"confidence_interval":{"confidence_level":0.95,"lower_bound":3122.4150197080103,"upper_bound":3124.248975595964},"point_estimate":3123.1631048244426,"standard_error":0.4827935493275387},"StdDev":{"confidence_interval":{"confidence_level":0.95,"lower_bound":1.4650373581234448,"upper_bound":9.34707931076879},"point_estimate":5.707624751314023,"standard_error":2.4625449999875197}}