{"Mean":{"confidence_interval":{"confidence_level":0.95,"lower_bound":1973.64328541967,"upper_bound":1974.7731159889038},"point_estimate":1974.1553444076517,"standard_error":0.2895178124215949},"Median":{"confidence_interval":{"confidence_level":0.95,"lower_bound":1973.4315066967902,"upper_bound":1973.9826992645615},"point_estimate":1973.9018686850536,"standard_error":0.1292883867868438},"MedianAbsDev":{"confidence_interval":{"confidence_level":0.95,"lower_bound":1.1092180978372832,"upper_bound":1.8795231136869728},"point_estimate":1.713589726963498,"standard_error":0.1946487426821309},"Slope":{"confidence_interval":{"confidence_level":0.95,"lower_bound":1973.2593772406594,"upper_bound":1974.229059111622},"point_estimate":1973.7173095058806,"standard_error":0.24754858530405283},"StdDev":{"confidence_interval":{"confidence_level":0.95,"lower_bound":1.5840997074697034,"upper_bound":4.161306554174617},"point_estimate":2.9047985292202085,"standard_error":0.6796080239333945}}