{"Mean":{"confidence_interval":{"confidence_level":0.95,"lower_bound":78257.83430191714,"upper_bound":78651.97658054283},"point_estimate":78422.02051823169,"standard_error":102.4345993438464},"Median":{"confidence_interval":{"confidence_level":0.95,"lower_bound":78078.98448822464,"upper_bound":78207.52432770481},"point_estimate":78132.44322344323,"standard_error":34.668994828975265},"MedianAbsDev":{"confidence_interval":{"confidence_level":0.95,"lower_bound":130.1173093372173,"upper_bound":293.7794184072024},"point_estimate":200.6363988108333,"standard_error":44.55082909002744},"Slope":{"confidence_interval":{"confidence_level":0.95,"lower_bound":78081.5785021094,"upper_bound":78170.97887280106},"point_estimate":78120.36224687682,"standard_error":23.141334900908756},"StdDev":{"confidence_interval":{"confidence_level":0.95,"lower_bound":352.2916000449586,"upper_bound":1628.4116885204164},"point_estimate":1028.4786707821142,"standard_error":371.6768237873906}}