{"Mean":{"confidence_interval":{"confidence_level":0.95,"lower_bound":10669.404325109923,"upper_bound":10793.759132960047},"point_estimate":10721.106061226988,"standard_error":32.52069749769693},"Median":{"confidence_interval":{"confidence_level":0.95,"lower_bound":10637.148570999227,"upper_bound":10648.759458383114},"point_estimate":10642.84965437788,"standard_error":3.083250444668862},"MedianAbsDev":{"confidence_interval":{"confidence_level":0.95,"lower_bound":15.211362413186592,"upper_bound":28.814605575695083},"point_estimate":21.71026295844772,"standard_error":3.668933042182918},"Slope":{"confidence_interval":{"confidence_level":0.95,"lower_bound":10640.89106339896,"upper_bound":10724.885482027585},"point_estimate":10674.18931611505,"standard_error":22.328804054333965},"StdDev":{"confidence_interval":{"confidence_level":0.95,"lower_bound":101.89174876775773,"upper_bound":520.1280104336092},"point_estimate":326.5679965653384,"standard_error":122.06587133649818}}