{"Mean":{"confidence_interval":{"confidence_level":0.95,"lower_bound":30441.14450271534,"upper_bound":30453.25022172266},"point_estimate":30446.794839361115,"standard_error":3.106188175559182},"Median":{"confidence_interval":{"confidence_level":0.95,"lower_bound":30435.836447640708,"upper_bound":30438.639960294953},"point_estimate":30437.659688013136,"standard_error":0.7195066899809379},"MedianAbsDev":{"confidence_interval":{"confidence_level":0.95,"lower_bound":4.987209114928641,"upper_bound":11.787275590214431},"point_estimate":6.940787347090403,"standard_error":1.7251879553786593},"Slope":{"confidence_interval":{"confidence_level":0.95,"lower_bound":30443.758907371845,"upper_bound":30461.327027882144},"point_estimate":30451.800339705613,"standard_error":4.505508831581172},"StdDev":{"confidence_interval":{"confidence_level":0.95,"lower_bound":20.255442492533366,"upper_bound":39.69508167573856},"point_estimate":31.11671849250816,"standard_error":4.956709136036116}}