{"Mean":{"confidence_interval":{"confidence_level":0.95,"lower_bound":285545.3000568829,"upper_bound":285946.2387686938},"point_estimate":285719.969148867,"standard_error":103.30255496177405},"Median":{"confidence_interval":{"confidence_level":0.95,"lower_bound":285383.9570519618,"upper_bound":285532.6379310345},"point_estimate":285432.6508333333,"standard_error":38.51768519919674},"MedianAbsDev":{"confidence_interval":{"confidence_level":0.95,"lower_bound":193.83523822537384,"upper_bound":374.1500921810855},"point_estimate":291.80439757685593,"standard_error":44.56504968235022},"Slope":{"confidence_interval":{"confidence_level":0.95,"lower_bound":285358.1282230271,"upper_bound":285549.8619804442},"point_estimate":285448.79696024826,"standard_error":49.20233088059815},"StdDev":{"confidence_interval":{"confidence_level":0.95,"lower_bound":481.7925204458479,"upper_bound":1568.1080392097217},"point_estimate":1036.1793622967793,"standard_error":309.48576087817213}}