{"Mean":{"confidence_interval":{"confidence_level":0.95,"lower_bound":1716706.13200383,"upper_bound":1719257.006449259},"point_estimate":1717893.5657531822,"standard_error":648.11533589027},"Median":{"confidence_interval":{"confidence_level":0.95,"lower_bound":1715883.7800310282,"upper_bound":1717033.9771393265},"point_estimate":1716211.25,"standard_error":304.04837951814915},"MedianAbsDev":{"confidence_interval":{"confidence_level":0.95,"lower_bound":1770.8700759457477,"upper_bound":2988.8390370245975},"point_estimate":2347.717649986327,"standard_error":309.0923664470398},"Slope":{"confidence_interval":{"confidence_level":0.95,"lower_bound":1716041.929514347,"upper_bound":1717579.374327615},"point_estimate":1716780.1090734447,"standard_error":396.06076892060156},"StdDev":{"confidence_interval":{"confidence_level":0.95,"lower_bound":3745.9697565198426,"upper_bound":8955.621143133536},"point_estimate":6582.957428819101,"standard_error":1347.1437695966472}}