{"Mean":{"confidence_interval":{"confidence_level":0.95,"lower_bound":445292.046841737,"upper_bound":445823.3824223288},"point_estimate":445530.7812639764,"standard_error":136.50272824992263},"Median":{"confidence_interval":{"confidence_level":0.95,"lower_bound":445147.21693121694,"upper_bound":445394.1151515152},"point_estimate":445270.4478935698,"standard_error":59.982490547407366},"MedianAbsDev":{"confidence_interval":{"confidence_level":0.95,"lower_bound":398.5616154972547,"upper_bound":648.8616551348392},"point_estimate":520.8346210124996,"standard_error":62.61288297169496},"Slope":{"confidence_interval":{"confidence_level":0.95,"lower_bound":445086.9844027205,"upper_bound":445300.3876773797},"point_estimate":445188.597849367,"standard_error":54.52093430980284},"StdDev":{"confidence_interval":{"confidence_level":0.95,"lower_bound":721.4698968499524,"upper_bound":1996.315543893051},"point_estimate":1376.2712439385386,"standard_error":342.77977204474996}}