{"Mean":{"confidence_interval":{"confidence_level":0.95,"lower_bound":9972.424330815265,"upper_bound":9976.513310349492},"point_estimate":9974.264293426986,"standard_error":1.0468756849817094},"Median":{"confidence_interval":{"confidence_level":0.95,"lower_bound":9971.66830952381,"upper_bound":9972.966666666667},"point_estimate":9972.384104199893,"standard_error":0.3400765953943076},"MedianAbsDev":{"confidence_interval":{"confidence_level":0.95,"lower_bound":2.8232983371240894,"upper_bound":5.0068938942673435},"point_estimate":4.1853094300065,"standard_error":0.541438757362543},"Slope":{"confidence_interval":{"confidence_level":0.95,"lower_bound":9971.275542667141,"upper_bound":9974.418892638441},"point_estimate":9972.732167991724,"standard_error":0.8053081251965516},"StdDev":{"confidence_interval":{"confidence_level":0.95,"lower_bound":5.747821328646923,"upper_bound":14.876942734425027},"point_estimate":10.529671224497578,"standard_error":2.379345069027973}}