{"Mean":{"confidence_interval":{"confidence_level":0.95,"lower_bound":401.321085801583,"upper_bound":401.6342162983304},"point_estimate":401.47020533363786,"standard_error":0.07983108045602053},"Median":{"confidence_interval":{"confidence_level":0.95,"lower_bound":401.29573977546113,"upper_bound":401.3858539867473},"point_estimate":401.3384786531153,"standard_error":0.024564113765699416},"MedianAbsDev":{"confidence_interval":{"confidence_level":0.95,"lower_bound":0.2715187003555699,"upper_bound":0.9339700770279954},"point_estimate":0.41479330148039295,"standard_error":0.1865234783658298},"Slope":{"confidence_interval":{"confidence_level":0.95,"lower_bound":401.29567283510704,"upper_bound":401.7160784232108},"point_estimate":401.49014636101964,"standard_error":0.10743932556595938},"StdDev":{"confidence_interval":{"confidence_level":0.95,"lower_bound":0.5629182577627736,"upper_bound":1.044166206352687},"point_estimate":0.8031939961737549,"standard_error":0.12655008487208663}}