{"Mean":{"confidence_interval":{"confidence_level":0.95,"lower_bound":600953.2289451835,"upper_bound":601936.993950756},"point_estimate":601402.3916691523,"standard_error":252.09566847926203},"Median":{"confidence_interval":{"confidence_level":0.95,"lower_bound":600483.0638297872,"upper_bound":601039.075},"point_estimate":600839.0267094017,"standard_error":135.11064136207457},"MedianAbsDev":{"confidence_interval":{"confidence_level":0.95,"lower_bound":632.5243408195229,"upper_bound":1072.1449165211643},"point_estimate":890.3886792950436,"standard_error":115.99069020983856},"Slope":{"confidence_interval":{"confidence_level":0.95,"lower_bound":600519.3326567227,"upper_bound":600982.8722831663},"point_estimate":600733.2562701345,"standard_error":118.69057735795491},"StdDev":{"confidence_interval":{"confidence_level":0.95,"lower_bound":1311.5946029513902,"upper_bound":3505.719010671979},"point_estimate":2503.7876979451576,"standard_error":559.930343278248}}