{"Mean":{"confidence_interval":{"confidence_level":0.95,"lower_bound":825.0366666499802,"upper_bound":825.916347841057},"point_estimate":825.4410527710922,"standard_error":0.22478657202472127},"Median":{"confidence_interval":{"confidence_level":0.95,"lower_bound":824.3897905591494,"upper_bound":824.5169699853296},"point_estimate":824.4373162139825,"standard_error":0.03188384616363076},"MedianAbsDev":{"confidence_interval":{"confidence_level":0.95,"lower_bound":0.1817936239670776,"upper_bound":0.39289986812866673},"point_estimate":0.258724468646093,"standard_error":0.05368509350369551},"Slope":{"confidence_interval":{"confidence_level":0.95,"lower_bound":825.2085803448515,"upper_bound":825.9927607121899},"point_estimate":825.5938241923661,"standard_error":0.20017780254003104},"StdDev":{"confidence_interval":{"confidence_level":0.95,"lower_bound":1.4578845842394197,"upper_bound":3.0744592535809963},"point_estimate":2.2635912676649648,"standard_error":0.42635466427587515}}