{"Mean":{"confidence_interval":{"confidence_level":0.95,"lower_bound":823.3698303593198,"upper_bound":823.539163393807},"point_estimate":823.4335141649989,"standard_error":0.046413451537982264},"Median":{"confidence_interval":{"confidence_level":0.95,"lower_bound":823.3535575627922,"upper_bound":823.3869192371689},"point_estimate":823.3684712663238,"standard_error":0.008493616570651936},"MedianAbsDev":{"confidence_interval":{"confidence_level":0.95,"lower_bound":0.0545205485843337,"upper_bound":0.09648550966498842},"point_estimate":0.07315910186249644,"standard_error":0.010981889577828936},"Slope":{"confidence_interval":{"confidence_level":0.95,"lower_bound":823.3449851167616,"upper_bound":823.369415870565},"point_estimate":823.3565868619047,"standard_error":0.0062526889390072315},"StdDev":{"confidence_interval":{"confidence_level":0.95,"lower_bound":0.10131415858603887,"upper_bound":0.7831507787507443},"point_estimate":0.4660578806815101,"standard_error":0.23175830437933373}}