{"Mean":{"confidence_interval":{"confidence_level":0.95,"lower_bound":277884.2748727423,"upper_bound":278021.0631032491},"point_estimate":277945.552628983,"standard_error":35.071181644324014},"Median":{"confidence_interval":{"confidence_level":0.95,"lower_bound":277838.3525,"upper_bound":277870.3689236111},"point_estimate":277856.3729409458,"standard_error":7.472248457830157},"MedianAbsDev":{"confidence_interval":{"confidence_level":0.95,"lower_bound":46.826666670175946,"upper_bound":84.94120456173206},"point_estimate":64.08703380355561,"standard_error":9.219310677922318},"Slope":{"confidence_interval":{"confidence_level":0.95,"lower_bound":277869.8563424768,"upper_bound":278015.633890319},"point_estimate":277931.35799541895,"standard_error":37.60669653002162},"StdDev":{"confidence_interval":{"confidence_level":0.95,"lower_bound":159.22338289780896,"upper_bound":507.9911822391314},"point_estimate":353.61142449073014,"standard_error":89.84531720582251}}