{"Mean":{"confidence_interval":{"confidence_level":0.95,"lower_bound":1203339.3883511978,"upper_bound":1224168.6280591374},"point_estimate":1211908.332730011,"standard_error":5451.778339767087},"Median":{"confidence_interval":{"confidence_level":0.95,"lower_bound":1197964.195180723,"upper_bound":1199371.385263158},"point_estimate":1198582.7692307692,"standard_error":326.40869504238344},"MedianAbsDev":{"confidence_interval":{"confidence_level":0.95,"lower_bound":2455.4624857070858,"upper_bound":4544.746562850881},"point_estimate":3233.7782183319378,"standard_error":522.0727348624469},"Slope":{"confidence_interval":{"confidence_level":0.95,"lower_bound":1198750.7938227819,"upper_bound":1210991.9031072815},"point_estimate":1203712.0459612827,"standard_error":3161.140396327579},"StdDev":{"confidence_interval":{"confidence_level":0.95,"lower_bound":15867.077353876555,"upper_bound":87742.1713988683},"point_estimate":54795.29151496127,"standard_error":20980.24434082175}}