{"Mean":{"confidence_interval":{"confidence_level":0.95,"lower_bound":1212156.5166748685,"upper_bound":1240513.9275373688},"point_estimate":1225160.2572523116,"standard_error":7276.81926201389},"Median":{"confidence_interval":{"confidence_level":0.95,"lower_bound":1198207.6393442622,"upper_bound":1200311.5975609757},"point_estimate":1198904.1732336958,"standard_error":464.87631421951005},"MedianAbsDev":{"confidence_interval":{"confidence_level":0.95,"lower_bound":2189.208975838346,"upper_bound":4919.652649009525},"point_estimate":3097.1869259342275,"standard_error":652.1471979988792},"Slope":{"confidence_interval":{"confidence_level":0.95,"lower_bound":1200274.8095253138,"upper_bound":1214106.355458249},"point_estimate":1206180.2688724694,"standard_error":3579.2021340174515},"StdDev":{"confidence_interval":{"confidence_level":0.95,"lower_bound":42242.721829756214,"upper_bound":97878.27967129808},"point_estimate":73255.3841352917,"standard_error":14194.44186342843}}