{"Mean":{"confidence_interval":{"confidence_level":0.95,"lower_bound":1200321.3787316808,"upper_bound":1207635.6336655589},"point_estimate":1203617.2399512865,"standard_error":1882.5482376765597},"Median":{"confidence_interval":{"confidence_level":0.95,"lower_bound":1197728.0084396098,"upper_bound":1199198.388888889},"point_estimate":1198533.8557471265,"standard_error":337.4883243210772},"MedianAbsDev":{"confidence_interval":{"confidence_level":0.95,"lower_bound":2079.4857396519683,"upper_bound":3572.3965862831915},"point_estimate":2672.8739167122408,"standard_error":388.29255664330293},"Slope":{"confidence_interval":{"confidence_level":0.95,"lower_bound":1197836.2213564818,"upper_bound":1204712.8185402993},"point_estimate":1200171.4801832421,"standard_error":1948.403088397011},"StdDev":{"confidence_interval":{"confidence_level":0.95,"lower_bound":9441.36983415253,"upper_bound":26015.585557917624},"point_estimate":18865.45938139396,"standard_error":4222.349411932529}}