{"Mean":{"confidence_interval":{"confidence_level":0.95,"lower_bound":34939.661006329305,"upper_bound":34962.05340551931},"point_estimate":34948.36876487703,"standard_error":5.962976705268486},"Median":{"confidence_interval":{"confidence_level":0.95,"lower_bound":34935.126130268196,"upper_bound":34938.681185722926},"point_estimate":34937.24468880111,"standard_error":1.0091546311319048},"MedianAbsDev":{"confidence_interval":{"confidence_level":0.95,"lower_bound":5.118507286344885,"upper_bound":8.811342969176453},"point_estimate":7.248075415565455,"standard_error":0.9936716549742693},"Slope":{"confidence_interval":{"confidence_level":0.95,"lower_bound":34935.38872775871,"upper_bound":34945.38260322227},"point_estimate":34939.780577956924,"standard_error":2.566633305657858},"StdDev":{"confidence_interval":{"confidence_level":0.95,"lower_bound":15.03175853959627,"upper_bound":98.14342223481651},"point_estimate":59.65829916816959,"standard_error":26.58932108949292}}