{"Mean":{"confidence_interval":{"confidence_level":0.95,"lower_bound":71721.32972664478,"upper_bound":71751.86495698184},"point_estimate":71734.9618858046,"standard_error":7.849070059317959},"Median":{"confidence_interval":{"confidence_level":0.95,"lower_bound":71715.54081632654,"upper_bound":71724.21927749645},"point_estimate":71718.6009469254,"standard_error":1.947297209118474},"MedianAbsDev":{"confidence_interval":{"confidence_level":0.95,"lower_bound":14.704827304370921,"upper_bound":24.979269967508817},"point_estimate":20.24396460045913,"standard_error":2.5147418437605578},"Slope":{"confidence_interval":{"confidence_level":0.95,"lower_bound":71715.81326384815,"upper_bound":71738.84876144181},"point_estimate":71726.17163672444,"standard_error":5.915995589406108},"StdDev":{"confidence_interval":{"confidence_level":0.95,"lower_bound":39.778020153527684,"upper_bound":114.48618885263421},"point_estimate":78.9546655847811,"standard_error":19.72189964560138}}