{"Mean":{"confidence_interval":{"confidence_level":0.95,"lower_bound":622833.162271179,"upper_bound":626308.5639627485},"point_estimate":624353.1980167717,"standard_error":893.429715984141},"Median":{"confidence_interval":{"confidence_level":0.95,"lower_bound":621916.4464285715,"upper_bound":622446.1385857704},"point_estimate":622194.21875,"standard_error":130.26272459560164},"MedianAbsDev":{"confidence_interval":{"confidence_level":0.95,"lower_bound":834.6313177452818,"upper_bound":1475.225726284228},"point_estimate":1177.3537387183387,"standard_error":152.04131209225335},"Slope":{"confidence_interval":{"confidence_level":0.95,"lower_bound":621922.4014785645,"upper_bound":627878.6924032364},"point_estimate":623934.3281395005,"standard_error":1720.7531315352126},"StdDev":{"confidence_interval":{"confidence_level":0.95,"lower_bound":3039.8343217695106,"upper_bound":13429.357122104122},"point_estimate":9028.27003682112,"standard_error":2600.8331852725123}}