{"Mean":{"confidence_interval":{"confidence_level":0.95,"lower_bound":14324715.707102485,"upper_bound":14441571.524039794},"point_estimate":14376141.117467096,"standard_error":30094.97455119517},"Median":{"confidence_interval":{"confidence_level":0.95,"lower_bound":14270787.878181819,"upper_bound":14306345.256410256},"point_estimate":14283761.458333334,"standard_error":8923.214069478263},"MedianAbsDev":{"confidence_interval":{"confidence_level":0.95,"lower_bound":19317.260271713778,"upper_bound":65126.41846939085},"point_estimate":36619.587597539954,"standard_error":11198.37628084662},"Slope":{"confidence_interval":{"confidence_level":0.95,"lower_bound":14302697.738736188,"upper_bound":14338924.000983644},"point_estimate":14319750.287412442,"standard_error":9228.812311564761},"StdDev":{"confidence_interval":{"confidence_level":0.95,"lower_bound":121206.07085939021,"upper_bound":439921.8695295687},"point_estimate":302857.8021008812,"standard_error":81076.23365267656}}