{"Mean":{"confidence_interval":{"confidence_level":0.95,"lower_bound":14322897.887211878,"upper_bound":14354416.208610069},"point_estimate":14337380.347941771,"standard_error":8060.943595853647},"Median":{"confidence_interval":{"confidence_level":0.95,"lower_bound":14304041.067415731,"upper_bound":14311191.695305772},"point_estimate":14307066.860319972,"standard_error":1861.4553082742516},"MedianAbsDev":{"confidence_interval":{"confidence_level":0.95,"lower_bound":9348.71268454349,"upper_bound":17737.814697994076},"point_estimate":11328.227667708052,"standard_error":2320.3012458093863},"Slope":{"confidence_interval":{"confidence_level":0.95,"lower_bound":14318000.508812485,"upper_bound":14343070.034883251},"point_estimate":14329920.316527264,"standard_error":6411.466227270496},"StdDev":{"confidence_interval":{"confidence_level":0.95,"lower_bound":49510.9560183528,"upper_bound":107763.30383525393},"point_estimate":81003.33025687077,"standard_error":14871.989633917607}}