{"Mean":{"confidence_interval":{"confidence_level":0.95,"lower_bound":356965.1512971047,"upper_bound":357185.3238492212},"point_estimate":357061.35629237443,"standard_error":56.9739625552399},"Median":{"confidence_interval":{"confidence_level":0.95,"lower_bound":356896.1811594203,"upper_bound":356946.34285714285},"point_estimate":356919.4123659178,"standard_error":13.795498591400412},"MedianAbsDev":{"confidence_interval":{"confidence_level":0.95,"lower_bound":81.78754608644202,"upper_bound":131.10304902165416},"point_estimate":105.44428265506411,"standard_error":12.939009098992813},"Slope":{"confidence_interval":{"confidence_level":0.95,"lower_bound":356904.12119365623,"upper_bound":357017.44483442314},"point_estimate":356956.56194670213,"standard_error":29.23166281474182},"StdDev":{"confidence_interval":{"confidence_level":0.95,"lower_bound":259.1136389836832,"upper_bound":858.6188258524173},"point_estimate":569.3437766268133,"standard_error":168.4442357926911}}