{"Mean":{"confidence_interval":{"confidence_level":0.95,"lower_bound":97647.02296707573,"upper_bound":100523.4567384238},"point_estimate":98789.19626571664,"standard_error":758.3453861176004},"Median":{"confidence_interval":{"confidence_level":0.95,"lower_bound":97126.84877040918,"upper_bound":97228.89177489177},"point_estimate":97183.96121541501,"standard_error":24.569349871022453},"MedianAbsDev":{"confidence_interval":{"confidence_level":0.95,"lower_bound":150.9323531881785,"upper_bound":324.7153596655734},"point_estimate":224.24638795459748,"standard_error":42.84112393242246},"Slope":{"confidence_interval":{"confidence_level":0.95,"lower_bound":97255.57861874484,"upper_bound":98103.7024112642},"point_estimate":97615.84018727246,"standard_error":219.287799094018},"StdDev":{"confidence_interval":{"confidence_level":0.95,"lower_bound":1526.6600014292378,"upper_bound":12557.315489961109},"point_estimate":7674.050204020528,"standard_error":3288.1585266134216}}