{"Mean":{"confidence_interval":{"confidence_level":0.95,"lower_bound":93324.99897415334,"upper_bound":95898.35869882545},"point_estimate":94344.82183323933,"standard_error":678.659576493945},"Median":{"confidence_interval":{"confidence_level":0.95,"lower_bound":93106.5041322314,"upper_bound":93180.88452088452},"point_estimate":93142.74182383274,"standard_error":17.407389919714884},"MedianAbsDev":{"confidence_interval":{"confidence_level":0.95,"lower_bound":147.71223923235513,"upper_bound":265.03565129586644},"point_estimate":200.52427299358217,"standard_error":28.786971672235623},"Slope":{"confidence_interval":{"confidence_level":0.95,"lower_bound":93110.94647510075,"upper_bound":93688.3873003641},"point_estimate":93322.55289976759,"standard_error":154.71014443655076},"StdDev":{"confidence_interval":{"confidence_level":0.95,"lower_bound":1012.0571700304685,"upper_bound":11144.59783536733},"point_estimate":6811.046956473995,"standard_error":2904.2796550887106}}