{"Mean":{"confidence_interval":{"confidence_level":0.95,"lower_bound":12386800.333721241,"upper_bound":12479675.695790747},"point_estimate":12419987.898044959,"standard_error":27320.502028432486},"Median":{"confidence_interval":{"confidence_level":0.95,"lower_bound":12381370.596491229,"upper_bound":12383440.05882353},"point_estimate":12382031.367857143,"standard_error":523.941616548324},"MedianAbsDev":{"confidence_interval":{"confidence_level":0.95,"lower_bound":3109.7676732936957,"upper_bound":5907.691648565756},"point_estimate":4012.311006997718,"standard_error":726.0376000229854},"Slope":{"confidence_interval":{"confidence_level":0.95,"lower_bound":12381926.25862795,"upper_bound":12399295.77678512},"point_estimate":12388621.603354514,"standard_error":4664.75562052163},"StdDev":{"confidence_interval":{"confidence_level":0.95,"lower_bound":25006.842165563736,"upper_bound":469456.17265433964},"point_estimate":275880.04602037807,"standard_error":153618.779303246}}