{"Mean":{"confidence_interval":{"confidence_level":0.95,"lower_bound":9266493.164993837,"upper_bound":9359672.05483482},"point_estimate":9309073.240979861,"standard_error":23889.101063918006},"Median":{"confidence_interval":{"confidence_level":0.95,"lower_bound":9210359.979375001,"upper_bound":9243143.380434783},"point_estimate":9219044.896551725,"standard_error":8135.389915599386},"MedianAbsDev":{"confidence_interval":{"confidence_level":0.95,"lower_bound":18679.157262316792,"upper_bound":63270.250893472476},"point_estimate":31991.076864680814,"standard_error":10822.534438512319},"Slope":{"confidence_interval":{"confidence_level":0.95,"lower_bound":9232877.817934575,"upper_bound":9266436.534542492},"point_estimate":9248514.976938082,"standard_error":8613.287880524069},"StdDev":{"confidence_interval":{"confidence_level":0.95,"lower_bound":143292.34532832922,"upper_bound":314549.99289951083},"point_estimate":239250.71912307828,"standard_error":43623.24712506118}}