{"Mean":{"confidence_interval":{"confidence_level":0.95,"lower_bound":319002.5527051061,"upper_bound":320483.3772224937},"point_estimate":319652.91653654655,"standard_error":381.3792100901598},"Median":{"confidence_interval":{"confidence_level":0.95,"lower_bound":318190.2083333333,"upper_bound":318781.92706766917},"point_estimate":318432.72314967104,"standard_error":148.09548717241367},"MedianAbsDev":{"confidence_interval":{"confidence_level":0.95,"lower_bound":671.4864460049071,"upper_bound":1342.5171561392563},"point_estimate":980.8929771508897,"standard_error":184.09877611617134},"Slope":{"confidence_interval":{"confidence_level":0.95,"lower_bound":318100.94852232357,"upper_bound":318585.3393478375},"point_estimate":318323.3832857987,"standard_error":124.64363774041334},"StdDev":{"confidence_interval":{"confidence_level":0.95,"lower_bound":1981.7727955703897,"upper_bound":5566.9676181937575},"point_estimate":3790.361201779505,"standard_error":1005.9295507814782}}