{"Mean":{"confidence_interval":{"confidence_level":0.95,"lower_bound":6991.392381144684,"upper_bound":6993.583790596248},"point_estimate":6992.403626651675,"standard_error":0.5609675134715946},"Median":{"confidence_interval":{"confidence_level":0.95,"lower_bound":6989.542940570251,"upper_bound":6992.319801159901},"point_estimate":6991.99579053267,"standard_error":0.7231162613422242},"MedianAbsDev":{"confidence_interval":{"confidence_level":0.95,"lower_bound":2.035282081959448,"upper_bound":4.716981229545434},"point_estimate":4.050444915489066,"standard_error":0.7269453168113066},"Slope":{"confidence_interval":{"confidence_level":0.95,"lower_bound":6989.89214593638,"upper_bound":6992.775261645099},"point_estimate":6991.216533800111,"standard_error":0.7384266857859569},"StdDev":{"confidence_interval":{"confidence_level":0.95,"lower_bound":3.6536606661220916,"upper_bound":7.637361964746951},"point_estimate":5.6398536868709535,"standard_error":1.0544931882192017}}