{"Mean":{"confidence_interval":{"confidence_level":0.95,"lower_bound":4163.541747280913,"upper_bound":4163.887685981818},"point_estimate":4163.698861750592,"standard_error":0.08835227658905123},"Median":{"confidence_interval":{"confidence_level":0.95,"lower_bound":4163.51987425405,"upper_bound":4163.63672103673},"point_estimate":4163.590506590684,"standard_error":0.029789586559898832},"MedianAbsDev":{"confidence_interval":{"confidence_level":0.95,"lower_bound":0.21414256911009047,"upper_bound":0.3612834333851865},"point_estimate":0.2750246160057384,"standard_error":0.03730537599163669},"Slope":{"confidence_interval":{"confidence_level":0.95,"lower_bound":4163.530729309958,"upper_bound":4163.719385196755},"point_estimate":4163.617974575082,"standard_error":0.04845825343838131},"StdDev":{"confidence_interval":{"confidence_level":0.95,"lower_bound":0.42706688607644183,"upper_bound":1.3409040944100736},"point_estimate":0.8867294897987033,"standard_error":0.25145228058956903}}