{"Mean":{"confidence_interval":{"confidence_level":0.95,"lower_bound":566.0292863190783,"upper_bound":566.4899594382589},"point_estimate":566.2213679460162,"standard_error":0.12025210763591984},"Median":{"confidence_interval":{"confidence_level":0.95,"lower_bound":565.9425092031474,"upper_bound":565.9949376216584},"point_estimate":565.9768310725758,"standard_error":0.01494305212772931},"MedianAbsDev":{"confidence_interval":{"confidence_level":0.95,"lower_bound":0.07226194993827283,"upper_bound":0.11618179360266118},"point_estimate":0.09872044400498373,"standard_error":0.011723053885452205},"Slope":{"confidence_interval":{"confidence_level":0.95,"lower_bound":565.9794808421606,"upper_bound":566.1448707263947},"point_estimate":566.0543904988973,"standard_error":0.042505665518412845},"StdDev":{"confidence_interval":{"confidence_level":0.95,"lower_bound":0.30023612921726917,"upper_bound":1.9126960611959636},"point_estimate":1.2062973936367511,"standard_error":0.4408136534656699}}