{"Mean":{"confidence_interval":{"confidence_level":0.95,"lower_bound":11782.159086890568,"upper_bound":11791.335420443093},"point_estimate":11785.661249510576,"standard_error":2.4767718137328414},"Median":{"confidence_interval":{"confidence_level":0.95,"lower_bound":11780.377091377091,"upper_bound":11781.637716450217},"point_estimate":11781.00266810683,"standard_error":0.2962235764121457},"MedianAbsDev":{"confidence_interval":{"confidence_level":0.95,"lower_bound":1.9525691234106677,"upper_bound":3.6051163147306706},"point_estimate":2.7444867012757315,"standard_error":0.42617067177703316},"Slope":{"confidence_interval":{"confidence_level":0.95,"lower_bound":11781.781553652425,"upper_bound":11785.284477643336},"point_estimate":11783.412560570556,"standard_error":0.8993254933318444},"StdDev":{"confidence_interval":{"confidence_level":0.95,"lower_bound":5.204982998040551,"upper_bound":41.471724958759744},"point_estimate":24.918743348911338,"standard_error":11.737934844472461}}