{"Mean":{"confidence_interval":{"confidence_level":0.95,"lower_bound":383.14476339712246,"upper_bound":383.4103817424044},"point_estimate":383.2655813728225,"standard_error":0.0679119053718187},"Median":{"confidence_interval":{"confidence_level":0.95,"lower_bound":383.0084731763176,"upper_bound":383.1121558016326},"point_estimate":383.0346984500511,"standard_error":0.025936516997856804},"MedianAbsDev":{"confidence_interval":{"confidence_level":0.95,"lower_bound":0.11349061438122064,"upper_bound":0.2369505735689823},"point_estimate":0.15909972835946454,"standard_error":0.030409496934425236},"Slope":{"confidence_interval":{"confidence_level":0.95,"lower_bound":382.9966547491291,"upper_bound":383.1065835035787},"point_estimate":383.04548214923955,"standard_error":0.02815585309640009},"StdDev":{"confidence_interval":{"confidence_level":0.95,"lower_bound":0.3958306328652023,"upper_bound":0.9605324054273325},"point_estimate":0.6831453542360848,"standard_error":0.14891218575792833}}