{"Mean":{"confidence_interval":{"confidence_level":0.95,"lower_bound":17018884.755908594,"upper_bound":17020737.13665819},"point_estimate":17019803.351556927,"standard_error":471.57741441157646},"Median":{"confidence_interval":{"confidence_level":0.95,"lower_bound":17018831.591549296,"upper_bound":17020201.90677362},"point_estimate":17019805.791777186,"standard_error":356.8935274297873},"MedianAbsDev":{"confidence_interval":{"confidence_level":0.95,"lower_bound":2198.679371540456,"upper_bound":3744.040397845511},"point_estimate":2914.380463713849,"standard_error":373.00464940303397},"Slope":{"confidence_interval":{"confidence_level":0.95,"lower_bound":17017735.77677558,"upper_bound":17019649.60383974},"point_estimate":17018724.73305453,"standard_error":484.4634360854671},"StdDev":{"confidence_interval":{"confidence_level":0.95,"lower_bound":3124.233181590104,"upper_bound":6188.512357694991},"point_estimate":4738.8471706113505,"standard_error":782.6636807786774}}