{"Mean":{"confidence_interval":{"confidence_level":0.95,"lower_bound":785.7511877014987,"upper_bound":786.8207742600902},"point_estimate":786.2793203429993,"standard_error":0.2733297922969654},"Median":{"confidence_interval":{"confidence_level":0.95,"lower_bound":784.3049709921115,"upper_bound":788.3078588421888},"point_estimate":787.6373008434864,"standard_error":1.173455151080611},"MedianAbsDev":{"confidence_interval":{"confidence_level":0.95,"lower_bound":0.684490374023269,"upper_bound":3.8271918908388263},"point_estimate":2.8136610097276855,"standard_error":0.9597475965459272},"Slope":{"confidence_interval":{"confidence_level":0.95,"lower_bound":785.5134011068719,"upper_bound":786.7742567179083},"point_estimate":786.1429391574333,"standard_error":0.32168096179519223},"StdDev":{"confidence_interval":{"confidence_level":0.95,"lower_bound":2.419416093795407,"upper_bound":3.171296679269827},"point_estimate":2.749858852803131,"standard_error":0.20245234445178886}}