{"Mean":{"confidence_interval":{"confidence_level":0.95,"lower_bound":3644.977090556521,"upper_bound":3645.1674679341286},"point_estimate":3645.070944764435,"standard_error":0.04864247646237278},"Median":{"confidence_interval":{"confidence_level":0.95,"lower_bound":3644.8279037504785,"upper_bound":3645.1479909169548},"point_estimate":3644.974614845938,"standard_error":0.07707980654184915},"MedianAbsDev":{"confidence_interval":{"confidence_level":0.95,"lower_bound":0.32600211880517005,"upper_bound":0.5833938399098751},"point_estimate":0.46359469295864164,"standard_error":0.06568526208916581},"Slope":{"confidence_interval":{"confidence_level":0.95,"lower_bound":3644.768149635026,"upper_bound":3644.8884471849833},"point_estimate":3644.823920692113,"standard_error":0.030620639403155143},"StdDev":{"confidence_interval":{"confidence_level":0.95,"lower_bound":0.4038154770005836,"upper_bound":0.5668174681668002},"point_estimate":0.4875795778814069,"standard_error":0.041679396969271545}}