{"Mean":{"confidence_interval":{"confidence_level":0.95,"lower_bound":161191.35219711487,"upper_bound":161303.83595898404},"point_estimate":161243.07009669876,"standard_error":28.901845417598572},"Median":{"confidence_interval":{"confidence_level":0.95,"lower_bound":161133.1875,"upper_bound":161181.62698412698},"point_estimate":161159.98680555556,"standard_error":11.621423920313074},"MedianAbsDev":{"confidence_interval":{"confidence_level":0.95,"lower_bound":64.09998522563349,"upper_bound":111.99211609483996},"point_estimate":81.79604381097336,"standard_error":12.218243888207382},"Slope":{"confidence_interval":{"confidence_level":0.95,"lower_bound":161140.1113387031,"upper_bound":161202.88985726962},"point_estimate":161168.47260697925,"standard_error":16.16229776888131},"StdDev":{"confidence_interval":{"confidence_level":0.95,"lower_bound":167.85135340496612,"upper_bound":390.12057173182745},"point_estimate":290.24386448707605,"standard_error":56.53084538854904}}