{"Mean":{"confidence_interval":{"confidence_level":0.95,"lower_bound":3514.921563408179,"upper_bound":3534.6356693603625},"point_estimate":3521.6326877821994,"standard_error":6.3071974213477455},"Median":{"confidence_interval":{"confidence_level":0.95,"lower_bound":3514.5904074666805,"upper_bound":3514.928528270446},"point_estimate":3514.747282455009,"standard_error":0.09355050381911749},"MedianAbsDev":{"confidence_interval":{"confidence_level":0.95,"lower_bound":0.6289448118702404,"upper_bound":1.088376621999369},"point_estimate":0.7792672836059714,"standard_error":0.12007996596247238},"Slope":{"confidence_interval":{"confidence_level":0.95,"lower_bound":3514.534997030383,"upper_bound":3515.4115249936867},"point_estimate":3514.86869401675,"standard_error":0.2368054107724174},"StdDev":{"confidence_interval":{"confidence_level":0.95,"lower_bound":1.4837346185275508,"upper_bound":108.26067007093964},"point_estimate":63.17025762865594,"standard_error":38.470462062273995}}