{"Mean":{"confidence_interval":{"confidence_level":0.95,"lower_bound":3552.826330377709,"upper_bound":3602.961015048487},"point_estimate":3569.709138035732,"standard_error":16.29517181429032},"Median":{"confidence_interval":{"confidence_level":0.95,"lower_bound":3552.410483483064,"upper_bound":3552.727956989247},"point_estimate":3552.6040383612417,"standard_error":0.07931271800663889},"MedianAbsDev":{"confidence_interval":{"confidence_level":0.95,"lower_bound":0.5893257399852463,"upper_bound":0.9500367279012273},"point_estimate":0.8175417743421604,"standard_error":0.09198816587514123},"Slope":{"confidence_interval":{"confidence_level":0.95,"lower_bound":3552.3511566181382,"upper_bound":3553.0478309733576},"point_estimate":3552.6406723012215,"standard_error":0.17882275606222567},"StdDev":{"confidence_interval":{"confidence_level":0.95,"lower_bound":1.7479983036531712,"upper_bound":281.5701182580238},"point_estimate":164.22202756221557,"standard_error":101.62532468800286}}