{"Mean":{"confidence_interval":{"confidence_level":0.95,"lower_bound":17777.153746038606,"upper_bound":17783.779714451382},"point_estimate":17780.16728342339,"standard_error":1.7055213731409882},"Median":{"confidence_interval":{"confidence_level":0.95,"lower_bound":17772.68131868132,"upper_bound":17774.683023169124},"point_estimate":17773.27229098161,"standard_error":0.5164061630468676},"MedianAbsDev":{"confidence_interval":{"confidence_level":0.95,"lower_bound":1.818034681256841,"upper_bound":5.147626063545722},"point_estimate":2.879783754850179,"standard_error":0.8055128377966867},"Slope":{"confidence_interval":{"confidence_level":0.95,"lower_bound":17773.478708177547,"upper_bound":17778.964422295852},"point_estimate":17775.9259571133,"standard_error":1.4157013621510195},"StdDev":{"confidence_interval":{"confidence_level":0.95,"lower_bound":9.890837599128002,"upper_bound":24.13646479913051},"point_estimate":17.119676573928622,"standard_error":3.7808020230338575}}