{"Mean":{"confidence_interval":{"confidence_level":0.95,"lower_bound":530658.1294202465,"upper_bound":548956.3172462701},"point_estimate":538602.2501541828,"standard_error":4723.639008904749},"Median":{"confidence_interval":{"confidence_level":0.95,"lower_bound":523392.31052631576,"upper_bound":524166.1567688378},"point_estimate":523751.0130489139,"standard_error":174.32748975356972},"MedianAbsDev":{"confidence_interval":{"confidence_level":0.95,"lower_bound":1059.2411365994142,"upper_bound":2106.0928374038976},"point_estimate":1512.7651350130932,"standard_error":261.5453907556885},"Slope":{"confidence_interval":{"confidence_level":0.95,"lower_bound":523991.35102755285,"upper_bound":532166.6545556212},"point_estimate":527070.7337579429,"standard_error":2209.2709791144425},"StdDev":{"confidence_interval":{"confidence_level":0.95,"lower_bound":21949.653092463526,"upper_bound":72250.29708484455},"point_estimate":47548.32575215457,"standard_error":14715.467905091615}}