{"Mean":{"confidence_interval":{"confidence_level":0.95,"lower_bound":76754.85341012606,"upper_bound":76836.64532035722},"point_estimate":76794.59823741802,"standard_error":20.860891037746676},"Median":{"confidence_interval":{"confidence_level":0.95,"lower_bound":76861.41346153847,"upper_bound":76884.29895104896},"point_estimate":76875.838311896,"standard_error":8.883811080052004},"MedianAbsDev":{"confidence_interval":{"confidence_level":0.95,"lower_bound":25.492821244627137,"upper_bound":208.4758800628497},"point_estimate":40.58128216509216,"standard_error":39.808838766277056},"Slope":{"confidence_interval":{"confidence_level":0.95,"lower_bound":76865.01599665551,"upper_bound":76898.8253202041},"point_estimate":76881.22480340111,"standard_error":8.587557523450089},"StdDev":{"confidence_interval":{"confidence_level":0.95,"lower_bound":161.28471591816398,"upper_bound":266.96782163475274},"point_estimate":209.66062364948164,"standard_error":28.61381859889786}}