{"Mean":{"confidence_interval":{"confidence_level":0.95,"lower_bound":97094.8045425856,"upper_bound":97173.51998611307},"point_estimate":97131.96358868167,"standard_error":20.056213128997896},"Median":{"confidence_interval":{"confidence_level":0.95,"lower_bound":97026.7701486322,"upper_bound":97043.16859504132},"point_estimate":97033.256695261,"standard_error":3.951011745762847},"MedianAbsDev":{"confidence_interval":{"confidence_level":0.95,"lower_bound":30.095816738431402,"upper_bound":60.079088421741375},"point_estimate":41.09038706307327,"standard_error":7.29865739443894},"Slope":{"confidence_interval":{"confidence_level":0.95,"lower_bound":97122.32697285915,"upper_bound":97217.05876034082},"point_estimate":97169.91359753886,"standard_error":24.21364519684828},"StdDev":{"confidence_interval":{"confidence_level":0.95,"lower_bound":151.38118982019907,"upper_bound":255.74833030697172},"point_estimate":201.2872019874481,"standard_error":28.048229091405776}}