{"Mean":{"confidence_interval":{"confidence_level":0.95,"lower_bound":3185476.309107996,"upper_bound":3272190.2496402306},"point_estimate":3218660.6844049934,"standard_error":23151.239413879743},"Median":{"confidence_interval":{"confidence_level":0.95,"lower_bound":3173486.8985745613,"upper_bound":3176908.302083333},"point_estimate":3174814.467252747,"standard_error":1050.2707797103842},"MedianAbsDev":{"confidence_interval":{"confidence_level":0.95,"lower_bound":4407.08975732024,"upper_bound":9058.650008049217},"point_estimate":6202.366185778313,"standard_error":1282.0636481652539},"Slope":{"confidence_interval":{"confidence_level":0.95,"lower_bound":3179974.437099383,"upper_bound":3198543.572988215},"point_estimate":3188340.8921353626,"standard_error":4775.411113633058},"StdDev":{"confidence_interval":{"confidence_level":0.95,"lower_bound":29942.531690545446,"upper_bound":383770.7597005838},"point_estimate":231373.85437570282,"standard_error":106472.63390438125}}