{"Mean":{"confidence_interval":{"confidence_level":0.95,"lower_bound":2392.073040336156,"upper_bound":2393.3146965764113},"point_estimate":2392.606091810895,"standard_error":0.32072870471485504},"Median":{"confidence_interval":{"confidence_level":0.95,"lower_bound":2391.792442662008,"upper_bound":2391.8981213097154},"point_estimate":2391.8264913546245,"standard_error":0.030836124615696073},"MedianAbsDev":{"confidence_interval":{"confidence_level":0.95,"lower_bound":0.13224339122975146,"upper_bound":0.2438812071849296},"point_estimate":0.1697857799622531,"standard_error":0.029448198962063438},"Slope":{"confidence_interval":{"confidence_level":0.95,"lower_bound":2391.918107109027,"upper_bound":2392.57242153725},"point_estimate":2392.202443993264,"standard_error":0.16856619015922691},"StdDev":{"confidence_interval":{"confidence_level":0.95,"lower_bound":1.082668793127348,"upper_bound":4.963856399335295},"point_estimate":3.2168386379328675,"standard_error":1.0226054972305092}}