{"Mean":{"confidence_interval":{"confidence_level":0.95,"lower_bound":1144.2831770132204,"upper_bound":1145.6310621222688},"point_estimate":1144.9163038891575,"standard_error":0.3431713387940685},"Median":{"confidence_interval":{"confidence_level":0.95,"lower_bound":1143.433346148917,"upper_bound":1144.2243101765594},"point_estimate":1143.821298998089,"standard_error":0.221809597225462},"MedianAbsDev":{"confidence_interval":{"confidence_level":0.95,"lower_bound":0.9926032270579139,"upper_bound":2.0160872728530688},"point_estimate":1.4128925856884833,"standard_error":0.2926043317645518},"Slope":{"confidence_interval":{"confidence_level":0.95,"lower_bound":1144.3976358037412,"upper_bound":1145.588509034077},"point_estimate":1144.9875561621132,"standard_error":0.3037162817540793},"StdDev":{"confidence_interval":{"confidence_level":0.95,"lower_bound":2.3613270150422854,"upper_bound":4.530100517905044},"point_estimate":3.441836126668046,"standard_error":0.5673386098488093}}