{"Mean":{"confidence_interval":{"confidence_level":0.95,"lower_bound":1102.115798246034,"upper_bound":1102.7652989843148},"point_estimate":1102.41828889158,"standard_error":0.16566275717870724},"Median":{"confidence_interval":{"confidence_level":0.95,"lower_bound":1101.9796120499184,"upper_bound":1102.622563718141},"point_estimate":1102.2388575982568,"standard_error":0.17625092579814963},"MedianAbsDev":{"confidence_interval":{"confidence_level":0.95,"lower_bound":0.8329660411876895,"upper_bound":1.2479178032065248},"point_estimate":1.0764971173973379,"standard_error":0.1027498790410431},"Slope":{"confidence_interval":{"confidence_level":0.95,"lower_bound":1102.34263482365,"upper_bound":1102.7142056200973},"point_estimate":1102.5254667575568,"standard_error":0.09460495344432665},"StdDev":{"confidence_interval":{"confidence_level":0.95,"lower_bound":1.0622531394304295,"upper_bound":2.325740662644133},"point_estimate":1.6622884557794557,"standard_error":0.3516047708047795}}