{"Mean":{"confidence_interval":{"confidence_level":0.95,"lower_bound":1426685.2090926873,"upper_bound":1427557.2482246335},"point_estimate":1427033.946310918,"standard_error":229.7760486504709},"Median":{"confidence_interval":{"confidence_level":0.95,"lower_bound":1426521.809920635,"upper_bound":1426621.6393617021},"point_estimate":1426588.3522522524,"standard_error":32.03216675179522},"MedianAbsDev":{"confidence_interval":{"confidence_level":0.95,"lower_bound":156.47483765597835,"upper_bound":272.46506541290034},"point_estimate":195.328830742768,"standard_error":30.25365573574115},"Slope":{"confidence_interval":{"confidence_level":0.95,"lower_bound":1426650.4278088177,"upper_bound":1427084.1130390053},"point_estimate":1426850.16990099,"standard_error":111.16069886986617},"StdDev":{"confidence_interval":{"confidence_level":0.95,"lower_bound":696.9607804041958,"upper_bound":3761.653345354073},"point_estimate":2313.317299936071,"standard_error":967.0187582362989}}