{"Mean":{"confidence_interval":{"confidence_level":0.95,"lower_bound":37106707.39443092,"upper_bound":37728812.087867856},"point_estimate":37421324.387822315,"standard_error":159546.37279461863},"Median":{"confidence_interval":{"confidence_level":0.95,"lower_bound":37218951.19444445,"upper_bound":38274022.0},"point_estimate":38014584.28941637,"standard_error":280889.2736061304},"MedianAbsDev":{"confidence_interval":{"confidence_level":0.95,"lower_bound":1153916.5890957837,"upper_bound":2200076.1260184627},"point_estimate":1525906.1213007285,"standard_error":266041.2517458234},"Slope":{"confidence_interval":{"confidence_level":0.95,"lower_bound":38419117.63914893,"upper_bound":38718545.94513638},"point_estimate":38580794.82427368,"standard_error":76200.29696686633},"StdDev":{"confidence_interval":{"confidence_level":0.95,"lower_bound":1431286.594541321,"upper_bound":1747974.8347571897},"point_estimate":1607129.3270429722,"standard_error":80706.29380583126}}