{"Mean":{"confidence_interval":{"confidence_level":0.95,"lower_bound":144442.11037360012,"upper_bound":144533.22655091132},"point_estimate":144480.58530016395,"standard_error":23.66268945137511},"Median":{"confidence_interval":{"confidence_level":0.95,"lower_bound":144424.48793191055,"upper_bound":144448.18095238096},"point_estimate":144437.81805555557,"standard_error":6.043384075019127},"MedianAbsDev":{"confidence_interval":{"confidence_level":0.95,"lower_bound":33.8082144829397,"upper_bound":57.95598733908092},"point_estimate":45.62839893035845,"standard_error":6.358047235361555},"Slope":{"confidence_interval":{"confidence_level":0.95,"lower_bound":144435.24015719345,"upper_bound":144486.00740331344},"point_estimate":144458.521791467,"standard_error":13.027977243404912},"StdDev":{"confidence_interval":{"confidence_level":0.95,"lower_bound":92.05834799507082,"upper_bound":372.6148621182977},"point_estimate":237.91446392202832,"standard_error":83.14252350394831}}