{"Mean":{"confidence_interval":{"confidence_level":0.95,"lower_bound":819739.1711122956,"upper_bound":842859.0530678037},"point_estimate":828529.4103521365,"standard_error":6260.369324086132},"Median":{"confidence_interval":{"confidence_level":0.95,"lower_bound":815424.55,"upper_bound":817160.6254310345},"point_estimate":816141.9084928229,"standard_error":434.1449805244321},"MedianAbsDev":{"confidence_interval":{"confidence_level":0.95,"lower_bound":1662.8299366228964,"upper_bound":3667.1040666063773},"point_estimate":2497.357030388318,"standard_error":494.68682165893284},"Slope":{"confidence_interval":{"confidence_level":0.95,"lower_bound":817333.0545512841,"upper_bound":827771.9757738807},"point_estimate":821712.6991044777,"standard_error":2716.3291251650553},"StdDev":{"confidence_interval":{"confidence_level":0.95,"lower_bound":12776.176503043884,"upper_bound":104669.8589438252},"point_estimate":62842.3399506529,"standard_error":29959.93724257439}}