{"Mean":{"confidence_interval":{"confidence_level":0.95,"lower_bound":856498.7069817281,"upper_bound":857286.9837799056},"point_estimate":856861.2739359506,"standard_error":202.0430463409087},"Median":{"confidence_interval":{"confidence_level":0.95,"lower_bound":856264.852112676,"upper_bound":856691.3472222222},"point_estimate":856456.685483871,"standard_error":105.77235108039648},"MedianAbsDev":{"confidence_interval":{"confidence_level":0.95,"lower_bound":770.2441617949768,"upper_bound":1391.4032275703978},"point_estimate":1051.4371264537615,"standard_error":155.37768294837272},"Slope":{"confidence_interval":{"confidence_level":0.95,"lower_bound":856239.8937750744,"upper_bound":856859.5262870779},"point_estimate":856531.0404433279,"standard_error":157.80027107716288},"StdDev":{"confidence_interval":{"confidence_level":0.95,"lower_bound":1323.8436979235005,"upper_bound":2836.6504124506037},"point_estimate":2032.5813019899208,"standard_error":421.6608507802229}}