{"Mean":{"confidence_interval":{"confidence_level":0.95,"lower_bound":1688646.0437157438,"upper_bound":1691085.3096122611},"point_estimate":1689807.6404068298,"standard_error":623.979340176773},"Median":{"confidence_interval":{"confidence_level":0.95,"lower_bound":1687697.5663021188,"upper_bound":1689789.2280701755},"point_estimate":1688581.453405018,"standard_error":457.3297837145331},"MedianAbsDev":{"confidence_interval":{"confidence_level":0.95,"lower_bound":2518.5733377397028,"upper_bound":4966.1066412617765},"point_estimate":3689.717430968616,"standard_error":626.238723484213},"Slope":{"confidence_interval":{"confidence_level":0.95,"lower_bound":1686875.5582126176,"upper_bound":1688676.8951896064},"point_estimate":1687763.957712428,"standard_error":459.17336219680084},"StdDev":{"confidence_interval":{"confidence_level":0.95,"lower_bound":4562.656342459552,"upper_bound":7803.919897722659},"point_estimate":6288.121742274259,"standard_error":834.4987745876225}}