{"Mean":{"confidence_interval":{"confidence_level":0.95,"lower_bound":661.7796193063633,"upper_bound":663.0691249517944},"point_estimate":662.4180701514035,"standard_error":0.32875831338180733},"Median":{"confidence_interval":{"confidence_level":0.95,"lower_bound":660.390008361204,"upper_bound":663.4270514116823},"point_estimate":660.9700749867982,"standard_error":0.777082006048847},"MedianAbsDev":{"confidence_interval":{"confidence_level":0.95,"lower_bound":2.197587486385413,"upper_bound":4.776480024700083},"point_estimate":3.182464286279665,"standard_error":0.6930529717217545},"Slope":{"confidence_interval":{"confidence_level":0.95,"lower_bound":661.3951822559288,"upper_bound":663.0518185650211},"point_estimate":662.2043780534395,"standard_error":0.4229599679278062},"StdDev":{"confidence_interval":{"confidence_level":0.95,"lower_bound":2.9434772855973224,"upper_bound":3.631464873659647},"point_estimate":3.3143669538064895,"standard_error":0.1746001989497242}}