{"Mean":{"confidence_interval":{"confidence_level":0.95,"lower_bound":21521.945236150765,"upper_bound":22437.086394923554},"point_estimate":21973.289729049193,"standard_error":234.740180433161},"Median":{"confidence_interval":{"confidence_level":0.95,"lower_bound":21342.834954317714,"upper_bound":22215.400201106084},"point_estimate":21719.19730769231,"standard_error":260.97551539391577},"MedianAbsDev":{"confidence_interval":{"confidence_level":0.95,"lower_bound":1784.4169336510904,"upper_bound":3033.633595324933},"point_estimate":2290.9182024516167,"standard_error":315.64394168338066},"Slope":{"confidence_interval":{"confidence_level":0.95,"lower_bound":20908.009838152062,"upper_bound":22141.97893770291},"point_estimate":21494.12379011265,"standard_error":316.8935721869983},"StdDev":{"confidence_interval":{"confidence_level":0.95,"lower_bound":1998.9530212034572,"upper_bound":2694.2964242082794},"point_estimate":2356.7004664384303,"standard_error":178.8782908440582}}