{"Mean":{"confidence_interval":{"confidence_level":0.95,"lower_bound":1597.7513242729483,"upper_bound":1602.336700511277},"point_estimate":1600.061713723785,"standard_error":1.1778459509197898},"Median":{"confidence_interval":{"confidence_level":0.95,"lower_bound":1598.013919953688,"upper_bound":1603.4479935794543},"point_estimate":1599.9234760331444,"standard_error":1.5968856936351827},"MedianAbsDev":{"confidence_interval":{"confidence_level":0.95,"lower_bound":8.80549027698383,"upper_bound":13.804444076277967},"point_estimate":11.331521101009614,"standard_error":1.2721447247365054},"Slope":{"confidence_interval":{"confidence_level":0.95,"lower_bound":1599.3822964359106,"upper_bound":1603.7061030873813},"point_estimate":1601.498669072197,"standard_error":1.1044263362987765},"StdDev":{"confidence_interval":{"confidence_level":0.95,"lower_bound":9.868991990941376,"upper_bound":13.6834924760943},"point_estimate":11.867672723233362,"standard_error":0.9735146514571772}}