{"Mean":{"confidence_interval":{"confidence_level":0.95,"lower_bound":17283.727692827448,"upper_bound":17298.60130909036},"point_estimate":17290.080340357035,"standard_error":3.840267653851548},"Median":{"confidence_interval":{"confidence_level":0.95,"lower_bound":17278.338882282995,"upper_bound":17282.795759317312},"point_estimate":17281.191589301503,"standard_error":1.0655252893683127},"MedianAbsDev":{"confidence_interval":{"confidence_level":0.95,"lower_bound":6.358617796593319,"upper_bound":11.538604301416811},"point_estimate":8.768052638453627,"standard_error":1.4042686863745855},"Slope":{"confidence_interval":{"confidence_level":0.95,"lower_bound":17279.74918753358,"upper_bound":17287.47351959313},"point_estimate":17283.51316118282,"standard_error":1.970890517894527},"StdDev":{"confidence_interval":{"confidence_level":0.95,"lower_bound":15.774249319251705,"upper_bound":59.834462567081786},"point_estimate":38.70854319384177,"standard_error":12.622614046685444}}