{"Mean":{"confidence_interval":{"confidence_level":0.95,"lower_bound":3614.6100360096916,"upper_bound":3616.374125891362},"point_estimate":3615.4652130099657,"standard_error":0.4515143961736212},"Median":{"confidence_interval":{"confidence_level":0.95,"lower_bound":3612.6061435523116,"upper_bound":3615.8623566214806},"point_estimate":3613.068691345151,"standard_error":0.8093713134592936},"MedianAbsDev":{"confidence_interval":{"confidence_level":0.95,"lower_bound":1.8577795871240805,"upper_bound":5.479079032464446},"point_estimate":2.98786049149666,"standard_error":0.9408049951588277},"Slope":{"confidence_interval":{"confidence_level":0.95,"lower_bound":3615.0645005544893,"upper_bound":3617.3529145535476},"point_estimate":3616.205294349241,"standard_error":0.5835281052135879},"StdDev":{"confidence_interval":{"confidence_level":0.95,"lower_bound":3.7680663038357474,"upper_bound":5.294375152794993},"point_estimate":4.538121932786188,"standard_error":0.3915685573928519}}