{"Mean":{"confidence_interval":{"confidence_level":0.95,"lower_bound":4476.799225839414,"upper_bound":4479.382550332605},"point_estimate":4478.083955628757,"standard_error":0.6590576779438339},"Median":{"confidence_interval":{"confidence_level":0.95,"lower_bound":4480.320752570753,"upper_bound":4481.609266409267},"point_estimate":4481.145833333334,"standard_error":0.5994268121400131},"MedianAbsDev":{"confidence_interval":{"confidence_level":0.95,"lower_bound":1.6269765713552955,"upper_bound":8.91012531478709},"point_estimate":2.7936175378431596,"standard_error":1.9180871108825324},"Slope":{"confidence_interval":{"confidence_level":0.95,"lower_bound":4475.211211845219,"upper_bound":4478.311162689196},"point_estimate":4476.75994734649,"standard_error":0.7894978956124366},"StdDev":{"confidence_interval":{"confidence_level":0.95,"lower_bound":5.797163971246439,"upper_bound":7.474455901506364},"point_estimate":6.627426746090909,"standard_error":0.4311231788888829}}