{"Mean":{"confidence_interval":{"confidence_level":0.95,"lower_bound":19067317.38950664,"upper_bound":19328941.129692785},"point_estimate":19171023.28099739,"standard_error":69158.29557796328},"Median":{"confidence_interval":{"confidence_level":0.95,"lower_bound":19031689.232422587,"upper_bound":19160153.259544335},"point_estimate":19082563.403629534,"standard_error":37856.804527917935},"MedianAbsDev":{"confidence_interval":{"confidence_level":0.95,"lower_bound":205422.65998345322,"upper_bound":359560.3682962507},"point_estimate":303490.3266821715,"standard_error":38144.20330461598},"Slope":{"confidence_interval":{"confidence_level":0.95,"lower_bound":19252184.12162503,"upper_bound":19359561.371278267},"point_estimate":19307869.744409636,"standard_error":27331.303830960143},"StdDev":{"confidence_interval":{"confidence_level":0.95,"lower_bound":239285.33600592337,"upper_bound":1142311.2935656223},"point_estimate":696820.7079139868,"standard_error":305215.7284804565}}