{"Mean":{"confidence_interval":{"confidence_level":0.95,"lower_bound":10302984.828951107,"upper_bound":10334629.082160605},"point_estimate":10317730.414904078,"standard_error":8108.25470083089},"Median":{"confidence_interval":{"confidence_level":0.95,"lower_bound":10285040.925925925,"upper_bound":10295475.833333334},"point_estimate":10290128.296360154,"standard_error":3101.4630272552595},"MedianAbsDev":{"confidence_interval":{"confidence_level":0.95,"lower_bound":14355.98690161592,"upper_bound":28397.71680708993},"point_estimate":20067.310519761795,"standard_error":3705.352195463992},"Slope":{"confidence_interval":{"confidence_level":0.95,"lower_bound":10292866.306981163,"upper_bound":10314773.15912122},"point_estimate":10303107.777848382,"standard_error":5594.792182106735},"StdDev":{"confidence_interval":{"confidence_level":0.95,"lower_bound":51219.40710286388,"upper_bound":107642.94289659616},"point_estimate":81367.83440429597,"standard_error":14512.41383006486}}