{"Mean":{"confidence_interval":{"confidence_level":0.95,"lower_bound":120469.05681287889,"upper_bound":120525.1778228345},"point_estimate":120490.48408993625,"standard_error":15.169222140738489},"Median":{"confidence_interval":{"confidence_level":0.95,"lower_bound":120462.38593380614,"upper_bound":120478.05723905723},"point_estimate":120470.27316968131,"standard_error":3.516903100201348},"MedianAbsDev":{"confidence_interval":{"confidence_level":0.95,"lower_bound":20.241837183996175,"upper_bound":31.87514608045099},"point_estimate":27.02124087537977,"standard_error":3.003164262598768},"Slope":{"confidence_interval":{"confidence_level":0.95,"lower_bound":120464.45995438924,"upper_bound":120598.0206283603},"point_estimate":120508.3385843062,"standard_error":39.50713876407121},"StdDev":{"confidence_interval":{"confidence_level":0.95,"lower_bound":28.715099474505042,"upper_bound":255.53036097753926},"point_estimate":153.1309875888004,"standard_error":72.85229219155863}}