{"Mean":{"confidence_interval":{"confidence_level":0.95,"lower_bound":6443.6192012103065,"upper_bound":6604.741102195147},"point_estimate":6505.939406937068,"standard_error":43.20216183959811},"Median":{"confidence_interval":{"confidence_level":0.95,"lower_bound":6413.121806298277,"upper_bound":6428.144694757336},"point_estimate":6419.901179865886,"standard_error":3.288506666196198},"MedianAbsDev":{"confidence_interval":{"confidence_level":0.95,"lower_bound":16.231257510923715,"upper_bound":30.430569539068482},"point_estimate":21.3579237467566,"standard_error":3.4425490222993087},"Slope":{"confidence_interval":{"confidence_level":0.95,"lower_bound":6426.800227804581,"upper_bound":6530.434303767131},"point_estimate":6466.445629800908,"standard_error":27.76028557602193},"StdDev":{"confidence_interval":{"confidence_level":0.95,"lower_bound":88.71330557802983,"upper_bound":718.800236787902},"point_estimate":434.12570792857116,"standard_error":198.63429391980495}}