{"Mean":{"confidence_interval":{"confidence_level":0.95,"lower_bound":808.807595635117,"upper_bound":809.4115509557353},"point_estimate":809.0382960560481,"standard_error":0.16174132465821767},"Median":{"confidence_interval":{"confidence_level":0.95,"lower_bound":808.7014669163545,"upper_bound":808.7633101851852},"point_estimate":808.7295856676003,"standard_error":0.015465812525333543},"MedianAbsDev":{"confidence_interval":{"confidence_level":0.95,"lower_bound":0.07829471296327215,"upper_bound":0.13602919594788024},"point_estimate":0.10657763472334351,"standard_error":0.014903714208471714},"Slope":{"confidence_interval":{"confidence_level":0.95,"lower_bound":808.7785619102056,"upper_bound":809.0916641704526},"point_estimate":808.9166342283921,"standard_error":0.08041388127749091},"StdDev":{"confidence_interval":{"confidence_level":0.95,"lower_bound":0.369101301197293,"upper_bound":2.6957826468836323},"point_estimate":1.6270041530162098,"standard_error":0.7529977905111254}}