{"Mean":{"confidence_interval":{"confidence_level":0.95,"lower_bound":3029.759221825256,"upper_bound":3032.169632702899},"point_estimate":3030.794632446959,"standard_error":0.62422638270693},"Median":{"confidence_interval":{"confidence_level":0.95,"lower_bound":3029.611528450675,"upper_bound":3029.876146788991},"point_estimate":3029.75104650701,"standard_error":0.08278764079867997},"MedianAbsDev":{"confidence_interval":{"confidence_level":0.95,"lower_bound":0.3629759532825334,"upper_bound":0.6713830345822206},"point_estimate":0.5075096173417625,"standard_error":0.08045735802633931},"Slope":{"confidence_interval":{"confidence_level":0.95,"lower_bound":3029.158215833078,"upper_bound":3030.3073299716484},"point_estimate":3029.7363108248383,"standard_error":0.2912615285091596},"StdDev":{"confidence_interval":{"confidence_level":0.95,"lower_bound":2.0556208457897385,"upper_bound":9.85449083362554},"point_estimate":6.3175690363585915,"standard_error":2.1228230246998394}}