{"Mean":{"confidence_interval":{"confidence_level":0.95,"lower_bound":7335.031196967241,"upper_bound":7337.9078031603285},"point_estimate":7336.351235959595,"standard_error":0.7368335653130651},"Median":{"confidence_interval":{"confidence_level":0.95,"lower_bound":7333.260818506736,"upper_bound":7334.691168091168},"point_estimate":7333.791608726924,"standard_error":0.4082063873151032},"MedianAbsDev":{"confidence_interval":{"confidence_level":0.95,"lower_bound":1.6179350078439927,"upper_bound":3.368904551776381},"point_estimate":2.462007725071141,"standard_error":0.49771592965249356},"Slope":{"confidence_interval":{"confidence_level":0.95,"lower_bound":7334.24791911283,"upper_bound":7336.768950580109},"point_estimate":7335.377818958015,"standard_error":0.6484073599796544},"StdDev":{"confidence_interval":{"confidence_level":0.95,"lower_bound":4.536763707033148,"upper_bound":9.96033353090968},"point_estimate":7.386038280522854,"standard_error":1.399937883994592}}