{"Mean":{"confidence_interval":{"confidence_level":0.95,"lower_bound":803.8795656692625,"upper_bound":804.2938659375196},"point_estimate":804.0615700687731,"standard_error":0.10669222976202228},"Median":{"confidence_interval":{"confidence_level":0.95,"lower_bound":803.6091889880952,"upper_bound":804.0412366651206},"point_estimate":803.8866563124376,"standard_error":0.1202215437212817},"MedianAbsDev":{"confidence_interval":{"confidence_level":0.95,"lower_bound":0.2038919321672238,"upper_bound":0.6194036198375158},"point_estimate":0.45941684061995514,"standard_error":0.10145560019281218},"Slope":{"confidence_interval":{"confidence_level":0.95,"lower_bound":803.8693790668675,"upper_bound":804.3547908032135},"point_estimate":804.0750981318814,"standard_error":0.1257901416829513},"StdDev":{"confidence_interval":{"confidence_level":0.95,"lower_bound":0.44115109188343155,"upper_bound":1.5782685815852657},"point_estimate":1.0711826484737441,"standard_error":0.29691748501998244}}