{"Mean":{"confidence_interval":{"confidence_level":0.95,"lower_bound":971.9000595791528,"upper_bound":972.7743555357501},"point_estimate":972.3146315047074,"standard_error":0.223581864800148},"Median":{"confidence_interval":{"confidence_level":0.95,"lower_bound":971.4777963533065,"upper_bound":972.0088486522428},"point_estimate":971.6280708712056,"standard_error":0.14541448178156652},"MedianAbsDev":{"confidence_interval":{"confidence_level":0.95,"lower_bound":0.8530268183745728,"upper_bound":2.0691198015906687},"point_estimate":1.4465134465026233,"standard_error":0.31143771161190764},"Slope":{"confidence_interval":{"confidence_level":0.95,"lower_bound":971.5711277454853,"upper_bound":972.5767397245693},"point_estimate":972.0388041491586,"standard_error":0.25596078447140336},"StdDev":{"confidence_interval":{"confidence_level":0.95,"lower_bound":1.5750029568977677,"upper_bound":2.865771396714454},"point_estimate":2.252715900539136,"standard_error":0.33070655297359275}}