{"Mean":{"confidence_interval":{"confidence_level":0.95,"lower_bound":6999201.152770463,"upper_bound":7034508.8872485645},"point_estimate":7014807.855618204,"standard_error":9084.56000868674},"Median":{"confidence_interval":{"confidence_level":0.95,"lower_bound":6981643.714975845,"upper_bound":6990277.527472528},"point_estimate":6984742.990740741,"standard_error":1789.2736829453788},"MedianAbsDev":{"confidence_interval":{"confidence_level":0.95,"lower_bound":12109.432396952006,"upper_bound":26225.384922144895},"point_estimate":18639.436635423226,"standard_error":3473.749265757532},"Slope":{"confidence_interval":{"confidence_level":0.95,"lower_bound":6996242.794707795,"upper_bound":7022704.115329408},"point_estimate":7008436.468943402,"standard_error":6761.70426705519},"StdDev":{"confidence_interval":{"confidence_level":0.95,"lower_bound":46451.409706086466,"upper_bound":136383.1518581504},"point_estimate":91531.61971994775,"standard_error":26013.49817586319}}