{"Mean":{"confidence_interval":{"confidence_level":0.95,"lower_bound":53336996.91223526,"upper_bound":53423504.64581632},"point_estimate":53375125.6853085,"standard_error":22142.308534918757},"Median":{"confidence_interval":{"confidence_level":0.95,"lower_bound":53285847.39373464,"upper_bound":53357407.9086758},"point_estimate":53331689.02941176,"standard_error":16242.001110566194},"MedianAbsDev":{"confidence_interval":{"confidence_level":0.95,"lower_bound":77496.92336763449,"upper_bound":143489.16590078315},"point_estimate":117182.30783674924,"standard_error":15141.572779712078},"Slope":{"confidence_interval":{"confidence_level":0.95,"lower_bound":53336974.037418246,"upper_bound":53383780.6359597},"point_estimate":53358757.58453081,"standard_error":11907.085309876813},"StdDev":{"confidence_interval":{"confidence_level":0.95,"lower_bound":117090.67735128768,"upper_bound":330035.63112051564},"point_estimate":222227.3598367455,"standard_error":61500.2751453177}}