{"Mean":{"confidence_interval":{"confidence_level":0.95,"lower_bound":36111.28811298048,"upper_bound":36128.08387161745},"point_estimate":36118.974317052314,"standard_error":4.320107289824402},"Median":{"confidence_interval":{"confidence_level":0.95,"lower_bound":36105.15178571428,"upper_bound":36110.11344537815},"point_estimate":36107.79935598973,"standard_error":1.3735745165486681},"MedianAbsDev":{"confidence_interval":{"confidence_level":0.95,"lower_bound":7.7396791503930045,"upper_bound":15.117430442567597},"point_estimate":11.055412979133923,"standard_error":1.8539424910282265},"Slope":{"confidence_interval":{"confidence_level":0.95,"lower_bound":36111.64487581218,"upper_bound":36135.1834373325},"point_estimate":36121.501623846816,"standard_error":6.1325236337888125},"StdDev":{"confidence_interval":{"confidence_level":0.95,"lower_bound":23.677080157560674,"upper_bound":59.449965417102696},"point_estimate":43.456302063129556,"standard_error":9.063901681015222}}