{"Mean":{"confidence_interval":{"confidence_level":0.95,"lower_bound":2580.224456518146,"upper_bound":2580.3264068947997},"point_estimate":2580.273751814001,"standard_error":0.025979753590158534},"Median":{"confidence_interval":{"confidence_level":0.95,"lower_bound":2580.23668369391,"upper_bound":2580.32044049079},"point_estimate":2580.270218882556,"standard_error":0.022684171001023816},"MedianAbsDev":{"confidence_interval":{"confidence_level":0.95,"lower_bound":0.1296388791977695,"upper_bound":0.277026310641285},"point_estimate":0.1688375456250661,"standard_error":0.038406603201986085},"Slope":{"confidence_interval":{"confidence_level":0.95,"lower_bound":2580.126113545669,"upper_bound":2580.256967935418},"point_estimate":2580.1894877407517,"standard_error":0.033496047574276856},"StdDev":{"confidence_interval":{"confidence_level":0.95,"lower_bound":0.19242771655750193,"upper_bound":0.33034916768300454},"point_estimate":0.26196461985975683,"standard_error":0.0358119904518474}}