{"Mean":{"confidence_interval":{"confidence_level":0.95,"lower_bound":225041.17839680915,"upper_bound":231003.90672894946},"point_estimate":227309.2725712408,"standard_error":1601.801879852906},"Median":{"confidence_interval":{"confidence_level":0.95,"lower_bound":223915.94547468354,"upper_bound":224212.80689655172},"point_estimate":224028.3714889706,"standard_error":72.27554447921204},"MedianAbsDev":{"confidence_interval":{"confidence_level":0.95,"lower_bound":407.72704357857623,"upper_bound":838.5348398053188},"point_estimate":614.7303537110615,"standard_error":110.52622116163485},"Slope":{"confidence_interval":{"confidence_level":0.95,"lower_bound":224178.96058979255,"upper_bound":227612.0158544549},"point_estimate":225501.74012413181,"standard_error":927.8996446928803},"StdDev":{"confidence_interval":{"confidence_level":0.95,"lower_bound":3411.7211441722566,"upper_bound":26711.5443694213},"point_estimate":16068.045281334542,"standard_error":7552.4236489467185}}