{"Mean":{"confidence_interval":{"confidence_level":0.95,"lower_bound":1646535.3829603528,"upper_bound":1667812.0505735388},"point_estimate":1655893.9810422868,"standard_error":5469.308968490889},"Median":{"confidence_interval":{"confidence_level":0.95,"lower_bound":1638761.0969387754,"upper_bound":1643634.2845626073},"point_estimate":1641163.641028708,"standard_error":1222.2423670128337},"MedianAbsDev":{"confidence_interval":{"confidence_level":0.95,"lower_bound":8132.602689971669,"upper_bound":14906.012820869659},"point_estimate":11793.16938526702,"standard_error":1744.6873644083048},"Slope":{"confidence_interval":{"confidence_level":0.95,"lower_bound":1633918.5031456524,"upper_bound":1637713.6381541982},"point_estimate":1635802.7128446875,"standard_error":965.1149731867234},"StdDev":{"confidence_interval":{"confidence_level":0.95,"lower_bound":24187.62932385642,"upper_bound":82464.62407066101},"point_estimate":55222.07481965103,"standard_error":15376.627138231095}}