{"Mean":{"confidence_interval":{"confidence_level":0.95,"lower_bound":15887.523263913732,"upper_bound":15897.676412826673},"point_estimate":15891.97530497151,"standard_error":2.608512727940147},"Median":{"confidence_interval":{"confidence_level":0.95,"lower_bound":15883.970593149541,"upper_bound":15888.104440665156},"point_estimate":15886.95891282439,"standard_error":0.9177494009570152},"MedianAbsDev":{"confidence_interval":{"confidence_level":0.95,"lower_bound":8.623839634324662,"upper_bound":16.161236626504667},"point_estimate":14.528050465100982,"standard_error":1.9303861682956942},"Slope":{"confidence_interval":{"confidence_level":0.95,"lower_bound":15883.102064125438,"upper_bound":15888.813339889048},"point_estimate":15885.699128262506,"standard_error":1.459492079848399},"StdDev":{"confidence_interval":{"confidence_level":0.95,"lower_bound":12.425681479220607,"upper_bound":39.164899496361386},"point_estimate":26.159933840921028,"standard_error":7.366527871907754}}