{"Mean":{"confidence_interval":{"confidence_level":0.95,"lower_bound":1951670.8747499539,"upper_bound":1974818.6250892107},"point_estimate":1961600.8495622734,"standard_error":5981.026797707943},"Median":{"confidence_interval":{"confidence_level":0.95,"lower_bound":1946352.36,"upper_bound":1948775.855670103},"point_estimate":1947311.8076923077,"standard_error":624.8396331226686},"MedianAbsDev":{"confidence_interval":{"confidence_level":0.95,"lower_bound":3470.3068597133956,"upper_bound":6899.216099245779},"point_estimate":4842.3886625152345,"standard_error":852.0851071906769},"Slope":{"confidence_interval":{"confidence_level":0.95,"lower_bound":1946285.7549298564,"upper_bound":1954698.3591081775},"point_estimate":1949467.1751322595,"standard_error":2249.6083200550434},"StdDev":{"confidence_interval":{"confidence_level":0.95,"lower_bound":17311.041311175417,"upper_bound":92035.73173331206},"point_estimate":59972.30123702873,"standard_error":19175.57338930544}}