{"Mean":{"confidence_interval":{"confidence_level":0.95,"lower_bound":27869.771738173233,"upper_bound":28098.969707917542},"point_estimate":27970.417473858906,"standard_error":59.063035686982936},"Median":{"confidence_interval":{"confidence_level":0.95,"lower_bound":27818.182379349048,"upper_bound":27846.866809116807},"point_estimate":27837.806780375537,"standard_error":7.868499463105928},"MedianAbsDev":{"confidence_interval":{"confidence_level":0.95,"lower_bound":44.761773968027626,"upper_bound":84.51803015090327},"point_estimate":63.829403558053166,"standard_error":9.895817026579673},"Slope":{"confidence_interval":{"confidence_level":0.95,"lower_bound":27820.906904202286,"upper_bound":27952.559170228567},"point_estimate":27865.36780963171,"standard_error":37.069802610953765},"StdDev":{"confidence_interval":{"confidence_level":0.95,"lower_bound":185.7439377288057,"upper_bound":868.7505221113423},"point_estimate":593.4656720195087,"standard_error":170.55333202619266}}