{"Mean":{"confidence_interval":{"confidence_level":0.95,"lower_bound":9973937.001424946,"upper_bound":10012569.302239547},"point_estimate":9992099.559681443,"standard_error":9909.337283396597},"Median":{"confidence_interval":{"confidence_level":0.95,"lower_bound":9940388.093708165,"upper_bound":9966578.272727273},"point_estimate":9946159.429144386,"standard_error":7389.248116099011},"MedianAbsDev":{"confidence_interval":{"confidence_level":0.95,"lower_bound":18786.436223390196,"upper_bound":51626.181276512616},"point_estimate":29151.172803899968,"standard_error":9069.494530470349},"Slope":{"confidence_interval":{"confidence_level":0.95,"lower_bound":9965121.540242737,"upper_bound":9997890.989057804},"point_estimate":9980741.465636175,"standard_error":8372.16062957786},"StdDev":{"confidence_interval":{"confidence_level":0.95,"lower_bound":69472.53986577877,"upper_bound":126226.82098676193},"point_estimate":99602.81253708337,"standard_error":14524.080090143387}}