{"Mean":{"confidence_interval":{"confidence_level":0.95,"lower_bound":2457.2029665016653,"upper_bound":2458.4622912017903},"point_estimate":2457.7356361657494,"standard_error":0.325700997467943},"Median":{"confidence_interval":{"confidence_level":0.95,"lower_bound":2456.736865978281,"upper_bound":2456.903630755445},"point_estimate":2456.8294729464087,"standard_error":0.04255933433878999},"MedianAbsDev":{"confidence_interval":{"confidence_level":0.95,"lower_bound":0.2308903029113755,"upper_bound":0.47750404637851096},"point_estimate":0.35870473141373194,"standard_error":0.06609691263803678},"Slope":{"confidence_interval":{"confidence_level":0.95,"lower_bound":2457.2411583159796,"upper_bound":2458.575861618616},"point_estimate":2457.8200081405125,"standard_error":0.3437307877325144},"StdDev":{"confidence_interval":{"confidence_level":0.95,"lower_bound":1.2422371126939957,"upper_bound":5.119507230672546},"point_estimate":3.2814017159112074,"standard_error":1.1170336922175021}}