{"Mean":{"confidence_interval":{"confidence_level":0.95,"lower_bound":1683.7886990048257,"upper_bound":1686.261183776243},"point_estimate":1684.9532139966527,"standard_error":0.6337051861062397},"Median":{"confidence_interval":{"confidence_level":0.95,"lower_bound":1682.1866954776972,"upper_bound":1682.924690759156},"point_estimate":1682.461857304117,"standard_error":0.19288214550660493},"MedianAbsDev":{"confidence_interval":{"confidence_level":0.95,"lower_bound":0.826963376503142,"upper_bound":1.6305271814841602},"point_estimate":1.0822443717709374,"standard_error":0.19811273741097918},"Slope":{"confidence_interval":{"confidence_level":0.95,"lower_bound":1682.411988412208,"upper_bound":1683.27504840121},"point_estimate":1682.80056814216,"standard_error":0.22084411706710919},"StdDev":{"confidence_interval":{"confidence_level":0.95,"lower_bound":4.380948090612131,"upper_bound":8.066363825788125},"point_estimate":6.34143874082101,"standard_error":0.9435792128905065}}