{"Mean":{"confidence_interval":{"confidence_level":0.95,"lower_bound":128.0975094744499,"upper_bound":128.19361895684116},"point_estimate":128.13548715601607,"standard_error":0.025395747489315636},"Median":{"confidence_interval":{"confidence_level":0.95,"lower_bound":128.07773084539843,"upper_bound":128.08348082316678},"point_estimate":128.07971050775888,"standard_error":0.0013754376467881154},"MedianAbsDev":{"confidence_interval":{"confidence_level":0.95,"lower_bound":0.00808722232902812,"upper_bound":0.01671830340058024},"point_estimate":0.012347143455748976,"standard_error":0.0021275034025506905},"Slope":{"confidence_interval":{"confidence_level":0.95,"lower_bound":128.09668672876194,"upper_bound":128.1670559202225},"point_estimate":128.12692484319757,"standard_error":0.018205330006294738},"StdDev":{"confidence_interval":{"confidence_level":0.95,"lower_bound":0.06131630972563427,"upper_bound":0.4200585311935792},"point_estimate":0.2560681079021406,"standard_error":0.11079038913689425}}