{"Mean":{"confidence_interval":{"confidence_level":0.95,"lower_bound":70058016.34208675,"upper_bound":70287985.67979638},"point_estimate":70148054.15055472,"standard_error":61407.69615247668},"Median":{"confidence_interval":{"confidence_level":0.95,"lower_bound":70034668.28685898,"upper_bound":70086321.6031399},"point_estimate":70064566.51480263,"standard_error":13031.749844582668},"MedianAbsDev":{"confidence_interval":{"confidence_level":0.95,"lower_bound":96157.7977958159,"upper_bound":168872.48731136063},"point_estimate":124990.12293986954,"standard_error":18444.910610075058},"Slope":{"confidence_interval":{"confidence_level":0.95,"lower_bound":70049422.17184463,"upper_bound":70095360.1532276},"point_estimate":70071343.6434757,"standard_error":11739.286584452775},"StdDev":{"confidence_interval":{"confidence_level":0.95,"lower_bound":173728.50768822737,"upper_bound":1016883.5363547902},"point_estimate":617555.9597382374,"standard_error":275919.99953127274}}