{"Mean":{"confidence_interval":{"confidence_level":0.95,"lower_bound":2257858.678656571,"upper_bound":2333406.448136253},"point_estimate":2285148.705041624,"standard_error":21920.0309998341},"Median":{"confidence_interval":{"confidence_level":0.95,"lower_bound":2247183.8435897436,"upper_bound":2250624.499233716},"point_estimate":2248640.477165725,"standard_error":932.1553116427234},"MedianAbsDev":{"confidence_interval":{"confidence_level":0.95,"lower_bound":3894.70524276005,"upper_bound":8393.372728321574},"point_estimate":5784.626496154779,"standard_error":1195.1743438943174},"Slope":{"confidence_interval":{"confidence_level":0.95,"lower_bound":2252206.330377153,"upper_bound":2267313.580990288},"point_estimate":2259024.173193439,"standard_error":3882.988444779634},"StdDev":{"confidence_interval":{"confidence_level":0.95,"lower_bound":28598.021958075162,"upper_bound":373552.55005223956},"point_estimate":220029.498212321,"standard_error":119864.93735817992}}