{"Mean":{"confidence_interval":{"confidence_level":0.95,"lower_bound":958.641394468171,"upper_bound":959.0707093968999},"point_estimate":958.8306386814195,"standard_error":0.11021781151391087},"Median":{"confidence_interval":{"confidence_level":0.95,"lower_bound":958.5326644958784,"upper_bound":958.656077197578},"point_estimate":958.5998815407347,"standard_error":0.032753738688346884},"MedianAbsDev":{"confidence_interval":{"confidence_level":0.95,"lower_bound":0.19057893629441836,"upper_bound":0.30703564387868887},"point_estimate":0.24889164998593163,"standard_error":0.02915640160577811},"Slope":{"confidence_interval":{"confidence_level":0.95,"lower_bound":958.6257623161555,"upper_bound":959.4446252051373},"point_estimate":958.9409678510727,"standard_error":0.22005785215550505},"StdDev":{"confidence_interval":{"confidence_level":0.95,"lower_bound":0.47190277760901544,"upper_bound":1.6257151674751151},"point_estimate":1.1087742581411586,"standard_error":0.2942354836198398}}