{"Mean":{"confidence_interval":{"confidence_level":0.95,"lower_bound":221636.1686197627,"upper_bound":221823.763780038},"point_estimate":221728.04263536137,"standard_error":47.92274172336519},"Median":{"confidence_interval":{"confidence_level":0.95,"lower_bound":221386.7740530303,"upper_bound":221531.81333333332},"point_estimate":221415.3607142857,"standard_error":52.62067540428011},"MedianAbsDev":{"confidence_interval":{"confidence_level":0.95,"lower_bound":74.73418958424062,"upper_bound":368.971307642991},"point_estimate":137.1071333723186,"standard_error":80.20760431241553},"Slope":{"confidence_interval":{"confidence_level":0.95,"lower_bound":221936.5134615468,"upper_bound":222137.30485694075},"point_estimate":222044.9248996601,"standard_error":51.04514137449237},"StdDev":{"confidence_interval":{"confidence_level":0.95,"lower_bound":419.64721634918527,"upper_bound":544.8304705559485},"point_estimate":481.01351946622634,"standard_error":32.05757965694992}}