{"Mean":{"confidence_interval":{"confidence_level":0.95,"lower_bound":15384.199960323303,"upper_bound":15563.314710357663},"point_estimate":15465.665107152108,"standard_error":45.878477630267184},"Median":{"confidence_interval":{"confidence_level":0.95,"lower_bound":15312.547478070177,"upper_bound":15347.652657004832},"point_estimate":15334.649731874732,"standard_error":11.760119881598603},"MedianAbsDev":{"confidence_interval":{"confidence_level":0.95,"lower_bound":62.2626139235054,"upper_bound":104.8334511941698},"point_estimate":80.37006556032513,"standard_error":11.536363472942963},"Slope":{"confidence_interval":{"confidence_level":0.95,"lower_bound":15327.434694442896,"upper_bound":15552.403845635285},"point_estimate":15424.638500911286,"standard_error":58.18025330900247},"StdDev":{"confidence_interval":{"confidence_level":0.95,"lower_bound":256.48491558098686,"upper_bound":622.0546530085128},"point_estimate":461.47648783786747,"standard_error":92.93488918228839}}