{"Mean":{"confidence_interval":{"confidence_level":0.95,"lower_bound":1290.121203662111,"upper_bound":1290.7949744337766},"point_estimate":1290.4422025379383,"standard_error":0.17255989811881678},"Median":{"confidence_interval":{"confidence_level":0.95,"lower_bound":1289.7168719951924,"upper_bound":1289.822630843496},"point_estimate":1289.7653134391244,"standard_error":0.0273079222334982},"MedianAbsDev":{"confidence_interval":{"confidence_level":0.95,"lower_bound":0.16021051798905642,"upper_bound":0.341125440728033},"point_estimate":0.2514974974774602,"standard_error":0.04768246109449159},"Slope":{"confidence_interval":{"confidence_level":0.95,"lower_bound":1290.4969919033347,"upper_bound":1291.6341929182263},"point_estimate":1291.062961484348,"standard_error":0.2903360430501724},"StdDev":{"confidence_interval":{"confidence_level":0.95,"lower_bound":1.342939559251044,"upper_bound":2.051909846567461},"point_estimate":1.7422904122855243,"standard_error":0.18144383597162939}}