{"Mean":{"confidence_interval":{"confidence_level":0.95,"lower_bound":1445.52876710331,"upper_bound":1445.9200157774221},"point_estimate":1445.7069823323004,"standard_error":0.10013499074812272},"Median":{"confidence_interval":{"confidence_level":0.95,"lower_bound":1445.3114593769383,"upper_bound":1445.380894953983},"point_estimate":1445.3299043908703,"standard_error":0.01716038980609639},"MedianAbsDev":{"confidence_interval":{"confidence_level":0.95,"lower_bound":0.07506259162560758,"upper_bound":0.17448501650179007},"point_estimate":0.11178504911034512,"standard_error":0.02415456547666574},"Slope":{"confidence_interval":{"confidence_level":0.95,"lower_bound":1445.542834796296,"upper_bound":1446.0270447571081},"point_estimate":1445.7653633056082,"standard_error":0.12422084845226244},"StdDev":{"confidence_interval":{"confidence_level":0.95,"lower_bound":0.5743716899456637,"upper_bound":1.373449790526913},"point_estimate":1.0044552601914412,"standard_error":0.20559693826957337}}