{"Mean":{"confidence_interval":{"confidence_level":0.95,"lower_bound":1082.0941300750317,"upper_bound":1082.7898136482686},"point_estimate":1082.3854204556928,"standard_error":0.18031790128653585},"Median":{"confidence_interval":{"confidence_level":0.95,"lower_bound":1081.786543025887,"upper_bound":1082.237932604736},"point_estimate":1081.9736152508694,"standard_error":0.14406302057621218},"MedianAbsDev":{"confidence_interval":{"confidence_level":0.95,"lower_bound":0.4620243502929994,"upper_bound":0.8085313169919469},"point_estimate":0.5982595026756437,"standard_error":0.09381824548230716},"Slope":{"confidence_interval":{"confidence_level":0.95,"lower_bound":1082.069756897051,"upper_bound":1082.3652660070559},"point_estimate":1082.2088541709566,"standard_error":0.07541589801163565},"StdDev":{"confidence_interval":{"confidence_level":0.95,"lower_bound":0.7204345537699829,"upper_bound":2.8688876194835884},"point_estimate":1.8193771573045479,"standard_error":0.662672697736257}}