{"Mean":{"confidence_interval":{"confidence_level":0.95,"lower_bound":2810242.070942724,"upper_bound":2831101.4547502035},"point_estimate":2819516.935319351,"standard_error":5366.050625597585},"Median":{"confidence_interval":{"confidence_level":0.95,"lower_bound":2803507.174242424,"upper_bound":2806302.8579234974},"point_estimate":2804212.1469072164,"standard_error":685.2425469343625},"MedianAbsDev":{"confidence_interval":{"confidence_level":0.95,"lower_bound":5286.353701394918,"upper_bound":9724.079798355437},"point_estimate":6967.120180290374,"standard_error":997.2764426087108},"Slope":{"confidence_interval":{"confidence_level":0.95,"lower_bound":2803355.615921333,"upper_bound":2816654.8626397355},"point_estimate":2808752.2885384955,"standard_error":3506.526948137837},"StdDev":{"confidence_interval":{"confidence_level":0.95,"lower_bound":24783.4109569975,"upper_bound":77532.13622153082},"point_estimate":53718.10309679825,"standard_error":13547.363743280059}}