{"Mean":{"confidence_interval":{"confidence_level":0.95,"lower_bound":21334.53658988566,"upper_bound":21345.868738335765},"point_estimate":21339.571996601277,"standard_error":2.918873146541902},"Median":{"confidence_interval":{"confidence_level":0.95,"lower_bound":21328.63567367562,"upper_bound":21331.625531914895},"point_estimate":21329.579156148575,"standard_error":0.7103441601672456},"MedianAbsDev":{"confidence_interval":{"confidence_level":0.95,"lower_bound":3.006039042377746,"upper_bound":6.269394784981921},"point_estimate":4.278306558983629,"standard_error":0.7841920340663512},"Slope":{"confidence_interval":{"confidence_level":0.95,"lower_bound":21333.80288734068,"upper_bound":21346.579786524366},"point_estimate":21339.36854296036,"standard_error":3.2905459178360132},"StdDev":{"confidence_interval":{"confidence_level":0.95,"lower_bound":14.457124829876445,"upper_bound":43.34169946023906},"point_estimate":29.407186083539322,"standard_error":7.780103822552843}}