{"Mean":{"confidence_interval":{"confidence_level":0.95,"lower_bound":777300.7988048173,"upper_bound":777549.1847237569},"point_estimate":777416.8014860338,"standard_error":63.53043987999303},"Median":{"confidence_interval":{"confidence_level":0.95,"lower_bound":777186.24375,"upper_bound":777291.7676470588},"point_estimate":777219.0878968254,"standard_error":29.916517684815453},"MedianAbsDev":{"confidence_interval":{"confidence_level":0.95,"lower_bound":181.51720803865035,"upper_bound":282.4092036818321},"point_estimate":228.81344341913385,"standard_error":24.901618748219768},"Slope":{"confidence_interval":{"confidence_level":0.95,"lower_bound":777239.5149196627,"upper_bound":777628.1702600953},"point_estimate":777410.3950421162,"standard_error":100.35816579914383},"StdDev":{"confidence_interval":{"confidence_level":0.95,"lower_bound":419.40247414386045,"upper_bound":823.182110073724},"point_estimate":638.3540603912884,"standard_error":103.23052791243563}}