{"Mean":{"confidence_interval":{"confidence_level":0.95,"lower_bound":314464.92052822764,"upper_bound":314622.3597506297},"point_estimate":314539.0526670982,"standard_error":40.25774064610755},"Median":{"confidence_interval":{"confidence_level":0.95,"lower_bound":314437.9018794914,"upper_bound":314548.765625},"point_estimate":314500.220729638,"standard_error":28.553707789535707},"MedianAbsDev":{"confidence_interval":{"confidence_level":0.95,"lower_bound":186.54985065632965,"upper_bound":339.20288515440205},"point_estimate":249.8441962006887,"standard_error":39.12504601225823},"Slope":{"confidence_interval":{"confidence_level":0.95,"lower_bound":314551.94879788964,"upper_bound":314769.5293483484},"point_estimate":314658.3639160633,"standard_error":55.658421146608255},"StdDev":{"confidence_interval":{"confidence_level":0.95,"lower_bound":275.7457121552439,"upper_bound":545.3935836438657},"point_estimate":404.79025776660063,"standard_error":72.8911764254461}}