{"Mean":{"confidence_interval":{"confidence_level":0.95,"lower_bound":705.7989700421475,"upper_bound":708.0716581410641},"point_estimate":706.9442482968135,"standard_error":0.5787796857403629},"Median":{"confidence_interval":{"confidence_level":0.95,"lower_bound":704.5466430059912,"upper_bound":708.6521664201562},"point_estimate":707.4831430816157,"standard_error":1.0295059877503119},"MedianAbsDev":{"confidence_interval":{"confidence_level":0.95,"lower_bound":4.658722860324526,"upper_bound":6.680904179384594},"point_estimate":5.632851539822711,"standard_error":0.5157674491822329},"Slope":{"confidence_interval":{"confidence_level":0.95,"lower_bound":706.7129232749486,"upper_bound":709.2456777859617},"point_estimate":707.9906578211386,"standard_error":0.647073555885481},"StdDev":{"confidence_interval":{"confidence_level":0.95,"lower_bound":4.876533082475232,"upper_bound":6.687892952152862},"point_estimate":5.81733708725629,"standard_error":0.4637402577668769}}