{"Mean":{"confidence_interval":{"confidence_level":0.95,"lower_bound":11790.527328867925,"upper_bound":11916.524544162732},"point_estimate":11847.247863149094,"standard_error":32.25342515118836},"Median":{"confidence_interval":{"confidence_level":0.95,"lower_bound":11751.705238704177,"upper_bound":11768.053304093566},"point_estimate":11761.923373737372,"standard_error":4.212764316096192},"MedianAbsDev":{"confidence_interval":{"confidence_level":0.95,"lower_bound":28.14183930969335,"upper_bound":55.96379533977904},"point_estimate":38.58915901267111,"standard_error":7.121213658943448},"Slope":{"confidence_interval":{"confidence_level":0.95,"lower_bound":11771.281953728483,"upper_bound":11953.79938933697},"point_estimate":11848.466371075316,"standard_error":47.645838412053735},"StdDev":{"confidence_interval":{"confidence_level":0.95,"lower_bound":172.41039544837957,"upper_bound":440.2669490565502},"point_estimate":323.8418036227953,"standard_error":68.31130639868175}}