{"Mean":{"confidence_interval":{"confidence_level":0.95,"lower_bound":350274.49786958686,"upper_bound":353349.98341266095},"point_estimate":351663.5563299683,"standard_error":790.8802964189047},"Median":{"confidence_interval":{"confidence_level":0.95,"lower_bound":349174.2738095238,"upper_bound":349772.7831325301},"point_estimate":349415.9078125,"standard_error":132.1005727113748},"MedianAbsDev":{"confidence_interval":{"confidence_level":0.95,"lower_bound":634.971232970278,"upper_bound":1186.042807637376},"point_estimate":876.0743147496052,"standard_error":134.6867274260153},"Slope":{"confidence_interval":{"confidence_level":0.95,"lower_bound":349258.3058699912,"upper_bound":351475.34089088335},"point_estimate":350139.8031358061,"standard_error":586.4360116580727},"StdDev":{"confidence_interval":{"confidence_level":0.95,"lower_bound":4240.317435449964,"upper_bound":10800.404761215368},"point_estimate":7956.069161488727,"standard_error":1681.6143596412032}}