{"Mean":{"confidence_interval":{"confidence_level":0.95,"lower_bound":451862.27949438046,"upper_bound":454631.2364344053},"point_estimate":453079.5534189649,"standard_error":710.9032986936247},"Median":{"confidence_interval":{"confidence_level":0.95,"lower_bound":450924.31395348837,"upper_bound":451488.6031746032},"point_estimate":451192.0342609397,"standard_error":130.02852774488028},"MedianAbsDev":{"confidence_interval":{"confidence_level":0.95,"lower_bound":682.1410423524577,"upper_bound":1282.4330335390753},"point_estimate":1060.455370756463,"standard_error":160.48985224210827},"Slope":{"confidence_interval":{"confidence_level":0.95,"lower_bound":450910.284933534,"upper_bound":452972.0375600369},"point_estimate":451736.267476479,"standard_error":540.535516055745},"StdDev":{"confidence_interval":{"confidence_level":0.95,"lower_bound":2835.256400133773,"upper_bound":10565.591163179355},"point_estimate":7147.4526965243795,"standard_error":1972.3778491302583}}