{"Mean":{"confidence_interval":{"confidence_level":0.95,"lower_bound":167494.73157270002,"upper_bound":168719.82982026425},"point_estimate":168050.5070452147,"standard_error":313.9722857276412},"Median":{"confidence_interval":{"confidence_level":0.95,"lower_bound":166918.53385416666,"upper_bound":167197.2},"point_estimate":166999.08977361437,"standard_error":66.37362150665977},"MedianAbsDev":{"confidence_interval":{"confidence_level":0.95,"lower_bound":480.25395711480434,"upper_bound":1013.4048627611176},"point_estimate":659.5493185117812,"standard_error":141.12434802340238},"Slope":{"confidence_interval":{"confidence_level":0.95,"lower_bound":166775.98749544355,"upper_bound":167181.77205690608},"point_estimate":166963.8274434757,"standard_error":103.58544866552417},"StdDev":{"confidence_interval":{"confidence_level":0.95,"lower_bound":1665.3766876088755,"upper_bound":4339.081829173852},"point_estimate":3151.566070057774,"standard_error":678.6428004686793}}