{"Mean":{"confidence_interval":{"confidence_level":0.95,"lower_bound":11894.46793467042,"upper_bound":11899.162735767253},"point_estimate":11896.600858869211,"standard_error":1.20589823284706},"Median":{"confidence_interval":{"confidence_level":0.95,"lower_bound":11892.136243386243,"upper_bound":11893.637896825398},"point_estimate":11892.731663929939,"standard_error":0.40570294474888224},"MedianAbsDev":{"confidence_interval":{"confidence_level":0.95,"lower_bound":1.54552489680406,"upper_bound":2.76320900698501},"point_estimate":2.264908849461491,"standard_error":0.3104366272540132},"Slope":{"confidence_interval":{"confidence_level":0.95,"lower_bound":11894.661483550526,"upper_bound":11899.622574167079},"point_estimate":11896.898698445537,"standard_error":1.2751656577109007},"StdDev":{"confidence_interval":{"confidence_level":0.95,"lower_bound":6.709298516557296,"upper_bound":17.190096390639976},"point_estimate":12.090403287671867,"standard_error":2.7842374721659886}}