{"Mean":{"confidence_interval":{"confidence_level":0.95,"lower_bound":332362.0294708327,"upper_bound":332602.11738126125},"point_estimate":332458.7206638373,"standard_error":62.83032295637061},"Median":{"confidence_interval":{"confidence_level":0.95,"lower_bound":332302.13333333336,"upper_bound":332307.31862745096},"point_estimate":332304.4531573499,"standard_error":1.2918229790660156},"MedianAbsDev":{"confidence_interval":{"confidence_level":0.95,"lower_bound":7.7318463068043854,"upper_bound":19.302281514851597},"point_estimate":11.694482484721211,"standard_error":3.132692924625211},"Slope":{"confidence_interval":{"confidence_level":0.95,"lower_bound":332339.47111911216,"upper_bound":332444.0857506509},"point_estimate":332388.3730545293,"standard_error":26.861596406688395},"StdDev":{"confidence_interval":{"confidence_level":0.95,"lower_bound":194.2837172486112,"upper_bound":1024.0784760846045},"point_estimate":633.4904789317711,"standard_error":256.8718690556745}}