{"Mean":{"confidence_interval":{"confidence_level":0.95,"lower_bound":5662.16251995882,"upper_bound":5757.864793020216},"point_estimate":5705.814542172858,"standard_error":24.472869331500675},"Median":{"confidence_interval":{"confidence_level":0.95,"lower_bound":5611.449044585987,"upper_bound":5651.390943596523},"point_estimate":5631.396733600794,"standard_error":11.290804208561228},"MedianAbsDev":{"confidence_interval":{"confidence_level":0.95,"lower_bound":38.84737752228018,"upper_bound":81.46441022079287},"point_estimate":55.977280128227505,"standard_error":11.111995792910983},"Slope":{"confidence_interval":{"confidence_level":0.95,"lower_bound":5620.203935475055,"upper_bound":5790.143491528825},"point_estimate":5692.207394182521,"standard_error":44.045216774297955},"StdDev":{"confidence_interval":{"confidence_level":0.95,"lower_bound":132.33155394423014,"upper_bound":333.57043663179667},"point_estimate":246.42678624826968,"standard_error":51.36238612938209}}