{"Mean":{"confidence_interval":{"confidence_level":0.95,"lower_bound":112.59068270809702,"upper_bound":112.66731050317495},"point_estimate":112.62532061237755,"standard_error":0.019631016936167235},"Median":{"confidence_interval":{"confidence_level":0.95,"lower_bound":112.554505112869,"upper_bound":112.58485432966859},"point_estimate":112.56688761821464,"standard_error":0.007029446792009913},"MedianAbsDev":{"confidence_interval":{"confidence_level":0.95,"lower_bound":0.04082585567191794,"upper_bound":0.06764704228535397},"point_estimate":0.050631649673270225,"standard_error":0.0066789348707923454},"Slope":{"confidence_interval":{"confidence_level":0.95,"lower_bound":112.55213709746445,"upper_bound":112.64192834844201},"point_estimate":112.58767202037363,"standard_error":0.023824631486396977},"StdDev":{"confidence_interval":{"confidence_level":0.95,"lower_bound":0.10885638341076508,"upper_bound":0.27386497972504037},"point_estimate":0.19715922434838712,"standard_error":0.04252173586904862}}