{"Mean":{"confidence_interval":{"confidence_level":0.95,"lower_bound":1938.667894368492,"upper_bound":1940.1439865053028},"point_estimate":1939.2576185349837,"standard_error":0.387963334369027},"Median":{"confidence_interval":{"confidence_level":0.95,"lower_bound":1938.372244759973,"upper_bound":1938.4954314850615},"point_estimate":1938.4354287585743,"standard_error":0.02983264654913874},"MedianAbsDev":{"confidence_interval":{"confidence_level":0.95,"lower_bound":0.20285074658740757,"upper_bound":0.3820082211596946},"point_estimate":0.28868682256209416,"standard_error":0.04674910251967674},"Slope":{"confidence_interval":{"confidence_level":0.95,"lower_bound":1938.475636543778,"upper_bound":1939.03334429496},"point_estimate":1938.730481262876,"standard_error":0.142703111643175},"StdDev":{"confidence_interval":{"confidence_level":0.95,"lower_bound":0.9286448764064769,"upper_bound":6.360815631447261},"point_estimate":3.900989724149021,"standard_error":1.6214280537546044}}