{"Mean":{"confidence_interval":{"confidence_level":0.95,"lower_bound":36874.6618488291,"upper_bound":38284.34801724839},"point_estimate":37405.033046963035,"standard_error":379.44910812410643},"Median":{"confidence_interval":{"confidence_level":0.95,"lower_bound":36712.744343099315,"upper_bound":36757.68121693122},"point_estimate":36738.94173812565,"standard_error":15.003557221262895},"MedianAbsDev":{"confidence_interval":{"confidence_level":0.95,"lower_bound":61.85771083451151,"upper_bound":124.4459820317449},"point_estimate":97.69723216302712,"standard_error":18.117508458457884},"Slope":{"confidence_interval":{"confidence_level":0.95,"lower_bound":36755.788012118326,"upper_bound":37207.43295390747},"point_estimate":36930.31799068464,"standard_error":118.90635846930466},"StdDev":{"confidence_interval":{"confidence_level":0.95,"lower_bound":537.3452110924603,"upper_bound":6359.908316354774},"point_estimate":3810.7324506775467,"standard_error":1819.7526488285132}}