{"Mean":{"confidence_interval":{"confidence_level":0.95,"lower_bound":48435.76666122011,"upper_bound":48782.16467004435},"point_estimate":48573.75549281625,"standard_error":91.11288051332183},"Median":{"confidence_interval":{"confidence_level":0.95,"lower_bound":48376.856619570906,"upper_bound":48434.616341991336},"point_estimate":48402.57476190476,"standard_error":14.106399800562533},"MedianAbsDev":{"confidence_interval":{"confidence_level":0.95,"lower_bound":79.72433475300134,"upper_bound":135.48659332578285},"point_estimate":105.95664783042793,"standard_error":14.402479714129091},"Slope":{"confidence_interval":{"confidence_level":0.95,"lower_bound":48386.5900707763,"upper_bound":49097.802784575266},"point_estimate":48620.12560549445,"standard_error":209.00710249764188},"StdDev":{"confidence_interval":{"confidence_level":0.95,"lower_bound":185.67258721604287,"upper_bound":1499.3321949593196},"point_estimate":916.3135956811868,"standard_error":386.9403491403377}}