{"Mean":{"confidence_interval":{"confidence_level":0.95,"lower_bound":1175423.0380808685,"upper_bound":1183003.1618604923},"point_estimate":1178316.7515221685,"standard_error":2058.3870806557443},"Median":{"confidence_interval":{"confidence_level":0.95,"lower_bound":1173941.868150685,"upper_bound":1175484.5384615385},"point_estimate":1174588.5476404494,"standard_error":397.25673845758536},"MedianAbsDev":{"confidence_interval":{"confidence_level":0.95,"lower_bound":2215.832695883723,"upper_bound":4045.123331442666},"point_estimate":3024.4868241429117,"standard_error":470.173907856674},"Slope":{"confidence_interval":{"confidence_level":0.95,"lower_bound":1173920.7691241638,"upper_bound":1175327.2599811654},"point_estimate":1174576.0486951382,"standard_error":361.46604926138997},"StdDev":{"confidence_interval":{"confidence_level":0.95,"lower_bound":4266.232797418373,"upper_bound":34618.08629942884},"point_estimate":20727.60382661359,"standard_error":9981.517727854492}}