{"Mean":{"confidence_interval":{"confidence_level":0.95,"lower_bound":78406.41309846342,"upper_bound":79801.25563739793},"point_estimate":78938.44621712205,"standard_error":374.0796639301023},"Median":{"confidence_interval":{"confidence_level":0.95,"lower_bound":78241.51254180602,"upper_bound":78319.20187376725},"point_estimate":78268.03394661099,"standard_error":19.376434301772285},"MedianAbsDev":{"confidence_interval":{"confidence_level":0.95,"lower_bound":92.12865648957809,"upper_bound":223.3400121275809},"point_estimate":147.44568747846327,"standard_error":33.40820548622147},"Slope":{"confidence_interval":{"confidence_level":0.95,"lower_bound":78257.4822973773,"upper_bound":78530.36104266238},"point_estimate":78350.21033931637,"standard_error":75.03001514850082},"StdDev":{"confidence_interval":{"confidence_level":0.95,"lower_bound":563.3550604310709,"upper_bound":6245.709262640498},"point_estimate":3755.585899935599,"standard_error":1755.7676367781326}}