{"Mean":{"confidence_interval":{"confidence_level":0.95,"lower_bound":2181.6977590815027,"upper_bound":2183.471636335396},"point_estimate":2182.423970493239,"standard_error":0.461638998089081},"Median":{"confidence_interval":{"confidence_level":0.95,"lower_bound":2181.2984384037018,"upper_bound":2181.3346633989113},"point_estimate":2181.3120278668007,"standard_error":0.01070295212754338},"MedianAbsDev":{"confidence_interval":{"confidence_level":0.95,"lower_bound":0.048869090125226285,"upper_bound":0.12339919560853423},"point_estimate":0.0941348213397525,"standard_error":0.019022206119980158},"Slope":{"confidence_interval":{"confidence_level":0.95,"lower_bound":2181.523232676774,"upper_bound":2182.8148865585786},"point_estimate":2182.072850682936,"standard_error":0.3347002625388426},"StdDev":{"confidence_interval":{"confidence_level":0.95,"lower_bound":1.493943583311644,"upper_bound":7.3626127208383805},"point_estimate":4.615349776503821,"standard_error":1.7491922474680361}}