{"Mean":{"confidence_interval":{"confidence_level":0.95,"lower_bound":2192.0651950985725,"upper_bound":2193.434978130051},"point_estimate":2192.6777473186066,"standard_error":0.35216532482113727},"Median":{"confidence_interval":{"confidence_level":0.95,"lower_bound":2191.680254424779,"upper_bound":2192.0527358565105},"point_estimate":2191.8667293510325,"standard_error":0.09604329361183304},"MedianAbsDev":{"confidence_interval":{"confidence_level":0.95,"lower_bound":0.6375856143818328,"upper_bound":1.3415806383780404},"point_estimate":0.8284203426941149,"standard_error":0.1799931534455178},"Slope":{"confidence_interval":{"confidence_level":0.95,"lower_bound":2191.4060584941317,"upper_bound":2192.2665560747573},"point_estimate":2191.79061512729,"standard_error":0.2212639318015805},"StdDev":{"confidence_interval":{"confidence_level":0.95,"lower_bound":1.6973893321803948,"upper_bound":5.157963340554007},"point_estimate":3.5396998411728156,"standard_error":0.9138149425763188}}