{"Mean":{"confidence_interval":{"confidence_level":0.95,"lower_bound":177124.4917775559,"upper_bound":182757.30529367013},"point_estimate":179749.71153598334,"standard_error":1446.4866031371164},"Median":{"confidence_interval":{"confidence_level":0.95,"lower_bound":172035.94540229885,"upper_bound":178500.1304563492},"point_estimate":174479.6888020833,"standard_error":1647.1973947695033},"MedianAbsDev":{"confidence_interval":{"confidence_level":0.95,"lower_bound":3511.8800681149555,"upper_bound":10568.895889551968},"point_estimate":6822.986937853713,"standard_error":1853.3208610561724},"Slope":{"confidence_interval":{"confidence_level":0.95,"lower_bound":174698.66966652332,"upper_bound":178909.96098399255},"point_estimate":176686.63575833704,"standard_error":1075.3058618211614},"StdDev":{"confidence_interval":{"confidence_level":0.95,"lower_bound":8687.75904549813,"upper_bound":19311.174894638043},"point_estimate":14565.14598565348,"standard_error":2652.7736868996526}}