{"Mean":{"confidence_interval":{"confidence_level":0.95,"lower_bound":13390.313883613571,"upper_bound":13754.151074837178},"point_estimate":13564.20368341465,"standard_error":92.7217224634104},"Median":{"confidence_interval":{"confidence_level":0.95,"lower_bound":13321.523488562092,"upper_bound":13590.355208333332},"point_estimate":13514.376549353967,"standard_error":66.96865768871298},"MedianAbsDev":{"confidence_interval":{"confidence_level":0.95,"lower_bound":566.2587754248402,"upper_bound":979.4659570901711},"point_estimate":850.1933397896794,"standard_error":104.7449908091458},"Slope":{"confidence_interval":{"confidence_level":0.95,"lower_bound":13290.542417765595,"upper_bound":13765.869655083532},"point_estimate":13511.277269792745,"standard_error":121.80788096826979},"StdDev":{"confidence_interval":{"confidence_level":0.95,"lower_bound":702.2555633754398,"upper_bound":1135.0555029843297},"point_estimate":932.913248698914,"standard_error":110.79996656551121}}