{"Mean":{"confidence_interval":{"confidence_level":0.95,"lower_bound":59197.55959181273,"upper_bound":59221.017554590544},"point_estimate":59207.88297060161,"standard_error":6.03027509111631},"Median":{"confidence_interval":{"confidence_level":0.95,"lower_bound":59191.04288138332,"upper_bound":59192.146143790844},"point_estimate":59191.548599439775,"standard_error":0.29010988925872067},"MedianAbsDev":{"confidence_interval":{"confidence_level":0.95,"lower_bound":2.2740256194788486,"upper_bound":4.430254867600355},"point_estimate":3.229229885665132,"standard_error":0.5724996232879059},"Slope":{"confidence_interval":{"confidence_level":0.95,"lower_bound":59194.416631485954,"upper_bound":59212.02596508194},"point_estimate":59202.243040012516,"standard_error":4.527592075981205},"StdDev":{"confidence_interval":{"confidence_level":0.95,"lower_bound":25.17984996160877,"upper_bound":87.8123457658747},"point_estimate":60.40966424777253,"standard_error":16.007242576478696}}