{"Mean":{"confidence_interval":{"confidence_level":0.95,"lower_bound":1119.9962149041896,"upper_bound":1120.0541525491715},"point_estimate":1120.024013713976,"standard_error":0.014765137133527142},"Median":{"confidence_interval":{"confidence_level":0.95,"lower_bound":1119.9941028113642,"upper_bound":1120.0413524384112},"point_estimate":1120.0084649896467,"standard_error":0.013717959457140206},"MedianAbsDev":{"confidence_interval":{"confidence_level":0.95,"lower_bound":0.08024250856181284,"upper_bound":0.13422987973830075},"point_estimate":0.10761706928227271,"standard_error":0.013650572071675856},"Slope":{"confidence_interval":{"confidence_level":0.95,"lower_bound":1120.0048504053646,"upper_bound":1120.0436331192896},"point_estimate":1120.0242796121984,"standard_error":0.009903319529830434},"StdDev":{"confidence_interval":{"confidence_level":0.95,"lower_bound":0.10356274498635366,"upper_bound":0.19730415232473428},"point_estimate":0.14824463145558558,"standard_error":0.02498989336268709}}