{"Mean":{"confidence_interval":{"confidence_level":0.95,"lower_bound":13843.224841054884,"upper_bound":14312.769244560273},"point_estimate":14043.191853670096,"standard_error":121.00979706959947},"Median":{"confidence_interval":{"confidence_level":0.95,"lower_bound":13693.494708994709,"upper_bound":13714.952503429355},"point_estimate":13705.643361490145,"standard_error":4.995381309365201},"MedianAbsDev":{"confidence_interval":{"confidence_level":0.95,"lower_bound":33.07297243218801,"upper_bound":68.33480593871296},"point_estimate":49.497323212810116,"standard_error":8.971024931910156},"Slope":{"confidence_interval":{"confidence_level":0.95,"lower_bound":13711.053607171441,"upper_bound":13858.500622253781},"point_estimate":13771.531884882517,"standard_error":38.82109435722066},"StdDev":{"confidence_interval":{"confidence_level":0.95,"lower_bound":493.91262695298184,"upper_bound":1891.0885472878288},"point_estimate":1220.7036333109675,"standard_error":406.1436408884772}}