{"Mean":{"confidence_interval":{"confidence_level":0.95,"lower_bound":13477.131313039401,"upper_bound":13583.022745418844},"point_estimate":13521.109964046695,"standard_error":27.69879965216599},"Median":{"confidence_interval":{"confidence_level":0.95,"lower_bound":13452.484579382513,"upper_bound":13467.936818563041},"point_estimate":13461.206728349745,"standard_error":4.137975686805082},"MedianAbsDev":{"confidence_interval":{"confidence_level":0.95,"lower_bound":21.77646524086335,"upper_bound":41.87863425703592},"point_estimate":34.205077177850875,"standard_error":5.114753678981488},"Slope":{"confidence_interval":{"confidence_level":0.95,"lower_bound":13454.727239768805,"upper_bound":13549.36585563859},"point_estimate":13486.946786398943,"standard_error":26.790291506201996},"StdDev":{"confidence_interval":{"confidence_level":0.95,"lower_bound":68.18415478641488,"upper_bound":442.92298164529416},"point_estimate":278.0855263015506,"standard_error":103.3788968841655}}