{"Mean":{"confidence_interval":{"confidence_level":0.95,"lower_bound":10050716.403789649,"upper_bound":10054313.38141805},"point_estimate":10052485.513137888,"standard_error":919.3075273265589},"Median":{"confidence_interval":{"confidence_level":0.95,"lower_bound":10048995.28256705,"upper_bound":10053431.169811321},"point_estimate":10051226.931666136,"standard_error":1341.3293735238087},"MedianAbsDev":{"confidence_interval":{"confidence_level":0.95,"lower_bound":6690.513563979975,"upper_bound":11747.883328100475},"point_estimate":9769.048955936485,"standard_error":1380.3537877736737},"Slope":{"confidence_interval":{"confidence_level":0.95,"lower_bound":10050922.998712486,"upper_bound":10055440.688050786},"point_estimate":10053212.089235999,"standard_error":1154.8229161073216},"StdDev":{"confidence_interval":{"confidence_level":0.95,"lower_bound":7674.393536410154,"upper_bound":11011.925784859937},"point_estimate":9254.9691861679,"standard_error":872.5439294197636}}