{"Mean":{"confidence_interval":{"confidence_level":0.95,"lower_bound":12693.405726985397,"upper_bound":12702.846441839041},"point_estimate":12697.235162229661,"standard_error":2.4698560845448942},"Median":{"confidence_interval":{"confidence_level":0.95,"lower_bound":12691.735805860806,"upper_bound":12692.643507726842},"point_estimate":12692.100571937073,"standard_error":0.24242554203336938},"MedianAbsDev":{"confidence_interval":{"confidence_level":0.95,"lower_bound":1.7563565418443883,"upper_bound":3.222507777546737},"point_estimate":2.404258670076986,"standard_error":0.37859774467706353},"Slope":{"confidence_interval":{"confidence_level":0.95,"lower_bound":12692.513457528978,"upper_bound":12701.189550877318},"point_estimate":12696.013063699022,"standard_error":2.290418995225737},"StdDev":{"confidence_interval":{"confidence_level":0.95,"lower_bound":6.955658435521906,"upper_bound":40.09461942443029},"point_estimate":24.862362851910767,"standard_error":9.801756543576321}}