{"Mean":{"confidence_interval":{"confidence_level":0.95,"lower_bound":8386861.546171801,"upper_bound":8445641.824418072},"point_estimate":8414993.35466398,"standard_error":15015.77289464764},"Median":{"confidence_interval":{"confidence_level":0.95,"lower_bound":8352231.614957266,"upper_bound":8393572.313953489},"point_estimate":8370607.183760684,"standard_error":9966.776489816197},"MedianAbsDev":{"confidence_interval":{"confidence_level":0.95,"lower_bound":66269.84884376815,"upper_bound":123474.41614327885},"point_estimate":95636.19858737526,"standard_error":14672.65584947697},"Slope":{"confidence_interval":{"confidence_level":0.95,"lower_bound":8406645.750613857,"upper_bound":8472875.519163832},"point_estimate":8439925.163339738,"standard_error":16873.576386940298},"StdDev":{"confidence_interval":{"confidence_level":0.95,"lower_bound":116416.23894779591,"upper_bound":179382.36761242233},"point_estimate":150195.37073561916,"standard_error":16096.555773608441}}