{"Mean":{"confidence_interval":{"confidence_level":0.95,"lower_bound":4219961.168295282,"upper_bound":4220788.836083869},"point_estimate":4220408.064607342,"standard_error":211.36174686904744},"Median":{"confidence_interval":{"confidence_level":0.95,"lower_bound":4220392.401045296,"upper_bound":4220562.421052632},"point_estimate":4220471.228947368,"standard_error":37.70581245443222},"MedianAbsDev":{"confidence_interval":{"confidence_level":0.95,"lower_bound":331.8013205917728,"upper_bound":597.8535318245541},"point_estimate":466.9852962544944,"standard_error":65.10448377392726},"Slope":{"confidence_interval":{"confidence_level":0.95,"lower_bound":4219728.9521363275,"upper_bound":4220714.32455741},"point_estimate":4220273.730054677,"standard_error":251.43328509788006},"StdDev":{"confidence_interval":{"confidence_level":0.95,"lower_bound":887.9744340703126,"upper_bound":3058.2460547387755},"point_estimate":2116.165285044784,"standard_error":547.4897673100864}}