{"Mean":{"confidence_interval":{"confidence_level":0.95,"lower_bound":1017102.2582348104,"upper_bound":1018733.1940673067},"point_estimate":1017851.2602854243,"standard_error":418.0925441281646},"Median":{"confidence_interval":{"confidence_level":0.95,"lower_bound":1016877.97125,"upper_bound":1017671.7115384615},"point_estimate":1017412.2764561116,"standard_error":284.3643560639094},"MedianAbsDev":{"confidence_interval":{"confidence_level":0.95,"lower_bound":1540.6210239506806,"upper_bound":3036.7107299384743},"point_estimate":2481.46965092991,"standard_error":376.2211207953212},"Slope":{"confidence_interval":{"confidence_level":0.95,"lower_bound":1016596.4824185914,"upper_bound":1017477.3876717592},"point_estimate":1017012.6994266292,"standard_error":224.63340184306492},"StdDev":{"confidence_interval":{"confidence_level":0.95,"lower_bound":2506.942183931359,"upper_bound":6021.221184064646},"point_estimate":4230.317795985789,"standard_error":962.1899058701184}}