{"Mean":{"confidence_interval":{"confidence_level":0.95,"lower_bound":48798.27139459326,"upper_bound":48818.66561804503},"point_estimate":48807.35709219327,"standard_error":5.2374112884613595},"Median":{"confidence_interval":{"confidence_level":0.95,"lower_bound":48792.17267917268,"upper_bound":48796.822751322754},"point_estimate":48794.28356017033,"standard_error":1.3039545568189483},"MedianAbsDev":{"confidence_interval":{"confidence_level":0.95,"lower_bound":7.172984092198185,"upper_bound":15.45451832682742},"point_estimate":10.253650450808676,"standard_error":2.162300362322045},"Slope":{"confidence_interval":{"confidence_level":0.95,"lower_bound":48794.41081170115,"upper_bound":48829.0139448583},"point_estimate":48808.26646583209,"standard_error":9.195836240799299},"StdDev":{"confidence_interval":{"confidence_level":0.95,"lower_bound":24.643682267576775,"upper_bound":74.7979057370638},"point_estimate":52.68243202111278,"standard_error":12.926326355224118}}