{"Mean":{"confidence_interval":{"confidence_level":0.95,"lower_bound":1147.7841553650833,"upper_bound":1148.7293403361793},"point_estimate":1148.1717782408482,"standard_error":0.24767124978601482},"Median":{"confidence_interval":{"confidence_level":0.95,"lower_bound":1147.6289782167535,"upper_bound":1147.684229195734},"point_estimate":1147.6519978206734,"standard_error":0.014924591185805837},"MedianAbsDev":{"confidence_interval":{"confidence_level":0.95,"lower_bound":0.0895481370388213,"upper_bound":0.16597018876157868},"point_estimate":0.11798571439822073,"standard_error":0.019097033570502034},"Slope":{"confidence_interval":{"confidence_level":0.95,"lower_bound":1147.7595843193526,"upper_bound":1148.3735580493747},"point_estimate":1148.0181409988252,"standard_error":0.15971454648392383},"StdDev":{"confidence_interval":{"confidence_level":0.95,"lower_bound":0.5521194134724262,"upper_bound":4.013627300683059},"point_estimate":2.4911370810542337,"standard_error":0.9606952889376094}}