{"Mean":{"confidence_interval":{"confidence_level":0.95,"lower_bound":60924.71293262743,"upper_bound":60968.07914447896},"point_estimate":60944.32837282241,"standard_error":11.10631565038517},"Median":{"confidence_interval":{"confidence_level":0.95,"lower_bound":60901.15103673653,"upper_bound":60917.87133520075},"point_estimate":60906.28807807347,"standard_error":4.475386344270192},"MedianAbsDev":{"confidence_interval":{"confidence_level":0.95,"lower_bound":16.729606166600504,"upper_bound":35.6668254977325},"point_estimate":23.222683875816013,"standard_error":4.772787131614051},"Slope":{"confidence_interval":{"confidence_level":0.95,"lower_bound":60904.04467195213,"upper_bound":60939.858404990824},"point_estimate":60919.0683451699,"standard_error":9.277800000392608},"StdDev":{"confidence_interval":{"confidence_level":0.95,"lower_bound":59.06288138976555,"upper_bound":157.20048382513477},"point_estimate":111.30972608486597,"standard_error":25.506740612269056}}