{"Mean":{"confidence_interval":{"confidence_level":0.95,"lower_bound":343.0687353883777,"upper_bound":343.17141778972956},"point_estimate":343.11713407242735,"standard_error":0.026324750894316247},"Median":{"confidence_interval":{"confidence_level":0.95,"lower_bound":343.0300278507826,"upper_bound":343.09704415954417},"point_estimate":343.04711511866117,"standard_error":0.018619945996379807},"MedianAbsDev":{"confidence_interval":{"confidence_level":0.95,"lower_bound":0.12430501259813594,"upper_bound":0.2252002026388294},"point_estimate":0.1561671380262079,"standard_error":0.02633583422396394},"Slope":{"confidence_interval":{"confidence_level":0.95,"lower_bound":343.06860352633186,"upper_bound":343.1894607801456},"point_estimate":343.1251957734638,"standard_error":0.03092031571060657},"StdDev":{"confidence_interval":{"confidence_level":0.95,"lower_bound":0.18643924340558599,"upper_bound":0.3402082835562465},"point_estimate":0.2647482411905138,"standard_error":0.0397404757584221}}