{"Mean":{"confidence_interval":{"confidence_level":0.95,"lower_bound":4627.949931871431,"upper_bound":4630.99788134233},"point_estimate":4629.233881306873,"standard_error":0.7919817969182378},"Median":{"confidence_interval":{"confidence_level":0.95,"lower_bound":4627.219266714594,"upper_bound":4627.381605581636},"point_estimate":4627.332276368492,"standard_error":0.04311750210987654},"MedianAbsDev":{"confidence_interval":{"confidence_level":0.95,"lower_bound":0.21984284951752456,"upper_bound":0.39100446348697215},"point_estimate":0.31141417183814096,"standard_error":0.043639668379910616},"Slope":{"confidence_interval":{"confidence_level":0.95,"lower_bound":4627.656802411245,"upper_bound":4629.701630868651},"point_estimate":4628.538009651014,"standard_error":0.5251004547028001},"StdDev":{"confidence_interval":{"confidence_level":0.95,"lower_bound":2.5037386758851756,"upper_bound":12.488719246678183},"point_estimate":7.957386596194178,"standard_error":2.7324760689723315}}