{"Mean":{"confidence_interval":{"confidence_level":0.95,"lower_bound":231598.0267403274,"upper_bound":231751.7844479341},"point_estimate":231667.66895278727,"standard_error":39.43092905642674},"Median":{"confidence_interval":{"confidence_level":0.95,"lower_bound":231521.72045007034,"upper_bound":231551.24166666667},"point_estimate":231536.61094155844,"standard_error":6.663816006514611},"MedianAbsDev":{"confidence_interval":{"confidence_level":0.95,"lower_bound":35.66790453358519,"upper_bound":71.73109036429614},"point_estimate":53.82973276008004,"standard_error":9.243426295250915},"Slope":{"confidence_interval":{"confidence_level":0.95,"lower_bound":231528.85780058682,"upper_bound":231648.37620137518},"point_estimate":231578.84948307966,"standard_error":30.992808705793713},"StdDev":{"confidence_interval":{"confidence_level":0.95,"lower_bound":217.1267329385847,"upper_bound":545.4737367721442},"point_estimate":396.5355764267203,"standard_error":84.0825519779702}}