{"Mean":{"confidence_interval":{"confidence_level":0.95,"lower_bound":251.8473031527167,"upper_bound":252.12487614260857},"point_estimate":251.95222531447428,"standard_error":0.07495387579772379},"Median":{"confidence_interval":{"confidence_level":0.95,"lower_bound":251.80034368635438,"upper_bound":251.81094664389735},"point_estimate":251.80489228185257,"standard_error":0.0022974059444650606},"MedianAbsDev":{"confidence_interval":{"confidence_level":0.95,"lower_bound":0.01010548110325671,"upper_bound":0.02232432877219375},"point_estimate":0.014675510142383653,"standard_error":0.003222880394248542},"Slope":{"confidence_interval":{"confidence_level":0.95,"lower_bound":251.83799711834047,"upper_bound":251.95228518921076},"point_estimate":251.89039040319966,"standard_error":0.029321322338918782},"StdDev":{"confidence_interval":{"confidence_level":0.95,"lower_bound":0.1525259411500699,"upper_bound":1.2529445299688402},"point_estimate":0.7522098719451691,"standard_error":0.35851209876817397}}