{"Mean":{"confidence_interval":{"confidence_level":0.95,"lower_bound":35166.34136125085,"upper_bound":35178.149913775815},"point_estimate":35171.535209780566,"standard_error":3.0437302457420765},"Median":{"confidence_interval":{"confidence_level":0.95,"lower_bound":35162.558398220244,"upper_bound":35164.563026819924},"point_estimate":35163.275291319864,"standard_error":0.47720568363795635},"MedianAbsDev":{"confidence_interval":{"confidence_level":0.95,"lower_bound":3.195435180240083,"upper_bound":5.550037254993291},"point_estimate":4.24543644240123,"standard_error":0.5980106726809767},"Slope":{"confidence_interval":{"confidence_level":0.95,"lower_bound":35164.3250611327,"upper_bound":35174.42194060958},"point_estimate":35168.83116676773,"standard_error":2.6093630920396405},"StdDev":{"confidence_interval":{"confidence_level":0.95,"lower_bound":14.029257741492124,"upper_bound":45.292213546379735},"point_estimate":30.487533245777467,"standard_error":8.395804720924247}}