{"Mean":{"confidence_interval":{"confidence_level":0.95,"lower_bound":5559.370556910124,"upper_bound":5561.687057591412},"point_estimate":5560.407361422698,"standard_error":0.5959135318530001},"Median":{"confidence_interval":{"confidence_level":0.95,"lower_bound":5558.653311219739,"upper_bound":5558.899274576836},"point_estimate":5558.780256614893,"standard_error":0.05572866495018946},"MedianAbsDev":{"confidence_interval":{"confidence_level":0.95,"lower_bound":0.4324370591659404,"upper_bound":0.7105795847054879},"point_estimate":0.5757929517830787,"standard_error":0.06804330286135321},"Slope":{"confidence_interval":{"confidence_level":0.95,"lower_bound":5559.143426747957,"upper_bound":5563.279659903123},"point_estimate":5560.8523896695515,"standard_error":1.0840188697899449},"StdDev":{"confidence_interval":{"confidence_level":0.95,"lower_bound":2.836749431876828,"upper_bound":8.355760377475287},"point_estimate":5.977935907517942,"standard_error":1.3888940276522461}}