{"Mean":{"confidence_interval":{"confidence_level":0.95,"lower_bound":69903.12110627997,"upper_bound":70472.93615614409},"point_estimate":70168.97621194691,"standard_error":146.7008736371202},"Median":{"confidence_interval":{"confidence_level":0.95,"lower_bound":69606.4875,"upper_bound":70036.1576305221},"point_estimate":69762.141,"standard_error":107.98635528954811},"MedianAbsDev":{"confidence_interval":{"confidence_level":0.95,"lower_bound":587.2224319080651,"upper_bound":1056.9012309920183},"point_estimate":855.8357605135624,"standard_error":113.38841484754454},"Slope":{"confidence_interval":{"confidence_level":0.95,"lower_bound":69408.37664890276,"upper_bound":69728.57394862465},"point_estimate":69563.04235318457,"standard_error":81.79999913885536},"StdDev":{"confidence_interval":{"confidence_level":0.95,"lower_bound":897.7269805516128,"upper_bound":2004.0050578428406},"point_estimate":1477.4599165065115,"standard_error":286.8595059013206}}