{"Mean":{"confidence_interval":{"confidence_level":0.95,"lower_bound":245547.80455566628,"upper_bound":248198.91655544343},"point_estimate":246694.71043145086,"standard_error":684.4901404888664},"Median":{"confidence_interval":{"confidence_level":0.95,"lower_bound":244852.12903225806,"upper_bound":245122.922169059},"point_estimate":244955.41834677418,"standard_error":76.95270926942304},"MedianAbsDev":{"confidence_interval":{"confidence_level":0.95,"lower_bound":402.50193908812463,"upper_bound":806.2675676220257},"point_estimate":602.7975812373899,"standard_error":107.95381175241815},"Slope":{"confidence_interval":{"confidence_level":0.95,"lower_bound":244860.29406996683,"upper_bound":246335.55284055258},"point_estimate":245442.39305689375,"standard_error":386.5669642575322},"StdDev":{"confidence_interval":{"confidence_level":0.95,"lower_bound":2458.9100998808453,"upper_bound":10474.547936597297},"point_estimate":6852.982019525931,"standard_error":2095.7116832782667}}