{"Mean":{"confidence_interval":{"confidence_level":0.95,"lower_bound":247601.85003654656,"upper_bound":255317.58685793527},"point_estimate":250397.77201266264,"standard_error":2228.4298584568405},"Median":{"confidence_interval":{"confidence_level":0.95,"lower_bound":246791.33680555556,"upper_bound":247158.04710144928},"point_estimate":247011.93054812832,"standard_error":85.03274452330007},"MedianAbsDev":{"confidence_interval":{"confidence_level":0.95,"lower_bound":484.4091381385426,"upper_bound":846.7439506399795},"point_estimate":629.9059974424179,"standard_error":93.51273145413015},"Slope":{"confidence_interval":{"confidence_level":0.95,"lower_bound":246944.72458115546,"upper_bound":247988.1499545937},"point_estimate":247385.07470518694,"standard_error":270.48512344337496},"StdDev":{"confidence_interval":{"confidence_level":0.95,"lower_bound":2767.3226774117275,"upper_bound":37887.25417338866},"point_estimate":22344.42771793996,"standard_error":12075.142098823013}}