{"Mean":{"confidence_interval":{"confidence_level":0.95,"lower_bound":817.0297307811743,"upper_bound":817.3132106656833},"point_estimate":817.154848301002,"standard_error":0.07280376794095282},"Median":{"confidence_interval":{"confidence_level":0.95,"lower_bound":816.9369171543517,"upper_bound":817.0100202791364},"point_estimate":816.9825887091815,"standard_error":0.01975747864675777},"MedianAbsDev":{"confidence_interval":{"confidence_level":0.95,"lower_bound":0.12847507264830574,"upper_bound":0.208592209019777},"point_estimate":0.17074323254776244,"standard_error":0.02131206590846005},"Slope":{"confidence_interval":{"confidence_level":0.95,"lower_bound":816.9365924744052,"upper_bound":817.1892636283989},"point_estimate":817.0281653808206,"standard_error":0.06975260372059408},"StdDev":{"confidence_interval":{"confidence_level":0.95,"lower_bound":0.3696955536780383,"upper_bound":1.0770249912638137},"point_estimate":0.7307987337939983,"standard_error":0.1942512177133682}}