{"Mean":{"confidence_interval":{"confidence_level":0.95,"lower_bound":59174.64625546984,"upper_bound":60924.69449344318},"point_estimate":59861.09178951146,"standard_error":465.03846355206514},"Median":{"confidence_interval":{"confidence_level":0.95,"lower_bound":58937.385425812114,"upper_bound":59030.70874223815},"point_estimate":58991.47962083384,"standard_error":20.94072327586426},"MedianAbsDev":{"confidence_interval":{"confidence_level":0.95,"lower_bound":106.40153361656883,"upper_bound":210.2138667736737},"point_estimate":145.1453529151444,"standard_error":26.46758234837147},"Slope":{"confidence_interval":{"confidence_level":0.95,"lower_bound":59032.16903341592,"upper_bound":59757.562443943054},"point_estimate":59319.2695946592,"standard_error":192.05978728744628},"StdDev":{"confidence_interval":{"confidence_level":0.95,"lower_bound":691.3357773373729,"upper_bound":7685.211309195744},"point_estimate":4670.831916796469,"standard_error":2060.116390792255}}