{"Mean":{"confidence_interval":{"confidence_level":0.95,"lower_bound":222433.57573814873,"upper_bound":222521.58681782024},"point_estimate":222472.99113955264,"standard_error":22.62029566111445},"Median":{"confidence_interval":{"confidence_level":0.95,"lower_bound":222399.95189873417,"upper_bound":222419.46879060467},"point_estimate":222410.89825119235,"standard_error":4.429753363931085},"MedianAbsDev":{"confidence_interval":{"confidence_level":0.95,"lower_bound":28.086830085970927,"upper_bound":57.637868790912776},"point_estimate":39.37373807117055,"standard_error":8.053654509193919},"Slope":{"confidence_interval":{"confidence_level":0.95,"lower_bound":222422.25699003533,"upper_bound":222554.2629436713},"point_estimate":222476.86001832422,"standard_error":34.37603241607617},"StdDev":{"confidence_interval":{"confidence_level":0.95,"lower_bound":115.46951044359916,"upper_bound":328.4252404409259},"point_estimate":227.03751559933062,"standard_error":56.19335273122277}}