{"Mean":{"confidence_interval":{"confidence_level":0.95,"lower_bound":315872.01216856315,"upper_bound":316142.0607631895},"point_estimate":315989.60727606306,"standard_error":69.36843219709665},"Median":{"confidence_interval":{"confidence_level":0.95,"lower_bound":315806.8611111111,"upper_bound":315840.35813492065},"point_estimate":315823.3743055556,"standard_error":9.159606176754147},"MedianAbsDev":{"confidence_interval":{"confidence_level":0.95,"lower_bound":44.610782944866884,"upper_bound":75.74868392531793},"point_estimate":60.41634492100476,"standard_error":7.768481250590407},"Slope":{"confidence_interval":{"confidence_level":0.95,"lower_bound":315854.2316887492,"upper_bound":315950.2494269128},"point_estimate":315898.12398625683,"standard_error":24.726357580189188},"StdDev":{"confidence_interval":{"confidence_level":0.95,"lower_bound":179.99274914307793,"upper_bound":1041.9588442408578},"point_estimate":695.9845575778266,"standard_error":212.9265334674385}}