{"Mean":{"confidence_interval":{"confidence_level":0.95,"lower_bound":585.6199709803019,"upper_bound":585.8258246258072},"point_estimate":585.7120094194056,"standard_error":0.05281200230841841},"Median":{"confidence_interval":{"confidence_level":0.95,"lower_bound":585.5755792699317,"upper_bound":585.6343632958801},"point_estimate":585.6216320318665,"standard_error":0.01680349271460649},"MedianAbsDev":{"confidence_interval":{"confidence_level":0.95,"lower_bound":0.08171086664759068,"upper_bound":0.1683103687944422},"point_estimate":0.12963726955679306,"standard_error":0.021390072331961954},"Slope":{"confidence_interval":{"confidence_level":0.95,"lower_bound":585.610171274659,"upper_bound":585.8064555589018},"point_estimate":585.6984627296503,"standard_error":0.050449194137218364},"StdDev":{"confidence_interval":{"confidence_level":0.95,"lower_bound":0.2709878676731443,"upper_bound":0.7665410170462591},"point_estimate":0.5315424976187795,"standard_error":0.1302664796581539}}