{"Mean":{"confidence_interval":{"confidence_level":0.95,"lower_bound":588001.1165072275,"upper_bound":588218.8038823777},"point_estimate":588098.8831835154,"standard_error":55.90605396151213},"Median":{"confidence_interval":{"confidence_level":0.95,"lower_bound":587929.9815072303,"upper_bound":587953.9907407408},"point_estimate":587937.0643439777,"standard_error":5.8168943361509555},"MedianAbsDev":{"confidence_interval":{"confidence_level":0.95,"lower_bound":34.981679243854316,"upper_bound":61.42551218848072},"point_estimate":40.851494146520594,"standard_error":6.69479647669481},"Slope":{"confidence_interval":{"confidence_level":0.95,"lower_bound":587990.0029133555,"upper_bound":588308.4951023718},"point_estimate":588123.8934727353,"standard_error":82.73185171120011},"StdDev":{"confidence_interval":{"confidence_level":0.95,"lower_bound":292.711694682785,"upper_bound":796.7133735842338},"point_estimate":563.8734673480012,"standard_error":129.931520668027}}