{"Mean":{"confidence_interval":{"confidence_level":0.95,"lower_bound":377708.213445354,"upper_bound":380098.15104995435},"point_estimate":378792.28814447636,"standard_error":613.8533796449005},"Median":{"confidence_interval":{"confidence_level":0.95,"lower_bound":376225.52287581697,"upper_bound":377463.4347826087},"point_estimate":376663.8412878788,"standard_error":335.61212880966804},"MedianAbsDev":{"confidence_interval":{"confidence_level":0.95,"lower_bound":1295.972656538896,"upper_bound":2721.649705923161},"point_estimate":1862.7370053556956,"standard_error":354.3154052889638},"Slope":{"confidence_interval":{"confidence_level":0.95,"lower_bound":375974.79641721403,"upper_bound":376863.18722604524},"point_estimate":376380.18251219153,"standard_error":227.6366490567872},"StdDev":{"confidence_interval":{"confidence_level":0.95,"lower_bound":3496.996002248321,"upper_bound":8732.512737691508},"point_estimate":6171.510197381537,"standard_error":1383.3023015100553}}