{"Mean":{"confidence_interval":{"confidence_level":0.95,"lower_bound":153976.26542523192,"upper_bound":154048.73578443401},"point_estimate":154007.94457724475,"standard_error":18.602296524154166},"Median":{"confidence_interval":{"confidence_level":0.95,"lower_bound":153959.26388888888,"upper_bound":153964.54485294118},"point_estimate":153962.21405653172,"standard_error":1.4899855752018138},"MedianAbsDev":{"confidence_interval":{"confidence_level":0.95,"lower_bound":12.543520270383103,"upper_bound":23.620053170688138},"point_estimate":17.55258490231341,"standard_error":2.7918953845713856},"Slope":{"confidence_interval":{"confidence_level":0.95,"lower_bound":153967.70144774337,"upper_bound":154014.630342905},"point_estimate":153989.13839726403,"standard_error":12.020040786304062},"StdDev":{"confidence_interval":{"confidence_level":0.95,"lower_bound":71.28130433668099,"upper_bound":272.51029299874955},"point_estimate":186.4676300349467,"standard_error":51.92042968726612}}