{"Mean":{"confidence_interval":{"confidence_level":0.95,"lower_bound":749.970941466244,"upper_bound":750.5678981426494},"point_estimate":750.2183288962708,"standard_error":0.15525880116969817},"Median":{"confidence_interval":{"confidence_level":0.95,"lower_bound":749.804967948718,"upper_bound":750.019166944167},"point_estimate":749.9512744801741,"standard_error":0.055146148801231906},"MedianAbsDev":{"confidence_interval":{"confidence_level":0.95,"lower_bound":0.17589401534904878,"upper_bound":0.35241326495559944},"point_estimate":0.2744394131712268,"standard_error":0.04192317538674572},"Slope":{"confidence_interval":{"confidence_level":0.95,"lower_bound":749.9523281761333,"upper_bound":750.1814280681914},"point_estimate":750.059857145416,"standard_error":0.05853640454542956},"StdDev":{"confidence_interval":{"confidence_level":0.95,"lower_bound":0.42548163435109476,"upper_bound":2.496630059914785},"point_estimate":1.5646076486121434,"standard_error":0.5778842424982171}}