{"Mean":{"confidence_interval":{"confidence_level":0.95,"lower_bound":1465.3051907483443,"upper_bound":1468.8862707276016},"point_estimate":1467.1012697748772,"standard_error":0.915016280134032},"Median":{"confidence_interval":{"confidence_level":0.95,"lower_bound":1464.0078866156132,"upper_bound":1468.895999542805},"point_estimate":1466.4387196631997,"standard_error":1.480866740603244},"MedianAbsDev":{"confidence_interval":{"confidence_level":0.95,"lower_bound":7.87725970662615,"upper_bound":12.442090596344874},"point_estimate":10.518346681296897,"standard_error":1.1589464751452474},"Slope":{"confidence_interval":{"confidence_level":0.95,"lower_bound":1465.382095368971,"upper_bound":1470.1630743944015},"point_estimate":1467.8386623002857,"standard_error":1.2183138474596173},"StdDev":{"confidence_interval":{"confidence_level":0.95,"lower_bound":8.03563757905815,"upper_bound":10.238305594477968},"point_estimate":9.19656194701557,"standard_error":0.5625523795835}}