{"Mean":{"confidence_interval":{"confidence_level":0.95,"lower_bound":1489.7922104228987,"upper_bound":1489.8598812805026},"point_estimate":1489.8266418264861,"standard_error":0.017224771823387247},"Median":{"confidence_interval":{"confidence_level":0.95,"lower_bound":1489.8172185195058,"upper_bound":1489.866750841751},"point_estimate":1489.8405519964388,"standard_error":0.01293512181584135},"MedianAbsDev":{"confidence_interval":{"confidence_level":0.95,"lower_bound":0.08345759152516309,"upper_bound":0.13745221813377007},"point_estimate":0.10839774493108252,"standard_error":0.01375831749872705},"Slope":{"confidence_interval":{"confidence_level":0.95,"lower_bound":1489.8293597294091,"upper_bound":1489.8723329143754},"point_estimate":1489.852051269306,"standard_error":0.010965689033006813},"StdDev":{"confidence_interval":{"confidence_level":0.95,"lower_bound":0.13223705040274233,"upper_bound":0.20964736961424618},"point_estimate":0.17309912549314746,"standard_error":0.019771829755378577}}