{"Mean":{"confidence_interval":{"confidence_level":0.95,"lower_bound":669.6192637478435,"upper_bound":669.8727676429614},"point_estimate":669.732403372802,"standard_error":0.06527435290913895},"Median":{"confidence_interval":{"confidence_level":0.95,"lower_bound":669.5200642325896,"upper_bound":669.6204838757092},"point_estimate":669.5870727989177,"standard_error":0.03033301286375466},"MedianAbsDev":{"confidence_interval":{"confidence_level":0.95,"lower_bound":0.11173998863128008,"upper_bound":0.178039727817998},"point_estimate":0.1418844691669738,"standard_error":0.01593575018803254},"Slope":{"confidence_interval":{"confidence_level":0.95,"lower_bound":669.6376376494195,"upper_bound":670.1405770929987},"point_estimate":669.8472702960405,"standard_error":0.1318465814720727},"StdDev":{"confidence_interval":{"confidence_level":0.95,"lower_bound":0.3292696981176545,"upper_bound":0.9278367100863718},"point_estimate":0.6564207076710141,"standard_error":0.15382186388404567}}