{"Mean":{"confidence_interval":{"confidence_level":0.95,"lower_bound":831645.8152463713,"upper_bound":854858.6562620528},"point_estimate":840542.116219419,"standard_error":6201.4060510361505},"Median":{"confidence_interval":{"confidence_level":0.95,"lower_bound":827827.9985903814,"upper_bound":829015.0573076922},"point_estimate":828359.4984817815,"standard_error":305.07830043793405},"MedianAbsDev":{"confidence_interval":{"confidence_level":0.95,"lower_bound":1706.624124368077,"upper_bound":3461.8774239317345},"point_estimate":2465.1370677767327,"standard_error":454.90938319770504},"Slope":{"confidence_interval":{"confidence_level":0.95,"lower_bound":828924.2550459921,"upper_bound":837539.7921605568},"point_estimate":832314.3605556376,"standard_error":2284.196058994859},"StdDev":{"confidence_interval":{"confidence_level":0.95,"lower_bound":10508.48168302548,"upper_bound":103006.75342224227},"point_estimate":62129.68960525486,"standard_error":28536.40644676441}}