{"Mean":{"confidence_interval":{"confidence_level":0.95,"lower_bound":795491.183427943,"upper_bound":814374.8830958613},"point_estimate":802386.5356009402,"standard_error":5379.062605946895},"Median":{"confidence_interval":{"confidence_level":0.95,"lower_bound":792613.2055555555,"upper_bound":793809.2539198606},"point_estimate":793287.8547719463,"standard_error":295.9641139832037},"MedianAbsDev":{"confidence_interval":{"confidence_level":0.95,"lower_bound":1309.2639157559274,"upper_bound":2729.4621992128223},"point_estimate":1913.8278208304716,"standard_error":397.32384547254384},"Slope":{"confidence_interval":{"confidence_level":0.95,"lower_bound":793790.7917614062,"upper_bound":800314.9280413672},"point_estimate":796485.6172971774,"standard_error":1705.3670816055799},"StdDev":{"confidence_interval":{"confidence_level":0.95,"lower_bound":7306.182145214705,"upper_bound":91440.42868661042},"point_estimate":54049.866143452986,"standard_error":28590.120019196434}}