{"Mean":{"confidence_interval":{"confidence_level":0.95,"lower_bound":794334.6811880177,"upper_bound":802929.6109366948},"point_estimate":797834.9454947626,"standard_error":2246.9044654420786},"Median":{"confidence_interval":{"confidence_level":0.95,"lower_bound":792626.1971491228,"upper_bound":793323.2277777777},"point_estimate":792841.7218468469,"standard_error":190.35891243281807},"MedianAbsDev":{"confidence_interval":{"confidence_level":0.95,"lower_bound":1031.7800607708962,"upper_bound":2087.7850208291284},"point_estimate":1489.2266457476212,"standard_error":296.4595518150679},"Slope":{"confidence_interval":{"confidence_level":0.95,"lower_bound":792770.5226447678,"upper_bound":799068.3131152528},"point_estimate":795209.8410787646,"standard_error":1670.6678384514994},"StdDev":{"confidence_interval":{"confidence_level":0.95,"lower_bound":5879.22543246578,"upper_bound":36313.93473224119},"point_estimate":22554.278438100402,"standard_error":8831.863465164699}}