{"Mean":{"confidence_interval":{"confidence_level":0.95,"lower_bound":334.2883326308156,"upper_bound":334.4243612082811},"point_estimate":334.34851249856393,"standard_error":0.0350250060087432},"Median":{"confidence_interval":{"confidence_level":0.95,"lower_bound":334.24866056106134,"upper_bound":334.25516382787555},"point_estimate":334.25100308696904,"standard_error":0.0017602673614268481},"MedianAbsDev":{"confidence_interval":{"confidence_level":0.95,"lower_bound":0.012170015544375667,"upper_bound":0.028842323225950435},"point_estimate":0.017887177733972994,"standard_error":0.003992680257330543},"Slope":{"confidence_interval":{"confidence_level":0.95,"lower_bound":334.2889431410573,"upper_bound":334.4986356677773},"point_estimate":334.37719297121384,"standard_error":0.054677344417954826},"StdDev":{"confidence_interval":{"confidence_level":0.95,"lower_bound":0.1555122699002497,"upper_bound":0.5165681099392637},"point_estimate":0.3529385492621735,"standard_error":0.09362887075928714}}