{"Mean":{"confidence_interval":{"confidence_level":0.95,"lower_bound":22992.559541692215,"upper_bound":23358.64490765187},"point_estimate":23150.29984388585,"standard_error":94.46768769975647},"Median":{"confidence_interval":{"confidence_level":0.95,"lower_bound":22887.45706287683,"upper_bound":22917.651943084456},"point_estimate":22907.59109721575,"standard_error":8.368127514537168},"MedianAbsDev":{"confidence_interval":{"confidence_level":0.95,"lower_bound":40.05785697862708,"upper_bound":76.05217144702225},"point_estimate":57.20022760087312,"standard_error":9.649333936178246},"Slope":{"confidence_interval":{"confidence_level":0.95,"lower_bound":22906.159670750334,"upper_bound":23104.380261809725},"point_estimate":22990.600939992644,"standard_error":51.34722586734832},"StdDev":{"confidence_interval":{"confidence_level":0.95,"lower_bound":354.6329930660589,"upper_bound":1457.8478071309244},"point_estimate":948.4744346050794,"standard_error":297.76622697470236}}