{"Mean":{"confidence_interval":{"confidence_level":0.95,"lower_bound":3206.2232923814745,"upper_bound":3209.973136054085},"point_estimate":3207.9465285621754,"standard_error":0.9584909256495594},"Median":{"confidence_interval":{"confidence_level":0.95,"lower_bound":3204.6581137309295,"upper_bound":3204.8901474289823},"point_estimate":3204.7801770635715,"standard_error":0.059488601454652644},"MedianAbsDev":{"confidence_interval":{"confidence_level":0.95,"lower_bound":0.31293187868690725,"upper_bound":0.6146996799833632},"point_estimate":0.46879477606946035,"standard_error":0.07664794982347042},"Slope":{"confidence_interval":{"confidence_level":0.95,"lower_bound":3205.083124524868,"upper_bound":3206.5082983282136},"point_estimate":3205.693367575274,"standard_error":0.36605531204995434},"StdDev":{"confidence_interval":{"confidence_level":0.95,"lower_bound":5.872926382572132,"upper_bound":12.660528488522987},"point_estimate":9.639141156077264,"standard_error":1.7315705588339076}}