{"Mean":{"confidence_interval":{"confidence_level":0.95,"lower_bound":4619.429943939015,"upper_bound":4621.182787570761},"point_estimate":4620.205081538028,"standard_error":0.45059215638706807},"Median":{"confidence_interval":{"confidence_level":0.95,"lower_bound":4618.778682170542,"upper_bound":4619.147674418605},"point_estimate":4618.936094116516,"standard_error":0.08859011922829774},"MedianAbsDev":{"confidence_interval":{"confidence_level":0.95,"lower_bound":0.5163268802665665,"upper_bound":0.9417878713045055},"point_estimate":0.6785081289949654,"standard_error":0.10903242961443259},"Slope":{"confidence_interval":{"confidence_level":0.95,"lower_bound":4619.03101410041,"upper_bound":4622.582214051231},"point_estimate":4620.43551154199,"standard_error":0.9425411333352052},"StdDev":{"confidence_interval":{"confidence_level":0.95,"lower_bound":2.2973758619459406,"upper_bound":6.665617133462595},"point_estimate":4.5340024640728025,"standard_error":1.1747977533383251}}