{"Mean":{"confidence_interval":{"confidence_level":0.95,"lower_bound":384869.3875237701,"upper_bound":385152.48751154693},"point_estimate":384994.9923780334,"standard_error":72.81663102807585},"Median":{"confidence_interval":{"confidence_level":0.95,"lower_bound":384817.902637486,"upper_bound":384999.3141762452},"point_estimate":384930.7744628339,"standard_error":44.610998324441034},"MedianAbsDev":{"confidence_interval":{"confidence_level":0.95,"lower_bound":336.977495745819,"upper_bound":534.6568337036125},"point_estimate":461.3850350100485,"standard_error":52.1582229055649},"Slope":{"confidence_interval":{"confidence_level":0.95,"lower_bound":384897.5723009425,"upper_bound":385071.801331645},"point_estimate":384986.6282252106,"standard_error":44.50064533779903},"StdDev":{"confidence_interval":{"confidence_level":0.95,"lower_bound":381.7332813612277,"upper_bound":1105.6401325035843},"point_estimate":735.5819439454079,"standard_error":215.360443767734}}