{"Mean":{"confidence_interval":{"confidence_level":0.95,"lower_bound":621.3629383993895,"upper_bound":621.7440016231519},"point_estimate":621.5524054838847,"standard_error":0.09747835519246363},"Median":{"confidence_interval":{"confidence_level":0.95,"lower_bound":620.6676187750945,"upper_bound":621.9705990724858},"point_estimate":621.7731237448884,"standard_error":0.40644615217371227},"MedianAbsDev":{"confidence_interval":{"confidence_level":0.95,"lower_bound":0.28865601743354313,"upper_bound":1.618729439999577},"point_estimate":1.5406277563023127,"standard_error":0.3457255800213867},"Slope":{"confidence_interval":{"confidence_level":0.95,"lower_bound":621.2250076126938,"upper_bound":621.6146903402739},"point_estimate":621.4177190472075,"standard_error":0.09945638939579429},"StdDev":{"confidence_interval":{"confidence_level":0.95,"lower_bound":0.888427568047265,"upper_bound":1.0675337986451294},"point_estimate":0.9802965564331643,"standard_error":0.045749561616209536}}