{"Mean":{"confidence_interval":{"confidence_level":0.95,"lower_bound":1306.5622735776785,"upper_bound":1306.9182141100407},"point_estimate":1306.7256919923207,"standard_error":0.09134851407541818},"Median":{"confidence_interval":{"confidence_level":0.95,"lower_bound":1306.350076956904,"upper_bound":1306.5759674582234},"point_estimate":1306.4584075417765,"standard_error":0.07048119157723993},"MedianAbsDev":{"confidence_interval":{"confidence_level":0.95,"lower_bound":0.2614027822984774,"upper_bound":0.5525748797733929},"point_estimate":0.41253326606188573,"standard_error":0.08534624572633089},"Slope":{"confidence_interval":{"confidence_level":0.95,"lower_bound":1306.5968994422599,"upper_bound":1306.997804448642},"point_estimate":1306.7802815853593,"standard_error":0.10299014468725509},"StdDev":{"confidence_interval":{"confidence_level":0.95,"lower_bound":0.5235883332804833,"upper_bound":1.241279565433816},"point_estimate":0.9176602684165177,"standard_error":0.18311445791447126}}