{"Mean":{"confidence_interval":{"confidence_level":0.95,"lower_bound":195224.783647372,"upper_bound":196528.23013263868},"point_estimate":195764.70225123325,"standard_error":338.9302523968234},"Median":{"confidence_interval":{"confidence_level":0.95,"lower_bound":194798.69444444444,"upper_bound":195097.98581560285},"point_estimate":194911.4452470441,"standard_error":72.31992939512001},"MedianAbsDev":{"confidence_interval":{"confidence_level":0.95,"lower_bound":350.7873285211524,"upper_bound":691.2443989579016},"point_estimate":479.0813314487802,"standard_error":89.47285538661937},"Slope":{"confidence_interval":{"confidence_level":0.95,"lower_bound":194902.3587434285,"upper_bound":195483.24240632137},"point_estimate":195168.46991970838,"standard_error":148.91003481847866},"StdDev":{"confidence_interval":{"confidence_level":0.95,"lower_bound":1038.2443725863766,"upper_bound":5413.7389552598825},"point_estimate":3400.0012703464404,"standard_error":1256.2771048152526}}