{"Mean":{"confidence_interval":{"confidence_level":0.95,"lower_bound":431.5927928038082,"upper_bound":431.776048078292},"point_estimate":431.67448080536155,"standard_error":0.04705877791242546},"Median":{"confidence_interval":{"confidence_level":0.95,"lower_bound":431.5597973766312,"upper_bound":431.6011238766595},"point_estimate":431.5918597943082,"standard_error":0.01388801360066995},"MedianAbsDev":{"confidence_interval":{"confidence_level":0.95,"lower_bound":0.04468415235767272,"upper_bound":0.14315302247530198},"point_estimate":0.09894629302394276,"standard_error":0.02656544978478053},"Slope":{"confidence_interval":{"confidence_level":0.95,"lower_bound":431.54931548585625,"upper_bound":431.6901250022115},"point_estimate":431.61230022999047,"standard_error":0.0362292534792228},"StdDev":{"confidence_interval":{"confidence_level":0.95,"lower_bound":0.2095433031204114,"upper_bound":0.6789037486777351},"point_estimate":0.47177617917306924,"standard_error":0.1199614750686982}}