{"Mean":{"confidence_interval":{"confidence_level":0.95,"lower_bound":190.7538939528077,"upper_bound":190.9264644310269},"point_estimate":190.83530549451186,"standard_error":0.04401595661581652},"Median":{"confidence_interval":{"confidence_level":0.95,"lower_bound":190.61406400616926,"upper_bound":190.8107746472408},"point_estimate":190.69223089422627,"standard_error":0.059262913846428344},"MedianAbsDev":{"confidence_interval":{"confidence_level":0.95,"lower_bound":0.21697118510940425,"upper_bound":0.4064825314346216},"point_estimate":0.3069423117929712,"standard_error":0.05163012969294833},"Slope":{"confidence_interval":{"confidence_level":0.95,"lower_bound":190.75045886499382,"upper_bound":190.89946544243458},"point_estimate":190.82230891878842,"standard_error":0.038122169342708026},"StdDev":{"confidence_interval":{"confidence_level":0.95,"lower_bound":0.3161692325045874,"upper_bound":0.5560614705466509},"point_estimate":0.4431275106086566,"standard_error":0.06123607828725974}}