{"Mean":{"confidence_interval":{"confidence_level":0.95,"lower_bound":1807.5597597215856,"upper_bound":1809.0504451273212},"point_estimate":1808.275605158828,"standard_error":0.3819592192702294},"Median":{"confidence_interval":{"confidence_level":0.95,"lower_bound":1806.330031282586,"upper_bound":1806.687330552659},"point_estimate":1806.5322314511845,"standard_error":0.0912966466803793},"MedianAbsDev":{"confidence_interval":{"confidence_level":0.95,"lower_bound":0.5454008999731867,"upper_bound":1.4167052314121984},"point_estimate":0.9386305262190447,"standard_error":0.22632610230371575},"Slope":{"confidence_interval":{"confidence_level":0.95,"lower_bound":1808.094491221627,"upper_bound":1809.9561077913952},"point_estimate":1809.015317659013,"standard_error":0.4746582882882517},"StdDev":{"confidence_interval":{"confidence_level":0.95,"lower_bound":3.07002421170409,"upper_bound":4.458848447942979},"point_estimate":3.8312375014077777,"standard_error":0.35382139633389675}}