{"Mean":{"confidence_interval":{"confidence_level":0.95,"lower_bound":10236301.089343103,"upper_bound":10251364.62941922},"point_estimate":10243227.304575767,"standard_error":3828.9729734307557},"Median":{"confidence_interval":{"confidence_level":0.95,"lower_bound":10228982.68367347,"upper_bound":10238067.62264151},"point_estimate":10232595.332762402,"standard_error":2243.199482280341},"MedianAbsDev":{"confidence_interval":{"confidence_level":0.95,"lower_bound":13884.18583524387,"upper_bound":25201.269845132767},"point_estimate":18152.08154017993,"standard_error":2929.6320593938576},"Slope":{"confidence_interval":{"confidence_level":0.95,"lower_bound":10227385.5738504,"upper_bound":10233980.78254137},"point_estimate":10230655.348804493,"standard_error":1672.4557159338838},"StdDev":{"confidence_interval":{"confidence_level":0.95,"lower_bound":24534.864284628038,"upper_bound":53060.28453278243},"point_estimate":38706.88000558288,"standard_error":7548.480221974768}}