{"Mean":{"confidence_interval":{"confidence_level":0.95,"lower_bound":313.4413973433549,"upper_bound":313.50479089920003},"point_estimate":313.4731638668633,"standard_error":0.016159925987617063},"Median":{"confidence_interval":{"confidence_level":0.95,"lower_bound":313.4508710801394,"upper_bound":313.50649948302964},"point_estimate":313.48098538547276,"standard_error":0.013166218996690718},"MedianAbsDev":{"confidence_interval":{"confidence_level":0.95,"lower_bound":0.09383969441839698,"upper_bound":0.16615085213972566},"point_estimate":0.12026133193736718,"standard_error":0.016864471488673545},"Slope":{"confidence_interval":{"confidence_level":0.95,"lower_bound":313.4400306381941,"upper_bound":313.49133244181775},"point_estimate":313.4664115963835,"standard_error":0.01307875401528299},"StdDev":{"confidence_interval":{"confidence_level":0.95,"lower_bound":0.1290165729368641,"upper_bound":0.19362146544116754},"point_estimate":0.1621426188809475,"standard_error":0.016533542287687768}}