{"Mean":{"confidence_interval":{"confidence_level":0.95,"lower_bound":1128.2837673560537,"upper_bound":1129.1598263863784},"point_estimate":1128.6179389302067,"standard_error":0.23621298100333907},"Median":{"confidence_interval":{"confidence_level":0.95,"lower_bound":1128.1892597625301,"upper_bound":1128.2561972397161},"point_estimate":1128.2224494624365,"standard_error":0.018946011229527562},"MedianAbsDev":{"confidence_interval":{"confidence_level":0.95,"lower_bound":0.35373795670397373,"upper_bound":0.6200430573888048},"point_estimate":0.4541667064057259,"standard_error":0.058841599507844795},"Slope":{"confidence_interval":{"confidence_level":0.95,"lower_bound":1128.1113406012578,"upper_bound":1128.4944160876462},"point_estimate":1128.292306469861,"standard_error":0.09807276083078441},"StdDev":{"confidence_interval":{"confidence_level":0.95,"lower_bound":0.5730126329462645,"upper_bound":3.939972444524876},"point_estimate":2.369946983388231,"standard_error":1.1210963076657354}}