{"Mean":{"confidence_interval":{"confidence_level":0.95,"lower_bound":60323.289877371535,"upper_bound":60368.72454685091},"point_estimate":60343.049696637114,"standard_error":11.743169774798844},"Median":{"confidence_interval":{"confidence_level":0.95,"lower_bound":60311.337254901955,"upper_bound":60317.02789778812},"point_estimate":60314.249540774916,"standard_error":1.2747774437122816},"MedianAbsDev":{"confidence_interval":{"confidence_level":0.95,"lower_bound":9.368409100492688,"upper_bound":17.89888212521252},"point_estimate":12.592267792380841,"standard_error":2.256435688350427},"Slope":{"confidence_interval":{"confidence_level":0.95,"lower_bound":60316.68557206762,"upper_bound":60349.93497402242},"point_estimate":60331.083382331206,"standard_error":8.551733207919051},"StdDev":{"confidence_interval":{"confidence_level":0.95,"lower_bound":44.00656063087198,"upper_bound":178.14379763556215},"point_estimate":117.98083254619694,"standard_error":35.63462883675735}}