{"Mean":{"confidence_interval":{"confidence_level":0.95,"lower_bound":4097.055645382812,"upper_bound":4107.188625371083},"point_estimate":4102.054798527967,"standard_error":2.5850595478140885},"Median":{"confidence_interval":{"confidence_level":0.95,"lower_bound":4095.416106092639,"upper_bound":4109.504519628099},"point_estimate":4103.598601682408,"standard_error":3.4086008167254187},"MedianAbsDev":{"confidence_interval":{"confidence_level":0.95,"lower_bound":19.124732562303016,"upper_bound":29.802764253983177},"point_estimate":23.98599091868545,"standard_error":2.757866863111971},"Slope":{"confidence_interval":{"confidence_level":0.95,"lower_bound":4093.4444911527717,"upper_bound":4101.997591264329},"point_estimate":4097.826453376681,"standard_error":2.177701561518428},"StdDev":{"confidence_interval":{"confidence_level":0.95,"lower_bound":21.109816983318698,"upper_bound":31.43716281146656},"point_estimate":26.061796433201817,"standard_error":2.674127252457149}}