{"Mean":{"confidence_interval":{"confidence_level":0.95,"lower_bound":924.5467517551493,"upper_bound":925.1912997621204},"point_estimate":924.8359362109898,"standard_error":0.16589574900395468},"Median":{"confidence_interval":{"confidence_level":0.95,"lower_bound":924.336338587463,"upper_bound":924.4267035798476},"point_estimate":924.3764961280929,"standard_error":0.023045592797430254},"MedianAbsDev":{"confidence_interval":{"confidence_level":0.95,"lower_bound":0.14561932262455285,"upper_bound":0.33461045306657977},"point_estimate":0.22551837733697858,"standard_error":0.046000299525926804},"Slope":{"confidence_interval":{"confidence_level":0.95,"lower_bound":924.2700679608186,"upper_bound":924.532946360258},"point_estimate":924.3863332401872,"standard_error":0.06775300526236162},"StdDev":{"confidence_interval":{"confidence_level":0.95,"lower_bound":0.7741957215567097,"upper_bound":2.3824817055191003},"point_estimate":1.674274156530991,"standard_error":0.41096406072651004}}