{"Mean":{"confidence_interval":{"confidence_level":0.95,"lower_bound":28895.64750527381,"upper_bound":29161.908537859978},"point_estimate":29017.403659870368,"standard_error":68.45553181140103},"Median":{"confidence_interval":{"confidence_level":0.95,"lower_bound":28773.340510692684,"upper_bound":28814.43108974359},"point_estimate":28788.717276936026,"standard_error":12.506400186460494},"MedianAbsDev":{"confidence_interval":{"confidence_level":0.95,"lower_bound":55.952993679809445,"upper_bound":113.82439069360149},"point_estimate":78.52448719561113,"standard_error":15.740520595135107},"Slope":{"confidence_interval":{"confidence_level":0.95,"lower_bound":28800.70025575939,"upper_bound":29086.435397519577},"point_estimate":28916.635853683318,"standard_error":74.58004931027209},"StdDev":{"confidence_interval":{"confidence_level":0.95,"lower_bound":375.386338724881,"upper_bound":934.5840591326031},"point_estimate":691.7840684012317,"standard_error":141.93853640875022}}