{"Mean":{"confidence_interval":{"confidence_level":0.95,"lower_bound":112.67571240136073,"upper_bound":112.76491596174611},"point_estimate":112.71200064708988,"standard_error":0.02331933414898587},"Median":{"confidence_interval":{"confidence_level":0.95,"lower_bound":112.65629216708,"upper_bound":112.67271978334983},"point_estimate":112.66545611636474,"standard_error":0.004791380194593065},"MedianAbsDev":{"confidence_interval":{"confidence_level":0.95,"lower_bound":0.023175736405845936,"upper_bound":0.04135284855167715},"point_estimate":0.03011386053641623,"standard_error":0.004791666293184165},"Slope":{"confidence_interval":{"confidence_level":0.95,"lower_bound":112.67768948419307,"upper_bound":112.73738722244958},"point_estimate":112.703291320587,"standard_error":0.015444304365459977},"StdDev":{"confidence_interval":{"confidence_level":0.95,"lower_bound":0.06386075478715224,"upper_bound":0.3767801887909001},"point_estimate":0.23366370751879134,"standard_error":0.09201471457902227}}