{"Mean":{"confidence_interval":{"confidence_level":0.95,"lower_bound":1262643.379693436,"upper_bound":1277989.3695590037},"point_estimate":1269658.1333199714,"standard_error":3943.4730829231244},"Median":{"confidence_interval":{"confidence_level":0.95,"lower_bound":1254823.7428571428,"upper_bound":1257297.860215054},"point_estimate":1255666.7679738563,"standard_error":640.7289837969391},"MedianAbsDev":{"confidence_interval":{"confidence_level":0.95,"lower_bound":2767.7085357739306,"upper_bound":6014.014958472943},"point_estimate":3855.6228781178093,"standard_error":801.4143023021355},"Slope":{"confidence_interval":{"confidence_level":0.95,"lower_bound":1256919.2754709984,"upper_bound":1270122.9452498204},"point_estimate":1262518.7786522831,"standard_error":3420.7382044274914},"StdDev":{"confidence_interval":{"confidence_level":0.95,"lower_bound":22082.41249759529,"upper_bound":53965.22492987246},"point_estimate":39704.07527183995,"standard_error":8114.295503321412}}