{"Mean":{"confidence_interval":{"confidence_level":0.95,"lower_bound":1258876.5320742351,"upper_bound":1271465.9686974743},"point_estimate":1264550.5661441677,"standard_error":3241.931195648009},"Median":{"confidence_interval":{"confidence_level":0.95,"lower_bound":1254201.8392857143,"upper_bound":1256090.4705882352},"point_estimate":1255168.7533068783,"standard_error":381.3761354601323},"MedianAbsDev":{"confidence_interval":{"confidence_level":0.95,"lower_bound":2407.366791137451,"upper_bound":4304.361765151073},"point_estimate":3399.5703618678704,"standard_error":438.6204186861468},"Slope":{"confidence_interval":{"confidence_level":0.95,"lower_bound":1254817.9987271628,"upper_bound":1263276.4003174442},"point_estimate":1258025.32862125,"standard_error":2287.1031840254814},"StdDev":{"confidence_interval":{"confidence_level":0.95,"lower_bound":16297.152297421968,"upper_bound":46074.3500434045},"point_estimate":32607.72182405146,"standard_error":7656.102093553857}}