{"Mean":{"confidence_interval":{"confidence_level":0.95,"lower_bound":122601.45357156,"upper_bound":122639.40813809552},"point_estimate":122620.15689178882,"standard_error":9.653946579848807},"Median":{"confidence_interval":{"confidence_level":0.95,"lower_bound":122603.58812260536,"upper_bound":122615.5738997114},"point_estimate":122611.19298245614,"standard_error":3.499066169167751},"MedianAbsDev":{"confidence_interval":{"confidence_level":0.95,"lower_bound":17.836806782921,"upper_bound":30.99632052340317},"point_estimate":24.074948631605935,"standard_error":3.4343702262101057},"Slope":{"confidence_interval":{"confidence_level":0.95,"lower_bound":122615.38319794873,"upper_bound":122658.2679935411},"point_estimate":122635.20616160124,"standard_error":10.945367453957987},"StdDev":{"confidence_interval":{"confidence_level":0.95,"lower_bound":56.98912253452242,"upper_bound":131.00567223268007},"point_estimate":96.76700687870098,"standard_error":18.87076211567891}}