{"Mean":{"confidence_interval":{"confidence_level":0.95,"lower_bound":307293.4399303639,"upper_bound":307412.77321700554},"point_estimate":307347.3019862254,"standard_error":30.57742818902279},"Median":{"confidence_interval":{"confidence_level":0.95,"lower_bound":307260.0729166667,"upper_bound":307275.52222222224},"point_estimate":307267.3681884841,"standard_error":3.649069446068077},"MedianAbsDev":{"confidence_interval":{"confidence_level":0.95,"lower_bound":30.955605428634343,"upper_bound":61.1970409180541},"point_estimate":40.46780671227786,"standard_error":7.468722840198321},"Slope":{"confidence_interval":{"confidence_level":0.95,"lower_bound":307276.06884994236,"upper_bound":307364.6268710391},"point_estimate":307316.6367134624,"standard_error":22.70988606771627},"StdDev":{"confidence_interval":{"confidence_level":0.95,"lower_bound":155.64684958415302,"upper_bound":426.72553795014016},"point_estimate":308.2844634161722,"standard_error":68.56005580181143}}