{"Mean":{"confidence_interval":{"confidence_level":0.95,"lower_bound":329.74025147931775,"upper_bound":330.0091368108377},"point_estimate":329.85278130045447,"standard_error":0.06972139412672511},"Median":{"confidence_interval":{"confidence_level":0.95,"lower_bound":329.6076476793249,"upper_bound":329.80190983788583},"point_estimate":329.73344818099474,"standard_error":0.0647571938092037},"MedianAbsDev":{"confidence_interval":{"confidence_level":0.95,"lower_bound":0.11973430949267373,"upper_bound":0.3033970444628764},"point_estimate":0.22429490610053343,"standard_error":0.04683348559376908},"Slope":{"confidence_interval":{"confidence_level":0.95,"lower_bound":329.73853095709933,"upper_bound":329.92959749104676},"point_estimate":329.82275286944804,"standard_error":0.049180105151719465},"StdDev":{"confidence_interval":{"confidence_level":0.95,"lower_bound":0.27642781783188125,"upper_bound":1.10747031286396},"point_estimate":0.7017835888998171,"standard_error":0.25542077011062286}}