{"Mean":{"confidence_interval":{"confidence_level":0.95,"lower_bound":430199.86395922804,"upper_bound":430531.95115491207},"point_estimate":430331.9230113085,"standard_error":87.57687510809804},"Median":{"confidence_interval":{"confidence_level":0.95,"lower_bound":430131.15555555554,"upper_bound":430154.5742616034},"point_estimate":430138.3024376418,"standard_error":6.33715541578168},"MedianAbsDev":{"confidence_interval":{"confidence_level":0.95,"lower_bound":26.51470906990322,"upper_bound":48.76761938740159},"point_estimate":32.01549488615624,"standard_error":5.9555935615284605},"Slope":{"confidence_interval":{"confidence_level":0.95,"lower_bound":430173.2791988852,"upper_bound":430286.4569548012},"point_estimate":430225.6436884882,"standard_error":29.023426004012777},"StdDev":{"confidence_interval":{"confidence_level":0.95,"lower_bound":200.11734837903717,"upper_bound":1434.5008881550111},"point_estimate":879.2462051910932,"standard_error":368.7984468013246}}