{"Mean":{"confidence_interval":{"confidence_level":0.95,"lower_bound":158228.36132282685,"upper_bound":160873.07105492408},"point_estimate":159376.4883594001,"standard_error":680.6265313970118},"Median":{"confidence_interval":{"confidence_level":0.95,"lower_bound":157745.69518633542,"upper_bound":158860.37142857144},"point_estimate":158235.04498096573,"standard_error":269.1383277614761},"MedianAbsDev":{"confidence_interval":{"confidence_level":0.95,"lower_bound":1513.4536685753803,"upper_bound":2445.2057886645257},"point_estimate":1943.1026041457242,"standard_error":228.9177283689747},"Slope":{"confidence_interval":{"confidence_level":0.95,"lower_bound":158063.94964948736,"upper_bound":159453.42022205953},"point_estimate":158683.80248052525,"standard_error":355.7782259379215},"StdDev":{"confidence_interval":{"confidence_level":0.95,"lower_bound":2728.1625462528555,"upper_bound":10421.841706380514},"point_estimate":6849.593148151371,"standard_error":2069.2935956352358}}