{"Mean":{"confidence_interval":{"confidence_level":0.95,"lower_bound":658335.6686546605,"upper_bound":668233.3923053495},"point_estimate":662559.0747097702,"standard_error":2572.287346577595},"Median":{"confidence_interval":{"confidence_level":0.95,"lower_bound":655781.9493670886,"upper_bound":656919.7659544756},"point_estimate":656216.3983823529,"standard_error":298.56758723218263},"MedianAbsDev":{"confidence_interval":{"confidence_level":0.95,"lower_bound":1417.0843880345844,"upper_bound":2629.847517372072},"point_estimate":1853.2323170984796,"standard_error":298.51624963415566},"Slope":{"confidence_interval":{"confidence_level":0.95,"lower_bound":657014.36513736,"upper_bound":663144.1811254781},"point_estimate":659622.9550125609,"standard_error":1583.9265773759278},"StdDev":{"confidence_interval":{"confidence_level":0.95,"lower_bound":9120.258239856481,"upper_bound":40239.73450766322},"point_estimate":25837.527975809913,"standard_error":8715.910138934767}}