{"Mean":{"confidence_interval":{"confidence_level":0.95,"lower_bound":9343.011629179851,"upper_bound":9351.267190329896},"point_estimate":9346.715938315021,"standard_error":2.118811041275896},"Median":{"confidence_interval":{"confidence_level":0.95,"lower_bound":9336.833527520927,"upper_bound":9339.027974478791},"point_estimate":9337.357132068348,"standard_error":0.5737039880093575},"MedianAbsDev":{"confidence_interval":{"confidence_level":0.95,"lower_bound":1.8052533728337519,"upper_bound":6.2019413032163015},"point_estimate":3.140948931026815,"standard_error":1.2319391251985525},"Slope":{"confidence_interval":{"confidence_level":0.95,"lower_bound":9338.033825275808,"upper_bound":9343.534981613371},"point_estimate":9340.382177582524,"standard_error":1.4122071835933576},"StdDev":{"confidence_interval":{"confidence_level":0.95,"lower_bound":11.739941529804353,"upper_bound":30.955344969846372},"point_estimate":21.3276655762063,"standard_error":5.346629484230503}}