{"Mean":{"confidence_interval":{"confidence_level":0.95,"lower_bound":153.46363407786026,"upper_bound":153.53804927719938},"point_estimate":153.49717551853604,"standard_error":0.019040761700468707},"Median":{"confidence_interval":{"confidence_level":0.95,"lower_bound":153.44100829585983,"upper_bound":153.457680616861},"point_estimate":153.4477783263251,"standard_error":0.004296916230811414},"MedianAbsDev":{"confidence_interval":{"confidence_level":0.95,"lower_bound":0.028052952180895943,"upper_bound":0.04534896672847395},"point_estimate":0.03726375761909063,"standard_error":0.0043160837636785155},"Slope":{"confidence_interval":{"confidence_level":0.95,"lower_bound":153.4523670599081,"upper_bound":153.56736550615526},"point_estimate":153.49986041552384,"standard_error":0.030102164365896758},"StdDev":{"confidence_interval":{"confidence_level":0.95,"lower_bound":0.09271933896060666,"upper_bound":0.26433340225374247},"point_estimate":0.19160238878051497,"standard_error":0.04243254960147104}}