{"Mean":{"confidence_interval":{"confidence_level":0.95,"lower_bound":2478223.037312815,"upper_bound":2478987.9757438283},"point_estimate":2478606.86936676,"standard_error":193.5081181079622},"Median":{"confidence_interval":{"confidence_level":0.95,"lower_bound":2478326.72,"upper_bound":2478560.929223744},"point_estimate":2478489.505376344,"standard_error":55.14901065507579},"MedianAbsDev":{"confidence_interval":{"confidence_level":0.95,"lower_bound":347.15451760555584,"upper_bound":622.2706218006854},"point_estimate":487.4410219017713,"standard_error":71.416417637849},"Slope":{"confidence_interval":{"confidence_level":0.95,"lower_bound":2478732.892505774,"upper_bound":2479484.4795363983},"point_estimate":2479066.309765036,"standard_error":193.73189201168782},"StdDev":{"confidence_interval":{"confidence_level":0.95,"lower_bound":1259.383828710984,"upper_bound":2566.418914383268},"point_estimate":1939.4071335295137,"standard_error":334.29254234685646}}