{"Mean":{"confidence_interval":{"confidence_level":0.95,"lower_bound":513536.6677762979,"upper_bound":520870.2036632365},"point_estimate":516798.69921319163,"standard_error":1889.701119232944},"Median":{"confidence_interval":{"confidence_level":0.95,"lower_bound":511455.97882326005,"upper_bound":512188.2833333333},"point_estimate":511764.66781874036,"standard_error":185.40657137349888},"MedianAbsDev":{"confidence_interval":{"confidence_level":0.95,"lower_bound":1045.6156397806442,"upper_bound":1976.0528508003747},"point_estimate":1451.9622847210553,"standard_error":238.21007838314875},"Slope":{"confidence_interval":{"confidence_level":0.95,"lower_bound":511489.3422611992,"upper_bound":515739.49972830166},"point_estimate":513228.1668302054,"standard_error":1116.2530965880119},"StdDev":{"confidence_interval":{"confidence_level":0.95,"lower_bound":8727.823346417095,"upper_bound":27246.96847381115},"point_estimate":19014.5434995411,"standard_error":4757.770475170595}}