{"Mean":{"confidence_interval":{"confidence_level":0.95,"lower_bound":500144.0870394129,"upper_bound":509455.7397183003},"point_estimate":504623.45731771796,"standard_error":2367.1077358805305},"Median":{"confidence_interval":{"confidence_level":0.95,"lower_bound":499426.6666666667,"upper_bound":505195.0404040404},"point_estimate":502594.14558409574,"standard_error":1536.294667512278},"MedianAbsDev":{"confidence_interval":{"confidence_level":0.95,"lower_bound":10711.441951383975,"upper_bound":18572.625046219422},"point_estimate":13597.079694649026,"standard_error":1946.3785669488216},"Slope":{"confidence_interval":{"confidence_level":0.95,"lower_bound":499116.1354057529,"upper_bound":506967.3219345799},"point_estimate":502591.68698980345,"standard_error":2012.900960342424},"StdDev":{"confidence_interval":{"confidence_level":0.95,"lower_bound":16591.655404689787,"upper_bound":30359.957003623706},"point_estimate":23776.242271306775,"standard_error":3513.3559120837394}}