{"Mean":{"confidence_interval":{"confidence_level":0.95,"lower_bound":26350023.62108155,"upper_bound":26476056.07604559},"point_estimate":26406433.593215868,"standard_error":32357.690794280585},"Median":{"confidence_interval":{"confidence_level":0.95,"lower_bound":26292818.754522264,"upper_bound":26343203.66861055},"point_estimate":26321796.08299731,"standard_error":12785.078357199092},"MedianAbsDev":{"confidence_interval":{"confidence_level":0.95,"lower_bound":73495.2420788829,"upper_bound":127097.73613109523},"point_estimate":102575.92673742386,"standard_error":12914.317371118723},"Slope":{"confidence_interval":{"confidence_level":0.95,"lower_bound":26326246.611608807,"upper_bound":26363708.69206223},"point_estimate":26344414.021120142,"standard_error":9555.75838954339},"StdDev":{"confidence_interval":{"confidence_level":0.95,"lower_bound":133360.3788434602,"upper_bound":459399.4388212945},"point_estimate":325604.0642571301,"standard_error":78080.94617930695}}