{"Mean":{"confidence_interval":{"confidence_level":0.95,"lower_bound":84516.73430846482,"upper_bound":87194.97140990474},"point_estimate":85657.12907097756,"standard_error":693.5229012040555},"Median":{"confidence_interval":{"confidence_level":0.95,"lower_bound":83747.62103174604,"upper_bound":83904.36904761905},"point_estimate":83792.93791666666,"standard_error":37.24916606612113},"MedianAbsDev":{"confidence_interval":{"confidence_level":0.95,"lower_bound":188.30660309400082,"upper_bound":385.6212780569676},"point_estimate":246.8522446454787,"standard_error":48.60412584096852},"Slope":{"confidence_interval":{"confidence_level":0.95,"lower_bound":83806.12064967326,"upper_bound":84131.66090887098},"point_estimate":83947.17253657455,"standard_error":83.67815746184417},"StdDev":{"confidence_interval":{"confidence_level":0.95,"lower_bound":2690.242048211163,"upper_bound":10770.55820089192},"point_estimate":6954.054488074573,"standard_error":2248.355746114707}}