{"Mean":{"confidence_interval":{"confidence_level":0.95,"lower_bound":212.42760506252446,"upper_bound":212.5931029010487},"point_estimate":212.4958829941041,"standard_error":0.04318951647811814},"Median":{"confidence_interval":{"confidence_level":0.95,"lower_bound":212.39011989903446,"upper_bound":212.39667365443387},"point_estimate":212.3940356708377,"standard_error":0.001674121359881017},"MedianAbsDev":{"confidence_interval":{"confidence_level":0.95,"lower_bound":0.009927073079264038,"upper_bound":0.019446039353499325},"point_estimate":0.014213255033223765,"standard_error":0.0022870834490004133},"Slope":{"confidence_interval":{"confidence_level":0.95,"lower_bound":212.41618254961037,"upper_bound":212.51149157875048},"point_estimate":212.45671032921047,"standard_error":0.02464584012800269},"StdDev":{"confidence_interval":{"confidence_level":0.95,"lower_bound":0.1168913062779758,"upper_bound":0.6952164002154628},"point_estimate":0.4342713025385055,"standard_error":0.16452994469605658}}