{"Mean":{"confidence_interval":{"confidence_level":0.95,"lower_bound":381.06449335720777,"upper_bound":381.28204065972017},"point_estimate":381.16192822596827,"standard_error":0.056037478510386915},"Median":{"confidence_interval":{"confidence_level":0.95,"lower_bound":381.0052569017763,"upper_bound":381.0445706584521},"point_estimate":381.0224390780571,"standard_error":0.008309806033646613},"MedianAbsDev":{"confidence_interval":{"confidence_level":0.95,"lower_bound":0.0649739568913123,"upper_bound":0.105170757907053},"point_estimate":0.08635289315260694,"standard_error":0.010118706851946952},"Slope":{"confidence_interval":{"confidence_level":0.95,"lower_bound":381.05759641415045,"upper_bound":381.308040802774},"point_estimate":381.160810664725,"standard_error":0.06527076397772663},"StdDev":{"confidence_interval":{"confidence_level":0.95,"lower_bound":0.2566736709862051,"upper_bound":0.7815274956182747},"point_estimate":0.5603543431015818,"standard_error":0.1305296938189639}}