{"Mean":{"confidence_interval":{"confidence_level":0.95,"lower_bound":10358.26703366453,"upper_bound":10365.056846501126},"point_estimate":10360.825054767301,"standard_error":1.8458707919074808},"Median":{"confidence_interval":{"confidence_level":0.95,"lower_bound":10357.219308035714,"upper_bound":10358.11644736842},"point_estimate":10357.5022885101,"standard_error":0.24083327198883767},"MedianAbsDev":{"confidence_interval":{"confidence_level":0.95,"lower_bound":1.0992038837000986,"upper_bound":1.9388229899271665},"point_estimate":1.513180353107106,"standard_error":0.21943499394236948},"Slope":{"confidence_interval":{"confidence_level":0.95,"lower_bound":10357.389883033464,"upper_bound":10358.358946914195},"point_estimate":10357.80038086178,"standard_error":0.24860384284527395},"StdDev":{"confidence_interval":{"confidence_level":0.95,"lower_bound":3.476490001849571,"upper_bound":30.967409500884308},"point_estimate":18.542455307376756,"standard_error":8.935068554356388}}