{"Mean":{"confidence_interval":{"confidence_level":0.95,"lower_bound":2659665.141542251,"upper_bound":2763144.330849287},"point_estimate":2698155.9121443336,"standard_error":28212.252818419467},"Median":{"confidence_interval":{"confidence_level":0.95,"lower_bound":2645527.644831731,"upper_bound":2649227.503456221},"point_estimate":2646599.694076222,"standard_error":1062.322329471739},"MedianAbsDev":{"confidence_interval":{"confidence_level":0.95,"lower_bound":5852.581539013919,"upper_bound":10893.85718913768},"point_estimate":7675.744438255893,"standard_error":1309.276326161743},"Slope":{"confidence_interval":{"confidence_level":0.95,"lower_bound":2648966.823567619,"upper_bound":2668080.332963619},"point_estimate":2657260.184994828,"standard_error":4916.853641676556},"StdDev":{"confidence_interval":{"confidence_level":0.95,"lower_bound":43109.73424070754,"upper_bound":474670.2091025466},"point_estimate":282953.24409461895,"standard_error":139542.44743263075}}