{"Mean":{"confidence_interval":{"confidence_level":0.95,"lower_bound":597759.1331768673,"upper_bound":597988.1973013012},"point_estimate":597862.7887856812,"standard_error":58.74884236309076},"Median":{"confidence_interval":{"confidence_level":0.95,"lower_bound":597687.299291939,"upper_bound":597740.3},"point_estimate":597718.835,"standard_error":13.420169871067674},"MedianAbsDev":{"confidence_interval":{"confidence_level":0.95,"lower_bound":95.18241938914133,"upper_bound":188.82566266284104},"point_estimate":140.0861896182634,"standard_error":23.576003750306096},"Slope":{"confidence_interval":{"confidence_level":0.95,"lower_bound":597738.1568030252,"upper_bound":597914.5120674372},"point_estimate":597820.581032954,"standard_error":45.044321310835336},"StdDev":{"confidence_interval":{"confidence_level":0.95,"lower_bound":321.85499255484234,"upper_bound":846.3547850317611},"point_estimate":590.2757504398718,"standard_error":140.2370597424987}}