{"Mean":{"confidence_interval":{"confidence_level":0.95,"lower_bound":426.5872946110636,"upper_bound":426.70473586962504},"point_estimate":426.63248196926014,"standard_error":0.031249556590245944},"Median":{"confidence_interval":{"confidence_level":0.95,"lower_bound":426.57349391480733,"upper_bound":426.6088791223938},"point_estimate":426.5996746158171,"standard_error":0.008979682268991412},"MedianAbsDev":{"confidence_interval":{"confidence_level":0.95,"lower_bound":0.0600703530122594,"upper_bound":0.0900451057014546},"point_estimate":0.07596945756542521,"standard_error":0.007519068840458829},"Slope":{"confidence_interval":{"confidence_level":0.95,"lower_bound":426.56223781007077,"upper_bound":426.67191471240363},"point_estimate":426.6024225309947,"standard_error":0.029398993877578314},"StdDev":{"confidence_interval":{"confidence_level":0.95,"lower_bound":0.06610421481421823,"upper_bound":0.5214501505111888},"point_estimate":0.3144564519616219,"standard_error":0.14457112138279335}}