{"Mean":{"confidence_interval":{"confidence_level":0.95,"lower_bound":1206.3182611519264,"upper_bound":1207.813306862206},"point_estimate":1206.964538958715,"standard_error":0.3849777436685714},"Median":{"confidence_interval":{"confidence_level":0.95,"lower_bound":1206.0268473202823,"upper_bound":1206.1272793263647},"point_estimate":1206.0714556716996,"standard_error":0.025459610306782732},"MedianAbsDev":{"confidence_interval":{"confidence_level":0.95,"lower_bound":0.2302113252756909,"upper_bound":0.5597272007224654},"point_estimate":0.4274397979728529,"standard_error":0.08635371893845814},"Slope":{"confidence_interval":{"confidence_level":0.95,"lower_bound":1206.0858139925158,"upper_bound":1206.5374691368484},"point_estimate":1206.2965869265122,"standard_error":0.11565185264663731},"StdDev":{"confidence_interval":{"confidence_level":0.95,"lower_bound":1.0978504080355156,"upper_bound":5.792182546826435},"point_estimate":3.861569359001632,"standard_error":1.1823126600004439}}