{"Mean":{"confidence_interval":{"confidence_level":0.95,"lower_bound":13159.695677059764,"upper_bound":13350.901194262287},"point_estimate":13224.08829800008,"standard_error":62.309654726698646},"Median":{"confidence_interval":{"confidence_level":0.95,"lower_bound":13157.601393188854,"upper_bound":13159.73746867168},"point_estimate":13158.86302294197,"standard_error":0.5457988786548013},"MedianAbsDev":{"confidence_interval":{"confidence_level":0.95,"lower_bound":3.557454324792655,"upper_bound":5.9744995590040295},"point_estimate":5.151484685871347,"standard_error":0.6039227872455268},"Slope":{"confidence_interval":{"confidence_level":0.95,"lower_bound":13158.693743205537,"upper_bound":13164.850652118039},"point_estimate":13161.423032168495,"standard_error":1.5848177920494877},"StdDev":{"confidence_interval":{"confidence_level":0.95,"lower_bound":8.216337087438921,"upper_bound":1074.645962136958},"point_estimate":626.7657493230786,"standard_error":388.24541698919273}}