{"Mean":{"confidence_interval":{"confidence_level":0.95,"lower_bound":104326.40428914095,"upper_bound":104375.4016367237},"point_estimate":104350.44262160128,"standard_error":12.494477703239095},"Median":{"confidence_interval":{"confidence_level":0.95,"lower_bound":104302.87380952381,"upper_bound":104366.56818181818},"point_estimate":104339.96284284655,"standard_error":14.308646656504086},"MedianAbsDev":{"confidence_interval":{"confidence_level":0.95,"lower_bound":98.9445105532891,"upper_bound":156.22707257830783},"point_estimate":130.23761660114627,"standard_error":13.790875528087781},"Slope":{"confidence_interval":{"confidence_level":0.95,"lower_bound":104382.90705107697,"upper_bound":104442.03140691695},"point_estimate":104413.70930722625,"standard_error":15.082251605259335},"StdDev":{"confidence_interval":{"confidence_level":0.95,"lower_bound":106.18592451897219,"upper_bound":143.20924039402712},"point_estimate":125.35548249771111,"standard_error":9.469969292273293}}