{"Mean":{"confidence_interval":{"confidence_level":0.95,"lower_bound":1463.1875630388076,"upper_bound":1463.7643020355758},"point_estimate":1463.4392414387996,"standard_error":0.14848359424508126},"Median":{"confidence_interval":{"confidence_level":0.95,"lower_bound":1463.0506006472929,"upper_bound":1463.1152141802067},"point_estimate":1463.0873443235205,"standard_error":0.017281340983242452},"MedianAbsDev":{"confidence_interval":{"confidence_level":0.95,"lower_bound":0.10716864422466454,"upper_bound":0.19541578013930908},"point_estimate":0.16080564620577423,"standard_error":0.023102716533440086},"Slope":{"confidence_interval":{"confidence_level":0.95,"lower_bound":1463.209654072881,"upper_bound":1464.1753700452862},"point_estimate":1463.600568171326,"standard_error":0.2539774294655864},"StdDev":{"confidence_interval":{"confidence_level":0.95,"lower_bound":0.6376494650375744,"upper_bound":2.2314859310012234},"point_estimate":1.4947404595946157,"standard_error":0.4179421882451234}}