{"Mean":{"confidence_interval":{"confidence_level":0.95,"lower_bound":2075845.7519002962,"upper_bound":2088440.8460294567},"point_estimate":2081621.3930497868,"standard_error":3220.6909038078625},"Median":{"confidence_interval":{"confidence_level":0.95,"lower_bound":2070035.8210526316,"upper_bound":2072238.6538690475},"point_estimate":2071492.0791940019,"standard_error":516.9692094273933},"MedianAbsDev":{"confidence_interval":{"confidence_level":0.95,"lower_bound":2768.032848537594,"upper_bound":5382.912854959655},"point_estimate":3847.771008715522,"standard_error":628.8555925118488},"Slope":{"confidence_interval":{"confidence_level":0.95,"lower_bound":2071235.8226248783,"upper_bound":2084639.1905012988},"point_estimate":2076510.8024383036,"standard_error":3538.091308249016},"StdDev":{"confidence_interval":{"confidence_level":0.95,"lower_bound":19703.6361708426,"upper_bound":42259.47292643428},"point_estimate":32336.9495889107,"standard_error":5772.67998453457}}