{"Mean":{"confidence_interval":{"confidence_level":0.95,"lower_bound":83827.02233251969,"upper_bound":84413.56067423569},"point_estimate":84073.63370683491,"standard_error":152.6368079354801},"Median":{"confidence_interval":{"confidence_level":0.95,"lower_bound":83583.80734126984,"upper_bound":83703.03709795322},"point_estimate":83641.38456208426,"standard_error":32.61205038088914},"MedianAbsDev":{"confidence_interval":{"confidence_level":0.95,"lower_bound":155.80571283259462,"upper_bound":343.13715564947773},"point_estimate":221.6323438593608,"standard_error":49.22630655624348},"Slope":{"confidence_interval":{"confidence_level":0.95,"lower_bound":83580.95797271092,"upper_bound":83797.84243552038},"point_estimate":83679.35494778582,"standard_error":55.91335302829837},"StdDev":{"confidence_interval":{"confidence_level":0.95,"lower_bound":598.4741301287767,"upper_bound":2392.903311149962},"point_estimate":1526.4888946994893,"standard_error":535.8606886223957}}