{"Mean":{"confidence_interval":{"confidence_level":0.95,"lower_bound":75654.18450146493,"upper_bound":76207.65148923734},"point_estimate":75899.83344479308,"standard_error":142.45027163609583},"Median":{"confidence_interval":{"confidence_level":0.95,"lower_bound":75492.16285714286,"upper_bound":75598.84470743722},"point_estimate":75542.8073089701,"standard_error":25.439377751436055},"MedianAbsDev":{"confidence_interval":{"confidence_level":0.95,"lower_bound":126.19690671495297,"upper_bound":214.0727679797524},"point_estimate":159.57782458237963,"standard_error":24.003429809656346},"Slope":{"confidence_interval":{"confidence_level":0.95,"lower_bound":75517.15829520856,"upper_bound":75884.32399457444},"point_estimate":75661.70564947539,"standard_error":96.80177452722},"StdDev":{"confidence_interval":{"confidence_level":0.95,"lower_bound":605.1850450110577,"upper_bound":2066.567138176875},"point_estimate":1428.391883239162,"standard_error":372.9060340364937}}