{"Mean":{"confidence_interval":{"confidence_level":0.95,"lower_bound":76585.3613993846,"upper_bound":79917.73777993197},"point_estimate":78053.47100226753,"standard_error":860.6979025202639},"Median":{"confidence_interval":{"confidence_level":0.95,"lower_bound":75654.38836772983,"upper_bound":75780.101010101},"point_estimate":75693.65536828036,"standard_error":35.61920704239372},"MedianAbsDev":{"confidence_interval":{"confidence_level":0.95,"lower_bound":173.1980316288156,"upper_bound":325.9819006111403},"point_estimate":221.32368875055693,"standard_error":39.56932690250271},"Slope":{"confidence_interval":{"confidence_level":0.95,"lower_bound":75746.2037296657,"upper_bound":76486.03789043108},"point_estimate":76058.85758738675,"standard_error":191.26718100154343},"StdDev":{"confidence_interval":{"confidence_level":0.95,"lower_bound":3242.816515006528,"upper_bound":12758.14580262323},"point_estimate":8674.22306778413,"standard_error":2470.4593295017103}}