{"Mean":{"confidence_interval":{"confidence_level":0.95,"lower_bound":4902794.439308946,"upper_bound":5014369.702485533},"point_estimate":4947157.056054459,"standard_error":29408.649779020758},"Median":{"confidence_interval":{"confidence_level":0.95,"lower_bound":4865958.769230769,"upper_bound":4875026.200714711},"point_estimate":4869290.656641604,"standard_error":2428.60362363219},"MedianAbsDev":{"confidence_interval":{"confidence_level":0.95,"lower_bound":7819.992045530953,"upper_bound":22643.059022092395},"point_estimate":12728.819953438184,"standard_error":3907.715997432323},"Slope":{"confidence_interval":{"confidence_level":0.95,"lower_bound":4881707.517243479,"upper_bound":4910378.39308284},"point_estimate":4894888.125736663,"standard_error":7354.236716905552},"StdDev":{"confidence_interval":{"confidence_level":0.95,"lower_bound":88506.01062485021,"upper_bound":478683.9612092932},"point_estimate":294554.41357521835,"standard_error":123776.7441728652}}