{"Mean":{"confidence_interval":{"confidence_level":0.95,"lower_bound":1628169.1935719454,"upper_bound":1648228.7579014094},"point_estimate":1636199.2596191356,"standard_error":5528.817168265508},"Median":{"confidence_interval":{"confidence_level":0.95,"lower_bound":1628148.16,"upper_bound":1628455.7311940298},"point_estimate":1628312.4548229547,"standard_error":83.26074545258695},"MedianAbsDev":{"confidence_interval":{"confidence_level":0.95,"lower_bound":577.2319437520739,"upper_bound":1017.9055354636756},"point_estimate":834.9800001332247,"standard_error":110.23426618832154},"Slope":{"confidence_interval":{"confidence_level":0.95,"lower_bound":1628211.0289648632,"upper_bound":1628702.9950032257},"point_estimate":1628437.5195034728,"standard_error":125.2671671659386},"StdDev":{"confidence_interval":{"confidence_level":0.95,"lower_bound":1403.2446727913905,"upper_bound":86925.41330028481},"point_estimate":55520.55390846314,"standard_error":23568.598493585214}}