{"Mean":{"confidence_interval":{"confidence_level":0.95,"lower_bound":1627187.803154301,"upper_bound":1627410.7766468048},"point_estimate":1627294.3283748329,"standard_error":56.17032168955437},"Median":{"confidence_interval":{"confidence_level":0.95,"lower_bound":1627233.8235294118,"upper_bound":1627288.3229166667},"point_estimate":1627263.5699925073,"standard_error":14.228550924027676},"MedianAbsDev":{"confidence_interval":{"confidence_level":0.95,"lower_bound":97.37387160459771,"upper_bound":196.5657055628845},"point_estimate":157.66185597694442,"standard_error":25.81310104289218},"Slope":{"confidence_interval":{"confidence_level":0.95,"lower_bound":1627232.1746855518,"upper_bound":1627624.214578353},"point_estimate":1627366.251340328,"standard_error":112.8260687936577},"StdDev":{"confidence_interval":{"confidence_level":0.95,"lower_bound":179.93598300939033,"upper_bound":874.3798227648127},"point_estimate":565.5639732096402,"standard_error":184.80120263508726}}