{"Mean":{"confidence_interval":{"confidence_level":0.95,"lower_bound":53779.55920376895,"upper_bound":53820.455185628314},"point_estimate":53796.63410367447,"standard_error":10.63278542812266},"Median":{"confidence_interval":{"confidence_level":0.95,"lower_bound":53769.145417072774,"upper_bound":53774.34086028199},"point_estimate":53771.51754385965,"standard_error":1.4802618087496506},"MedianAbsDev":{"confidence_interval":{"confidence_level":0.95,"lower_bound":9.284031907739958,"upper_bound":20.22193041872491},"point_estimate":13.529955777461058,"standard_error":2.828135423192663},"Slope":{"confidence_interval":{"confidence_level":0.95,"lower_bound":53768.4613635989,"upper_bound":53784.74628009555},"point_estimate":53775.92026553009,"standard_error":4.195588201276169},"StdDev":{"confidence_interval":{"confidence_level":0.95,"lower_bound":40.415897448269746,"upper_bound":168.5651581218623},"point_estimate":107.00991884828893,"standard_error":38.39676839598769}}