{"Mean":{"confidence_interval":{"confidence_level":0.95,"lower_bound":213979.7554089634,"upper_bound":214062.06959298116},"point_estimate":214017.623407225,"standard_error":21.145883120069694},"Median":{"confidence_interval":{"confidence_level":0.95,"lower_bound":213960.34800668416,"upper_bound":213986.8561797753},"point_estimate":213973.84196062345,"standard_error":6.2283362750858275},"MedianAbsDev":{"confidence_interval":{"confidence_level":0.95,"lower_bound":42.72761179957794,"upper_bound":75.18498030853253},"point_estimate":53.028835725205475,"standard_error":8.396053066380107},"Slope":{"confidence_interval":{"confidence_level":0.95,"lower_bound":213987.1799384528,"upper_bound":214130.0158478549},"point_estimate":214046.9100842323,"standard_error":37.347233840168485},"StdDev":{"confidence_interval":{"confidence_level":0.95,"lower_bound":116.95956236263142,"upper_bound":293.2586256070645},"point_estimate":213.19073768566503,"standard_error":45.21418624948282}}