{"Mean":{"confidence_interval":{"confidence_level":0.95,"lower_bound":241484.89751163786,"upper_bound":241641.52325851013},"point_estimate":241556.84039404948,"standard_error":40.09659415373217},"Median":{"confidence_interval":{"confidence_level":0.95,"lower_bound":241410.41428571427,"upper_bound":241470.15862068965},"point_estimate":241441.61688874086,"standard_error":13.787586646780154},"MedianAbsDev":{"confidence_interval":{"confidence_level":0.95,"lower_bound":85.4124073191943,"upper_bound":170.6586941702181},"point_estimate":126.24124600595734,"standard_error":22.454443617072158},"Slope":{"confidence_interval":{"confidence_level":0.95,"lower_bound":241407.2847683369,"upper_bound":241477.5250792991},"point_estimate":241440.5027675484,"standard_error":17.96448409730611},"StdDev":{"confidence_interval":{"confidence_level":0.95,"lower_bound":248.0848836954058,"upper_bound":536.7926583883074},"point_estimate":401.3632678607204,"standard_error":74.30895625534075}}