{"Mean":{"confidence_interval":{"confidence_level":0.95,"lower_bound":16163.323772981672,"upper_bound":16174.726874027863},"point_estimate":16168.889325848806,"standard_error":2.898996006590182},"Median":{"confidence_interval":{"confidence_level":0.95,"lower_bound":16172.333746898263,"upper_bound":16180.134916653806},"point_estimate":16177.747926267282,"standard_error":2.2847055232208637},"MedianAbsDev":{"confidence_interval":{"confidence_level":0.95,"lower_bound":8.945832567300812,"upper_bound":31.76748659303475},"point_estimate":14.841134223318488,"standard_error":6.327089791041794},"Slope":{"confidence_interval":{"confidence_level":0.95,"lower_bound":16147.01868385192,"upper_bound":16163.101693850273},"point_estimate":16154.241858735704,"standard_error":4.100481590312175},"StdDev":{"confidence_interval":{"confidence_level":0.95,"lower_bound":23.57460289751616,"upper_bound":35.19386498137826},"point_estimate":29.188596149901034,"standard_error":3.017884436127566}}