{"Mean":{"confidence_interval":{"confidence_level":0.95,"lower_bound":7928.937144384113,"upper_bound":7931.923938059162},"point_estimate":7930.303188849406,"standard_error":0.7640471168198623},"Median":{"confidence_interval":{"confidence_level":0.95,"lower_bound":7926.133739726027,"upper_bound":7931.020015483871},"point_estimate":7928.498259393939,"standard_error":1.5827054912590515},"MedianAbsDev":{"confidence_interval":{"confidence_level":0.95,"lower_bound":2.033286147271759,"upper_bound":7.574306745529136},"point_estimate":5.173566973831941,"standard_error":1.5510247230397485},"Slope":{"confidence_interval":{"confidence_level":0.95,"lower_bound":7927.678388975475,"upper_bound":7930.691810538532},"point_estimate":7929.088194189449,"standard_error":0.7708453794235804},"StdDev":{"confidence_interval":{"confidence_level":0.95,"lower_bound":4.796812780691307,"upper_bound":10.744145240932465},"point_estimate":7.673245049786636,"standard_error":1.6608725562701034}}