{"Mean":{"confidence_interval":{"confidence_level":0.95,"lower_bound":1420.9427152236506,"upper_bound":1421.650342697636},"point_estimate":1421.2511378744557,"standard_error":0.1817615921669694},"Median":{"confidence_interval":{"confidence_level":0.95,"lower_bound":1420.7809068585898,"upper_bound":1420.9420942695588},"point_estimate":1420.8900763022098,"standard_error":0.04721821170975395},"MedianAbsDev":{"confidence_interval":{"confidence_level":0.95,"lower_bound":0.23920839460537688,"upper_bound":0.40295052523755553},"point_estimate":0.33537803232539554,"standard_error":0.04352044813856689},"Slope":{"confidence_interval":{"confidence_level":0.95,"lower_bound":1420.9573321882663,"upper_bound":1421.7560284026874},"point_estimate":1421.296551731449,"standard_error":0.20627264664174008},"StdDev":{"confidence_interval":{"confidence_level":0.95,"lower_bound":0.710387486759334,"upper_bound":2.749570393351693},"point_estimate":1.8242096840645092,"standard_error":0.5302889089055309}}