{"Mean":{"confidence_interval":{"confidence_level":0.95,"lower_bound":1131734.3529804277,"upper_bound":1155262.7878885781},"point_estimate":1142515.3673903714,"standard_error":6044.163148857494},"Median":{"confidence_interval":{"confidence_level":0.95,"lower_bound":1121839.2173382174,"upper_bound":1124251.4005609383},"point_estimate":1122928.2083333335,"standard_error":579.872838404591},"MedianAbsDev":{"confidence_interval":{"confidence_level":0.95,"lower_bound":2458.6984974879115,"upper_bound":5360.276960880215},"point_estimate":3803.6560601210103,"standard_error":712.6442741862954},"Slope":{"confidence_interval":{"confidence_level":0.95,"lower_bound":1123338.721123738,"upper_bound":1137584.6188433147},"point_estimate":1128626.9814482045,"standard_error":3832.435434111456},"StdDev":{"confidence_interval":{"confidence_level":0.95,"lower_bound":35405.80658012738,"upper_bound":79932.00924960604},"point_estimate":60528.059815916626,"standard_error":11391.694321949131}}