{"Mean":{"confidence_interval":{"confidence_level":0.95,"lower_bound":1126059.427739856,"upper_bound":1135952.0358903892},"point_estimate":1130452.7845285386,"standard_error":2545.541353600965},"Median":{"confidence_interval":{"confidence_level":0.95,"lower_bound":1122704.4573573573,"upper_bound":1124343.0361445784},"point_estimate":1123669.7496626182,"standard_error":439.9674819271138},"MedianAbsDev":{"confidence_interval":{"confidence_level":0.95,"lower_bound":2223.322959713024,"upper_bound":3925.0744000809545},"point_estimate":2865.3482535071025,"standard_error":427.66321744833675},"Slope":{"confidence_interval":{"confidence_level":0.95,"lower_bound":1122895.162540546,"upper_bound":1134265.8067254892},"point_estimate":1127059.8070341363,"standard_error":3089.382993510275},"StdDev":{"confidence_interval":{"confidence_level":0.95,"lower_bound":10826.826759676736,"upper_bound":36492.73862886203},"point_estimate":25585.1119797086,"standard_error":6475.163218772855}}