{"Mean":{"confidence_interval":{"confidence_level":0.95,"lower_bound":479.44401948576837,"upper_bound":479.66193832649446},"point_estimate":479.5460739027924,"standard_error":0.05586245807787167},"Median":{"confidence_interval":{"confidence_level":0.95,"lower_bound":479.22262596899225,"upper_bound":479.69745908699394},"point_estimate":479.4511839874031,"standard_error":0.15706682249843548},"MedianAbsDev":{"confidence_interval":{"confidence_level":0.95,"lower_bound":0.22983069929769875,"upper_bound":0.6605583767965729},"point_estimate":0.4295439289440368,"standard_error":0.10561986480570204},"Slope":{"confidence_interval":{"confidence_level":0.95,"lower_bound":479.5043563995579,"upper_bound":479.83607224044414},"point_estimate":479.6526002442313,"standard_error":0.08513295798119092},"StdDev":{"confidence_interval":{"confidence_level":0.95,"lower_bound":0.34903463921202643,"upper_bound":0.7502184092063426},"point_estimate":0.5630140178714179,"standard_error":0.10275316024822101}}