{"Mean":{"confidence_interval":{"confidence_level":0.95,"lower_bound":62592.22266734308,"upper_bound":64120.687881143895},"point_estimate":63175.18635151389,"standard_error":414.33901020367057},"Median":{"confidence_interval":{"confidence_level":0.95,"lower_bound":62312.200431034486,"upper_bound":62379.80110677083},"point_estimate":62342.84893320965,"standard_error":19.058435265073452},"MedianAbsDev":{"confidence_interval":{"confidence_level":0.95,"lower_bound":131.11292885812944,"upper_bound":244.19366487201842},"point_estimate":191.84362430518382,"standard_error":29.949863682703572},"Slope":{"confidence_interval":{"confidence_level":0.95,"lower_bound":62332.39589650467,"upper_bound":62614.605568784405},"point_estimate":62448.49281661002,"standard_error":72.86138470021342},"StdDev":{"confidence_interval":{"confidence_level":0.95,"lower_bound":913.6665531783507,"upper_bound":6921.515918002918},"point_estimate":4163.257263858708,"standard_error":1974.172175381362}}