{"Mean":{"confidence_interval":{"confidence_level":0.95,"lower_bound":16098019.317876337,"upper_bound":16453586.760126127},"point_estimate":16270282.413896928,"standard_error":90721.38497447518},"Median":{"confidence_interval":{"confidence_level":0.95,"lower_bound":16004564.06849315,"upper_bound":16305094.064516129},"point_estimate":16109125.164959017,"standard_error":69359.83480783546},"MedianAbsDev":{"confidence_interval":{"confidence_level":0.95,"lower_bound":564741.5543538334,"upper_bound":904000.6161978556},"point_estimate":760972.7155274685,"standard_error":83034.96242792065},"Slope":{"confidence_interval":{"confidence_level":0.95,"lower_bound":15960813.791514585,"upper_bound":16191335.424645947},"point_estimate":16076500.473435791,"standard_error":58655.17244861775},"StdDev":{"confidence_interval":{"confidence_level":0.95,"lower_bound":728075.0667661336,"upper_bound":1081371.0219168752},"point_estimate":912854.5851906075,"standard_error":90260.95904924205}}