{"Mean":{"confidence_interval":{"confidence_level":0.95,"lower_bound":976.5823314891744,"upper_bound":976.6251667837156},"point_estimate":976.6042824447318,"standard_error":0.010940573876751174},"Median":{"confidence_interval":{"confidence_level":0.95,"lower_bound":976.5889462419741,"upper_bound":976.611328497805},"point_estimate":976.599448005698,"standard_error":0.0054364747481048655},"MedianAbsDev":{"confidence_interval":{"confidence_level":0.95,"lower_bound":0.0410512751900435,"upper_bound":0.08017956571524827},"point_estimate":0.0620137899749947,"standard_error":0.010309759690544639},"Slope":{"confidence_interval":{"confidence_level":0.95,"lower_bound":976.593899026259,"upper_bound":976.6191411370097},"point_estimate":976.6059795404605,"standard_error":0.006427022893769318},"StdDev":{"confidence_interval":{"confidence_level":0.95,"lower_bound":0.08136417815297971,"upper_bound":0.13635978656534925},"point_estimate":0.10980301237391918,"standard_error":0.014097773585370295}}