{"Mean":{"confidence_interval":{"confidence_level":0.95,"lower_bound":20045105.563155707,"upper_bound":20088221.240894046},"point_estimate":20065681.51390055,"standard_error":11007.282796392105},"Median":{"confidence_interval":{"confidence_level":0.95,"lower_bound":20006474.096153848,"upper_bound":20062534.189734593},"point_estimate":20025083.809607293,"standard_error":12598.52652317959},"MedianAbsDev":{"confidence_interval":{"confidence_level":0.95,"lower_bound":48431.23672683616,"upper_bound":105587.19666595796},"point_estimate":74343.21228468952,"standard_error":13401.732850697865},"Slope":{"confidence_interval":{"confidence_level":0.95,"lower_bound":20045878.30383151,"upper_bound":20088009.4398806},"point_estimate":20066284.77692626,"standard_error":10750.177324575008},"StdDev":{"confidence_interval":{"confidence_level":0.95,"lower_bound":84395.86724651553,"upper_bound":133972.62663505255},"point_estimate":110777.42685155098,"standard_error":12672.421373254203}}