{"Mean":{"confidence_interval":{"confidence_level":0.95,"lower_bound":1839.1722582598402,"upper_bound":1839.6893081265625},"point_estimate":1839.4081905441883,"standard_error":0.13260524490729897},"Median":{"confidence_interval":{"confidence_level":0.95,"lower_bound":1838.9788335887715,"upper_bound":1839.0705916900902},"point_estimate":1839.0209382454282,"standard_error":0.027002857365233033},"MedianAbsDev":{"confidence_interval":{"confidence_level":0.95,"lower_bound":0.14672058057701443,"upper_bound":0.28320747726250584},"point_estimate":0.21234710340840265,"standard_error":0.03382945856378932},"Slope":{"confidence_interval":{"confidence_level":0.95,"lower_bound":1839.0973245622538,"upper_bound":1839.8962479761265},"point_estimate":1839.4134212275933,"standard_error":0.21178903895551326},"StdDev":{"confidence_interval":{"confidence_level":0.95,"lower_bound":0.7466371923730338,"upper_bound":1.8007709620100418},"point_estimate":1.3351329130429945,"standard_error":0.2687089638453265}}