{"Mean":{"confidence_interval":{"confidence_level":0.95,"lower_bound":503.50022154448794,"upper_bound":503.5266892083145},"point_estimate":503.5141584108159,"standard_error":0.006778833314517719},"Median":{"confidence_interval":{"confidence_level":0.95,"lower_bound":503.5167430025445,"upper_bound":503.532931234882},"point_estimate":503.5274378547661,"standard_error":0.0045309164698910985},"MedianAbsDev":{"confidence_interval":{"confidence_level":0.95,"lower_bound":0.027534225330284552,"upper_bound":0.04661521324469296},"point_estimate":0.035637827985917324,"standard_error":0.004679880004318335},"Slope":{"confidence_interval":{"confidence_level":0.95,"lower_bound":503.5223650808132,"upper_bound":503.53909804352594},"point_estimate":503.5302662411621,"standard_error":0.004266274417535949},"StdDev":{"confidence_interval":{"confidence_level":0.95,"lower_bound":0.044241258099191945,"upper_bound":0.0891777319103643},"point_estimate":0.06805129257861985,"standard_error":0.011528605843137}}