{"Mean":{"confidence_interval":{"confidence_level":0.95,"lower_bound":1105025.2077013724,"upper_bound":1106011.8597957531},"point_estimate":1105427.6281326811,"standard_error":258.1278417691293},"Median":{"confidence_interval":{"confidence_level":0.95,"lower_bound":1104869.9846153846,"upper_bound":1104980.9},"point_estimate":1104930.2497964501,"standard_error":33.51709930672126},"MedianAbsDev":{"confidence_interval":{"confidence_level":0.95,"lower_bound":190.74172075157892,"upper_bound":358.5142948849148},"point_estimate":287.3467247359023,"standard_error":42.89489084660257},"Slope":{"confidence_interval":{"confidence_level":0.95,"lower_bound":1104992.3253651392,"upper_bound":1105342.5074295285},"point_estimate":1105150.3075099748,"standard_error":89.62914719730789},"StdDev":{"confidence_interval":{"confidence_level":0.95,"lower_bound":566.443984030948,"upper_bound":4201.590922902934},"point_estimate":2611.379336512335,"standard_error":1024.8117024719793}}