{"Mean":{"confidence_interval":{"confidence_level":0.95,"lower_bound":34999.88632032787,"upper_bound":35001.21112729071},"point_estimate":35000.51369834995,"standard_error":0.3399678690859424},"Median":{"confidence_interval":{"confidence_level":0.95,"lower_bound":34999.55056650246,"upper_bound":35000.141311319785},"point_estimate":34999.8674146051,"standard_error":0.1645867616229571},"MedianAbsDev":{"confidence_interval":{"confidence_level":0.95,"lower_bound":1.018555122133612,"upper_bound":1.9549458836979805},"point_estimate":1.3077905898079059,"standard_error":0.23923686987909823},"Slope":{"confidence_interval":{"confidence_level":0.95,"lower_bound":34999.73733087326,"upper_bound":35000.356238403925},"point_estimate":35000.030904949475,"standard_error":0.15777919604441934},"StdDev":{"confidence_interval":{"confidence_level":0.95,"lower_bound":2.2979418145734565,"upper_bound":4.386873957841088},"point_estimate":3.431777010299256,"standard_error":0.5339299815864822}}