{"Mean":{"confidence_interval":{"confidence_level":0.95,"lower_bound":33262.51949893567,"upper_bound":33349.52173370659},"point_estimate":33305.3552607792,"standard_error":22.20786753533348},"Median":{"confidence_interval":{"confidence_level":0.95,"lower_bound":33252.57272727273,"upper_bound":33357.74564059434},"point_estimate":33294.72797696653,"standard_error":28.00519952920968},"MedianAbsDev":{"confidence_interval":{"confidence_level":0.95,"lower_bound":150.26410429594745,"upper_bound":246.5617327664396},"point_estimate":194.81174041304487,"standard_error":24.290125766160113},"Slope":{"confidence_interval":{"confidence_level":0.95,"lower_bound":33287.73949495464,"upper_bound":33374.94181413326},"point_estimate":33330.15288281366,"standard_error":22.247879198452694},"StdDev":{"confidence_interval":{"confidence_level":0.95,"lower_bound":178.36076260476992,"upper_bound":272.845977549605},"point_estimate":223.1938326557877,"standard_error":24.684422964106766}}