{"Mean":{"confidence_interval":{"confidence_level":0.95,"lower_bound":511.7445354560512,"upper_bound":512.1294843537926},"point_estimate":511.8990745775042,"standard_error":0.1011180181022664},"Median":{"confidence_interval":{"confidence_level":0.95,"lower_bound":511.6724007636624,"upper_bound":511.6912509360625},"point_estimate":511.68223478994776,"standard_error":0.003830488183123054},"MedianAbsDev":{"confidence_interval":{"confidence_level":0.95,"lower_bound":0.028749521976286396,"upper_bound":0.05461826169838282},"point_estimate":0.03981760004329857,"standard_error":0.007203059306463535},"Slope":{"confidence_interval":{"confidence_level":0.95,"lower_bound":511.7156150157675,"upper_bound":512.0273420989614},"point_estimate":511.847306146426,"standard_error":0.08132234275164768},"StdDev":{"confidence_interval":{"confidence_level":0.95,"lower_bound":0.28507802555828593,"upper_bound":1.6530377479923983},"point_estimate":1.0180963148763673,"standard_error":0.42014779460637086}}