{"Mean":{"confidence_interval":{"confidence_level":0.95,"lower_bound":205131.4302550437,"upper_bound":205252.0085619945},"point_estimate":205188.50083804035,"standard_error":30.870888240589707},"Median":{"confidence_interval":{"confidence_level":0.95,"lower_bound":205065.4929112554,"upper_bound":205168.27027027027},"point_estimate":205111.28775510204,"standard_error":27.96435523241511},"MedianAbsDev":{"confidence_interval":{"confidence_level":0.95,"lower_bound":155.6331904385466,"upper_bound":261.11664642334506},"point_estimate":195.77946036529463,"standard_error":26.449474813790967},"Slope":{"confidence_interval":{"confidence_level":0.95,"lower_bound":205117.82700200993,"upper_bound":205221.10802781265},"point_estimate":205166.5493689966,"standard_error":26.419322769659214},"StdDev":{"confidence_interval":{"confidence_level":0.95,"lower_bound":225.59908043195887,"upper_bound":390.1620160698315},"point_estimate":310.2673655809222,"standard_error":42.41399090669463}}