{"Mean":{"confidence_interval":{"confidence_level":0.95,"lower_bound":1873.9571192400094,"upper_bound":1876.1466298357616},"point_estimate":1875.0548114449318,"standard_error":0.5608472531814738},"Median":{"confidence_interval":{"confidence_level":0.95,"lower_bound":1870.101690965119,"upper_bound":1879.5634563787457},"point_estimate":1879.1576656596003,"standard_error":2.6723271234120123},"MedianAbsDev":{"confidence_interval":{"confidence_level":0.95,"lower_bound":1.4548221715658356,"upper_bound":8.27214184991538},"point_estimate":2.4119756933245995,"standard_error":1.6029825263633315},"Slope":{"confidence_interval":{"confidence_level":0.95,"lower_bound":1872.6165731960969,"upper_bound":1875.5233332105363},"point_estimate":1874.0667699776213,"standard_error":0.743328115121948},"StdDev":{"confidence_interval":{"confidence_level":0.95,"lower_bound":5.375037240213318,"upper_bound":5.822823808084604},"point_estimate":5.660585972861765,"standard_error":0.11347243341589777}}