{"Mean":{"confidence_interval":{"confidence_level":0.95,"lower_bound":80265180.26687759,"upper_bound":80575015.92167956},"point_estimate":80384456.35132612,"standard_error":82425.49798130788},"Median":{"confidence_interval":{"confidence_level":0.95,"lower_bound":80219820.42857143,"upper_bound":80304377.59640762},"point_estimate":80275344.22524154,"standard_error":21430.732030830288},"MedianAbsDev":{"confidence_interval":{"confidence_level":0.95,"lower_bound":115077.02113682606,"upper_bound":192349.96285338575},"point_estimate":149487.06948206289,"standard_error":19198.82554323729},"Slope":{"confidence_interval":{"confidence_level":0.95,"lower_bound":80252821.79085664,"upper_bound":80303438.05724096},"point_estimate":80277555.71794887,"standard_error":12902.06493451901},"StdDev":{"confidence_interval":{"confidence_level":0.95,"lower_bound":180808.4336484803,"upper_bound":1371608.5429300624},"point_estimate":828058.2356225897,"standard_error":375168.69838289905}}