{"Mean":{"confidence_interval":{"confidence_level":0.95,"lower_bound":847115.5564616098,"upper_bound":870023.4084178},"point_estimate":856685.8466982472,"standard_error":5942.3336204072275},"Median":{"confidence_interval":{"confidence_level":0.95,"lower_bound":839808.8208955224,"upper_bound":840659.6714285715},"point_estimate":840209.5367996201,"standard_error":221.86915394713688},"MedianAbsDev":{"confidence_interval":{"confidence_level":0.95,"lower_bound":1409.0346262486823,"upper_bound":3209.113647127554},"point_estimate":2245.112088736851,"standard_error":469.3070913573773},"Slope":{"confidence_interval":{"confidence_level":0.95,"lower_bound":840620.217326344,"upper_bound":845414.859052692},"point_estimate":842711.080694547,"standard_error":1230.7507191946145},"StdDev":{"confidence_interval":{"confidence_level":0.95,"lower_bound":22852.258764086597,"upper_bound":93949.76813815419},"point_estimate":59730.13745433501,"standard_error":21389.01454038067}}