{"Mean":{"confidence_interval":{"confidence_level":0.95,"lower_bound":806436.6312573357,"upper_bound":812280.1225139869},"point_estimate":808901.285168485,"standard_error":1513.035584806753},"Median":{"confidence_interval":{"confidence_level":0.95,"lower_bound":805005.28,"upper_bound":805683.4255319149},"point_estimate":805296.1000000001,"standard_error":183.6845273826111},"MedianAbsDev":{"confidence_interval":{"confidence_level":0.95,"lower_bound":899.066246714514,"upper_bound":1707.7046799172836},"point_estimate":1262.1631328499532,"standard_error":220.3525862929884},"Slope":{"confidence_interval":{"confidence_level":0.95,"lower_bound":805007.464381795,"upper_bound":808622.9750147613},"point_estimate":806328.2698610906,"standard_error":988.7120796723899},"StdDev":{"confidence_interval":{"confidence_level":0.95,"lower_bound":4471.419524418466,"upper_bound":23959.294089668616},"point_estimate":15263.782088116333,"standard_error":5311.263482937275}}