{"Mean":{"confidence_interval":{"confidence_level":0.95,"lower_bound":69288.9990310384,"upper_bound":69434.68003904},"point_estimate":69356.7283337438,"standard_error":37.2616403489628},"Median":{"confidence_interval":{"confidence_level":0.95,"lower_bound":69213.03868312757,"upper_bound":69348.12826797385},"point_estimate":69280.51534839925,"standard_error":41.976815550682375},"MedianAbsDev":{"confidence_interval":{"confidence_level":0.95,"lower_bound":191.9174322690878,"upper_bound":316.14810420303536},"point_estimate":253.9386236599961,"standard_error":31.918843608457426},"Slope":{"confidence_interval":{"confidence_level":0.95,"lower_bound":69234.37731685255,"upper_bound":69347.7037677204},"point_estimate":69288.2453593419,"standard_error":28.939713950925977},"StdDev":{"confidence_interval":{"confidence_level":0.95,"lower_bound":246.3222856437569,"upper_bound":515.6481577176598},"point_estimate":374.2733602828035,"standard_error":74.8776009723935}}