{"Mean":{"confidence_interval":{"confidence_level":0.95,"lower_bound":27061.331892545553,"upper_bound":27083.55029785448},"point_estimate":27070.24929416091,"standard_error":5.821117183872266},"Median":{"confidence_interval":{"confidence_level":0.95,"lower_bound":27056.359359359358,"upper_bound":27059.322007722007},"point_estimate":27057.29994757689,"standard_error":0.7579815012377242},"MedianAbsDev":{"confidence_interval":{"confidence_level":0.95,"lower_bound":3.8302299012865983,"upper_bound":7.8565970503197144},"point_estimate":5.560412607685409,"standard_error":1.1092433177533045},"Slope":{"confidence_interval":{"confidence_level":0.95,"lower_bound":27057.859292452744,"upper_bound":27066.082298934132},"point_estimate":27061.602271116986,"standard_error":2.117036593391851},"StdDev":{"confidence_interval":{"confidence_level":0.95,"lower_bound":16.240220784536735,"upper_bound":94.97138596245533},"point_estimate":58.60731215671646,"standard_error":23.86785333220603}}