{"Mean":{"confidence_interval":{"confidence_level":0.95,"lower_bound":947314.9880717099,"upper_bound":947911.6608212889},"point_estimate":947557.657881689,"standard_error":155.5968930138564},"Median":{"confidence_interval":{"confidence_level":0.95,"lower_bound":947183.95,"upper_bound":947265.2954545454},"point_estimate":947231.0158991228,"standard_error":20.689911196353663},"MedianAbsDev":{"confidence_interval":{"confidence_level":0.95,"lower_bound":163.3890134857334,"upper_bound":317.8067768577739},"point_estimate":216.8143572372145,"standard_error":37.94460523081075},"Slope":{"confidence_interval":{"confidence_level":0.95,"lower_bound":947280.4036955375,"upper_bound":947593.2817364688},"point_estimate":947420.5202098419,"standard_error":80.50786638578715},"StdDev":{"confidence_interval":{"confidence_level":0.95,"lower_bound":485.7042417248099,"upper_bound":2522.7460513225096},"point_estimate":1567.4488289615276,"standard_error":622.9880867615519}}