{"Mean":{"confidence_interval":{"confidence_level":0.95,"lower_bound":23624.246696749724,"upper_bound":23629.129097182868},"point_estimate":23626.702586350264,"standard_error":1.2432552015703222},"Median":{"confidence_interval":{"confidence_level":0.95,"lower_bound":23623.243169398906,"upper_bound":23625.8073089701},"point_estimate":23624.105294486217,"standard_error":0.6284313378709506},"MedianAbsDev":{"confidence_interval":{"confidence_level":0.95,"lower_bound":3.1134537497022663,"upper_bound":5.870077110973933},"point_estimate":4.564683147108252,"standard_error":0.6943896631243903},"Slope":{"confidence_interval":{"confidence_level":0.95,"lower_bound":23623.488973794207,"upper_bound":23625.809075231216},"point_estimate":23624.43902545265,"standard_error":0.6004908018858827},"StdDev":{"confidence_interval":{"confidence_level":0.95,"lower_bound":8.011601971178992,"upper_bound":16.79200574689192},"point_estimate":12.479396865957614,"standard_error":2.2776095844422737}}