{"Mean":{"confidence_interval":{"confidence_level":0.95,"lower_bound":37011.97961636913,"upper_bound":37042.03530320124},"point_estimate":37023.22103187145,"standard_error":8.308076243756302},"Median":{"confidence_interval":{"confidence_level":0.95,"lower_bound":37008.09150326798,"upper_bound":37009.13149803699},"point_estimate":37008.62462792173,"standard_error":0.2526629325690065},"MedianAbsDev":{"confidence_interval":{"confidence_level":0.95,"lower_bound":1.857274764960168,"upper_bound":3.5920020463934916},"point_estimate":2.7043721742084204,"standard_error":0.43619254702170895},"Slope":{"confidence_interval":{"confidence_level":0.95,"lower_bound":37011.02865068008,"upper_bound":37022.54441794471},"point_estimate":37016.24913704306,"standard_error":2.94940052519325},"StdDev":{"confidence_interval":{"confidence_level":0.95,"lower_bound":15.131990064495879,"upper_bound":140.46255636660618},"point_estimate":83.71327185048479,"standard_error":41.88774938409423}}