{"Mean":{"confidence_interval":{"confidence_level":0.95,"lower_bound":826.9389329454198,"upper_bound":827.2120211621437},"point_estimate":827.0569090988477,"standard_error":0.07027850316832966},"Median":{"confidence_interval":{"confidence_level":0.95,"lower_bound":826.8781307009019,"upper_bound":826.8984664041054},"point_estimate":826.8861486277422,"standard_error":0.0042392072709361295},"MedianAbsDev":{"confidence_interval":{"confidence_level":0.95,"lower_bound":0.027330510161403535,"upper_bound":0.04886440013499141},"point_estimate":0.03494145829002088,"standard_error":0.0055052102274142315},"Slope":{"confidence_interval":{"confidence_level":0.95,"lower_bound":826.9329786005528,"upper_bound":827.2069084955612},"point_estimate":827.0554747170374,"standard_error":0.07053592921147861},"StdDev":{"confidence_interval":{"confidence_level":0.95,"lower_bound":0.24835095924454015,"upper_bound":1.0463672709593947},"point_estimate":0.7008527815333822,"standard_error":0.20493063209540985}}