{"Mean":{"confidence_interval":{"confidence_level":0.95,"lower_bound":62656.03242768997,"upper_bound":64394.58227493304},"point_estimate":63327.111238514844,"standard_error":464.3388771837841},"Median":{"confidence_interval":{"confidence_level":0.95,"lower_bound":62423.90052563364,"upper_bound":62482.90188172043},"point_estimate":62439.35820970329,"standard_error":17.409061372223103},"MedianAbsDev":{"confidence_interval":{"confidence_level":0.95,"lower_bound":118.44295937858409,"upper_bound":219.24357072128024},"point_estimate":170.5881498314005,"standard_error":26.311302054710335},"Slope":{"confidence_interval":{"confidence_level":0.95,"lower_bound":62458.868224601545,"upper_bound":63172.19552479688},"point_estimate":62749.544489803455,"standard_error":188.42984526017904},"StdDev":{"confidence_interval":{"confidence_level":0.95,"lower_bound":796.8239611339593,"upper_bound":7756.191285974534},"point_estimate":4681.9633023223105,"standard_error":2138.30518402875}}