{"Mean":{"confidence_interval":{"confidence_level":0.95,"lower_bound":18727104.608278904,"upper_bound":18782676.9111302},"point_estimate":18752977.66367285,"standard_error":14274.230459136284},"Median":{"confidence_interval":{"confidence_level":0.95,"lower_bound":18688526.380256593,"upper_bound":18737462.457142856},"point_estimate":18709738.144214526,"standard_error":12282.773639805753},"MedianAbsDev":{"confidence_interval":{"confidence_level":0.95,"lower_bound":58917.45033959536,"upper_bound":113078.02096261973},"point_estimate":80377.56205096908,"standard_error":12829.880822339237},"Slope":{"confidence_interval":{"confidence_level":0.95,"lower_bound":18719331.017254725,"upper_bound":18761381.144713152},"point_estimate":18739938.861137874,"standard_error":10732.60323910927},"StdDev":{"confidence_interval":{"confidence_level":0.95,"lower_bound":95922.27020729223,"upper_bound":192633.31501984037},"point_estimate":143638.01496012727,"standard_error":25511.07622155171}}