{"Mean":{"confidence_interval":{"confidence_level":0.95,"lower_bound":8273.84314729497,"upper_bound":8274.948102762173},"point_estimate":8274.328477977024,"standard_error":0.28485528112649217},"Median":{"confidence_interval":{"confidence_level":0.95,"lower_bound":8273.508441558442,"upper_bound":8273.86857042395},"point_estimate":8273.67530512205,"standard_error":0.08588946407699655},"MedianAbsDev":{"confidence_interval":{"confidence_level":0.95,"lower_bound":0.41822532243568794,"upper_bound":0.7778749991626819},"point_estimate":0.5578802205284601,"standard_error":0.0920573210105975},"Slope":{"confidence_interval":{"confidence_level":0.95,"lower_bound":8273.61014005593,"upper_bound":8273.850366943007},"point_estimate":8273.728556401162,"standard_error":0.0613687009693754},"StdDev":{"confidence_interval":{"confidence_level":0.95,"lower_bound":1.12883157400462,"upper_bound":4.242779752949906},"point_estimate":2.863502226016623,"standard_error":0.7948699111166564}}