{"Mean":{"confidence_interval":{"confidence_level":0.95,"lower_bound":4732274.540223909,"upper_bound":4737838.8676241785},"point_estimate":4735045.024180392,"standard_error":1420.4890779729906},"Median":{"confidence_interval":{"confidence_level":0.95,"lower_bound":4732166.0,"upper_bound":4737740.683908046},"point_estimate":4734939.196373457,"standard_error":1630.1397668118616},"MedianAbsDev":{"confidence_interval":{"confidence_level":0.95,"lower_bound":7387.793237624427,"upper_bound":12920.797594164733},"point_estimate":9937.134943347999,"standard_error":1403.7402198083669},"Slope":{"confidence_interval":{"confidence_level":0.95,"lower_bound":4733274.014560572,"upper_bound":4737510.295687966},"point_estimate":4735426.205869662,"standard_error":1084.086358952307},"StdDev":{"confidence_interval":{"confidence_level":0.95,"lower_bound":11061.794257010872,"upper_bound":17277.116577926143},"point_estimate":14320.072533855506,"standard_error":1595.6696378864197}}