{"Mean":{"confidence_interval":{"confidence_level":0.95,"lower_bound":8390789.247274874,"upper_bound":8419875.033869004},"point_estimate":8403913.691817004,"standard_error":7456.461491283347},"Median":{"confidence_interval":{"confidence_level":0.95,"lower_bound":8378102.162162162,"upper_bound":8381923.067611337},"point_estimate":8379630.961038961,"standard_error":1020.1013921831428},"MedianAbsDev":{"confidence_interval":{"confidence_level":0.95,"lower_bound":6703.990233647356,"upper_bound":12273.324637322714},"point_estimate":9163.653611868882,"standard_error":1458.9567845947417},"Slope":{"confidence_interval":{"confidence_level":0.95,"lower_bound":8384771.100357855,"upper_bound":8406720.345765656},"point_estimate":8394768.88684794,"standard_error":5627.726987430015},"StdDev":{"confidence_interval":{"confidence_level":0.95,"lower_bound":40626.548162002124,"upper_bound":107000.80427514178},"point_estimate":75278.6830525377,"standard_error":17380.821640034468}}