{"Mean":{"confidence_interval":{"confidence_level":0.95,"lower_bound":19824.170187755688,"upper_bound":19834.004069992545},"point_estimate":19828.577387067973,"standard_error":2.531714601859128},"Median":{"confidence_interval":{"confidence_level":0.95,"lower_bound":19819.603783783783,"upper_bound":19823.345},"point_estimate":19820.560763157893,"standard_error":1.0871949697919094},"MedianAbsDev":{"confidence_interval":{"confidence_level":0.95,"lower_bound":4.494806297046555,"upper_bound":8.66793254381053},"point_estimate":5.853052228064787,"standard_error":1.1427665692671038},"Slope":{"confidence_interval":{"confidence_level":0.95,"lower_bound":19820.30657744787,"upper_bound":19832.865769187647},"point_estimate":19825.419474153983,"standard_error":3.275745554878326},"StdDev":{"confidence_interval":{"confidence_level":0.95,"lower_bound":12.063808199143184,"upper_bound":36.276402224072136},"point_estimate":25.59720328474363,"standard_error":6.247365867904132}}