{"Mean":{"confidence_interval":{"confidence_level":0.95,"lower_bound":1607.7814706515617,"upper_bound":1609.0358756891667},"point_estimate":1608.3624504267057,"standard_error":0.3206892744984243},"Median":{"confidence_interval":{"confidence_level":0.95,"lower_bound":1607.2260508308896,"upper_bound":1608.4846625101654},"point_estimate":1607.5034239432703,"standard_error":0.28683360188376406},"MedianAbsDev":{"confidence_interval":{"confidence_level":0.95,"lower_bound":1.7638885896917373,"upper_bound":2.437127852295017},"point_estimate":2.2406238418028717,"standard_error":0.16901234799565742},"Slope":{"confidence_interval":{"confidence_level":0.95,"lower_bound":1607.1018503624982,"upper_bound":1608.0462299679616},"point_estimate":1607.547026723616,"standard_error":0.24118782948387818},"StdDev":{"confidence_interval":{"confidence_level":0.95,"lower_bound":1.9047021482569524,"upper_bound":4.358647233107021},"point_estimate":3.232272837179597,"standard_error":0.6252316632975763}}