{"Mean":{"confidence_interval":{"confidence_level":0.95,"lower_bound":3426.691186909534,"upper_bound":3531.248631791939},"point_estimate":3469.5273016214323,"standard_error":27.296640819280874},"Median":{"confidence_interval":{"confidence_level":0.95,"lower_bound":3404.418025362319,"upper_bound":3407.169994212963},"point_estimate":3405.2135613952023,"standard_error":0.7690608492416855},"MedianAbsDev":{"confidence_interval":{"confidence_level":0.95,"lower_bound":5.16471645450766,"upper_bound":10.41542952941388},"point_estimate":6.993899450461074,"standard_error":1.4252245004191046},"Slope":{"confidence_interval":{"confidence_level":0.95,"lower_bound":3406.322188962471,"upper_bound":3454.2280431640124},"point_estimate":3425.275583530368,"standard_error":12.760311094177682},"StdDev":{"confidence_interval":{"confidence_level":0.95,"lower_bound":91.02875817869983,"upper_bound":440.39106645116135},"point_estimate":275.48276336470815,"standard_error":106.65058705096875}}