{"Mean":{"confidence_interval":{"confidence_level":0.95,"lower_bound":2055.5663795743476,"upper_bound":2056.5925970479793},"point_estimate":2055.981258015018,"standard_error":0.2695342104655861},"Median":{"confidence_interval":{"confidence_level":0.95,"lower_bound":2055.3365145228217,"upper_bound":2055.4533740991483},"point_estimate":2055.4060941363846,"standard_error":0.03112714857993276},"MedianAbsDev":{"confidence_interval":{"confidence_level":0.95,"lower_bound":0.12851095218774877,"upper_bound":0.22590557061526437},"point_estimate":0.1641779535164862,"standard_error":0.02439763713433806},"Slope":{"confidence_interval":{"confidence_level":0.95,"lower_bound":2055.5408567859777,"upper_bound":2056.1443093937246},"point_estimate":2055.809327815546,"standard_error":0.1555509642292604},"StdDev":{"confidence_interval":{"confidence_level":0.95,"lower_bound":0.8083082019003358,"upper_bound":4.384398708301491},"point_estimate":2.7135504895386138,"standard_error":1.0990338104088386}}