{"Mean":{"confidence_interval":{"confidence_level":0.95,"lower_bound":16356.712240509307,"upper_bound":16592.208515325718},"point_estimate":16457.735885902843,"standard_error":60.533359066495365},"Median":{"confidence_interval":{"confidence_level":0.95,"lower_bound":16329.887461486294,"upper_bound":16349.166104146576},"point_estimate":16334.663831967213,"standard_error":4.705860393968708},"MedianAbsDev":{"confidence_interval":{"confidence_level":0.95,"lower_bound":26.877945984600245,"upper_bound":44.18570362565276},"point_estimate":33.668339964025954,"standard_error":4.2918208573950505},"Slope":{"confidence_interval":{"confidence_level":0.95,"lower_bound":16331.809249328613,"upper_bound":16525.560335052945},"point_estimate":16408.0597509127,"standard_error":51.82789564230659},"StdDev":{"confidence_interval":{"confidence_level":0.95,"lower_bound":114.3567629825552,"upper_bound":933.5502918763364},"point_estimate":606.8078602339258,"standard_error":201.61148716340307}}