{"Mean":{"confidence_interval":{"confidence_level":0.95,"lower_bound":44632.815474794574,"upper_bound":44916.40439965603},"point_estimate":44755.08807001,"standard_error":73.18142480429081},"Median":{"confidence_interval":{"confidence_level":0.95,"lower_bound":44569.41457326892,"upper_bound":44683.76880607315},"point_estimate":44614.13722433173,"standard_error":29.00425634322264},"MedianAbsDev":{"confidence_interval":{"confidence_level":0.95,"lower_bound":180.90524342738195,"upper_bound":331.80996990378054},"point_estimate":267.9598676930183,"standard_error":40.5463267008645},"Slope":{"confidence_interval":{"confidence_level":0.95,"lower_bound":44549.89526989922,"upper_bound":44628.61827527998},"point_estimate":44590.03360374195,"standard_error":20.062443613368114},"StdDev":{"confidence_interval":{"confidence_level":0.95,"lower_bound":292.3383249268581,"upper_bound":1129.0321196560296},"point_estimate":734.6420359646156,"standard_error":231.43766715088304}}