{"Mean":{"confidence_interval":{"confidence_level":0.95,"lower_bound":7435.502550253183,"upper_bound":7445.372478990926},"point_estimate":7439.18398808503,"standard_error":2.747361614538669},"Median":{"confidence_interval":{"confidence_level":0.95,"lower_bound":7434.149650158571,"upper_bound":7435.52251243781},"point_estimate":7434.714788171255,"standard_error":0.37261690304908895},"MedianAbsDev":{"confidence_interval":{"confidence_level":0.95,"lower_bound":1.5462889483590603,"upper_bound":2.4830928547298927},"point_estimate":1.9254328491362038,"standard_error":0.23784683202991996},"Slope":{"confidence_interval":{"confidence_level":0.95,"lower_bound":7434.3844698775665,"upper_bound":7439.427092158688},"point_estimate":7436.421239465448,"standard_error":1.3285717599843512},"StdDev":{"confidence_interval":{"confidence_level":0.95,"lower_bound":4.573031862308729,"upper_bound":46.519900545554},"point_estimate":27.65599468263207,"standard_error":14.02990743934413}}