{"Mean":{"confidence_interval":{"confidence_level":0.95,"lower_bound":1630496.547672139,"upper_bound":1631043.5425919292},"point_estimate":1630744.5323031237,"standard_error":139.68560261276218},"Median":{"confidence_interval":{"confidence_level":0.95,"lower_bound":1630267.5172413792,"upper_bound":1630391.6467489991},"point_estimate":1630338.5219198791,"standard_error":25.717138717976784},"MedianAbsDev":{"confidence_interval":{"confidence_level":0.95,"lower_bound":203.8522048169385,"upper_bound":425.935533193896},"point_estimate":285.3136556392214,"standard_error":57.3115434496002},"Slope":{"confidence_interval":{"confidence_level":0.95,"lower_bound":1630426.7635988565,"upper_bound":1630866.1336896243},"point_estimate":1630629.004483523,"standard_error":112.64354328867167},"StdDev":{"confidence_interval":{"confidence_level":0.95,"lower_bound":811.6891293881395,"upper_bound":1990.5008459558715},"point_estimate":1406.9231339528403,"standard_error":318.50303858252494}}