{"Mean":{"confidence_interval":{"confidence_level":0.95,"lower_bound":121419.3729620882,"upper_bound":122457.490883125},"point_estimate":121880.73616633145,"standard_error":266.95031212761506},"Median":{"confidence_interval":{"confidence_level":0.95,"lower_bound":121004.60162601626,"upper_bound":121199.89605734767},"point_estimate":121094.14692948817,"standard_error":51.79734472633936},"MedianAbsDev":{"confidence_interval":{"confidence_level":0.95,"lower_bound":215.2500681005587,"upper_bound":453.94936750897347},"point_estimate":336.19557537589185,"standard_error":63.05244781340748},"Slope":{"confidence_interval":{"confidence_level":0.95,"lower_bound":121036.18446037386,"upper_bound":122373.07117434191},"point_estimate":121492.49498021444,"standard_error":380.0602287567461},"StdDev":{"confidence_interval":{"confidence_level":0.95,"lower_bound":1297.724525642512,"upper_bound":3742.387545935019},"point_estimate":2675.0688481783686,"standard_error":617.5987209119313}}