{"Mean":{"confidence_interval":{"confidence_level":0.95,"lower_bound":6285.637068419251,"upper_bound":6367.444818701209},"point_estimate":6321.733575912,"standard_error":21.019937135474493},"Median":{"confidence_interval":{"confidence_level":0.95,"lower_bound":6251.23024026512,"upper_bound":6262.211267605634},"point_estimate":6255.512427310073,"standard_error":2.427359397187382},"MedianAbsDev":{"confidence_interval":{"confidence_level":0.95,"lower_bound":14.592476930368893,"upper_bound":29.72438833683859},"point_estimate":19.742038125726292,"standard_error":3.8319874634348525},"Slope":{"confidence_interval":{"confidence_level":0.95,"lower_bound":6264.388216630282,"upper_bound":6419.125814673199},"point_estimate":6323.915298642751,"standard_error":41.634050639352324},"StdDev":{"confidence_interval":{"confidence_level":0.95,"lower_bound":83.31852455156702,"upper_bound":307.9400959954057},"point_estimate":211.48057661650483,"standard_error":56.15331548216662}}