{"Mean":{"confidence_interval":{"confidence_level":0.95,"lower_bound":930800.4739446588,"upper_bound":936738.0992239596},"point_estimate":933276.8235771614,"standard_error":1540.7507547537393},"Median":{"confidence_interval":{"confidence_level":0.95,"lower_bound":929604.3518518518,"upper_bound":930228.1324875623},"point_estimate":929891.1702380953,"standard_error":179.74319452416938},"MedianAbsDev":{"confidence_interval":{"confidence_level":0.95,"lower_bound":1275.0184779066933,"upper_bound":2405.26343416917},"point_estimate":1706.7821940393583,"standard_error":290.4688684249661},"Slope":{"confidence_interval":{"confidence_level":0.95,"lower_bound":929478.7502102281,"upper_bound":933370.6197655438},"point_estimate":931052.1456317423,"standard_error":1022.3005589187433},"StdDev":{"confidence_interval":{"confidence_level":0.95,"lower_bound":4557.198882102708,"upper_bound":24543.212580901305},"point_estimate":15464.129964003658,"standard_error":5608.261921716341}}