{"Mean":{"confidence_interval":{"confidence_level":0.95,"lower_bound":933027.8528235203,"upper_bound":953731.3217018049},"point_estimate":940854.8840861452,"standard_error":5550.475777815907},"Median":{"confidence_interval":{"confidence_level":0.95,"lower_bound":929502.8439797794,"upper_bound":930850.1041666666},"point_estimate":930287.3167996012,"standard_error":431.0512067448126},"MedianAbsDev":{"confidence_interval":{"confidence_level":0.95,"lower_bound":1774.0665199814741,"upper_bound":3379.9596968119},"point_estimate":2550.1955047249508,"standard_error":453.1378721066746},"Slope":{"confidence_interval":{"confidence_level":0.95,"lower_bound":930292.1409754518,"upper_bound":936468.2970395986},"point_estimate":932765.5533559923,"standard_error":1629.5813257021941},"StdDev":{"confidence_interval":{"confidence_level":0.95,"lower_bound":10930.306098052162,"upper_bound":92322.1844941996},"point_estimate":55472.50296933373,"standard_error":26104.12016985063}}