{"Mean":{"confidence_interval":{"confidence_level":0.95,"lower_bound":9192.52266591046,"upper_bound":9874.449128442095},"point_estimate":9459.490384533718,"standard_error":180.37698805800986},"Median":{"confidence_interval":{"confidence_level":0.95,"lower_bound":9094.234872196139,"upper_bound":9106.52790346908},"point_estimate":9099.301458668815,"standard_error":3.6640286660528893},"MedianAbsDev":{"confidence_interval":{"confidence_level":0.95,"lower_bound":16.07514984658529,"upper_bound":33.762307405210585},"point_estimate":24.451013472602842,"standard_error":5.0193048463207965},"Slope":{"confidence_interval":{"confidence_level":0.95,"lower_bound":9103.822658240604,"upper_bound":9162.418105838233},"point_estimate":9129.12014638031,"standard_error":15.147586527174317},"StdDev":{"confidence_interval":{"confidence_level":0.95,"lower_bound":362.3479945428088,"upper_bound":2970.995879431407},"point_estimate":1808.1321072563458,"standard_error":786.8973900655371}}