{"Mean":{"confidence_interval":{"confidence_level":0.95,"lower_bound":624.4660214055173,"upper_bound":625.057047416503},"point_estimate":624.7398899356089,"standard_error":0.15063691909727403},"Median":{"confidence_interval":{"confidence_level":0.95,"lower_bound":623.6481916067169,"upper_bound":625.097519733022},"point_estimate":624.4000529272166,"standard_error":0.52139143622461},"MedianAbsDev":{"confidence_interval":{"confidence_level":0.95,"lower_bound":0.2530980989465721,"upper_bound":1.87772433898979},"point_estimate":1.2831286119091405,"standard_error":0.4850274581075681},"Slope":{"confidence_interval":{"confidence_level":0.95,"lower_bound":624.2899046627247,"upper_bound":624.8278379878044},"point_estimate":624.5507597635996,"standard_error":0.1374749109995801},"StdDev":{"confidence_interval":{"confidence_level":0.95,"lower_bound":1.0429248200570578,"upper_bound":2.0810129064945206},"point_estimate":1.510792417670135,"standard_error":0.310586649007817}}