{"Mean":{"confidence_interval":{"confidence_level":0.95,"lower_bound":72127.73541632887,"upper_bound":72173.96978775554},"point_estimate":72148.42690463379,"standard_error":11.862157228308355},"Median":{"confidence_interval":{"confidence_level":0.95,"lower_bound":72112.31190476191,"upper_bound":72128.14761904762},"point_estimate":72123.32419386359,"standard_error":3.8483001394018137},"MedianAbsDev":{"confidence_interval":{"confidence_level":0.95,"lower_bound":30.296519149217474,"upper_bound":47.40409552669435},"point_estimate":38.863019166495775,"standard_error":4.4155372015375685},"Slope":{"confidence_interval":{"confidence_level":0.95,"lower_bound":72115.37169652942,"upper_bound":72163.0016911059},"point_estimate":72135.1070455361,"standard_error":12.478567458934789},"StdDev":{"confidence_interval":{"confidence_level":0.95,"lower_bound":57.28768649702756,"upper_bound":167.9360750096923},"point_estimate":118.84017092190557,"standard_error":27.949854049415485}}