{"Mean":{"confidence_interval":{"confidence_level":0.95,"lower_bound":91607.08247152255,"upper_bound":91632.77250767236},"point_estimate":91618.54651615808,"standard_error":6.578870846647992},"Median":{"confidence_interval":{"confidence_level":0.95,"lower_bound":91599.72545454545,"upper_bound":91601.57305194806},"point_estimate":91600.59621212122,"standard_error":0.5258157763679592},"MedianAbsDev":{"confidence_interval":{"confidence_level":0.95,"lower_bound":3.4735928722062703,"upper_bound":7.565656934631422},"point_estimate":5.5387798581418926,"standard_error":1.0253988498747424},"Slope":{"confidence_interval":{"confidence_level":0.95,"lower_bound":91606.71778781459,"upper_bound":91636.1249823624},"point_estimate":91619.99901903623,"standard_error":7.549081059475563},"StdDev":{"confidence_interval":{"confidence_level":0.95,"lower_bound":33.14644054255667,"upper_bound":93.50876544875973},"point_estimate":66.14624240498577,"standard_error":15.471280361652891}}