{"Mean":{"confidence_interval":{"confidence_level":0.95,"lower_bound":126518.1576424725,"upper_bound":126540.5146649956},"point_estimate":126529.30764335448,"standard_error":5.713646158654406},"Median":{"confidence_interval":{"confidence_level":0.95,"lower_bound":126512.04464285714,"upper_bound":126535.9453125},"point_estimate":126523.98076923077,"standard_error":5.32712058015423},"MedianAbsDev":{"confidence_interval":{"confidence_level":0.95,"lower_bound":39.698921981985606,"upper_bound":64.52962256389664},"point_estimate":52.13635670260294,"standard_error":6.108390029137659},"Slope":{"confidence_interval":{"confidence_level":0.95,"lower_bound":126516.72735521471,"upper_bound":126534.55513226049},"point_estimate":126525.52263410669,"standard_error":4.557653468618987},"StdDev":{"confidence_interval":{"confidence_level":0.95,"lower_bound":47.02484559124587,"upper_bound":68.19240061154986},"point_estimate":57.564264070090374,"standard_error":5.451122033405172}}