{"Mean":{"confidence_interval":{"confidence_level":0.95,"lower_bound":56109.36624462661,"upper_bound":56450.699994483264},"point_estimate":56250.67914105173,"standard_error":88.7039012107461},"Median":{"confidence_interval":{"confidence_level":0.95,"lower_bound":56032.92255892256,"upper_bound":56080.43544634378},"point_estimate":56052.391150489566,"standard_error":11.526726068905546},"MedianAbsDev":{"confidence_interval":{"confidence_level":0.95,"lower_bound":73.15086495131398,"upper_bound":147.0519529448629},"point_estimate":107.73816669198392,"standard_error":19.438029770581586},"Slope":{"confidence_interval":{"confidence_level":0.95,"lower_bound":56034.18125601604,"upper_bound":56338.46890188787},"point_estimate":56146.27457103919,"standard_error":82.07169433438806},"StdDev":{"confidence_interval":{"confidence_level":0.95,"lower_bound":257.804675918837,"upper_bound":1416.20082540641},"point_estimate":890.291661276061,"standard_error":325.4056953397689}}