{"Mean":{"confidence_interval":{"confidence_level":0.95,"lower_bound":2944.1983043258374,"upper_bound":2945.654629441804},"point_estimate":2944.842260336715,"standard_error":0.3739664069383432},"Median":{"confidence_interval":{"confidence_level":0.95,"lower_bound":2943.795091827733,"upper_bound":2943.905056129259},"point_estimate":2943.8334051611737,"standard_error":0.0282143114766388},"MedianAbsDev":{"confidence_interval":{"confidence_level":0.95,"lower_bound":0.1413208977845246,"upper_bound":0.25371818861193374},"point_estimate":0.18623043010796025,"standard_error":0.030789090188095475},"Slope":{"confidence_interval":{"confidence_level":0.95,"lower_bound":2944.042705028909,"upper_bound":2945.5625400348044},"point_estimate":2944.6856526282418,"standard_error":0.39306265680198665},"StdDev":{"confidence_interval":{"confidence_level":0.95,"lower_bound":1.6098803225296454,"upper_bound":5.4255002893097934},"point_estimate":3.766658933418014,"standard_error":0.9736417995329858}}