{"Mean":{"confidence_interval":{"confidence_level":0.95,"lower_bound":2419.454270552258,"upper_bound":2451.358256005223},"point_estimate":2431.5177377462987,"standard_error":8.636126339999004},"Median":{"confidence_interval":{"confidence_level":0.95,"lower_bound":2415.209235500214,"upper_bound":2418.138280729051},"point_estimate":2416.753378419068,"standard_error":0.9428162788828403},"MedianAbsDev":{"confidence_interval":{"confidence_level":0.95,"lower_bound":3.887881921483867,"upper_bound":6.65218451487352},"point_estimate":5.0009209510834225,"standard_error":0.7005598712061348},"Slope":{"confidence_interval":{"confidence_level":0.95,"lower_bound":2416.2199387834626,"upper_bound":2428.1676066922037},"point_estimate":2420.5079030950938,"standard_error":3.235658040164986},"StdDev":{"confidence_interval":{"confidence_level":0.95,"lower_bound":17.65286374323765,"upper_bound":144.79294576879258},"point_estimate":86.87323711546887,"standard_error":41.63589703542852}}