{"Mean":{"confidence_interval":{"confidence_level":0.95,"lower_bound":2442.216203247044,"upper_bound":2544.7397531871625},"point_estimate":2486.6825607058663,"standard_error":26.427180480535874},"Median":{"confidence_interval":{"confidence_level":0.95,"lower_bound":2413.957776213934,"upper_bound":2417.689885057471},"point_estimate":2415.4666903627167,"standard_error":0.9514628063815329},"MedianAbsDev":{"confidence_interval":{"confidence_level":0.95,"lower_bound":4.567607788907848,"upper_bound":8.793108930234263},"point_estimate":6.962798188451528,"standard_error":1.1766679190527853},"Slope":{"confidence_interval":{"confidence_level":0.95,"lower_bound":2416.2614980684752,"upper_bound":2423.6903567207073},"point_estimate":2419.3768866951395,"standard_error":1.912210264966628},"StdDev":{"confidence_interval":{"confidence_level":0.95,"lower_bound":95.25941532706945,"upper_bound":392.9679433254173},"point_estimate":265.66638208247775,"standard_error":76.62251648635774}}