{"Mean":{"confidence_interval":{"confidence_level":0.95,"lower_bound":40052803.439724825,"upper_bound":40111000.298249826},"point_estimate":40081042.81770139,"standard_error":14875.30819579601},"Median":{"confidence_interval":{"confidence_level":0.95,"lower_bound":40021631.062937066,"upper_bound":40096042.86470588},"point_estimate":40046705.317070246,"standard_error":20327.52834829871},"MedianAbsDev":{"confidence_interval":{"confidence_level":0.95,"lower_bound":102674.7681654094,"upper_bound":157413.86612534965},"point_estimate":138371.2139851307,"standard_error":13442.044693589993},"Slope":{"confidence_interval":{"confidence_level":0.95,"lower_bound":40050059.42130137,"upper_bound":40093525.84698911},"point_estimate":40071553.694857396,"standard_error":11057.814339693181},"StdDev":{"confidence_interval":{"confidence_level":0.95,"lower_bound":120592.60530238213,"upper_bound":174504.968416443},"point_estimate":149351.32967455298,"standard_error":13779.182620214628}}