{"Mean":{"confidence_interval":{"confidence_level":0.95,"lower_bound":120994.04051508331,"upper_bound":123852.63290376429},"point_estimate":122150.96229909212,"standard_error":748.7740901081528},"Median":{"confidence_interval":{"confidence_level":0.95,"lower_bound":120623.22792022792,"upper_bound":120773.48924731182},"point_estimate":120697.6127946128,"standard_error":40.4218130595945},"MedianAbsDev":{"confidence_interval":{"confidence_level":0.95,"lower_bound":229.24572495104675,"upper_bound":403.46525127320496},"point_estimate":313.3900070624799,"standard_error":42.50779962504855},"Slope":{"confidence_interval":{"confidence_level":0.95,"lower_bound":120621.66178735804,"upper_bound":120922.40741992729},"point_estimate":120746.36581383512,"standard_error":77.27346246967318},"StdDev":{"confidence_interval":{"confidence_level":0.95,"lower_bound":1444.6319772837505,"upper_bound":12167.684084581737},"point_estimate":7514.487420192063,"standard_error":2998.8002304469405}}