{"Mean":{"confidence_interval":{"confidence_level":0.95,"lower_bound":4676909.669339894,"upper_bound":4705373.175167344},"point_estimate":4689366.117024113,"standard_error":7317.477606129579},"Median":{"confidence_interval":{"confidence_level":0.95,"lower_bound":4662929.221322537,"upper_bound":4669694.504690431},"point_estimate":4665527.680672269,"standard_error":1655.848117320004},"MedianAbsDev":{"confidence_interval":{"confidence_level":0.95,"lower_bound":7022.312707075947,"upper_bound":13863.367394731617},"point_estimate":9636.78069141314,"standard_error":1674.6577589753747},"Slope":{"confidence_interval":{"confidence_level":0.95,"lower_bound":4668982.062743273,"upper_bound":4693766.860898299},"point_estimate":4679957.549989656,"standard_error":6382.325097241907},"StdDev":{"confidence_interval":{"confidence_level":0.95,"lower_bound":35836.28737012191,"upper_bound":110509.39850676862},"point_estimate":73651.47216523057,"standard_error":21357.478428985287}}