{"Mean":{"confidence_interval":{"confidence_level":0.95,"lower_bound":645892.7609077364,"upper_bound":649194.7997884426},"point_estimate":647353.1621772741,"standard_error":848.2495247444992},"Median":{"confidence_interval":{"confidence_level":0.95,"lower_bound":645150.4411764706,"upper_bound":645711.72008547},"point_estimate":645442.2946718648,"standard_error":130.72322863727845},"MedianAbsDev":{"confidence_interval":{"confidence_level":0.95,"lower_bound":953.0013811179309,"upper_bound":1515.1230446389338},"point_estimate":1249.632774064622,"standard_error":141.38262707201926},"Slope":{"confidence_interval":{"confidence_level":0.95,"lower_bound":644974.568407646,"upper_bound":648185.6107876811},"point_estimate":646046.6085813507,"standard_error":917.2573983224966},"StdDev":{"confidence_interval":{"confidence_level":0.95,"lower_bound":3313.407576977542,"upper_bound":12117.19988430664},"point_estimate":8534.964252149884,"standard_error":2169.152979291102}}