{"Mean":{"confidence_interval":{"confidence_level":0.95,"lower_bound":647056.4886973446,"upper_bound":650101.0384846185},"point_estimate":648420.0510531021,"standard_error":783.5751728194055},"Median":{"confidence_interval":{"confidence_level":0.95,"lower_bound":646198.4521276596,"upper_bound":646682.5980392157},"point_estimate":646398.5338718821,"standard_error":116.84154437650719},"MedianAbsDev":{"confidence_interval":{"confidence_level":0.95,"lower_bound":879.1748019739417,"upper_bound":1685.6788415859735},"point_estimate":1262.858829464482,"standard_error":214.02964797751355},"Slope":{"confidence_interval":{"confidence_level":0.95,"lower_bound":646051.0581697798,"upper_bound":650228.5530686651},"point_estimate":647718.1757706517,"standard_error":1116.5514304760534},"StdDev":{"confidence_interval":{"confidence_level":0.95,"lower_bound":3355.08681767613,"upper_bound":11132.485781301933},"point_estimate":7887.0123732338625,"standard_error":1921.8895140488055}}