{"Mean":{"confidence_interval":{"confidence_level":0.95,"lower_bound":585.6344310327004,"upper_bound":586.02049586865},"point_estimate":585.7879321574244,"standard_error":0.10202867324934559},"Median":{"confidence_interval":{"confidence_level":0.95,"lower_bound":585.5816466399832,"upper_bound":585.6346339964299},"point_estimate":585.6164111589835,"standard_error":0.013551647206792075},"MedianAbsDev":{"confidence_interval":{"confidence_level":0.95,"lower_bound":0.0948076122196079,"upper_bound":0.15443777312634518},"point_estimate":0.13082693940506143,"standard_error":0.014890945647593953},"Slope":{"confidence_interval":{"confidence_level":0.95,"lower_bound":585.6163356650858,"upper_bound":585.7925811345905},"point_estimate":585.6945151991214,"standard_error":0.045196043766345145},"StdDev":{"confidence_interval":{"confidence_level":0.95,"lower_bound":0.28382232355422476,"upper_bound":1.677974931574505},"point_estimate":1.0279159289160196,"standard_error":0.4382816449211251}}