{"Mean":{"confidence_interval":{"confidence_level":0.95,"lower_bound":38181.49810524849,"upper_bound":38194.507252897776},"point_estimate":38187.08632825577,"standard_error":3.353878194236268},"Median":{"confidence_interval":{"confidence_level":0.95,"lower_bound":38177.929487179485,"upper_bound":38178.656468531466},"point_estimate":38178.14511593425,"standard_error":0.2035680714400435},"MedianAbsDev":{"confidence_interval":{"confidence_level":0.95,"lower_bound":1.6988725295370304,"upper_bound":3.2699116686809635},"point_estimate":2.727154941131757,"standard_error":0.39541519227674055},"Slope":{"confidence_interval":{"confidence_level":0.95,"lower_bound":38180.707445961234,"upper_bound":38194.76995261608},"point_estimate":38187.148484500576,"standard_error":3.6244207909272164},"StdDev":{"confidence_interval":{"confidence_level":0.95,"lower_bound":14.735712133069185,"upper_bound":51.32621861402507},"point_estimate":33.653419003600845,"standard_error":10.388875042026827}}