{"Mean":{"confidence_interval":{"confidence_level":0.95,"lower_bound":16493.117479028144,"upper_bound":16506.213161581854},"point_estimate":16498.059514015775,"standard_error":3.520636236854557},"Median":{"confidence_interval":{"confidence_level":0.95,"lower_bound":16492.4982765868,"upper_bound":16492.965662205326},"point_estimate":16492.734679975358,"standard_error":0.134428036306418},"MedianAbsDev":{"confidence_interval":{"confidence_level":0.95,"lower_bound":0.8682980838174873,"upper_bound":1.7615427222403381},"point_estimate":1.258643471866524,"standard_error":0.2379576615159725},"Slope":{"confidence_interval":{"confidence_level":0.95,"lower_bound":16492.62853697878,"upper_bound":16496.241325165716},"point_estimate":16493.847457793003,"standard_error":1.0243601924136299},"StdDev":{"confidence_interval":{"confidence_level":0.95,"lower_bound":2.5106465184581634,"upper_bound":58.86194063993018},"point_estimate":35.350161636731706,"standard_error":16.75437619636347}}