{"Mean":{"confidence_interval":{"confidence_level":0.95,"lower_bound":16482.523475748774,"upper_bound":16635.74480160041},"point_estimate":16533.953522995485,"standard_error":50.16900816559266},"Median":{"confidence_interval":{"confidence_level":0.95,"lower_bound":16481.906856280046,"upper_bound":16482.775365529465},"point_estimate":16482.30880650901,"standard_error":0.2192964336806297},"MedianAbsDev":{"confidence_interval":{"confidence_level":0.95,"lower_bound":1.1520221442349994,"upper_bound":1.9696036225098745},"point_estimate":1.4652844031973464,"standard_error":0.20420456104279064},"Slope":{"confidence_interval":{"confidence_level":0.95,"lower_bound":16482.088300834486,"upper_bound":16488.03774125353},"point_estimate":16484.06739853726,"standard_error":1.7425546148108693},"StdDev":{"confidence_interval":{"confidence_level":0.95,"lower_bound":3.2049949141407703,"upper_bound":864.6120100208327},"point_estimate":504.26483098922085,"standard_error":313.5673610420083}}