{"Mean":{"confidence_interval":{"confidence_level":0.95,"lower_bound":7941811.854032456,"upper_bound":8087181.828536669},"point_estimate":8013897.973578937,"standard_error":36936.77695525113},"Median":{"confidence_interval":{"confidence_level":0.95,"lower_bound":7959742.741666667,"upper_bound":8121324.262417994},"point_estimate":8007928.758293321,"standard_error":41188.008237244656},"MedianAbsDev":{"confidence_interval":{"confidence_level":0.95,"lower_bound":241181.98954816282,"upper_bound":404639.41125599405},"point_estimate":343997.1974142645,"standard_error":41896.33589436429},"Slope":{"confidence_interval":{"confidence_level":0.95,"lower_bound":7964750.915179745,"upper_bound":8077247.491715065},"point_estimate":8022905.580212797,"standard_error":28716.825118745004},"StdDev":{"confidence_interval":{"confidence_level":0.95,"lower_bound":288839.00053263054,"upper_bound":457060.4657387608},"point_estimate":371079.86050790007,"standard_error":43425.41835208182}}