{"Mean":{"confidence_interval":{"confidence_level":0.95,"lower_bound":19642.565297236128,"upper_bound":19709.298385714937},"point_estimate":19671.111552488856,"standard_error":17.255203111850182},"Median":{"confidence_interval":{"confidence_level":0.95,"lower_bound":19607.9326625387,"upper_bound":19618.16410912191},"point_estimate":19612.466622103388,"standard_error":2.74605814642242},"MedianAbsDev":{"confidence_interval":{"confidence_level":0.95,"lower_bound":13.95688348095742,"upper_bound":30.598339885725892},"point_estimate":21.802365868674908,"standard_error":4.262062919349656},"Slope":{"confidence_interval":{"confidence_level":0.95,"lower_bound":19612.94177756497,"upper_bound":19636.9520766224},"point_estimate":19623.503823456973,"standard_error":6.169252777879865},"StdDev":{"confidence_interval":{"confidence_level":0.95,"lower_bound":79.27522933713433,"upper_bound":266.17657266747295},"point_estimate":173.1471712243775,"standard_error":56.848216791814586}}