{"Mean":{"confidence_interval":{"confidence_level":0.95,"lower_bound":18822170.156989574,"upper_bound":18876664.165694904},"point_estimate":18847810.540137433,"standard_error":13929.184093285565},"Median":{"confidence_interval":{"confidence_level":0.95,"lower_bound":18778631.41785714,"upper_bound":18820801.53},"point_estimate":18798732.115079366,"standard_error":10024.15975694587},"MedianAbsDev":{"confidence_interval":{"confidence_level":0.95,"lower_bound":53064.752973869996,"upper_bound":107030.20632905573},"point_estimate":77124.27832177792,"standard_error":13383.495130758234},"Slope":{"confidence_interval":{"confidence_level":0.95,"lower_bound":18811558.395598285,"upper_bound":18856203.563995853},"point_estimate":18832936.435945027,"standard_error":11406.780840923928},"StdDev":{"confidence_interval":{"confidence_level":0.95,"lower_bound":99620.61978109217,"upper_bound":180795.17745176484},"point_estimate":139459.1353176389,"standard_error":21243.402830086794}}