{"Mean":{"confidence_interval":{"confidence_level":0.95,"lower_bound":16359.92297991019,"upper_bound":16404.50668060739},"point_estimate":16382.496675391789,"standard_error":11.408145549809623},"Median":{"confidence_interval":{"confidence_level":0.95,"lower_bound":16363.21475409836,"upper_bound":16411.986527729336},"point_estimate":16394.770082869276,"standard_error":12.324377663443498},"MedianAbsDev":{"confidence_interval":{"confidence_level":0.95,"lower_bound":79.88699795404368,"upper_bound":123.5571955734502},"point_estimate":99.09614021078481,"standard_error":11.442254018659254},"Slope":{"confidence_interval":{"confidence_level":0.95,"lower_bound":16351.988820899265,"upper_bound":16391.626673892744},"point_estimate":16371.642409814263,"standard_error":10.12212993789436},"StdDev":{"confidence_interval":{"confidence_level":0.95,"lower_bound":90.14203707672702,"upper_bound":138.83576482785307},"point_estimate":114.43870590584841,"standard_error":12.54437300926901}}