{"Mean":{"confidence_interval":{"confidence_level":0.95,"lower_bound":144392.58399144007,"upper_bound":145378.92638325243},"point_estimate":144831.54730987057,"standard_error":254.73544458790232},"Median":{"confidence_interval":{"confidence_level":0.95,"lower_bound":143829.22857142857,"upper_bound":144047.16748768472},"point_estimate":143911.5900481541,"standard_error":56.972910338135065},"MedianAbsDev":{"confidence_interval":{"confidence_level":0.95,"lower_bound":242.1326289422429,"upper_bound":577.5035772472764},"point_estimate":387.6594400582215,"standard_error":88.87659963664605},"Slope":{"confidence_interval":{"confidence_level":0.95,"lower_bound":143834.04788352476,"upper_bound":144109.59208652942},"point_estimate":143960.36548459964,"standard_error":70.32516362493251},"StdDev":{"confidence_interval":{"confidence_level":0.95,"lower_bound":1159.3474945603302,"upper_bound":3780.8408737061977},"point_estimate":2574.3232003118114,"standard_error":689.3242246679382}}