{"Mean":{"confidence_interval":{"confidence_level":0.95,"lower_bound":12236.580674898172,"upper_bound":12245.494677413208},"point_estimate":12240.258456470048,"standard_error":2.3160785433676176},"Median":{"confidence_interval":{"confidence_level":0.95,"lower_bound":12233.99446746669,"upper_bound":12235.454291954293},"point_estimate":12234.441277376718,"standard_error":0.37615763866450486},"MedianAbsDev":{"confidence_interval":{"confidence_level":0.95,"lower_bound":1.6178205558369405,"upper_bound":2.9902095780967164},"point_estimate":2.148179637454759,"standard_error":0.3155131515406117},"Slope":{"confidence_interval":{"confidence_level":0.95,"lower_bound":12236.846186210769,"upper_bound":12240.687012129121},"point_estimate":12238.659922499714,"standard_error":0.9802847856420345},"StdDev":{"confidence_interval":{"confidence_level":0.95,"lower_bound":7.210863865781408,"upper_bound":37.102385195999894},"point_estimate":23.227288271920465,"standard_error":8.705156835442482}}