{"Mean":{"confidence_interval":{"confidence_level":0.95,"lower_bound":5791.679425602789,"upper_bound":5879.1377347315265},"point_estimate":5830.770206282267,"standard_error":22.488791328512388},"Median":{"confidence_interval":{"confidence_level":0.95,"lower_bound":5761.461965491373,"upper_bound":5779.069270218985},"point_estimate":5770.6954056695995,"standard_error":4.394357905646771},"MedianAbsDev":{"confidence_interval":{"confidence_level":0.95,"lower_bound":23.043884656818538,"upper_bound":42.003367603621946},"point_estimate":31.33540736137167,"standard_error":4.7603980550964815},"Slope":{"confidence_interval":{"confidence_level":0.95,"lower_bound":5768.791401176502,"upper_bound":5915.357930492187},"point_estimate":5826.355405521101,"standard_error":39.090084927301994},"StdDev":{"confidence_interval":{"confidence_level":0.95,"lower_bound":107.81214959829022,"upper_bound":314.21281204358473},"point_estimate":225.51099259508362,"standard_error":52.56169687692538}}