{"Mean":{"confidence_interval":{"confidence_level":0.95,"lower_bound":13905.581421130073,"upper_bound":14056.239946796157},"point_estimate":13975.099286653493,"standard_error":38.880467912018496},"Median":{"confidence_interval":{"confidence_level":0.95,"lower_bound":13835.599405902274,"upper_bound":13864.928605154437},"point_estimate":13850.68974967158,"standard_error":9.003787915756977},"MedianAbsDev":{"confidence_interval":{"confidence_level":0.95,"lower_bound":52.132063884010634,"upper_bound":97.78426448376209},"point_estimate":73.81405331086233,"standard_error":12.010924483742732},"Slope":{"confidence_interval":{"confidence_level":0.95,"lower_bound":13866.162089524749,"upper_bound":14092.466491273954},"point_estimate":13967.390743722362,"standard_error":58.32803235706804},"StdDev":{"confidence_interval":{"confidence_level":0.95,"lower_bound":235.954150742836,"upper_bound":509.6052672611156},"point_estimate":390.3659824529448,"standard_error":70.01974486239996}}