{"Mean":{"confidence_interval":{"confidence_level":0.95,"lower_bound":2035445.6991403115,"upper_bound":2059108.9510838052},"point_estimate":2045656.8221096757,"standard_error":6102.285114126269},"Median":{"confidence_interval":{"confidence_level":0.95,"lower_bound":2029674.8905180842,"upper_bound":2031918.4597701149},"point_estimate":2030764.4328470826,"standard_error":624.9992813353844},"MedianAbsDev":{"confidence_interval":{"confidence_level":0.95,"lower_bound":3238.304118746996,"upper_bound":6024.226116381961},"point_estimate":4483.147622611882,"standard_error":766.2512372493345},"Slope":{"confidence_interval":{"confidence_level":0.95,"lower_bound":2030576.3511321836,"upper_bound":2043719.037198722},"point_estimate":2035957.0647258756,"standard_error":3436.648115861465},"StdDev":{"confidence_interval":{"confidence_level":0.95,"lower_bound":19401.934371776082,"upper_bound":92654.38561075478},"point_estimate":61311.47949836069,"standard_error":19046.699399384186}}