{"Mean":{"confidence_interval":{"confidence_level":0.95,"lower_bound":24232.455989660095,"upper_bound":24248.485973875577},"point_estimate":24238.646431878897,"standard_error":4.285038791256408},"Median":{"confidence_interval":{"confidence_level":0.95,"lower_bound":24228.491516436905,"upper_bound":24233.01038843722},"point_estimate":24230.940534834623,"standard_error":1.2491888189465516},"MedianAbsDev":{"confidence_interval":{"confidence_level":0.95,"lower_bound":5.483872494005462,"upper_bound":9.227919202024705},"point_estimate":7.0704007998990885,"standard_error":0.9665857402286516},"Slope":{"confidence_interval":{"confidence_level":0.95,"lower_bound":24229.121681446075,"upper_bound":24235.54658805481},"point_estimate":24232.100017733115,"standard_error":1.6388354474088025},"StdDev":{"confidence_interval":{"confidence_level":0.95,"lower_bound":11.213246138698,"upper_bound":71.0477101723835},"point_estimate":43.01832728018971,"standard_error":19.68393710699406}}