{"Mean":{"confidence_interval":{"confidence_level":0.95,"lower_bound":27809.77699732942,"upper_bound":28040.673758476394},"point_estimate":27910.678880235602,"standard_error":59.18863535693363},"Median":{"confidence_interval":{"confidence_level":0.95,"lower_bound":27740.82817869416,"upper_bound":27775.01028138528},"point_estimate":27755.740354363305,"standard_error":9.93120752490701},"MedianAbsDev":{"confidence_interval":{"confidence_level":0.95,"lower_bound":49.19129816217416,"upper_bound":88.77595206919715},"point_estimate":64.59343024625979,"standard_error":10.04363510562478},"Slope":{"confidence_interval":{"confidence_level":0.95,"lower_bound":27759.09984482001,"upper_bound":28037.754744291415},"point_estimate":27871.605562287572,"standard_error":73.08115514947474},"StdDev":{"confidence_interval":{"confidence_level":0.95,"lower_bound":240.64872414506488,"upper_bound":863.8773735856428},"point_estimate":593.4410525647041,"standard_error":158.23277772832247}}