{"Mean":{"confidence_interval":{"confidence_level":0.95,"lower_bound":1296.0028860078162,"upper_bound":1297.0348549977657},"point_estimate":1296.4244368614618,"standard_error":0.2690546399685763},"Median":{"confidence_interval":{"confidence_level":0.95,"lower_bound":1295.7917081006656,"upper_bound":1295.82467832455},"point_estimate":1295.8047597612617,"standard_error":0.008207747283273854},"MedianAbsDev":{"confidence_interval":{"confidence_level":0.95,"lower_bound":0.04880562437073019,"upper_bound":0.1039864470861672},"point_estimate":0.06820523435985237,"standard_error":0.013696634614745882},"Slope":{"confidence_interval":{"confidence_level":0.95,"lower_bound":1295.9361331184325,"upper_bound":1296.4829137884803},"point_estimate":1296.1676594150108,"standard_error":0.14081576857539702},"StdDev":{"confidence_interval":{"confidence_level":0.95,"lower_bound":0.6623539877007362,"upper_bound":4.345555413350346},"point_estimate":2.700719985796586,"standard_error":1.0404016972109187}}