{"Mean":{"confidence_interval":{"confidence_level":0.95,"lower_bound":59178.02310475349,"upper_bound":59210.16530145118},"point_estimate":59192.895979637404,"standard_error":8.235631712604379},"Median":{"confidence_interval":{"confidence_level":0.95,"lower_bound":59164.95450980392,"upper_bound":59178.16230492196},"point_estimate":59172.93045343137,"standard_error":3.6817440549999727},"MedianAbsDev":{"confidence_interval":{"confidence_level":0.95,"lower_bound":17.56610158669879,"upper_bound":30.01958601581684},"point_estimate":22.157455704605344,"standard_error":3.2572013086785003},"Slope":{"confidence_interval":{"confidence_level":0.95,"lower_bound":59171.458732945954,"upper_bound":59218.509451049686},"point_estimate":59191.19239892558,"standard_error":12.205975809367722},"StdDev":{"confidence_interval":{"confidence_level":0.95,"lower_bound":49.70582364950698,"upper_bound":111.07781685136864},"point_estimate":82.9223443107528,"standard_error":15.68668220508718}}