{"Mean":{"confidence_interval":{"confidence_level":0.95,"lower_bound":416806.10698617325,"upper_bound":417083.8963614806},"point_estimate":416930.2241038352,"standard_error":71.24192124440343},"Median":{"confidence_interval":{"confidence_level":0.95,"lower_bound":416736.2703342206,"upper_bound":416901.13596491225},"point_estimate":416786.0847362514,"standard_error":43.04771344461128},"MedianAbsDev":{"confidence_interval":{"confidence_level":0.95,"lower_bound":247.5342925751406,"upper_bound":400.19707043353185},"point_estimate":320.0954613684457,"standard_error":40.14899190180414},"Slope":{"confidence_interval":{"confidence_level":0.95,"lower_bound":416779.74969169905,"upper_bound":417021.62726392323},"point_estimate":416889.2524604699,"standard_error":61.90738131724853},"StdDev":{"confidence_interval":{"confidence_level":0.95,"lower_bound":327.61885652675346,"upper_bound":1038.4848851569625},"point_estimate":714.8310177760632,"standard_error":187.68463269304732}}