{"Mean":{"confidence_interval":{"confidence_level":0.95,"lower_bound":33521841.97388981,"upper_bound":33697216.74956786},"point_estimate":33595407.13641657,"standard_error":45687.78853392773},"Median":{"confidence_interval":{"confidence_level":0.95,"lower_bound":33480918.18367347,"upper_bound":33530818.560606062},"point_estimate":33507986.388372093,"standard_error":13540.06689095307},"MedianAbsDev":{"confidence_interval":{"confidence_level":0.95,"lower_bound":72406.22755499618,"upper_bound":130298.1316285469},"point_estimate":93777.27372298297,"standard_error":14116.765501697699},"Slope":{"confidence_interval":{"confidence_level":0.95,"lower_bound":33522102.933686994,"upper_bound":33570162.86965489},"point_estimate":33545429.23948574,"standard_error":12223.79965658919},"StdDev":{"confidence_interval":{"confidence_level":0.95,"lower_bound":106915.36447842648,"upper_bound":727022.29848398},"point_estimate":460826.40361796314,"standard_error":165713.13700083672}}