{"Mean":{"confidence_interval":{"confidence_level":0.95,"lower_bound":128190.5888109755,"upper_bound":129699.34836171394},"point_estimate":128817.74344699743,"standard_error":393.9636897623538},"Median":{"confidence_interval":{"confidence_level":0.95,"lower_bound":127907.62857142858,"upper_bound":128020.28684701493},"point_estimate":127962.92224025974,"standard_error":27.48521922902728},"MedianAbsDev":{"confidence_interval":{"confidence_level":0.95,"lower_bound":162.974163054902,"upper_bound":305.40558047142434},"point_estimate":211.00089545351958,"standard_error":36.23474742027305},"Slope":{"confidence_interval":{"confidence_level":0.95,"lower_bound":127911.56376218278,"upper_bound":128596.924663202},"point_estimate":128152.37449903946,"standard_error":186.87697568365627},"StdDev":{"confidence_interval":{"confidence_level":0.95,"lower_bound":1054.6259308352855,"upper_bound":6311.833243064452},"point_estimate":3960.416434786758,"standard_error":1467.7501008024813}}