{"Mean":{"confidence_interval":{"confidence_level":0.95,"lower_bound":4578.888873609354,"upper_bound":4579.04569271346},"point_estimate":4578.974140514469,"standard_error":0.04005335398281648},"Median":{"confidence_interval":{"confidence_level":0.95,"lower_bound":4578.9654195011335,"upper_bound":4579.0657848380815},"point_estimate":4579.03155358227,"standard_error":0.021070903315006245},"MedianAbsDev":{"confidence_interval":{"confidence_level":0.95,"lower_bound":0.15317911765114045,"upper_bound":0.27109753971820294},"point_estimate":0.2042164698738604,"standard_error":0.029044678950573354},"Slope":{"confidence_interval":{"confidence_level":0.95,"lower_bound":4578.981931210487,"upper_bound":4579.076950077598},"point_estimate":4579.0310883426655,"standard_error":0.024168415748206006},"StdDev":{"confidence_interval":{"confidence_level":0.95,"lower_bound":0.24447362743835133,"upper_bound":0.5797104754501513},"point_estimate":0.40307057813787944,"standard_error":0.09765820481838892}}