{"Mean":{"confidence_interval":{"confidence_level":0.95,"lower_bound":807578.9954202241,"upper_bound":840576.1756039325},"point_estimate":821491.3932062403,"standard_error":8601.314411051726},"Median":{"confidence_interval":{"confidence_level":0.95,"lower_bound":802585.2347222222,"upper_bound":803585.193319838},"point_estimate":803074.7495454545,"standard_error":249.91060531206116},"MedianAbsDev":{"confidence_interval":{"confidence_level":0.95,"lower_bound":1082.5501756262693,"upper_bound":2468.6394433672904},"point_estimate":1785.4354729645092,"standard_error":383.23391408621126},"Slope":{"confidence_interval":{"confidence_level":0.95,"lower_bound":803601.6086583091,"upper_bound":810949.1524219767},"point_estimate":806566.4656494753,"standard_error":1922.978138722226},"StdDev":{"confidence_interval":{"confidence_level":0.95,"lower_bound":13911.912228279385,"upper_bound":132490.7895380775},"point_estimate":86237.53552679639,"standard_error":30777.896238797002}}