{"Mean":{"confidence_interval":{"confidence_level":0.95,"lower_bound":9628548.373493131,"upper_bound":9713169.27868148},"point_estimate":9667367.818865359,"standard_error":21648.502313629273},"Median":{"confidence_interval":{"confidence_level":0.95,"lower_bound":9577102.277777778,"upper_bound":9601937.615384616},"point_estimate":9585763.086257309,"standard_error":6322.734597057504},"MedianAbsDev":{"confidence_interval":{"confidence_level":0.95,"lower_bound":18063.5789717429,"upper_bound":48489.85310389638},"point_estimate":27622.273833848732,"standard_error":8082.196334309938},"Slope":{"confidence_interval":{"confidence_level":0.95,"lower_bound":9599370.778631615,"upper_bound":9626937.660916088},"point_estimate":9612466.6936811,"standard_error":7026.817935130549},"StdDev":{"confidence_interval":{"confidence_level":0.95,"lower_bound":125607.52187598588,"upper_bound":291728.06523196195},"point_estimate":217081.1528388286,"standard_error":42156.0080786623}}