{"Mean":{"confidence_interval":{"confidence_level":0.95,"lower_bound":5897.546174300541,"upper_bound":5902.45095598663},"point_estimate":5899.498886995449,"standard_error":1.2919986281226543},"Median":{"confidence_interval":{"confidence_level":0.95,"lower_bound":5896.499193386522,"upper_bound":5896.8954866674885},"point_estimate":5896.659765430562,"standard_error":0.12081948388763282},"MedianAbsDev":{"confidence_interval":{"confidence_level":0.95,"lower_bound":0.6037678820136919,"upper_bound":1.1310927498744991},"point_estimate":0.8325416558266737,"standard_error":0.13784455002539645},"Slope":{"confidence_interval":{"confidence_level":0.95,"lower_bound":5896.48082934515,"upper_bound":5898.181590702687},"point_estimate":5897.253032609231,"standard_error":0.4348913207209124},"StdDev":{"confidence_interval":{"confidence_level":0.95,"lower_bound":3.637326563409508,"upper_bound":21.073095022387868},"point_estimate":12.936536458354944,"standard_error":5.458129345656275}}