{"Mean":{"confidence_interval":{"confidence_level":0.95,"lower_bound":57766.312247985945,"upper_bound":58204.820857284256},"point_estimate":57963.93265343271,"standard_error":112.39542365980147},"Median":{"confidence_interval":{"confidence_level":0.95,"lower_bound":57523.16924664603,"upper_bound":57630.04761904762},"point_estimate":57589.49398238522,"standard_error":29.171814656187657},"MedianAbsDev":{"confidence_interval":{"confidence_level":0.95,"lower_bound":145.92767039248764,"upper_bound":290.6367948271565},"point_estimate":218.47046768944608,"standard_error":36.866364955574014},"Slope":{"confidence_interval":{"confidence_level":0.95,"lower_bound":57539.55046949456,"upper_bound":57854.00642566458},"point_estimate":57680.12624396943,"standard_error":80.92346708608788},"StdDev":{"confidence_interval":{"confidence_level":0.95,"lower_bound":610.8194284784561,"upper_bound":1601.2408257376317},"point_estimate":1127.7745280849606,"standard_error":259.22247045091535}}