{"Mean":{"confidence_interval":{"confidence_level":0.95,"lower_bound":3212.1362651016448,"upper_bound":3213.0303036035575},"point_estimate":3212.5441460860916,"standard_error":0.22859389286001172},"Median":{"confidence_interval":{"confidence_level":0.95,"lower_bound":3211.792680490631,"upper_bound":3211.9262675296654},"point_estimate":3211.8553904743226,"standard_error":0.03524994909108206},"MedianAbsDev":{"confidence_interval":{"confidence_level":0.95,"lower_bound":0.21359332156958452,"upper_bound":0.38855755688230637},"point_estimate":0.28595699698258675,"standard_error":0.04258486039866359},"Slope":{"confidence_interval":{"confidence_level":0.95,"lower_bound":3212.0496522193816,"upper_bound":3213.0757746790237},"point_estimate":3212.5144221409532,"standard_error":0.2644803236345958},"StdDev":{"confidence_interval":{"confidence_level":0.95,"lower_bound":1.3531519605169906,"upper_bound":3.1360631172833906},"point_estimate":2.2982989722745617,"standard_error":0.46135947469888433}}