{"Mean":{"confidence_interval":{"confidence_level":0.95,"lower_bound":32777190.48905404,"upper_bound":32921588.41902163},"point_estimate":32838786.829781555,"standard_error":37474.534357271536},"Median":{"confidence_interval":{"confidence_level":0.95,"lower_bound":32738992.166666668,"upper_bound":32772555.447826087},"point_estimate":32752701.427329935,"standard_error":9776.7009710631},"MedianAbsDev":{"confidence_interval":{"confidence_level":0.95,"lower_bound":86487.51254447528,"upper_bound":141837.24249522123},"point_estimate":113683.81497962761,"standard_error":13840.147045508656},"Slope":{"confidence_interval":{"confidence_level":0.95,"lower_bound":32765718.27581999,"upper_bound":32815886.880067732},"point_estimate":32789989.110394564,"standard_error":12800.397365564504},"StdDev":{"confidence_interval":{"confidence_level":0.95,"lower_bound":129691.02791458729,"upper_bound":584710.0459173956},"point_estimate":376155.52436123707,"standard_error":124055.8115536244}}