{"Mean":{"confidence_interval":{"confidence_level":0.95,"lower_bound":32688045.99869946,"upper_bound":32732704.571043957},"point_estimate":32709250.501097046,"standard_error":11419.805640005543},"Median":{"confidence_interval":{"confidence_level":0.95,"lower_bound":32657891.824721377,"upper_bound":32682466.866666667},"point_estimate":32665202.147058822,"standard_error":5710.833394755264},"MedianAbsDev":{"confidence_interval":{"confidence_level":0.95,"lower_bound":33558.75875231648,"upper_bound":79814.51920238484},"point_estimate":52487.82103987262,"standard_error":12612.658979841795},"Slope":{"confidence_interval":{"confidence_level":0.95,"lower_bound":32687056.171697263,"upper_bound":32719624.556087725},"point_estimate":32703216.226262745,"standard_error":8321.867132480324},"StdDev":{"confidence_interval":{"confidence_level":0.95,"lower_bound":84310.89184810988,"upper_bound":140552.49334314434},"point_estimate":114662.72425562823,"standard_error":14360.272677772531}}