{"Mean":{"confidence_interval":{"confidence_level":0.95,"lower_bound":6112.11007461577,"upper_bound":6133.5374548691825},"point_estimate":6121.902315789102,"standard_error":5.502052096273458},"Median":{"confidence_interval":{"confidence_level":0.95,"lower_bound":6103.781832298137,"upper_bound":6109.947753254937},"point_estimate":6106.633658680863,"standard_error":1.864762021314072},"MedianAbsDev":{"confidence_interval":{"confidence_level":0.95,"lower_bound":9.063609629394678,"upper_bound":17.2907509118615},"point_estimate":12.644850349737364,"standard_error":2.2359676376214437},"Slope":{"confidence_interval":{"confidence_level":0.95,"lower_bound":6106.114900360563,"upper_bound":6118.845777724518},"point_estimate":6111.57535662197,"standard_error":3.273858331210926},"StdDev":{"confidence_interval":{"confidence_level":0.95,"lower_bound":31.48984674272452,"upper_bound":74.03309587107857},"point_estimate":55.25332339394799,"standard_error":10.82238051493539}}