{"Mean":{"confidence_interval":{"confidence_level":0.95,"lower_bound":2050100.5779900895,"upper_bound":2060057.249941247},"point_estimate":2054719.5826962658,"standard_error":2549.268985954986},"Median":{"confidence_interval":{"confidence_level":0.95,"lower_bound":2047076.4186046512,"upper_bound":2053813.253164557},"point_estimate":2048751.33495671,"standard_error":1582.1412075125331},"MedianAbsDev":{"confidence_interval":{"confidence_level":0.95,"lower_bound":8800.528118759394,"upper_bound":16200.087833300095},"point_estimate":12621.637034457734,"standard_error":1914.3938441113626},"Slope":{"confidence_interval":{"confidence_level":0.95,"lower_bound":2046349.421856843,"upper_bound":2058357.0213289578},"point_estimate":2051759.3917807005,"standard_error":3082.3660840062353},"StdDev":{"confidence_interval":{"confidence_level":0.95,"lower_bound":16403.496011946852,"upper_bound":33722.35079689413},"point_estimate":25654.668033990776,"standard_error":4418.458525942424}}