{"Mean":{"confidence_interval":{"confidence_level":0.95,"lower_bound":78.85938905270825,"upper_bound":78.929962668163},"point_estimate":78.88625200235306,"standard_error":0.019066182407685324},"Median":{"confidence_interval":{"confidence_level":0.95,"lower_bound":78.8385797299978,"upper_bound":78.85816132717034},"point_estimate":78.84339670910292,"standard_error":0.005303359007029781},"MedianAbsDev":{"confidence_interval":{"confidence_level":0.95,"lower_bound":0.01506231410056084,"upper_bound":0.04264110262091553},"point_estimate":0.023830816880975245,"standard_error":0.007017734388665747},"Slope":{"confidence_interval":{"confidence_level":0.95,"lower_bound":78.84444895048442,"upper_bound":78.87223019804901},"point_estimate":78.8566923921849,"standard_error":0.007138852914711623},"StdDev":{"confidence_interval":{"confidence_level":0.95,"lower_bound":0.043396664939835246,"upper_bound":0.318229328997369},"point_estimate":0.19116819246409997,"standard_error":0.09112901661363125}}