{"Mean":{"confidence_interval":{"confidence_level":0.95,"lower_bound":218639.00380828365,"upper_bound":220504.0626652149},"point_estimate":219460.02018071405,"standard_error":479.47438506907537},"Median":{"confidence_interval":{"confidence_level":0.95,"lower_bound":218080.66935817804,"upper_bound":218382.29714285713},"point_estimate":218217.77333333332,"standard_error":70.50197024366007},"MedianAbsDev":{"confidence_interval":{"confidence_level":0.95,"lower_bound":367.47046452088824,"upper_bound":667.1314849982957},"point_estimate":488.6338224054719,"standard_error":72.68616614712353},"Slope":{"confidence_interval":{"confidence_level":0.95,"lower_bound":218091.59440371924,"upper_bound":220099.64754338437},"point_estimate":218767.60065848974,"standard_error":572.075514704615},"StdDev":{"confidence_interval":{"confidence_level":0.95,"lower_bound":1900.9465307093096,"upper_bound":7004.239702839097},"point_estimate":4831.861459012855,"standard_error":1294.442566602597}}