{"Mean":{"confidence_interval":{"confidence_level":0.95,"lower_bound":1617.1622845334107,"upper_bound":1617.2516369411212},"point_estimate":1617.2045681805275,"standard_error":0.02278031312900575},"Median":{"confidence_interval":{"confidence_level":0.95,"lower_bound":1617.1019670688788,"upper_bound":1617.163167211329},"point_estimate":1617.1405899603242,"standard_error":0.01903503157804552},"MedianAbsDev":{"confidence_interval":{"confidence_level":0.95,"lower_bound":0.08106871633406479,"upper_bound":0.16196862278445848},"point_estimate":0.12089003590640787,"standard_error":0.021081284942821167},"Slope":{"confidence_interval":{"confidence_level":0.95,"lower_bound":1617.1029286515673,"upper_bound":1617.1503204216945},"point_estimate":1617.1257735878944,"standard_error":0.012130271700655386},"StdDev":{"confidence_interval":{"confidence_level":0.95,"lower_bound":0.16596954483906287,"upper_bound":0.29139273517566416},"point_estimate":0.2281919942502562,"standard_error":0.03266183906545081}}