{"Mean":{"confidence_interval":{"confidence_level":0.95,"lower_bound":3050.375647045083,"upper_bound":3051.306969231565},"point_estimate":3050.7883650582703,"standard_error":0.23900254104655988},"Median":{"confidence_interval":{"confidence_level":0.95,"lower_bound":3050.0633707865168,"upper_bound":3050.131244343891},"point_estimate":3050.0870046948357,"standard_error":0.019845278757977144},"MedianAbsDev":{"confidence_interval":{"confidence_level":0.95,"lower_bound":0.1077868731252778,"upper_bound":0.2024379408334676},"point_estimate":0.1461194388258636,"standard_error":0.02492386880089535},"Slope":{"confidence_interval":{"confidence_level":0.95,"lower_bound":3050.2684344428403,"upper_bound":3051.211357379663},"point_estimate":3050.6928523808983,"standard_error":0.24284590638178702},"StdDev":{"confidence_interval":{"confidence_level":0.95,"lower_bound":1.1666743152955228,"upper_bound":3.5336881240878895},"point_estimate":2.408790563853515,"standard_error":0.6279756976897486}}