{"Mean":{"confidence_interval":{"confidence_level":0.95,"lower_bound":584434.9945885378,"upper_bound":590127.4469063045},"point_estimate":586514.8217903619,"standard_error":1538.2922594624013},"Median":{"confidence_interval":{"confidence_level":0.95,"lower_bound":584153.4038312694,"upper_bound":584647.4717948718},"point_estimate":584426.4441183817,"standard_error":114.11077990886295},"MedianAbsDev":{"confidence_interval":{"confidence_level":0.95,"lower_bound":831.1222813927141,"upper_bound":2197.6635830390283},"point_estimate":1243.6416575536512,"standard_error":360.2288459548359},"Slope":{"confidence_interval":{"confidence_level":0.95,"lower_bound":583622.1050990403,"upper_bound":584458.3567266633},"point_estimate":584033.7050953155,"standard_error":210.9351301135302},"StdDev":{"confidence_interval":{"confidence_level":0.95,"lower_bound":2409.9329371380973,"upper_bound":25976.743634226812},"point_estimate":15456.60287932357,"standard_error":7695.1044316307125}}