{"Mean":{"confidence_interval":{"confidence_level":0.95,"lower_bound":1101476.009322003,"upper_bound":1117042.4982743429},"point_estimate":1107991.3716478175,"standard_error":4034.420447757742},"Median":{"confidence_interval":{"confidence_level":0.95,"lower_bound":1097981.7313432836,"upper_bound":1099422.170212766},"point_estimate":1098972.26733255,"standard_error":339.2473226691359},"MedianAbsDev":{"confidence_interval":{"confidence_level":0.95,"lower_bound":2623.725724328539,"upper_bound":5269.303110996491},"point_estimate":4048.4757563211474,"standard_error":716.5401168481276},"Slope":{"confidence_interval":{"confidence_level":0.95,"lower_bound":1097996.3977905589,"upper_bound":1104359.6929572923},"point_estimate":1100267.3098182355,"standard_error":1732.1801227424648},"StdDev":{"confidence_interval":{"confidence_level":0.95,"lower_bound":10440.026612418447,"upper_bound":64277.12980779089},"point_estimate":40705.36093445771,"standard_error":14400.61784996431}}