{"Mean":{"confidence_interval":{"confidence_level":0.95,"lower_bound":758.3190613273365,"upper_bound":758.8743469612695},"point_estimate":758.5489792192935,"standard_error":0.14465588559839462},"Median":{"confidence_interval":{"confidence_level":0.95,"lower_bound":758.2724332225864,"upper_bound":758.3198029483939},"point_estimate":758.2999723498383,"standard_error":0.015971598785139728},"MedianAbsDev":{"confidence_interval":{"confidence_level":0.95,"lower_bound":0.19028708825014484,"upper_bound":0.4626864147116544},"point_estimate":0.37239073327036193,"standard_error":0.06966470312608483},"Slope":{"confidence_interval":{"confidence_level":0.95,"lower_bound":758.2782880804332,"upper_bound":758.6769020162083},"point_estimate":758.4454060682291,"standard_error":0.10315949112611673},"StdDev":{"confidence_interval":{"confidence_level":0.95,"lower_bound":0.4684297575345601,"upper_bound":2.3077517545580255},"point_estimate":1.4515902872712898,"standard_error":0.5380193588797403}}