{"Mean":{"confidence_interval":{"confidence_level":0.95,"lower_bound":1026127.6662131808,"upper_bound":1026959.2411562592},"point_estimate":1026512.7266719976,"standard_error":212.2999556612023},"Median":{"confidence_interval":{"confidence_level":0.95,"lower_bound":1026096.4311429191,"upper_bound":1026698.671875},"point_estimate":1026401.0475,"standard_error":137.29842638878625},"MedianAbsDev":{"confidence_interval":{"confidence_level":0.95,"lower_bound":822.88630811808,"upper_bound":1296.8330376250804},"point_estimate":1015.8910363052926,"standard_error":127.55293022707447},"Slope":{"confidence_interval":{"confidence_level":0.95,"lower_bound":1026436.8459881452,"upper_bound":1027284.9913376333},"point_estimate":1026790.2567252845,"standard_error":220.73158754200642},"StdDev":{"confidence_interval":{"confidence_level":0.95,"lower_bound":1229.8045525695775,"upper_bound":2946.951468654626},"point_estimate":2133.6205355617935,"standard_error":447.5502258055677}}