{"Mean":{"confidence_interval":{"confidence_level":0.95,"lower_bound":663.2898810226204,"upper_bound":663.4631611443806},"point_estimate":663.3682318362588,"standard_error":0.044455878992696846},"Median":{"confidence_interval":{"confidence_level":0.95,"lower_bound":663.2325041121084,"upper_bound":663.3175407730116},"point_estimate":663.2611660686568,"standard_error":0.02688772769558678},"MedianAbsDev":{"confidence_interval":{"confidence_level":0.95,"lower_bound":0.10223562288046537,"upper_bound":0.16449224101075985},"point_estimate":0.12599084411620776,"standard_error":0.014611120859097576},"Slope":{"confidence_interval":{"confidence_level":0.95,"lower_bound":663.2896100612081,"upper_bound":663.4800730341179},"point_estimate":663.3744631592126,"standard_error":0.04903252291594835},"StdDev":{"confidence_interval":{"confidence_level":0.95,"lower_bound":0.22874180012244028,"upper_bound":0.6156515967607977},"point_estimate":0.446908155274849,"standard_error":0.09798281888516651}}