{"Mean":{"confidence_interval":{"confidence_level":0.95,"lower_bound":18518.235166930663,"upper_bound":18522.952163611677},"point_estimate":18520.358919617614,"standard_error":1.2057188630308462},"Median":{"confidence_interval":{"confidence_level":0.95,"lower_bound":18516.878938640133,"upper_bound":18517.314814814814},"point_estimate":18517.04965277778,"standard_error":0.11420356450363367},"MedianAbsDev":{"confidence_interval":{"confidence_level":0.95,"lower_bound":0.8700510844244029,"upper_bound":1.399435047883269},"point_estimate":1.1017003544390696,"standard_error":0.13530341956868358},"Slope":{"confidence_interval":{"confidence_level":0.95,"lower_bound":18517.87431874979,"upper_bound":18523.036895315356},"point_estimate":18520.140298562193,"standard_error":1.3333166127497298},"StdDev":{"confidence_interval":{"confidence_level":0.95,"lower_bound":6.379098013469202,"upper_bound":16.73012899778154},"point_estimate":12.136813268795475,"standard_error":2.6304655939017962}}