{"Mean":{"confidence_interval":{"confidence_level":0.95,"lower_bound":457051.5824824027,"upper_bound":457396.52237798634},"point_estimate":457229.94744797796,"standard_error":87.81184505264143},"Median":{"confidence_interval":{"confidence_level":0.95,"lower_bound":457370.23287671234,"upper_bound":457485.7916666667},"point_estimate":457411.2458517329,"standard_error":29.308240051587042},"MedianAbsDev":{"confidence_interval":{"confidence_level":0.95,"lower_bound":182.61259430184512,"upper_bound":310.148216794426},"point_estimate":255.73431008944456,"standard_error":32.239141561451106},"Slope":{"confidence_interval":{"confidence_level":0.95,"lower_bound":457184.7727742615,"upper_bound":457365.05431554373},"point_estimate":457284.8251081228,"standard_error":45.95901000141442},"StdDev":{"confidence_interval":{"confidence_level":0.95,"lower_bound":671.65679649065,"upper_bound":1063.8649674072906},"point_estimate":887.6364135661564,"standard_error":99.84069596587624}}