{"Mean":{"confidence_interval":{"confidence_level":0.95,"lower_bound":86738.11686168982,"upper_bound":88856.26210133913},"point_estimate":87542.74582108937,"standard_error":568.6331157054052},"Median":{"confidence_interval":{"confidence_level":0.95,"lower_bound":86311.3127340824,"upper_bound":86443.44081779054},"point_estimate":86380.7964330808,"standard_error":35.318078612506234},"MedianAbsDev":{"confidence_interval":{"confidence_level":0.95,"lower_bound":181.66852632200988,"upper_bound":358.59931609731785},"point_estimate":282.2206034111169,"standard_error":47.870143196890254},"Slope":{"confidence_interval":{"confidence_level":0.95,"lower_bound":86364.13242936216,"upper_bound":86871.45063429304},"point_estimate":86570.04566080488,"standard_error":132.3197681226078},"StdDev":{"confidence_interval":{"confidence_level":0.95,"lower_bound":1262.4684481307127,"upper_bound":9449.496238170437},"point_estimate":5695.120021927123,"standard_error":2651.655415135385}}