{"Mean":{"confidence_interval":{"confidence_level":0.95,"lower_bound":852.6387186680012,"upper_bound":853.6329392185763},"point_estimate":853.1029004946341,"standard_error":0.25325125474787635},"Median":{"confidence_interval":{"confidence_level":0.95,"lower_bound":852.9550249272968,"upper_bound":853.3707618364107},"point_estimate":853.2253786103299,"standard_error":0.1320517064967011},"MedianAbsDev":{"confidence_interval":{"confidence_level":0.95,"lower_bound":0.47582731772001496,"upper_bound":1.9042146024026307},"point_estimate":0.9264236478946681,"standard_error":0.4571604096865072},"Slope":{"confidence_interval":{"confidence_level":0.95,"lower_bound":852.289339687863,"upper_bound":853.0151977784943},"point_estimate":852.6547478213698,"standard_error":0.1846527299216645},"StdDev":{"confidence_interval":{"confidence_level":0.95,"lower_bound":1.5701546206429184,"upper_bound":3.4901037596447737},"point_estimate":2.553779532921591,"standard_error":0.5003816196442933}}