{"Mean":{"confidence_interval":{"confidence_level":0.95,"lower_bound":111300.4146706874,"upper_bound":111360.64290922784},"point_estimate":111328.36534795316,"standard_error":15.362264743449536},"Median":{"confidence_interval":{"confidence_level":0.95,"lower_bound":111282.62699739874,"upper_bound":111315.09770114943},"point_estimate":111295.84529314037,"standard_error":7.752607515739409},"MedianAbsDev":{"confidence_interval":{"confidence_level":0.95,"lower_bound":57.8087383780349,"upper_bound":92.23656421392516},"point_estimate":71.99429075797283,"standard_error":9.15822369049919},"Slope":{"confidence_interval":{"confidence_level":0.95,"lower_bound":111284.0468650755,"upper_bound":111364.57600694762},"point_estimate":111318.22110864818,"standard_error":20.903179974766875},"StdDev":{"confidence_interval":{"confidence_level":0.95,"lower_bound":99.94181087492008,"upper_bound":206.38831285808644},"point_estimate":154.1875348179958,"standard_error":27.729423400296806}}