{"Mean":{"confidence_interval":{"confidence_level":0.95,"lower_bound":291361.84945078753,"upper_bound":291559.56759034283},"point_estimate":291457.4395018922,"standard_error":50.46210101103939},"Median":{"confidence_interval":{"confidence_level":0.95,"lower_bound":291244.5,"upper_bound":291459.9358974359},"point_estimate":291318.6235714286,"standard_error":52.33220416561936},"MedianAbsDev":{"confidence_interval":{"confidence_level":0.95,"lower_bound":287.1842121107635,"upper_bound":542.1117763512354},"point_estimate":415.11503980762313,"standard_error":68.19807548941772},"Slope":{"confidence_interval":{"confidence_level":0.95,"lower_bound":291566.2409770707,"upper_bound":291837.26462429616},"point_estimate":291701.809046845,"standard_error":69.18225946400905},"StdDev":{"confidence_interval":{"confidence_level":0.95,"lower_bound":394.38327984637124,"upper_bound":618.9949138315634},"point_estimate":506.07288730755295,"standard_error":58.21313275924472}}