{"Mean":{"confidence_interval":{"confidence_level":0.95,"lower_bound":2753676.206877321,"upper_bound":2763438.8271650607},"point_estimate":2758503.6905518714,"standard_error":2494.355402859887},"Median":{"confidence_interval":{"confidence_level":0.95,"lower_bound":2755276.9,"upper_bound":2759932.9261637237},"point_estimate":2756576.859375,"standard_error":1376.7333183175085},"MedianAbsDev":{"confidence_interval":{"confidence_level":0.95,"lower_bound":8658.682100312833,"upper_bound":15751.318680699791},"point_estimate":13523.343555224994,"standard_error":1726.6694657584562},"Slope":{"confidence_interval":{"confidence_level":0.95,"lower_bound":2744351.0120984386,"upper_bound":2755557.7890282515},"point_estimate":2750243.1080449237,"standard_error":2876.774645851651},"StdDev":{"confidence_interval":{"confidence_level":0.95,"lower_bound":18258.017790984435,"upper_bound":30808.402117544003},"point_estimate":24888.48515420359,"standard_error":3176.2904979488985}}