{"Mean":{"confidence_interval":{"confidence_level":0.95,"lower_bound":4834.522267361658,"upper_bound":4836.837490768942},"point_estimate":4835.717159693132,"standard_error":0.589531388350374},"Median":{"confidence_interval":{"confidence_level":0.95,"lower_bound":4836.677663671374,"upper_bound":4837.068051791629},"point_estimate":4836.840555555556,"standard_error":0.0939451035458397},"MedianAbsDev":{"confidence_interval":{"confidence_level":0.95,"lower_bound":0.461434976700522,"upper_bound":0.8520006064254749},"point_estimate":0.6002633084277924,"standard_error":0.10242751218399883},"Slope":{"confidence_interval":{"confidence_level":0.95,"lower_bound":4832.58467013244,"upper_bound":4836.652425786086},"point_estimate":4834.639247769845,"standard_error":1.034261216728926},"StdDev":{"confidence_interval":{"confidence_level":0.95,"lower_bound":4.151569066638596,"upper_bound":7.392651187059708},"point_estimate":5.9312300855683775,"standard_error":0.8244007192453272}}