{"Mean":{"confidence_interval":{"confidence_level":0.95,"lower_bound":466146.13542246,"upper_bound":471414.7071210701},"point_estimate":468368.34766320186,"standard_error":1373.1956505881772},"Median":{"confidence_interval":{"confidence_level":0.95,"lower_bound":465084.8817204301,"upper_bound":465646.6141456582},"point_estimate":465304.95675971534,"standard_error":143.31221632110373},"MedianAbsDev":{"confidence_interval":{"confidence_level":0.95,"lower_bound":779.4615066076683,"upper_bound":1379.0817077089025},"point_estimate":1039.4725813863813,"standard_error":149.29204706807076},"Slope":{"confidence_interval":{"confidence_level":0.95,"lower_bound":465195.4879395821,"upper_bound":469556.7197792315},"point_estimate":466871.96373971726,"standard_error":1172.902114908614},"StdDev":{"confidence_interval":{"confidence_level":0.95,"lower_bound":4344.539757033387,"upper_bound":21669.845876292093},"point_estimate":13795.501878164641,"standard_error":4807.634554092272}}