{"Mean":{"confidence_interval":{"confidence_level":0.95,"lower_bound":467629.69846092124,"upper_bound":471576.12380081625},"point_estimate":469441.7429556693,"standard_error":1010.3126535386143},"Median":{"confidence_interval":{"confidence_level":0.95,"lower_bound":465471.4865079365,"upper_bound":466053.2548625084},"point_estimate":465674.97888127854,"standard_error":150.57170343626055},"MedianAbsDev":{"confidence_interval":{"confidence_level":0.95,"lower_bound":834.1208325581997,"upper_bound":1975.4678064566037},"point_estimate":1265.3253485722155,"standard_error":278.67086504193105},"Slope":{"confidence_interval":{"confidence_level":0.95,"lower_bound":465938.21412620833,"upper_bound":469873.88585329446},"point_estimate":467630.6418127186,"standard_error":1015.638009890631},"StdDev":{"confidence_interval":{"confidence_level":0.95,"lower_bound":6214.067985037152,"upper_bound":13366.730054784648},"point_estimate":10177.25115297645,"standard_error":1825.783514273825}}