{"Mean":{"confidence_interval":{"confidence_level":0.95,"lower_bound":490543.29314902914,"upper_bound":490940.5559333661},"point_estimate":490716.85814909666,"standard_error":102.8085801206087},"Median":{"confidence_interval":{"confidence_level":0.95,"lower_bound":490442.1211197339,"upper_bound":490538.40860215056},"point_estimate":490478.8866020985,"standard_error":26.05363895777699},"MedianAbsDev":{"confidence_interval":{"confidence_level":0.95,"lower_bound":138.2979096659774,"upper_bound":216.67035791807533},"point_estimate":172.8274392393742,"standard_error":19.907676600142704},"Slope":{"confidence_interval":{"confidence_level":0.95,"lower_bound":490491.5456469571,"upper_bound":490674.012989082},"point_estimate":490574.70674745087,"standard_error":46.690807097105704},"StdDev":{"confidence_interval":{"confidence_level":0.95,"lower_bound":309.42771338152073,"upper_bound":1508.8942602201196},"point_estimate":1033.2861301172818,"standard_error":288.0493497324185}}