{"Mean":{"confidence_interval":{"confidence_level":0.95,"lower_bound":6190137.892395835,"upper_bound":6288268.290430111},"point_estimate":6223044.407682511,"standard_error":32172.160180889685},"Median":{"confidence_interval":{"confidence_level":0.95,"lower_bound":6189608.628942486,"upper_bound":6190323.89},"point_estimate":6189979.85,"standard_error":175.351611481501},"MedianAbsDev":{"confidence_interval":{"confidence_level":0.95,"lower_bound":1053.4009199345735,"upper_bound":2103.0347807831427},"point_estimate":1591.9814635627454,"standard_error":266.14606925303946},"Slope":{"confidence_interval":{"confidence_level":0.95,"lower_bound":6189806.51976659,"upper_bound":6190520.099092671},"point_estimate":6190152.986617408,"standard_error":181.87300386297468},"StdDev":{"confidence_interval":{"confidence_level":0.95,"lower_bound":2256.7937068420183,"upper_bound":555274.1784737946},"point_estimate":323848.50908075704,"standard_error":201615.12410252634}}