{"Mean":{"confidence_interval":{"confidence_level":0.95,"lower_bound":53450.68178241285,"upper_bound":53468.05259730799},"point_estimate":53458.22601933792,"standard_error":4.485852574544933},"Median":{"confidence_interval":{"confidence_level":0.95,"lower_bound":53446.857565789476,"upper_bound":53448.415204678364},"point_estimate":53447.43035087719,"standard_error":0.39351334345332817},"MedianAbsDev":{"confidence_interval":{"confidence_level":0.95,"lower_bound":2.2076934021013894,"upper_bound":4.0871376295364055},"point_estimate":3.1427075339712145,"standard_error":0.5004159908517508},"Slope":{"confidence_interval":{"confidence_level":0.95,"lower_bound":53450.63101912343,"upper_bound":53466.94330490396},"point_estimate":53457.85638664416,"standard_error":4.203400206812602},"StdDev":{"confidence_interval":{"confidence_level":0.95,"lower_bound":18.468045283653957,"upper_bound":68.57337694408122},"point_estimate":45.11400025264082,"standard_error":13.711853625299785}}