{"Mean":{"confidence_interval":{"confidence_level":0.95,"lower_bound":17324.868751289094,"upper_bound":17407.1436718576},"point_estimate":17360.977896409153,"standard_error":21.14520614060937},"Median":{"confidence_interval":{"confidence_level":0.95,"lower_bound":17304.133497665935,"upper_bound":17322.561919504646},"point_estimate":17311.32182017544,"standard_error":4.987590355135856},"MedianAbsDev":{"confidence_interval":{"confidence_level":0.95,"lower_bound":30.50681453312037,"upper_bound":53.68283969643462},"point_estimate":41.03882968077066,"standard_error":5.878518766365087},"Slope":{"confidence_interval":{"confidence_level":0.95,"lower_bound":17309.44193066154,"upper_bound":17435.622786187538},"point_estimate":17353.85290400525,"standard_error":35.33829129696933},"StdDev":{"confidence_interval":{"confidence_level":0.95,"lower_bound":88.0192674673478,"upper_bound":312.5934506949552},"point_estimate":212.0029386151899,"standard_error":57.44569190748939}}