{"Mean":{"confidence_interval":{"confidence_level":0.95,"lower_bound":51548.3613958859,"upper_bound":51865.705756914125},"point_estimate":51695.84846665064,"standard_error":81.27352721395643},"Median":{"confidence_interval":{"confidence_level":0.95,"lower_bound":51459.913895315214,"upper_bound":51674.87757437071},"point_estimate":51587.14387138415,"standard_error":64.32944655913896},"MedianAbsDev":{"confidence_interval":{"confidence_level":0.95,"lower_bound":310.9083787831377,"upper_bound":529.9980023040381},"point_estimate":395.7050991119623,"standard_error":58.68952739741394},"Slope":{"confidence_interval":{"confidence_level":0.95,"lower_bound":51519.39149197418,"upper_bound":51999.72017167771},"point_estimate":51711.01675048416,"standard_error":127.80210173805185},"StdDev":{"confidence_interval":{"confidence_level":0.95,"lower_bound":495.76208126529804,"upper_bound":1101.2676326702133},"point_estimate":818.1370851268223,"standard_error":155.85488491571792}}