{"Mean":{"confidence_interval":{"confidence_level":0.95,"lower_bound":2662979.7606740575,"upper_bound":2663947.9801232093},"point_estimate":2663453.833140092,"standard_error":247.02841675629801},"Median":{"confidence_interval":{"confidence_level":0.95,"lower_bound":2662755.438480854,"upper_bound":2663653.713144517},"point_estimate":2663347.216981132,"standard_error":197.61875977659508},"MedianAbsDev":{"confidence_interval":{"confidence_level":0.95,"lower_bound":1320.124259255632,"upper_bound":2979.331246980954},"point_estimate":2135.670594913519,"standard_error":444.62987050886557},"Slope":{"confidence_interval":{"confidence_level":0.95,"lower_bound":2663481.728265997,"upper_bound":2664517.477742003},"point_estimate":2664008.791993498,"standard_error":264.0192056391236},"StdDev":{"confidence_interval":{"confidence_level":0.95,"lower_bound":2059.376035399179,"upper_bound":2918.241390017931},"point_estimate":2487.0238186988836,"standard_error":220.8029699731807}}