{"Mean":{"confidence_interval":{"confidence_level":0.95,"lower_bound":1326.2192959908652,"upper_bound":1327.377600126767},"point_estimate":1326.7060792458697,"standard_error":0.3003199342754205},"Median":{"confidence_interval":{"confidence_level":0.95,"lower_bound":1326.0002278618017,"upper_bound":1326.2414043428616},"point_estimate":1326.123532821763,"standard_error":0.06138241353071567},"MedianAbsDev":{"confidence_interval":{"confidence_level":0.95,"lower_bound":0.30429262328788165,"upper_bound":0.5319213680930692},"point_estimate":0.39689751074189833,"standard_error":0.059184935740152475},"Slope":{"confidence_interval":{"confidence_level":0.95,"lower_bound":1326.1134239932323,"upper_bound":1326.7208833028405},"point_estimate":1326.3711328798768,"standard_error":0.1565437686145448},"StdDev":{"confidence_interval":{"confidence_level":0.95,"lower_bound":1.0894319255750056,"upper_bound":4.757639188723936},"point_estimate":3.034212303485935,"standard_error":1.0512809880286704}}