{"Mean":{"confidence_interval":{"confidence_level":0.95,"lower_bound":406393.8384511436,"upper_bound":406780.5332684309},"point_estimate":406535.2383057193,"standard_error":109.04305796299121},"Median":{"confidence_interval":{"confidence_level":0.95,"lower_bound":406370.0724637681,"upper_bound":406380.31746031746},"point_estimate":406374.54864935746,"standard_error":2.959168415057658},"MedianAbsDev":{"confidence_interval":{"confidence_level":0.95,"lower_bound":22.647814767375703,"upper_bound":40.47278472073462},"point_estimate":31.072659519940288,"standard_error":4.708529537120027},"Slope":{"confidence_interval":{"confidence_level":0.95,"lower_bound":406374.34294009494,"upper_bound":406475.6097077924},"point_estimate":406411.3418560662,"standard_error":27.671616256271207},"StdDev":{"confidence_interval":{"confidence_level":0.95,"lower_bound":130.49818429818134,"upper_bound":1843.788685998036},"point_estimate":1091.285146540962,"standard_error":570.0147673006841}}