{"Mean":{"confidence_interval":{"confidence_level":0.95,"lower_bound":194.87512590016638,"upper_bound":194.93210826292474},"point_estimate":194.90060568258315,"standard_error":0.014647483400955744},"Median":{"confidence_interval":{"confidence_level":0.95,"lower_bound":194.86112830323148,"upper_bound":194.86918515601067},"point_estimate":194.86655266585848,"standard_error":0.002015852615938848},"MedianAbsDev":{"confidence_interval":{"confidence_level":0.95,"lower_bound":0.01658779599409667,"upper_bound":0.02993019003425581},"point_estimate":0.02381614628533479,"standard_error":0.0032351026681266904},"Slope":{"confidence_interval":{"confidence_level":0.95,"lower_bound":194.87413325794478,"upper_bound":194.94016018833383},"point_estimate":194.90441880536832,"standard_error":0.01698610826388001},"StdDev":{"confidence_interval":{"confidence_level":0.95,"lower_bound":0.07465575127931906,"upper_bound":0.21112016901644234},"point_estimate":0.14741011792489528,"standard_error":0.035540995732897415}}