{"Mean":{"confidence_interval":{"confidence_level":0.95,"lower_bound":1381028.0095866679,"upper_bound":1390638.5369980203},"point_estimate":1385283.9280250645,"standard_error":2463.3397607375687},"Median":{"confidence_interval":{"confidence_level":0.95,"lower_bound":1378277.15625,"upper_bound":1379912.5633333335},"point_estimate":1378988.6665154265,"standard_error":461.23414414697544},"MedianAbsDev":{"confidence_interval":{"confidence_level":0.95,"lower_bound":1965.0501666153414,"upper_bound":3708.1436863412705},"point_estimate":2738.7489197414557,"standard_error":462.3313819986543},"Slope":{"confidence_interval":{"confidence_level":0.95,"lower_bound":1378883.5727227195,"upper_bound":1386926.8466331847},"point_estimate":1382142.090036944,"standard_error":2116.347966145697},"StdDev":{"confidence_interval":{"confidence_level":0.95,"lower_bound":10934.995904858255,"upper_bound":35822.81622530233},"point_estimate":24786.99722214457,"standard_error":6343.072908905488}}