{"Mean":{"confidence_interval":{"confidence_level":0.95,"lower_bound":1385291.8373333716,"upper_bound":1464000.5093598622},"point_estimate":1413347.040949831,"standard_error":23216.021269962243},"Median":{"confidence_interval":{"confidence_level":0.95,"lower_bound":1379173.64,"upper_bound":1381704.775652985},"point_estimate":1380314.4428191488,"standard_error":547.9714567700989},"MedianAbsDev":{"confidence_interval":{"confidence_level":0.95,"lower_bound":2716.1246276705324,"upper_bound":5353.293025358091},"point_estimate":3804.6675930824126,"standard_error":622.7018558865673},"Slope":{"confidence_interval":{"confidence_level":0.95,"lower_bound":1380563.3441257218,"upper_bound":1389327.2456767766},"point_estimate":1384207.0337549874,"standard_error":2271.503526710902},"StdDev":{"confidence_interval":{"confidence_level":0.95,"lower_bound":20570.362569493223,"upper_bound":397230.4601070691},"point_estimate":233311.26210692647,"standard_error":130489.13102681283}}