{"Mean":{"confidence_interval":{"confidence_level":0.95,"lower_bound":1383879.8201964255,"upper_bound":1396465.726950752},"point_estimate":1389336.120409657,"standard_error":3236.883353426215},"Median":{"confidence_interval":{"confidence_level":0.95,"lower_bound":1379763.3717893218,"upper_bound":1381515.1906370656},"point_estimate":1380745.9334681712,"standard_error":419.0651221052913},"MedianAbsDev":{"confidence_interval":{"confidence_level":0.95,"lower_bound":2748.6249575110837,"upper_bound":4570.427763994608},"point_estimate":3696.0999272806002,"standard_error":462.4721069143829},"Slope":{"confidence_interval":{"confidence_level":0.95,"lower_bound":1380039.895401695,"upper_bound":1389137.999548128},"point_estimate":1383709.4877464164,"standard_error":2389.857866206451},"StdDev":{"confidence_interval":{"confidence_level":0.95,"lower_bound":14175.402709408367,"upper_bound":49124.005426799835},"point_estimate":32493.97902783592,"standard_error":9645.460130675152}}