{"Mean":{"confidence_interval":{"confidence_level":0.95,"lower_bound":224907.32671898644,"upper_bound":225309.69371766952},"point_estimate":225070.96203289618,"standard_error":105.6391538608365},"Median":{"confidence_interval":{"confidence_level":0.95,"lower_bound":224783.46954740176,"upper_bound":224938.03032384635},"point_estimate":224849.35309054458,"standard_error":39.94859179111011},"MedianAbsDev":{"confidence_interval":{"confidence_level":0.95,"lower_bound":211.02085909326482,"upper_bound":360.6875413617329},"point_estimate":285.23482300584584,"standard_error":39.51553411998409},"Slope":{"confidence_interval":{"confidence_level":0.95,"lower_bound":224743.9091114133,"upper_bound":224873.83454568582},"point_estimate":224801.76372927442,"standard_error":33.128014456306715},"StdDev":{"confidence_interval":{"confidence_level":0.95,"lower_bound":348.88375189284665,"upper_bound":1722.9104882555123},"point_estimate":1064.696869516634,"standard_error":437.1893561599033}}