{"Mean":{"confidence_interval":{"confidence_level":0.95,"lower_bound":954.5383133838762,"upper_bound":954.9818621313675},"point_estimate":954.7386055691312,"standard_error":0.11396221617675754},"Median":{"confidence_interval":{"confidence_level":0.95,"lower_bound":954.271228898569,"upper_bound":954.6066850076578},"point_estimate":954.3254741240759,"standard_error":0.08367377060452057},"MedianAbsDev":{"confidence_interval":{"confidence_level":0.95,"lower_bound":0.19232613243508836,"upper_bound":0.531351562591903},"point_estimate":0.3002043116101753,"standard_error":0.08828300260800762},"Slope":{"confidence_interval":{"confidence_level":0.95,"lower_bound":954.4516871964208,"upper_bound":955.1351015300127},"point_estimate":954.7298521798523,"standard_error":0.17818457768450346},"StdDev":{"confidence_interval":{"confidence_level":0.95,"lower_bound":0.5955724085490695,"upper_bound":1.5859082290861706},"point_estimate":1.140920430412304,"standard_error":0.25179701501954616}}