{"Mean":{"confidence_interval":{"confidence_level":0.95,"lower_bound":5036.512389873974,"upper_bound":5049.064960612631},"point_estimate":5042.899180423932,"standard_error":3.2005648366603},"Median":{"confidence_interval":{"confidence_level":0.95,"lower_bound":5040.6077157360405,"upper_bound":5055.157818027996},"point_estimate":5046.695991340699,"standard_error":3.896876000286668},"MedianAbsDev":{"confidence_interval":{"confidence_level":0.95,"lower_bound":19.496866983810992,"upper_bound":33.018180279654864},"point_estimate":26.459290679532565,"standard_error":3.289780301823438},"Slope":{"confidence_interval":{"confidence_level":0.95,"lower_bound":5045.767240201649,"upper_bound":5056.277327330025},"point_estimate":5051.232572134552,"standard_error":2.682732243507524},"StdDev":{"confidence_interval":{"confidence_level":0.95,"lower_bound":25.798213911054752,"upper_bound":37.97555352859893},"point_estimate":32.06049915784504,"standard_error":3.1171162839374813}}