{"Mean":{"confidence_interval":{"confidence_level":0.95,"lower_bound":769293.9882052606,"upper_bound":769897.9259282243},"point_estimate":769556.0878160094,"standard_error":154.89101029126522},"Median":{"confidence_interval":{"confidence_level":0.95,"lower_bound":769320.1746987952,"upper_bound":769602.602536232},"point_estimate":769482.2258918617,"standard_error":76.32466601114628},"MedianAbsDev":{"confidence_interval":{"confidence_level":0.95,"lower_bound":548.4515796159758,"upper_bound":984.0379013282817},"point_estimate":766.9783239621929,"standard_error":117.05303702093933},"Slope":{"confidence_interval":{"confidence_level":0.95,"lower_bound":769520.0919918466,"upper_bound":769907.4782329692},"point_estimate":769712.0583168317,"standard_error":98.96321013780727},"StdDev":{"confidence_interval":{"confidence_level":0.95,"lower_bound":772.4527410845374,"upper_bound":2401.2725025899963},"point_estimate":1558.2806713458117,"standard_error":509.5221757763975}}