{"Mean":{"confidence_interval":{"confidence_level":0.95,"lower_bound":1702.5237232309066,"upper_bound":1703.7377411367647},"point_estimate":1702.9958757101394,"standard_error":0.32507171346145125},"Median":{"confidence_interval":{"confidence_level":0.95,"lower_bound":1702.320699413786,"upper_bound":1702.6884821807791},"point_estimate":1702.5254343260785,"standard_error":0.10901648895844529},"MedianAbsDev":{"confidence_interval":{"confidence_level":0.95,"lower_bound":0.47144963899381376,"upper_bound":0.7496893354214739},"point_estimate":0.6094526695924463,"standard_error":0.07040812183467693},"Slope":{"confidence_interval":{"confidence_level":0.95,"lower_bound":1702.5431111172725,"upper_bound":1703.0941841098015},"point_estimate":1702.8003301548804,"standard_error":0.14129503526874784},"StdDev":{"confidence_interval":{"confidence_level":0.95,"lower_bound":0.8553000310597076,"upper_bound":5.392318577932328},"point_estimate":3.2650218473014547,"standard_error":1.4884353844727405}}