{"Mean":{"confidence_interval":{"confidence_level":0.95,"lower_bound":136.14987015954986,"upper_bound":136.2379777817377},"point_estimate":136.18640530965237,"standard_error":0.022915377816733865},"Median":{"confidence_interval":{"confidence_level":0.95,"lower_bound":136.13115734372613,"upper_bound":136.1460860322621},"point_estimate":136.13622193698455,"standard_error":0.003435603061716664},"MedianAbsDev":{"confidence_interval":{"confidence_level":0.95,"lower_bound":0.02270438738657407,"upper_bound":0.03830826120306114},"point_estimate":0.03066019804577101,"standard_error":0.0038722042853701786},"Slope":{"confidence_interval":{"confidence_level":0.95,"lower_bound":136.1412102503385,"upper_bound":136.2418978626648},"point_estimate":136.18245157979018,"standard_error":0.02646638681001608},"StdDev":{"confidence_interval":{"confidence_level":0.95,"lower_bound":0.07476076861752608,"upper_bound":0.36492017663303494},"point_estimate":0.22974279585184534,"standard_error":0.08309498187292656}}