{"Mean":{"confidence_interval":{"confidence_level":0.95,"lower_bound":1419452.641958878,"upper_bound":1419940.9754708738},"point_estimate":1419682.4440132508,"standard_error":124.74855120357378},"Median":{"confidence_interval":{"confidence_level":0.95,"lower_bound":1419229.8333333333,"upper_bound":1419504.3513513512},"point_estimate":1419375.8196153846,"standard_error":65.02474276090754},"MedianAbsDev":{"confidence_interval":{"confidence_level":0.95,"lower_bound":457.9573450272498,"upper_bound":698.8285430782985},"point_estimate":607.3152279647169,"standard_error":63.78933346210124},"Slope":{"confidence_interval":{"confidence_level":0.95,"lower_bound":1419384.5760651587,"upper_bound":1419819.6798447398},"point_estimate":1419588.8360130042,"standard_error":111.39172804221087},"StdDev":{"confidence_interval":{"confidence_level":0.95,"lower_bound":859.132688748386,"upper_bound":1592.598387573134},"point_estimate":1255.0466000599286,"standard_error":186.67828026051535}}