{"Mean":{"confidence_interval":{"confidence_level":0.95,"lower_bound":299137.12007457827,"upper_bound":299379.0539544601},"point_estimate":299237.059721227,"standard_error":63.025185932889265},"Median":{"confidence_interval":{"confidence_level":0.95,"lower_bound":299077.375,"upper_bound":299126.17143939395},"point_estimate":299103.85785259097,"standard_error":14.355416434740173},"MedianAbsDev":{"confidence_interval":{"confidence_level":0.95,"lower_bound":71.29546402338109,"upper_bound":135.50045959443247},"point_estimate":96.6272972611135,"standard_error":16.300527766452415},"Slope":{"confidence_interval":{"confidence_level":0.95,"lower_bound":299110.32592782925,"upper_bound":299220.5035515678},"point_estimate":299161.10993202304,"standard_error":28.213422268886497},"StdDev":{"confidence_interval":{"confidence_level":0.95,"lower_bound":182.5077618434336,"upper_bound":1007.1861304264586},"point_estimate":630.8213769840272,"standard_error":231.82746125402656}}