{"Mean":{"confidence_interval":{"confidence_level":0.95,"lower_bound":1632.7060129761558,"upper_bound":1633.413769293062},"point_estimate":1633.0245789157095,"standard_error":0.18269091506382},"Median":{"confidence_interval":{"confidence_level":0.95,"lower_bound":1632.4503294892916,"upper_bound":1632.487472542559},"point_estimate":1632.4684514003295,"standard_error":0.009920276353516277},"MedianAbsDev":{"confidence_interval":{"confidence_level":0.95,"lower_bound":0.06073932928316632,"upper_bound":0.12121941221229719},"point_estimate":0.0828196766440725,"standard_error":0.016372315374677985},"Slope":{"confidence_interval":{"confidence_level":0.95,"lower_bound":1632.6592202983734,"upper_bound":1633.8392154139456},"point_estimate":1633.1444534662717,"standard_error":0.3087604491879185},"StdDev":{"confidence_interval":{"confidence_level":0.95,"lower_bound":0.898558034904832,"upper_bound":2.5869541506035523},"point_estimate":1.837641095324059,"standard_error":0.4336450938338935}}