{"Mean":{"confidence_interval":{"confidence_level":0.95,"lower_bound":411594.8994134156,"upper_bound":411698.16860047926},"point_estimate":411641.7453949404,"standard_error":26.418294548308406},"Median":{"confidence_interval":{"confidence_level":0.95,"lower_bound":411553.0412371134,"upper_bound":411566.9873294347},"point_estimate":411557.18981481483,"standard_error":3.489682570732838},"MedianAbsDev":{"confidence_interval":{"confidence_level":0.95,"lower_bound":17.27182712696072,"upper_bound":34.666537465233844},"point_estimate":25.5879711483117,"standard_error":4.529196534507636},"Slope":{"confidence_interval":{"confidence_level":0.95,"lower_bound":411591.1050234256,"upper_bound":411707.69972845115},"point_estimate":411644.98654450517,"standard_error":29.950264001552043},"StdDev":{"confidence_interval":{"confidence_level":0.95,"lower_bound":148.98968973364256,"upper_bound":368.2000351775894},"point_estimate":264.8092571147811,"standard_error":57.02240746961662}}