{"Mean":{"confidence_interval":{"confidence_level":0.95,"lower_bound":5188.397246741456,"upper_bound":5191.764606556805},"point_estimate":5189.850007534735,"standard_error":0.8723921686643615},"Median":{"confidence_interval":{"confidence_level":0.95,"lower_bound":5187.594170086317,"upper_bound":5187.783674440742},"point_estimate":5187.697264220686,"standard_error":0.04852740370522702},"MedianAbsDev":{"confidence_interval":{"confidence_level":0.95,"lower_bound":0.3202178713974966,"upper_bound":0.6223184280878215},"point_estimate":0.4745644328577489,"standard_error":0.07972160308781191},"Slope":{"confidence_interval":{"confidence_level":0.95,"lower_bound":5187.978682593457,"upper_bound":5191.286935649512},"point_estimate":5189.335948725607,"standard_error":0.8649922548423385},"StdDev":{"confidence_interval":{"confidence_level":0.95,"lower_bound":3.12653380470773,"upper_bound":13.36548801887767},"point_estimate":8.729431345511623,"standard_error":2.7097397182193887}}