{"Mean":{"confidence_interval":{"confidence_level":0.95,"lower_bound":2698467.662525315,"upper_bound":2704181.297758724},"point_estimate":2700950.69124725,"standard_error":1474.6437316359563},"Median":{"confidence_interval":{"confidence_level":0.95,"lower_bound":2696653.913043478,"upper_bound":2699321.5368421054},"point_estimate":2698073.560193587,"standard_error":743.9977994575398},"MedianAbsDev":{"confidence_interval":{"confidence_level":0.95,"lower_bound":4225.533283219452,"upper_bound":7200.622686046431},"point_estimate":5731.107039655166,"standard_error":786.6708767708282},"Slope":{"confidence_interval":{"confidence_level":0.95,"lower_bound":2696422.186628618,"upper_bound":2698179.438941976},"point_estimate":2697279.9554573665,"standard_error":449.4921210554926},"StdDev":{"confidence_interval":{"confidence_level":0.95,"lower_bound":6578.506821152519,"upper_bound":22770.111224524753},"point_estimate":14936.913707552685,"standard_error":4590.927694516024}}