{"Mean":{"confidence_interval":{"confidence_level":0.95,"lower_bound":627.7235505993281,"upper_bound":628.2085512606676},"point_estimate":627.9274159345656,"standard_error":0.12610965250450423},"Median":{"confidence_interval":{"confidence_level":0.95,"lower_bound":627.5461660098088,"upper_bound":627.6761289278053},"point_estimate":627.5985031189132,"standard_error":0.03527168813371763},"MedianAbsDev":{"confidence_interval":{"confidence_level":0.95,"lower_bound":0.08562642990212706,"upper_bound":0.23686683199622433},"point_estimate":0.1416409691081293,"standard_error":0.03849768087765985},"Slope":{"confidence_interval":{"confidence_level":0.95,"lower_bound":627.7065401864722,"upper_bound":628.1000737131454},"point_estimate":627.862529414868,"standard_error":0.10385695509106094},"StdDev":{"confidence_interval":{"confidence_level":0.95,"lower_bound":0.3985162800711736,"upper_bound":1.9995667700142508},"point_estimate":1.2688718563803674,"standard_error":0.4464422704275787}}