{"Mean":{"confidence_interval":{"confidence_level":0.95,"lower_bound":4928228.433877059,"upper_bound":5030972.546586466},"point_estimate":4969371.177090665,"standard_error":26934.75442872125},"Median":{"confidence_interval":{"confidence_level":0.95,"lower_bound":4896830.535294117,"upper_bound":4902375.731481481},"point_estimate":4899278.381578947,"standard_error":1388.3953626298749},"MedianAbsDev":{"confidence_interval":{"confidence_level":0.95,"lower_bound":6854.64117994802,"upper_bound":15720.932342693704},"point_estimate":10418.348228990788,"standard_error":2293.4527380637264},"Slope":{"confidence_interval":{"confidence_level":0.95,"lower_bound":4906866.499988358,"upper_bound":4931371.781921638},"point_estimate":4917765.63917541,"standard_error":6288.819290730868},"StdDev":{"confidence_interval":{"confidence_level":0.95,"lower_bound":80723.36264667487,"upper_bound":438351.4527732934},"point_estimate":270102.45787287556,"standard_error":111918.32625915691}}