{"Mean":{"confidence_interval":{"confidence_level":0.95,"lower_bound":10521878.554416401,"upper_bound":10563875.782171482},"point_estimate":10541256.001539977,"standard_error":10750.329796853692},"Median":{"confidence_interval":{"confidence_level":0.95,"lower_bound":10488742.25,"upper_bound":10518218.9375},"point_estimate":10498394.201923076,"standard_error":8058.367925652379},"MedianAbsDev":{"confidence_interval":{"confidence_level":0.95,"lower_bound":14934.63483609577,"upper_bound":49863.59506515863},"point_estimate":27945.292539023958,"standard_error":9264.213533061804},"Slope":{"confidence_interval":{"confidence_level":0.95,"lower_bound":10516822.530432712,"upper_bound":10551804.47853839},"point_estimate":10533226.387690261,"standard_error":8956.861730098095},"StdDev":{"confidence_interval":{"confidence_level":0.95,"lower_bound":69852.00041418862,"upper_bound":140728.68643058787},"point_estimate":107788.16005064179,"standard_error":18131.706336184623}}