{"Mean":{"confidence_interval":{"confidence_level":0.95,"lower_bound":27355881.641933307,"upper_bound":27828861.31868782},"point_estimate":27591651.462745134,"standard_error":120949.72719796444},"Median":{"confidence_interval":{"confidence_level":0.95,"lower_bound":27381924.384615384,"upper_bound":27817550.722222224},"point_estimate":27644206.121004567,"standard_error":115451.26369368889},"MedianAbsDev":{"confidence_interval":{"confidence_level":0.95,"lower_bound":641654.3808333557,"upper_bound":1192279.7788799675},"point_estimate":821337.76371527,"standard_error":149627.99094730837},"Slope":{"confidence_interval":{"confidence_level":0.95,"lower_bound":27369144.21777404,"upper_bound":27728416.904251836},"point_estimate":27553232.599142898,"standard_error":91893.97622344455},"StdDev":{"confidence_interval":{"confidence_level":0.95,"lower_bound":951597.0172295473,"upper_bound":1462338.397450346},"point_estimate":1216445.2543155912,"standard_error":130567.80536729468}}