{"Mean":{"confidence_interval":{"confidence_level":0.95,"lower_bound":1624113.9189908705,"upper_bound":1641350.9698333198},"point_estimate":1631276.0892463785,"standard_error":4463.81136656495},"Median":{"confidence_interval":{"confidence_level":0.95,"lower_bound":1620933.9891304348,"upper_bound":1622849.2125},"point_estimate":1621863.7004016065,"standard_error":470.6109208849288},"MedianAbsDev":{"confidence_interval":{"confidence_level":0.95,"lower_bound":2883.14068631407,"upper_bound":5022.999125539717},"point_estimate":3830.009242327423,"standard_error":558.9710574288002},"Slope":{"confidence_interval":{"confidence_level":0.95,"lower_bound":1621213.9293932447,"upper_bound":1630847.126039596},"point_estimate":1625047.4943520024,"standard_error":2550.32138909247},"StdDev":{"confidence_interval":{"confidence_level":0.95,"lower_bound":13136.927962980537,"upper_bound":71135.35032543221},"point_estimate":44928.89512213286,"standard_error":16222.354607957594}}