{"Mean":{"confidence_interval":{"confidence_level":0.95,"lower_bound":6001739.977448828,"upper_bound":6033215.695860296},"point_estimate":6016241.207464452,"standard_error":8046.538462280082},"Median":{"confidence_interval":{"confidence_level":0.95,"lower_bound":5983768.733584131,"upper_bound":5993047.755625},"point_estimate":5990111.037385845,"standard_error":2168.0818288999412},"MedianAbsDev":{"confidence_interval":{"confidence_level":0.95,"lower_bound":14195.174477772534,"upper_bound":27571.084545650432},"point_estimate":20012.077620324108,"standard_error":3504.2461901150896},"Slope":{"confidence_interval":{"confidence_level":0.95,"lower_bound":5995722.254434913,"upper_bound":6024468.873603932},"point_estimate":6008841.952865376,"standard_error":7359.345318971049},"StdDev":{"confidence_interval":{"confidence_level":0.95,"lower_bound":49305.54851765382,"upper_bound":108285.77047115653},"point_estimate":80741.48683087237,"standard_error":15188.783356411246}}