{"Mean":{"confidence_interval":{"confidence_level":0.95,"lower_bound":3396.602249852713,"upper_bound":3399.1015648300345},"point_estimate":3397.6159552566837,"standard_error":0.6550191271881671},"Median":{"confidence_interval":{"confidence_level":0.95,"lower_bound":3396.240182648402,"upper_bound":3396.490582191781},"point_estimate":3396.352984344423,"standard_error":0.07280656732944267},"MedianAbsDev":{"confidence_interval":{"confidence_level":0.95,"lower_bound":0.727279515860162,"upper_bound":1.266133468169794},"point_estimate":0.9998433586496531,"standard_error":0.14087154038140404},"Slope":{"confidence_interval":{"confidence_level":0.95,"lower_bound":3395.9549855143737,"upper_bound":3398.014497583728},"point_estimate":3396.802942816772,"standard_error":0.537156498981584},"StdDev":{"confidence_interval":{"confidence_level":0.95,"lower_bound":2.0691081822083253,"upper_bound":10.61111517803114},"point_estimate":6.582993600946769,"standard_error":2.6412500964629406}}