{"Mean":{"confidence_interval":{"confidence_level":0.95,"lower_bound":2814971.8850162276,"upper_bound":2833180.6830410836},"point_estimate":2823613.0169028975,"standard_error":4651.176578194205},"Median":{"confidence_interval":{"confidence_level":0.95,"lower_bound":2798312.191780822,"upper_bound":2819116.593277311},"point_estimate":2806764.6996557657,"standard_error":5219.97144967389},"MedianAbsDev":{"confidence_interval":{"confidence_level":0.95,"lower_bound":19599.901361135137,"upper_bound":41524.5283626924},"point_estimate":29747.361228290974,"standard_error":5857.643957712243},"Slope":{"confidence_interval":{"confidence_level":0.95,"lower_bound":2810414.3512050677,"upper_bound":2828125.3026557425},"point_estimate":2819048.8818176445,"standard_error":4532.36738289664},"StdDev":{"confidence_interval":{"confidence_level":0.95,"lower_bound":33660.899268848065,"upper_bound":58707.54140717774},"point_estimate":46579.98906863547,"standard_error":6450.86469673427}}