{"Mean":{"confidence_interval":{"confidence_level":0.95,"lower_bound":6154300.274539523,"upper_bound":6180245.189519557},"point_estimate":6166462.731131954,"standard_error":6637.427971991192},"Median":{"confidence_interval":{"confidence_level":0.95,"lower_bound":6132377.72972973,"upper_bound":6144601.888888889},"point_estimate":6136788.367858336,"standard_error":3076.5736664015353},"MedianAbsDev":{"confidence_interval":{"confidence_level":0.95,"lower_bound":9303.992535242913,"upper_bound":26617.329595170006},"point_estimate":15670.054490031236,"standard_error":4356.644720875398},"Slope":{"confidence_interval":{"confidence_level":0.95,"lower_bound":6146097.163456998,"upper_bound":6168552.4543197015},"point_estimate":6156493.552951086,"standard_error":5737.757961234123},"StdDev":{"confidence_interval":{"confidence_level":0.95,"lower_bound":45973.52944247063,"upper_bound":85216.66053374938},"point_estimate":66825.85867534934,"standard_error":10072.08162418786}}