{"Mean":{"confidence_interval":{"confidence_level":0.95,"lower_bound":3518287.3251014925,"upper_bound":3547627.4946872895},"point_estimate":3531568.628979964,"standard_error":7518.748109489583},"Median":{"confidence_interval":{"confidence_level":0.95,"lower_bound":3505077.772727273,"upper_bound":3509398.173387097},"point_estimate":3507234.6339285714,"standard_error":1168.4173100848127},"MedianAbsDev":{"confidence_interval":{"confidence_level":0.95,"lower_bound":6240.504659353739,"upper_bound":11821.711381374207},"point_estimate":8511.722644720026,"standard_error":1491.8618668563017},"Slope":{"confidence_interval":{"confidence_level":0.95,"lower_bound":3509634.8033299083,"upper_bound":3527001.756270155},"point_estimate":3517440.430025122,"standard_error":4455.69272962376},"StdDev":{"confidence_interval":{"confidence_level":0.95,"lower_bound":38088.91059900588,"upper_bound":104320.21353293053},"point_estimate":75979.46443227725,"standard_error":16614.13122403092}}