{"Mean":{"confidence_interval":{"confidence_level":0.95,"lower_bound":15132664.267394792,"upper_bound":15146512.641989216},"point_estimate":15139554.803271675,"standard_error":3511.839130848603},"Median":{"confidence_interval":{"confidence_level":0.95,"lower_bound":15128449.617283951,"upper_bound":15141938.026797384},"point_estimate":15135836.36036684,"standard_error":3265.14677473548},"MedianAbsDev":{"confidence_interval":{"confidence_level":0.95,"lower_bound":19273.16742266006,"upper_bound":31194.288976753192},"point_estimate":25180.572978049542,"standard_error":3132.602584665134},"Slope":{"confidence_interval":{"confidence_level":0.95,"lower_bound":15128535.83466535,"upper_bound":15137673.973093942},"point_estimate":15132939.157337077,"standard_error":2334.619139150421},"StdDev":{"confidence_interval":{"confidence_level":0.95,"lower_bound":23308.078778946583,"upper_bound":46815.207414566336},"point_estimate":35400.116608673314,"standard_error":6009.666907618871}}