{"Mean":{"confidence_interval":{"confidence_level":0.95,"lower_bound":62332.40169797175,"upper_bound":63446.336798307464},"point_estimate":62900.135670171265,"standard_error":284.9754825806518},"Median":{"confidence_interval":{"confidence_level":0.95,"lower_bound":63406.36434659091,"upper_bound":63654.56599632504},"point_estimate":63526.938725490196,"standard_error":74.4170438191812},"MedianAbsDev":{"confidence_interval":{"confidence_level":0.95,"lower_bound":393.30478156806475,"upper_bound":2329.8155939829035},"point_estimate":673.8014875366866,"standard_error":564.4258025256968},"Slope":{"confidence_interval":{"confidence_level":0.95,"lower_bound":61273.13359174999,"upper_bound":62781.59346386018},"point_estimate":62031.854108541454,"standard_error":385.73566336149236},"StdDev":{"confidence_interval":{"confidence_level":0.95,"lower_bound":2446.4047896975267,"upper_bound":3182.618725046852},"point_estimate":2853.7633666960214,"standard_error":186.43057720510717}}