{"Mean":{"confidence_interval":{"confidence_level":0.95,"lower_bound":15880.60588586886,"upper_bound":15894.862371290204},"point_estimate":15886.63826351221,"standard_error":3.6900867446148076},"Median":{"confidence_interval":{"confidence_level":0.95,"lower_bound":15877.017636196968,"upper_bound":15887.635912698413},"point_estimate":15885.014054539564,"standard_error":2.640338957626263},"MedianAbsDev":{"confidence_interval":{"confidence_level":0.95,"lower_bound":8.17992082251972,"upper_bound":22.3955862777997},"point_estimate":15.367019055962704,"standard_error":4.018231428190335},"Slope":{"confidence_interval":{"confidence_level":0.95,"lower_bound":15871.989270325701,"upper_bound":15879.28322620562},"point_estimate":15875.242932719711,"standard_error":1.860885165815875},"StdDev":{"confidence_interval":{"confidence_level":0.95,"lower_bound":13.113032994968227,"upper_bound":57.901682700732245},"point_estimate":37.023668541130235,"standard_error":12.662185255830304}}