{"Mean":{"confidence_interval":{"confidence_level":0.95,"lower_bound":385.7073509442081,"upper_bound":385.79624626896464},"point_estimate":385.74705001574745,"standard_error":0.022806393085150024},"Median":{"confidence_interval":{"confidence_level":0.95,"lower_bound":385.6854163833356,"upper_bound":385.70083237877054},"point_estimate":385.69500680714134,"standard_error":0.003953219627807039},"MedianAbsDev":{"confidence_interval":{"confidence_level":0.95,"lower_bound":0.023857704972023365,"upper_bound":0.0416128427645866},"point_estimate":0.03310005707972036,"standard_error":0.004576794325286284},"Slope":{"confidence_interval":{"confidence_level":0.95,"lower_bound":385.70201026621675,"upper_bound":385.8161604367779},"point_estimate":385.7525955031743,"standard_error":0.029417718191515344},"StdDev":{"confidence_interval":{"confidence_level":0.95,"lower_bound":0.11236785333103885,"upper_bound":0.3228874014853692},"point_estimate":0.22893251078902763,"standard_error":0.05384227428225139}}