{"Mean":{"confidence_interval":{"confidence_level":0.95,"lower_bound":96793.39520168757,"upper_bound":97873.051998495},"point_estimate":97282.9957774032,"standard_error":275.73562410183166},"Median":{"confidence_interval":{"confidence_level":0.95,"lower_bound":96519.133580705,"upper_bound":96838.55634884514},"point_estimate":96679.78680709534,"standard_error":92.35111761657717},"MedianAbsDev":{"confidence_interval":{"confidence_level":0.95,"lower_bound":673.8489333884866,"upper_bound":1177.8672157547087},"point_estimate":948.6740206299546,"standard_error":132.3148123887348},"Slope":{"confidence_interval":{"confidence_level":0.95,"lower_bound":96686.44290826876,"upper_bound":97366.42595345451},"point_estimate":96981.79317275011,"standard_error":175.21756464053786},"StdDev":{"confidence_interval":{"confidence_level":0.95,"lower_bound":1428.7363944079225,"upper_bound":3856.636976957646},"point_estimate":2786.065154656622,"standard_error":608.996187290138}}