{"Mean":{"confidence_interval":{"confidence_level":0.95,"lower_bound":8410.769614110859,"upper_bound":8458.914915188052},"point_estimate":8432.196087251608,"standard_error":12.36633032325036},"Median":{"confidence_interval":{"confidence_level":0.95,"lower_bound":8394.456852077947,"upper_bound":8402.95191170674},"point_estimate":8398.2740145464,"standard_error":1.8509133617993279},"MedianAbsDev":{"confidence_interval":{"confidence_level":0.95,"lower_bound":13.160767139231039,"upper_bound":22.57127292766829},"point_estimate":17.778635277585987,"standard_error":2.4703076021715122},"Slope":{"confidence_interval":{"confidence_level":0.95,"lower_bound":8397.094686581111,"upper_bound":8454.93015345585},"point_estimate":8417.712947529511,"standard_error":15.968996876186772},"StdDev":{"confidence_interval":{"confidence_level":0.95,"lower_bound":56.975061905617046,"upper_bound":176.27139313715514},"point_estimate":124.23745293842305,"standard_error":30.405152626536236}}