{"Mean":{"confidence_interval":{"confidence_level":0.95,"lower_bound":8449.386895691403,"upper_bound":8675.491303544673},"point_estimate":8541.07931635143,"standard_error":59.182743694753896},"Median":{"confidence_interval":{"confidence_level":0.95,"lower_bound":8407.547186609687,"upper_bound":8419.502412235886},"point_estimate":8412.50732138232,"standard_error":3.136045013059464},"MedianAbsDev":{"confidence_interval":{"confidence_level":0.95,"lower_bound":16.12571969744614,"upper_bound":35.11945425407331},"point_estimate":22.557122113497503,"standard_error":4.613141310937304},"Slope":{"confidence_interval":{"confidence_level":0.95,"lower_bound":8421.097195638373,"upper_bound":8541.878285479122},"point_estimate":8472.827063691444,"standard_error":31.184067962188646},"StdDev":{"confidence_interval":{"confidence_level":0.95,"lower_bound":124.61307467777242,"upper_bound":967.8001910875236},"point_estimate":598.0357572298764,"standard_error":237.30117006200967}}