{"Mean":{"confidence_interval":{"confidence_level":0.95,"lower_bound":194.88912841132185,"upper_bound":194.9408230599486},"point_estimate":194.9125196564557,"standard_error":0.013267807014667937},"Median":{"confidence_interval":{"confidence_level":0.95,"lower_bound":194.87307730143772,"upper_bound":194.88744556978463},"point_estimate":194.8817402520431,"standard_error":0.0038837161518487273},"MedianAbsDev":{"confidence_interval":{"confidence_level":0.95,"lower_bound":0.02195460696000406,"upper_bound":0.033245070389474336},"point_estimate":0.027990068592952628,"standard_error":0.002794471092576946},"Slope":{"confidence_interval":{"confidence_level":0.95,"lower_bound":194.88520272367916,"upper_bound":194.94357406077037},"point_estimate":194.91107844645396,"standard_error":0.015059810738331588},"StdDev":{"confidence_interval":{"confidence_level":0.95,"lower_bound":0.07029184072142305,"upper_bound":0.18855443137670264},"point_estimate":0.13380263042979637,"standard_error":0.030611549611658656}}