{"Mean":{"confidence_interval":{"confidence_level":0.95,"lower_bound":227670.14644687332,"upper_bound":227745.31135833613},"point_estimate":227706.10309494354,"standard_error":19.187447822693432},"Median":{"confidence_interval":{"confidence_level":0.95,"lower_bound":227652.42077625572,"upper_bound":227705.188},"point_estimate":227674.33395348839,"standard_error":11.83676185994204},"MedianAbsDev":{"confidence_interval":{"confidence_level":0.95,"lower_bound":87.07094151230173,"upper_bound":144.82492727499132},"point_estimate":110.74437473892014,"standard_error":14.359870267767244},"Slope":{"confidence_interval":{"confidence_level":0.95,"lower_bound":227660.16983997507,"upper_bound":227731.84813022695},"point_estimate":227693.95579074923,"standard_error":18.285271544768587},"StdDev":{"confidence_interval":{"confidence_level":0.95,"lower_bound":134.29728955138015,"upper_bound":249.55316844232803},"point_estimate":193.62168236592305,"standard_error":29.641545508900535}}