{"Mean":{"confidence_interval":{"confidence_level":0.95,"lower_bound":4058514.260595109,"upper_bound":4062859.5955999726},"point_estimate":4060535.8151384736,"standard_error":1102.8038353058885},"Median":{"confidence_interval":{"confidence_level":0.95,"lower_bound":4056963.9393939395,"upper_bound":4061632.74},"point_estimate":4058926.904237571,"standard_error":1124.4135947403856},"MedianAbsDev":{"confidence_interval":{"confidence_level":0.95,"lower_bound":7016.83671717161,"upper_bound":10796.743490627254},"point_estimate":8884.018865197444,"standard_error":967.1023947284036},"Slope":{"confidence_interval":{"confidence_level":0.95,"lower_bound":4056720.104930632,"upper_bound":4059525.820579082},"point_estimate":4058088.025485444,"standard_error":713.588763411497},"StdDev":{"confidence_interval":{"confidence_level":0.95,"lower_bound":7968.8279603935725,"upper_bound":14431.648183726276},"point_estimate":11160.827213399,"standard_error":1691.7853471745764}}