{"Mean":{"confidence_interval":{"confidence_level":0.95,"lower_bound":13123.344645446998,"upper_bound":13129.636117608585},"point_estimate":13126.214395042309,"standard_error":1.611384290604137},"Median":{"confidence_interval":{"confidence_level":0.95,"lower_bound":13121.757973134618,"upper_bound":13124.318005540164},"point_estimate":13122.597195496151,"standard_error":0.6440706081708616},"MedianAbsDev":{"confidence_interval":{"confidence_level":0.95,"lower_bound":5.398682042312787,"upper_bound":10.047547666044062},"point_estimate":8.436957718546914,"standard_error":1.1571879011860229},"Slope":{"confidence_interval":{"confidence_level":0.95,"lower_bound":13122.011013082438,"upper_bound":13129.461602865875},"point_estimate":13125.286118741882,"standard_error":1.9163650638571357},"StdDev":{"confidence_interval":{"confidence_level":0.95,"lower_bound":8.50200175059417,"upper_bound":23.020497116967444},"point_estimate":16.221932923192874,"standard_error":3.7992172460549223}}