{"Mean":{"confidence_interval":{"confidence_level":0.95,"lower_bound":52826150.26902091,"upper_bound":52906806.78057628},"point_estimate":52861870.2956543,"standard_error":20722.42865453052},"Median":{"confidence_interval":{"confidence_level":0.95,"lower_bound":52787332.83859649,"upper_bound":52850669.461538464},"point_estimate":52825305.98195876,"standard_error":17214.595393616066},"MedianAbsDev":{"confidence_interval":{"confidence_level":0.95,"lower_bound":72421.03820743709,"upper_bound":126278.86137070096},"point_estimate":105093.3583882381,"standard_error":13958.148864698138},"Slope":{"confidence_interval":{"confidence_level":0.95,"lower_bound":52824821.89480767,"upper_bound":52858807.27590089},"point_estimate":52841379.67798138,"standard_error":8636.022128912404},"StdDev":{"confidence_interval":{"confidence_level":0.95,"lower_bound":99858.13360958092,"upper_bound":305047.81768977264},"point_estimate":207793.0633385592,"standard_error":54043.68422579923}}