{"Mean":{"confidence_interval":{"confidence_level":0.95,"lower_bound":410020.22176643874,"upper_bound":414104.4985236077},"point_estimate":411911.14777956204,"standard_error":1046.9838801441388},"Median":{"confidence_interval":{"confidence_level":0.95,"lower_bound":407651.88,"upper_bound":408075.4487179487},"point_estimate":407806.5148953301,"standard_error":125.35214741756585},"MedianAbsDev":{"confidence_interval":{"confidence_level":0.95,"lower_bound":726.4800898487988,"upper_bound":1463.5088193615868},"point_estimate":1052.559907073091,"standard_error":190.84931304225896},"Slope":{"confidence_interval":{"confidence_level":0.95,"lower_bound":408480.5115447775,"upper_bound":412025.6765331061},"point_estimate":410073.6825584947,"standard_error":912.4136109272233},"StdDev":{"confidence_interval":{"confidence_level":0.95,"lower_bound":6707.766432447032,"upper_bound":13624.43713893755},"point_estimate":10534.03166081537,"standard_error":1769.141654807976}}