{"Mean":{"confidence_interval":{"confidence_level":0.95,"lower_bound":408414.646687246,"upper_bound":411762.6502560396},"point_estimate":409823.2760340872,"standard_error":868.3141057378173},"Median":{"confidence_interval":{"confidence_level":0.95,"lower_bound":407594.36616161617,"upper_bound":408064.68333333335},"point_estimate":407787.3679779158,"standard_error":113.24820594111294},"MedianAbsDev":{"confidence_interval":{"confidence_level":0.95,"lower_bound":676.2619116392647,"upper_bound":1225.2681934788554},"point_estimate":915.3381262388249,"standard_error":145.123443074866},"Slope":{"confidence_interval":{"confidence_level":0.95,"lower_bound":407555.06900528166,"upper_bound":409891.150184493},"point_estimate":408394.4932604305,"standard_error":644.751028001766},"StdDev":{"confidence_interval":{"confidence_level":0.95,"lower_bound":2733.0713640271106,"upper_bound":13740.034718480836},"point_estimate":8733.431438306397,"standard_error":3073.6042512102163}}