{"Mean":{"confidence_interval":{"confidence_level":0.95,"lower_bound":136.09519781954697,"upper_bound":136.16293440811106},"point_estimate":136.12560661963158,"standard_error":0.017326235172623723},"Median":{"confidence_interval":{"confidence_level":0.95,"lower_bound":136.07564899243107,"upper_bound":136.08991883063004},"point_estimate":136.0821985604428,"standard_error":0.003825296041244126},"MedianAbsDev":{"confidence_interval":{"confidence_level":0.95,"lower_bound":0.020674666569793543,"upper_bound":0.03665801833932057},"point_estimate":0.026155309612003363,"standard_error":0.0041470263472333565},"Slope":{"confidence_interval":{"confidence_level":0.95,"lower_bound":136.09492632583613,"upper_bound":136.19789676587388},"point_estimate":136.13715674154165,"standard_error":0.026980682395464133},"StdDev":{"confidence_interval":{"confidence_level":0.95,"lower_bound":0.08738469184509697,"upper_bound":0.2432565073019766},"point_estimate":0.17364041886680526,"standard_error":0.03991763914033108}}