{"Mean":{"confidence_interval":{"confidence_level":0.95,"lower_bound":392465.41405653534,"upper_bound":392843.7527836485},"point_estimate":392639.23833670036,"standard_error":97.1248965530664},"Median":{"confidence_interval":{"confidence_level":0.95,"lower_bound":392317.4888888889,"upper_bound":392518.9866666667},"point_estimate":392440.0581918082,"standard_error":43.070998101201724},"MedianAbsDev":{"confidence_interval":{"confidence_level":0.95,"lower_bound":327.39605180230956,"upper_bound":643.3643008167879},"point_estimate":480.45611905640175,"standard_error":78.90586672469614},"Slope":{"confidence_interval":{"confidence_level":0.95,"lower_bound":392351.5271206035,"upper_bound":392661.79879745696},"point_estimate":392493.987783853,"standard_error":79.62096763381682},"StdDev":{"confidence_interval":{"confidence_level":0.95,"lower_bound":566.0636364432625,"upper_bound":1348.9363668457863},"point_estimate":972.866610057545,"standard_error":205.73278411980178}}