{"Mean":{"confidence_interval":{"confidence_level":0.95,"lower_bound":899.8616488020352,"upper_bound":900.4397704612018},"point_estimate":900.0826933879807,"standard_error":0.1554267816520256},"Median":{"confidence_interval":{"confidence_level":0.95,"lower_bound":899.7608159591723,"upper_bound":899.785711512379},"point_estimate":899.7714884448278,"standard_error":0.006335596103377848},"MedianAbsDev":{"confidence_interval":{"confidence_level":0.95,"lower_bound":0.03824905641647534,"upper_bound":0.09083717224006475},"point_estimate":0.06175118102614844,"standard_error":0.014329791571067205},"Slope":{"confidence_interval":{"confidence_level":0.95,"lower_bound":899.819678585826,"upper_bound":900.0792756183121},"point_estimate":899.9354133484866,"standard_error":0.06673957855012172},"StdDev":{"confidence_interval":{"confidence_level":0.95,"lower_bound":0.35779687698672785,"upper_bound":2.5768947611654367},"point_estimate":1.554956118034987,"standard_error":0.7231007012476098}}