{"Mean":{"confidence_interval":{"confidence_level":0.95,"lower_bound":13531.350715750792,"upper_bound":13657.120523622401},"point_estimate":13585.571007216658,"standard_error":32.40765818434013},"Median":{"confidence_interval":{"confidence_level":0.95,"lower_bound":13500.925244618395,"upper_bound":13514.005767844268},"point_estimate":13508.611134864905,"standard_error":3.170101219665211},"MedianAbsDev":{"confidence_interval":{"confidence_level":0.95,"lower_bound":23.655785420579658,"upper_bound":43.52444769643714},"point_estimate":32.987551665750026,"standard_error":5.008973077398562},"Slope":{"confidence_interval":{"confidence_level":0.95,"lower_bound":13503.052402642921,"upper_bound":13595.96642311012},"point_estimate":13539.684352872826,"standard_error":24.778512490927586},"StdDev":{"confidence_interval":{"confidence_level":0.95,"lower_bound":127.27464043242682,"upper_bound":497.0814149740986},"point_estimate":325.91076791949985,"standard_error":99.29658481032614}}