{"Mean":{"confidence_interval":{"confidence_level":0.95,"lower_bound":490.5733095790638,"upper_bound":490.7219808340736},"point_estimate":490.64117521766525,"standard_error":0.03797765731958592},"Median":{"confidence_interval":{"confidence_level":0.95,"lower_bound":490.51782912124213,"upper_bound":490.53549725037556},"point_estimate":490.5280733018221,"standard_error":0.004526954154919857},"MedianAbsDev":{"confidence_interval":{"confidence_level":0.95,"lower_bound":0.022594168180943047,"upper_bound":0.04140415756669832},"point_estimate":0.030725966980810378,"standard_error":0.004958604526020167},"Slope":{"confidence_interval":{"confidence_level":0.95,"lower_bound":490.56788774063165,"upper_bound":490.73277082645797},"point_estimate":490.64248314599666,"standard_error":0.042372932067015416},"StdDev":{"confidence_interval":{"confidence_level":0.95,"lower_bound":0.222404340623658,"upper_bound":0.5128068238790734},"point_estimate":0.38134762916373244,"standard_error":0.07410452464449994}}