{"Mean":{"confidence_interval":{"confidence_level":0.95,"lower_bound":1157.7783926106379,"upper_bound":1158.30585349467},"point_estimate":1158.0144491017759,"standard_error":0.13556035299918498},"Median":{"confidence_interval":{"confidence_level":0.95,"lower_bound":1157.6461152882205,"upper_bound":1157.7729673646481},"point_estimate":1157.7103457043409,"standard_error":0.033333875977791506},"MedianAbsDev":{"confidence_interval":{"confidence_level":0.95,"lower_bound":0.2438305544251813,"upper_bound":0.39149365913704437},"point_estimate":0.3238618425869016,"standard_error":0.037598919558757916},"Slope":{"confidence_interval":{"confidence_level":0.95,"lower_bound":1157.7372602051237,"upper_bound":1158.5603468944307},"point_estimate":1158.071144496382,"standard_error":0.21710938542548264},"StdDev":{"confidence_interval":{"confidence_level":0.95,"lower_bound":0.6100187602394791,"upper_bound":1.948803402358712},"point_estimate":1.3666412057971349,"standard_error":0.34450797230770275}}