{"Mean":{"confidence_interval":{"confidence_level":0.95,"lower_bound":2355832.061580129,"upper_bound":2356682.7436636006},"point_estimate":2356237.8490376063,"standard_error":217.01400713852132},"Median":{"confidence_interval":{"confidence_level":0.95,"lower_bound":2355472.5129807694,"upper_bound":2356186.48},"point_estimate":2355801.526775805,"standard_error":204.71262674475616},"MedianAbsDev":{"confidence_interval":{"confidence_level":0.95,"lower_bound":897.3665057271237,"upper_bound":1659.5536702242305},"point_estimate":1301.681557063253,"standard_error":220.28226799498253},"Slope":{"confidence_interval":{"confidence_level":0.95,"lower_bound":2355870.466846954,"upper_bound":2356660.7293808456},"point_estimate":2356237.671032954,"standard_error":201.49902369501766},"StdDev":{"confidence_interval":{"confidence_level":0.95,"lower_bound":1486.5731272407886,"upper_bound":2878.257405527683},"point_estimate":2181.5210271360884,"standard_error":363.9537811963701}}