{"Mean":{"confidence_interval":{"confidence_level":0.95,"lower_bound":969.3549893033171,"upper_bound":969.4325893728436},"point_estimate":969.3930477125147,"standard_error":0.019873144063205183},"Median":{"confidence_interval":{"confidence_level":0.95,"lower_bound":969.2881144320909,"upper_bound":969.3755465129194},"point_estimate":969.3294053448999,"standard_error":0.02157164927938773},"MedianAbsDev":{"confidence_interval":{"confidence_level":0.95,"lower_bound":0.11021507105350957,"upper_bound":0.22392717245796626},"point_estimate":0.16523363827709053,"standard_error":0.030524611576443112},"Slope":{"confidence_interval":{"confidence_level":0.95,"lower_bound":969.2745934417898,"upper_bound":969.3121329618556},"point_estimate":969.2927093211902,"standard_error":0.009577900041370399},"StdDev":{"confidence_interval":{"confidence_level":0.95,"lower_bound":0.16510306109853662,"upper_bound":0.23263543082563715},"point_estimate":0.2005467177560969,"standard_error":0.017243676422595732}}