{"Mean":{"confidence_interval":{"confidence_level":0.95,"lower_bound":409607.4507279243,"upper_bound":409746.97243250866},"point_estimate":409669.5690703604,"standard_error":35.81773527714782},"Median":{"confidence_interval":{"confidence_level":0.95,"lower_bound":409562.7833445794,"upper_bound":409581.2382154882},"point_estimate":409574.0778478058,"standard_error":4.872877568079041},"MedianAbsDev":{"confidence_interval":{"confidence_level":0.95,"lower_bound":46.212302022718205,"upper_bound":87.20515514908601},"point_estimate":59.74144740090399,"standard_error":10.403856010327035},"Slope":{"confidence_interval":{"confidence_level":0.95,"lower_bound":409615.5767826452,"upper_bound":409834.7260947841},"point_estimate":409708.54946455837,"standard_error":56.89371613004877},"StdDev":{"confidence_interval":{"confidence_level":0.95,"lower_bound":181.72746890368643,"upper_bound":525.4653569881818},"point_estimate":359.09431912447445,"standard_error":91.2999598651481}}