{"Mean":{"confidence_interval":{"confidence_level":0.95,"lower_bound":146114.52270887932,"upper_bound":146188.1962020591},"point_estimate":146148.94222197885,"standard_error":18.82435874965069},"Median":{"confidence_interval":{"confidence_level":0.95,"lower_bound":146097.89865689864,"upper_bound":146141.2350230415},"point_estimate":146122.0208333333,"standard_error":11.033580882197395},"MedianAbsDev":{"confidence_interval":{"confidence_level":0.95,"lower_bound":67.9378393254359,"upper_bound":104.82349771526799},"point_estimate":89.92784634950634,"standard_error":9.115221054568583},"Slope":{"confidence_interval":{"confidence_level":0.95,"lower_bound":146135.0896504592,"upper_bound":146238.91895326006},"point_estimate":146179.0006510587,"standard_error":26.921993996740085},"StdDev":{"confidence_interval":{"confidence_level":0.95,"lower_bound":117.45087614901269,"upper_bound":251.65187626033415},"point_estimate":189.29248092476857,"standard_error":34.357757449785616}}