{"Mean":{"confidence_interval":{"confidence_level":0.95,"lower_bound":773162.3432954424,"upper_bound":773292.1564417002},"point_estimate":773221.7704388394,"standard_error":33.3492455527169},"Median":{"confidence_interval":{"confidence_level":0.95,"lower_bound":773153.0135135135,"upper_bound":773194.9609375},"point_estimate":773169.0941495125,"standard_error":10.960813775606281},"MedianAbsDev":{"confidence_interval":{"confidence_level":0.95,"lower_bound":80.87687353126442,"upper_bound":134.04181178114604},"point_estimate":112.92961191555577,"standard_error":14.45571754267961},"Slope":{"confidence_interval":{"confidence_level":0.95,"lower_bound":773134.0725724396,"upper_bound":773320.9059477424},"point_estimate":773209.6474419979,"standard_error":49.35835945493027},"StdDev":{"confidence_interval":{"confidence_level":0.95,"lower_bound":190.29939387993466,"upper_bound":448.50679196262263},"point_estimate":334.5408479524671,"standard_error":67.02195628436084}}