{"Mean":{"confidence_interval":{"confidence_level":0.95,"lower_bound":1025340.989538018,"upper_bound":1026478.4017670326},"point_estimate":1025819.102513887,"standard_error":296.0446907216167},"Median":{"confidence_interval":{"confidence_level":0.95,"lower_bound":1025017.0,"upper_bound":1025256.293123543},"point_estimate":1025129.5025252525,"standard_error":60.85567380165746},"MedianAbsDev":{"confidence_interval":{"confidence_level":0.95,"lower_bound":309.3262284775856,"upper_bound":529.2916639394965},"point_estimate":423.91287883769513,"standard_error":55.01019013407077},"Slope":{"confidence_interval":{"confidence_level":0.95,"lower_bound":1025092.9593363738,"upper_bound":1025462.8095690133},"point_estimate":1025259.6748603517,"standard_error":94.51088399118876},"StdDev":{"confidence_interval":{"confidence_level":0.95,"lower_bound":1049.2217880001592,"upper_bound":4709.403613225699},"point_estimate":2987.6970134925214,"standard_error":1065.2438126812806}}