{"Mean":{"confidence_interval":{"confidence_level":0.95,"lower_bound":62821.985252322156,"upper_bound":63336.760005204094},"point_estimate":63029.0144414637,"standard_error":135.24807203786992},"Median":{"confidence_interval":{"confidence_level":0.95,"lower_bound":62703.69005102041,"upper_bound":62788.52990758821},"point_estimate":62750.527621904024,"standard_error":21.100231924969737},"MedianAbsDev":{"confidence_interval":{"confidence_level":0.95,"lower_bound":113.28601071403007,"upper_bound":199.60803364504457},"point_estimate":152.91349699611283,"standard_error":22.678350725807167},"Slope":{"confidence_interval":{"confidence_level":0.95,"lower_bound":62717.3400536986,"upper_bound":63218.42718418652},"point_estimate":62888.020197465645,"standard_error":139.2535118860086},"StdDev":{"confidence_interval":{"confidence_level":0.95,"lower_bound":398.4455646601253,"upper_bound":2201.174868432099},"point_estimate":1360.4538369875888,"standard_error":554.8113653936143}}