{"Mean":{"confidence_interval":{"confidence_level":0.95,"lower_bound":156.7343069947404,"upper_bound":157.14508429340762},"point_estimate":156.93675056029733,"standard_error":0.10474263751048504},"Median":{"confidence_interval":{"confidence_level":0.95,"lower_bound":156.5361127997298,"upper_bound":157.17820357772737},"point_estimate":156.7828754965432,"standard_error":0.14624439331522152},"MedianAbsDev":{"confidence_interval":{"confidence_level":0.95,"lower_bound":0.7688480516215269,"upper_bound":1.2061499636218358},"point_estimate":0.9751577321698885,"standard_error":0.11201375822379357},"Slope":{"confidence_interval":{"confidence_level":0.95,"lower_bound":156.81065299665087,"upper_bound":157.19557455499339},"point_estimate":157.00003271009405,"standard_error":0.0983143849953309},"StdDev":{"confidence_interval":{"confidence_level":0.95,"lower_bound":0.8800618128880819,"upper_bound":1.2080707651565232},"point_estimate":1.049012480271165,"standard_error":0.08402383284826438}}