{"Mean":{"confidence_interval":{"confidence_level":0.95,"lower_bound":1200012.7643419963,"upper_bound":1205899.1246820304},"point_estimate":1202494.6649892228,"standard_error":1514.8229288099049},"Median":{"confidence_interval":{"confidence_level":0.95,"lower_bound":1197876.3582089553,"upper_bound":1199992.913003663},"point_estimate":1198723.7998885172,"standard_error":501.08982441211924},"MedianAbsDev":{"confidence_interval":{"confidence_level":0.95,"lower_bound":2521.2995342001987,"upper_bound":4967.352365891804},"point_estimate":3965.4376783451257,"standard_error":636.9801774126864},"Slope":{"confidence_interval":{"confidence_level":0.95,"lower_bound":1197434.19221161,"upper_bound":1198838.7456991754},"point_estimate":1198103.3539796069,"standard_error":358.8807707270731},"StdDev":{"confidence_interval":{"confidence_level":0.95,"lower_bound":5154.982455985705,"upper_bound":23852.059503834582},"point_estimate":15205.83889653402,"standard_error":5151.945276894207}}