{"Mean":{"confidence_interval":{"confidence_level":0.95,"lower_bound":38323427.13498874,"upper_bound":38491319.612491675},"point_estimate":38392471.63114446,"standard_error":43722.81762204116},"Median":{"confidence_interval":{"confidence_level":0.95,"lower_bound":38277394.0125,"upper_bound":38335555.0989011},"point_estimate":38304828.39278455,"standard_error":15508.765753551566},"MedianAbsDev":{"confidence_interval":{"confidence_level":0.95,"lower_bound":90935.68082721153,"upper_bound":144597.00549187438},"point_estimate":133998.62231143308,"standard_error":14270.465552475798},"Slope":{"confidence_interval":{"confidence_level":0.95,"lower_bound":38309019.483484566,"upper_bound":38351240.79146624},"point_estimate":38330028.388579875,"standard_error":10807.63249658281},"StdDev":{"confidence_interval":{"confidence_level":0.95,"lower_bound":135714.2640473184,"upper_bound":704551.4335556355},"point_estimate":439637.23811450315,"standard_error":168000.92623761258}}