{"Mean":{"confidence_interval":{"confidence_level":0.95,"lower_bound":10780.494317534225,"upper_bound":10922.211349639278},"point_estimate":10828.287015682283,"standard_error":45.733906497610555},"Median":{"confidence_interval":{"confidence_level":0.95,"lower_bound":10779.330787309049,"upper_bound":10779.987795575897},"point_estimate":10779.548707777205,"standard_error":0.1709971157611595},"MedianAbsDev":{"confidence_interval":{"confidence_level":0.95,"lower_bound":0.6617718994652904,"upper_bound":1.2607126309502419},"point_estimate":0.9238161443800799,"standard_error":0.15445939279700513},"Slope":{"confidence_interval":{"confidence_level":0.95,"lower_bound":10779.399675881332,"upper_bound":10781.961282036398},"point_estimate":10780.41844947668,"standard_error":0.677124311911458},"StdDev":{"confidence_interval":{"confidence_level":0.95,"lower_bound":4.223628461505306,"upper_bound":792.3577590170107},"point_estimate":462.1668663429656,"standard_error":284.70255113818826}}