{"Mean":{"confidence_interval":{"confidence_level":0.95,"lower_bound":209838.89278162667,"upper_bound":209909.85236923007},"point_estimate":209872.22562799873,"standard_error":18.046329567852077},"Median":{"confidence_interval":{"confidence_level":0.95,"lower_bound":209809.03125,"upper_bound":209876.36097560974},"point_estimate":209846.09958333336,"standard_error":19.7125258028508},"MedianAbsDev":{"confidence_interval":{"confidence_level":0.95,"lower_bound":87.4831588968668,"upper_bound":151.44746376128433},"point_estimate":121.8977613908093,"standard_error":16.27724896767668},"Slope":{"confidence_interval":{"confidence_level":0.95,"lower_bound":209830.7197913761,"upper_bound":209897.6750626624},"point_estimate":209860.73918782326,"standard_error":17.212385060059578},"StdDev":{"confidence_interval":{"confidence_level":0.95,"lower_bound":127.54900328158493,"upper_bound":234.61571079513408},"point_estimate":180.87176379419083,"standard_error":27.87083193568183}}