{"Mean":{"confidence_interval":{"confidence_level":0.95,"lower_bound":12336.717491915764,"upper_bound":12473.30402489973},"point_estimate":12390.613348143484,"standard_error":36.019726841995},"Median":{"confidence_interval":{"confidence_level":0.95,"lower_bound":12344.612036420165,"upper_bound":12387.989328440846},"point_estimate":12363.458810893748,"standard_error":11.551623610078765},"MedianAbsDev":{"confidence_interval":{"confidence_level":0.95,"lower_bound":65.52785354550807,"upper_bound":106.61600375428559},"point_estimate":86.10205318484553,"standard_error":10.717714853512907},"Slope":{"confidence_interval":{"confidence_level":0.95,"lower_bound":12378.27251289393,"upper_bound":12414.808032967168},"point_estimate":12395.079964945295,"standard_error":9.353410333226549},"StdDev":{"confidence_interval":{"confidence_level":0.95,"lower_bound":101.69126468022343,"upper_bound":595.7050088615978},"point_estimate":362.2306961750158,"standard_error":158.57140017420204}}