{"Mean":{"confidence_interval":{"confidence_level":0.95,"lower_bound":12524.271392744566,"upper_bound":12937.104495366386},"point_estimate":12685.314674745478,"standard_error":109.4406635287358},"Median":{"confidence_interval":{"confidence_level":0.95,"lower_bound":12437.788533134773,"upper_bound":12462.882469140655},"point_estimate":12449.605674564535,"standard_error":5.749178224393625},"MedianAbsDev":{"confidence_interval":{"confidence_level":0.95,"lower_bound":34.06064065698169,"upper_bound":63.693756845373784},"point_estimate":50.27601705212567,"standard_error":7.417414952367244},"Slope":{"confidence_interval":{"confidence_level":0.95,"lower_bound":12452.076884865457,"upper_bound":12610.613922083887},"point_estimate":12515.985940481825,"standard_error":41.5434059223239},"StdDev":{"confidence_interval":{"confidence_level":0.95,"lower_bound":276.1823863117362,"upper_bound":1806.5023907829082},"point_estimate":1099.9973843311811,"standard_error":484.6401286685362}}