{"Mean":{"confidence_interval":{"confidence_level":0.95,"lower_bound":107545.33861178969,"upper_bound":108809.81990625075},"point_estimate":108180.85603588997,"standard_error":324.18398298712054},"Median":{"confidence_interval":{"confidence_level":0.95,"lower_bound":108586.908,"upper_bound":109107.82142857143},"point_estimate":108826.10030314513,"standard_error":134.93601461687706},"MedianAbsDev":{"confidence_interval":{"confidence_level":0.95,"lower_bound":868.8691638650331,"upper_bound":2565.0337827224334},"point_estimate":1376.3942334391222,"standard_error":384.14840586433513},"Slope":{"confidence_interval":{"confidence_level":0.95,"lower_bound":106015.9251966485,"upper_bound":107743.19419281566},"point_estimate":106874.02483345648,"standard_error":441.46278134635793},"StdDev":{"confidence_interval":{"confidence_level":0.95,"lower_bound":2692.6936793336477,"upper_bound":3847.3607901157784},"point_estimate":3270.956782649282,"standard_error":294.75628444734105}}