{"Mean":{"confidence_interval":{"confidence_level":0.95,"lower_bound":66701.7765388771,"upper_bound":67402.89158267096},"point_estimate":67018.72141432509,"standard_error":180.08401027383655},"Median":{"confidence_interval":{"confidence_level":0.95,"lower_bound":66370.04302431611,"upper_bound":66528.09206349206},"point_estimate":66417.51774455054,"standard_error":41.49320978735821},"MedianAbsDev":{"confidence_interval":{"confidence_level":0.95,"lower_bound":255.79168426315974,"upper_bound":476.1367513294873},"point_estimate":325.97011847915144,"standard_error":55.27299475708957},"Slope":{"confidence_interval":{"confidence_level":0.95,"lower_bound":66252.4148114954,"upper_bound":66613.65596317386},"point_estimate":66385.23459899935,"standard_error":97.43236732279001},"StdDev":{"confidence_interval":{"confidence_level":0.95,"lower_bound":965.1024848298282,"upper_bound":2525.5009196833985},"point_estimate":1811.3154711625377,"standard_error":400.34795260417866}}