{"Mean":{"confidence_interval":{"confidence_level":0.95,"lower_bound":1793.1698219716386,"upper_bound":1795.9171680263453},"point_estimate":1794.5356966444053,"standard_error":0.7025691894595129},"Median":{"confidence_interval":{"confidence_level":0.95,"lower_bound":1788.5398550724638,"upper_bound":1800.4590579710145},"point_estimate":1797.2286875131276,"standard_error":2.719583152762483},"MedianAbsDev":{"confidence_interval":{"confidence_level":0.95,"lower_bound":0.8963510663579036,"upper_bound":10.068100132302696},"point_estimate":5.304390680666065,"standard_error":2.682932024421057},"Slope":{"confidence_interval":{"confidence_level":0.95,"lower_bound":1793.9067546909102,"upper_bound":1797.0710584806973},"point_estimate":1795.5583925615144,"standard_error":0.8070336548553431},"StdDev":{"confidence_interval":{"confidence_level":0.95,"lower_bound":6.332623842991072,"upper_bound":8.012781397317175},"point_estimate":7.049570507038068,"standard_error":0.45690597180027126}}