{"Mean":{"confidence_interval":{"confidence_level":0.95,"lower_bound":7652.533194739238,"upper_bound":7655.340182952272},"point_estimate":7653.764467150322,"standard_error":0.7235446203276913},"Median":{"confidence_interval":{"confidence_level":0.95,"lower_bound":7651.754945054945,"upper_bound":7651.89882648216},"point_estimate":7651.826644710009,"standard_error":0.03731852868579605},"MedianAbsDev":{"confidence_interval":{"confidence_level":0.95,"lower_bound":0.21042560844517758,"upper_bound":0.46008556434819325},"point_estimate":0.31795329068605727,"standard_error":0.06513967862497946},"Slope":{"confidence_interval":{"confidence_level":0.95,"lower_bound":7652.481720279051,"upper_bound":7657.367323898361},"point_estimate":7654.4522119562125,"standard_error":1.2864572187405694},"StdDev":{"confidence_interval":{"confidence_level":0.95,"lower_bound":3.167309544792977,"upper_bound":10.850728784188014},"point_estimate":7.251227791339837,"standard_error":2.032730238454549}}