{"Mean":{"confidence_interval":{"confidence_level":0.95,"lower_bound":512.0379409870842,"upper_bound":512.3603256395778},"point_estimate":512.1829647869448,"standard_error":0.08290740759127899},"Median":{"confidence_interval":{"confidence_level":0.95,"lower_bound":511.91991985522236,"upper_bound":511.99161141188637},"point_estimate":511.95376769079417,"standard_error":0.01849610557594988},"MedianAbsDev":{"confidence_interval":{"confidence_level":0.95,"lower_bound":0.11287121266556392,"upper_bound":0.18716746766414943},"point_estimate":0.14458839565972503,"standard_error":0.019382464115966454},"Slope":{"confidence_interval":{"confidence_level":0.95,"lower_bound":512.0025820667139,"upper_bound":512.3081213580214},"point_estimate":512.1305952223585,"standard_error":0.07915682775469711},"StdDev":{"confidence_interval":{"confidence_level":0.95,"lower_bound":0.39170807595907164,"upper_bound":1.1701506714814853},"point_estimate":0.8338736596998276,"standard_error":0.19740618970184826}}