{"Mean":{"confidence_interval":{"confidence_level":0.95,"lower_bound":670.5379984503852,"upper_bound":670.9411635587743},"point_estimate":670.7205239884878,"standard_error":0.10354431768581468},"Median":{"confidence_interval":{"confidence_level":0.95,"lower_bound":670.5426194308391,"upper_bound":670.7117418124719},"point_estimate":670.6610474368964,"standard_error":0.043147894210565765},"MedianAbsDev":{"confidence_interval":{"confidence_level":0.95,"lower_bound":0.3261784431204808,"upper_bound":0.7499757253891063},"point_estimate":0.4733172461323042,"standard_error":0.11265572373102996},"Slope":{"confidence_interval":{"confidence_level":0.95,"lower_bound":670.47401334031,"upper_bound":671.0082361911664},"point_estimate":670.6975374218284,"standard_error":0.1379303072117906},"StdDev":{"confidence_interval":{"confidence_level":0.95,"lower_bound":0.550640326654731,"upper_bound":1.4595510534521212},"point_estimate":1.0382265745755985,"standard_error":0.24128295409446174}}