{"Mean":{"confidence_interval":{"confidence_level":0.95,"lower_bound":785.1664472244415,"upper_bound":786.3398438657791},"point_estimate":785.6847731566355,"standard_error":0.30162158705946396},"Median":{"confidence_interval":{"confidence_level":0.95,"lower_bound":784.5417446471055,"upper_bound":786.5438966364287},"point_estimate":785.4502758509004,"standard_error":0.564451019490793},"MedianAbsDev":{"confidence_interval":{"confidence_level":0.95,"lower_bound":0.5176901045011034,"upper_bound":2.323177709069709},"point_estimate":1.8682356347492854,"standard_error":0.4314237333046173},"Slope":{"confidence_interval":{"confidence_level":0.95,"lower_bound":784.7795975239103,"upper_bound":785.523691784071},"point_estimate":785.1495232437775,"standard_error":0.19013833413979786},"StdDev":{"confidence_interval":{"confidence_level":0.95,"lower_bound":1.4795106990770313,"upper_bound":4.59067952942689},"point_estimate":3.0411295131266103,"standard_error":0.8943897847214368}}