{"Mean":{"confidence_interval":{"confidence_level":0.95,"lower_bound":684091.6382006115,"upper_bound":684741.4028603953},"point_estimate":684420.0404849194,"standard_error":165.3422483417189},"Median":{"confidence_interval":{"confidence_level":0.95,"lower_bound":684218.1987009544,"upper_bound":684656.5983606557},"point_estimate":684405.5631410256,"standard_error":122.4219866725318},"MedianAbsDev":{"confidence_interval":{"confidence_level":0.95,"lower_bound":723.5399342959655,"upper_bound":1258.0115088486032},"point_estimate":990.1836792730617,"standard_error":135.47996078631633},"Slope":{"confidence_interval":{"confidence_level":0.95,"lower_bound":684512.8703335967,"upper_bound":685201.0182795391},"point_estimate":684824.8044672676,"standard_error":176.86061495719832},"StdDev":{"confidence_interval":{"confidence_level":0.95,"lower_bound":1158.1793145264003,"upper_bound":2135.3387128481227},"point_estimate":1671.2775533851243,"standard_error":251.0026779906963}}