{"Mean":{"confidence_interval":{"confidence_level":0.95,"lower_bound":1323659.0164059903,"upper_bound":1356268.9481962528},"point_estimate":1339101.763453803,"standard_error":8291.10084071623},"Median":{"confidence_interval":{"confidence_level":0.95,"lower_bound":1304956.2299107143,"upper_bound":1322469.282051282},"point_estimate":1312407.8860869566,"standard_error":4406.893862330552},"MedianAbsDev":{"confidence_interval":{"confidence_level":0.95,"lower_bound":35556.10341871614,"upper_bound":66075.95634953026},"point_estimate":49862.35817262243,"standard_error":8018.001479060854},"Slope":{"confidence_interval":{"confidence_level":0.95,"lower_bound":1282674.4562689844,"upper_bound":1293163.6853094539},"point_estimate":1287537.7604374168,"standard_error":2673.707926208199},"StdDev":{"confidence_interval":{"confidence_level":0.95,"lower_bound":60778.46529940475,"upper_bound":104629.0476495547},"point_estimate":82883.03532212443,"standard_error":11220.914477343515}}