{"Mean":{"confidence_interval":{"confidence_level":0.95,"lower_bound":1110.3460226109876,"upper_bound":1111.022553522079},"point_estimate":1110.638880789437,"standard_error":0.1745406331317888},"Median":{"confidence_interval":{"confidence_level":0.95,"lower_bound":1110.1609352207035,"upper_bound":1110.2392775051471},"point_estimate":1110.2147114623704,"standard_error":0.021921380628272317},"MedianAbsDev":{"confidence_interval":{"confidence_level":0.95,"lower_bound":0.10168289477527916,"upper_bound":0.17293984130806583},"point_estimate":0.14138651050210424,"standard_error":0.018112795951651675},"Slope":{"confidence_interval":{"confidence_level":0.95,"lower_bound":1110.2804580658456,"upper_bound":1111.0149836577991},"point_estimate":1110.5804725683397,"standard_error":0.19228781905100914},"StdDev":{"confidence_interval":{"confidence_level":0.95,"lower_bound":0.6652654729636069,"upper_bound":2.654675976879072},"point_estimate":1.7526669312676864,"standard_error":0.519887366122722}}