{"Mean":{"confidence_interval":{"confidence_level":0.95,"lower_bound":739.0233297459954,"upper_bound":739.6034866198698},"point_estimate":739.2578178665821,"standard_error":0.15246459577429977},"Median":{"confidence_interval":{"confidence_level":0.95,"lower_bound":738.8078959875077,"upper_bound":739.0319890465521},"point_estimate":738.8802502355186,"standard_error":0.05725650869764681},"MedianAbsDev":{"confidence_interval":{"confidence_level":0.95,"lower_bound":0.09926772816894135,"upper_bound":0.32703325650567727},"point_estimate":0.20269132456250818,"standard_error":0.06355529862330656},"Slope":{"confidence_interval":{"confidence_level":0.95,"lower_bound":738.9921773618423,"upper_bound":739.3937129785827},"point_estimate":739.1608275123323,"standard_error":0.10355264358844837},"StdDev":{"confidence_interval":{"confidence_level":0.95,"lower_bound":0.4602546907954696,"upper_bound":2.4727353428839547},"point_estimate":1.529797615733481,"standard_error":0.6183015947987367}}