{"Mean":{"confidence_interval":{"confidence_level":0.95,"lower_bound":32408.651870638834,"upper_bound":32500.63125685134},"point_estimate":32455.538423936778,"standard_error":23.435943709171656},"Median":{"confidence_interval":{"confidence_level":0.95,"lower_bound":32424.483870967742,"upper_bound":32535.438697318008},"point_estimate":32488.349462365593,"standard_error":24.71597857803759},"MedianAbsDev":{"confidence_interval":{"confidence_level":0.95,"lower_bound":147.2171648739701,"upper_bound":241.90972226039187},"point_estimate":208.83821548245646,"standard_error":25.20467085025261},"Slope":{"confidence_interval":{"confidence_level":0.95,"lower_bound":32482.92571282887,"upper_bound":32561.535478475555},"point_estimate":32523.917235826615,"standard_error":19.99961933098651},"StdDev":{"confidence_interval":{"confidence_level":0.95,"lower_bound":178.63216767792787,"upper_bound":293.16378225781176},"point_estimate":235.84654984989365,"standard_error":29.62491063179556}}