{"Mean":{"confidence_interval":{"confidence_level":0.95,"lower_bound":3025.352518263125,"upper_bound":3026.845564416639},"point_estimate":3026.0047039925366,"standard_error":0.38441595441043314},"Median":{"confidence_interval":{"confidence_level":0.95,"lower_bound":3025.021495832047,"upper_bound":3025.725169376694},"point_estimate":3025.46972925349,"standard_error":0.20469354526635405},"MedianAbsDev":{"confidence_interval":{"confidence_level":0.95,"lower_bound":1.3338949181570008,"upper_bound":2.2165037970439485},"point_estimate":1.9686996682181284,"standard_error":0.23209734439388577},"Slope":{"confidence_interval":{"confidence_level":0.95,"lower_bound":3025.398681792301,"upper_bound":3026.512267397158},"point_estimate":3025.9309550112275,"standard_error":0.2850831509461916},"StdDev":{"confidence_interval":{"confidence_level":0.95,"lower_bound":1.7812339317421177,"upper_bound":5.881231790882402},"point_estimate":3.868909452856814,"standard_error":1.1737187112369594}}