{"Mean":{"confidence_interval":{"confidence_level":0.95,"lower_bound":219942.90568147524,"upper_bound":220256.05733310073},"point_estimate":220084.49177399534,"standard_error":80.19970176658929},"Median":{"confidence_interval":{"confidence_level":0.95,"lower_bound":219837.8712328767,"upper_bound":219922.09629629628},"point_estimate":219866.39795918367,"standard_error":21.994451215613154},"MedianAbsDev":{"confidence_interval":{"confidence_level":0.95,"lower_bound":136.39789705215367,"upper_bound":335.82594510162534},"point_estimate":191.04825418673,"standard_error":48.486284405099596},"Slope":{"confidence_interval":{"confidence_level":0.95,"lower_bound":219767.47106979945,"upper_bound":219904.82490947135},"point_estimate":219834.61293394415,"standard_error":34.92627540764287},"StdDev":{"confidence_interval":{"confidence_level":0.95,"lower_bound":416.9601185461104,"upper_bound":1131.6065747589878},"point_estimate":807.2830647757521,"standard_error":182.50842223475135}}