{"Mean":{"confidence_interval":{"confidence_level":0.95,"lower_bound":41695.437719488276,"upper_bound":41817.490615150986},"point_estimate":41753.83171110945,"standard_error":31.098807357952595},"Median":{"confidence_interval":{"confidence_level":0.95,"lower_bound":41681.81635802469,"upper_bound":41740.29002757353},"point_estimate":41717.26113816739,"standard_error":14.735377531288089},"MedianAbsDev":{"confidence_interval":{"confidence_level":0.95,"lower_bound":124.92620750433709,"upper_bound":191.54730879197882},"point_estimate":162.60721926349,"standard_error":16.835274387978373},"Slope":{"confidence_interval":{"confidence_level":0.95,"lower_bound":41665.494474608044,"upper_bound":41744.18105693747},"point_estimate":41706.25009112852,"standard_error":20.092519997918494},"StdDev":{"confidence_interval":{"confidence_level":0.95,"lower_bound":198.45475400224035,"upper_bound":416.2678045240344},"point_estimate":312.38153674285604,"standard_error":56.08019046824395}}