{"Mean":{"confidence_interval":{"confidence_level":0.95,"lower_bound":1957.200212837162,"upper_bound":1957.6295171778204},"point_estimate":1957.4109982803636,"standard_error":0.10936082676298742},"Median":{"confidence_interval":{"confidence_level":0.95,"lower_bound":1957.167785449431,"upper_bound":1957.5373531094874},"point_estimate":1957.34072530599,"standard_error":0.09413390345548889},"MedianAbsDev":{"confidence_interval":{"confidence_level":0.95,"lower_bound":0.5949083016411308,"upper_bound":1.0098345695071635},"point_estimate":0.8445940374378674,"standard_error":0.10786312408366945},"Slope":{"confidence_interval":{"confidence_level":0.95,"lower_bound":1956.912137769144,"upper_bound":1957.2566595963688},"point_estimate":1957.0790292403672,"standard_error":0.08796756997941589},"StdDev":{"confidence_interval":{"confidence_level":0.95,"lower_bound":0.8493880710796179,"upper_bound":1.3259735903058747},"point_estimate":1.0970017863617876,"standard_error":0.12177890568564957}}