{"Mean":{"confidence_interval":{"confidence_level":0.95,"lower_bound":22963180.663448665,"upper_bound":23027291.066185027},"point_estimate":22992856.73042048,"standard_error":16362.57512186173},"Median":{"confidence_interval":{"confidence_level":0.95,"lower_bound":22925780.75857843,"upper_bound":22976761.508306615},"point_estimate":22941337.38974689,"standard_error":14018.16992152305},"MedianAbsDev":{"confidence_interval":{"confidence_level":0.95,"lower_bound":67803.90900043552,"upper_bound":125729.39843283636},"point_estimate":92439.35849611966,"standard_error":14404.207989627277},"Slope":{"confidence_interval":{"confidence_level":0.95,"lower_bound":22961174.387844995,"upper_bound":23040107.460783582},"point_estimate":22994602.25604256,"standard_error":20479.235395709115},"StdDev":{"confidence_interval":{"confidence_level":0.95,"lower_bound":101380.6103524883,"upper_bound":219384.82994285703},"point_estimate":164314.36158788812,"standard_error":30459.849286029694}}