{"Mean":{"confidence_interval":{"confidence_level":0.95,"lower_bound":22909569.77840028,"upper_bound":22955184.28831134},"point_estimate":22930535.22804218,"standard_error":11732.859429138827},"Median":{"confidence_interval":{"confidence_level":0.95,"lower_bound":22882133.191011235,"upper_bound":22890170.25},"point_estimate":22885198.75237772,"standard_error":1974.436792978454},"MedianAbsDev":{"confidence_interval":{"confidence_level":0.95,"lower_bound":14095.909751671112,"upper_bound":33902.61126697806},"point_estimate":19327.80334051164,"standard_error":5060.512465252377},"Slope":{"confidence_interval":{"confidence_level":0.95,"lower_bound":22905373.35678031,"upper_bound":22938692.75803218},"point_estimate":22920972.977508496,"standard_error":8548.411853209333},"StdDev":{"confidence_interval":{"confidence_level":0.95,"lower_bound":68740.48547800414,"upper_bound":159392.44062219103},"point_estimate":117712.11819645255,"standard_error":23448.983381193564}}