{"Mean":{"confidence_interval":{"confidence_level":0.95,"lower_bound":52375.11172908357,"upper_bound":52392.98338138507},"point_estimate":52383.17527704153,"standard_error":4.578575073548666},"Median":{"confidence_interval":{"confidence_level":0.95,"lower_bound":52369.16511867905,"upper_bound":52375.5182748538},"point_estimate":52372.71251529988,"standard_error":1.6936472836645307},"MedianAbsDev":{"confidence_interval":{"confidence_level":0.95,"lower_bound":7.880815619313651,"upper_bound":13.570573566399874},"point_estimate":9.957456876463196,"standard_error":1.4182205120429698},"Slope":{"confidence_interval":{"confidence_level":0.95,"lower_bound":52371.18332796244,"upper_bound":52388.21650540805},"point_estimate":52378.873380725345,"standard_error":4.380503351218159},"StdDev":{"confidence_interval":{"confidence_level":0.95,"lower_bound":24.93782361964633,"upper_bound":66.03749158589187},"point_estimate":46.01989979268755,"standard_error":11.025711060978967}}