{"Mean":{"confidence_interval":{"confidence_level":0.95,"lower_bound":3021566.452747724,"upper_bound":3040008.034380481},"point_estimate":3030141.250437853,"standard_error":4721.181276420268},"Median":{"confidence_interval":{"confidence_level":0.95,"lower_bound":3011255.704225352,"upper_bound":3013888.1},"point_estimate":3012712.664098613,"standard_error":719.6847569248511},"MedianAbsDev":{"confidence_interval":{"confidence_level":0.95,"lower_bound":4282.395143846021,"upper_bound":8043.578967767206},"point_estimate":6433.957276422321,"standard_error":1013.6813398131084},"Slope":{"confidence_interval":{"confidence_level":0.95,"lower_bound":3015795.618343521,"upper_bound":3039120.8676993544},"point_estimate":3026127.5889138468,"standard_error":5991.993652429012},"StdDev":{"confidence_interval":{"confidence_level":0.95,"lower_bound":30332.655998565264,"upper_bound":61807.32531618251},"point_estimate":47441.25904538537,"standard_error":8004.729806507114}}