{"Mean":{"confidence_interval":{"confidence_level":0.95,"lower_bound":962726.7482690357,"upper_bound":967417.6646113095},"point_estimate":964850.1038973113,"standard_error":1206.4007968918265},"Median":{"confidence_interval":{"confidence_level":0.95,"lower_bound":960914.9159946237,"upper_bound":961859.9326923077},"point_estimate":961200.8027777778,"standard_error":263.4080028271024},"MedianAbsDev":{"confidence_interval":{"confidence_level":0.95,"lower_bound":1257.4433191358835,"upper_bound":2264.3348047164714},"point_estimate":1667.1405023301052,"standard_error":263.782493992295},"Slope":{"confidence_interval":{"confidence_level":0.95,"lower_bound":960844.2370259973,"upper_bound":966117.9957900584},"point_estimate":962763.1477715384,"standard_error":1440.3627534815437},"StdDev":{"confidence_interval":{"confidence_level":0.95,"lower_bound":6461.685016826825,"upper_bound":16626.08517287765},"point_estimate":12123.789775938598,"standard_error":2593.111902086895}}