{"Mean":{"confidence_interval":{"confidence_level":0.95,"lower_bound":967227.7278905703,"upper_bound":989383.9242625528},"point_estimate":976300.9409611416,"standard_error":5792.474094758354},"Median":{"confidence_interval":{"confidence_level":0.95,"lower_bound":960859.2727272727,"upper_bound":961815.5079545454},"point_estimate":961313.3333333334,"standard_error":243.91850651966934},"MedianAbsDev":{"confidence_interval":{"confidence_level":0.95,"lower_bound":1304.5014724994767,"upper_bound":2604.574573167494},"point_estimate":1747.9377179241715,"standard_error":333.11737953397704},"Slope":{"confidence_interval":{"confidence_level":0.95,"lower_bound":961946.211587103,"upper_bound":968450.6805633499},"point_estimate":964691.0720023644,"standard_error":1684.6079670938173},"StdDev":{"confidence_interval":{"confidence_level":0.95,"lower_bound":18145.268917810175,"upper_bound":93863.89327128662},"point_estimate":58442.95577302151,"standard_error":22871.137805087976}}