{"Mean":{"confidence_interval":{"confidence_level":0.95,"lower_bound":2832010.325716543,"upper_bound":2862587.640349322},"point_estimate":2847210.392120883,"standard_error":7811.648513064639},"Median":{"confidence_interval":{"confidence_level":0.95,"lower_bound":2810917.0263157897,"upper_bound":2871671.5217391304},"point_estimate":2845859.1943573668,"standard_error":17117.404351310208},"MedianAbsDev":{"confidence_interval":{"confidence_level":0.95,"lower_bound":71268.96042496694,"upper_bound":109378.26947299318},"point_estimate":85898.51764432072,"standard_error":10246.688591757837},"Slope":{"confidence_interval":{"confidence_level":0.95,"lower_bound":2798740.852987017,"upper_bound":2828103.7171170977},"point_estimate":2812814.414730309,"standard_error":7499.879704904334},"StdDev":{"confidence_interval":{"confidence_level":0.95,"lower_bound":69088.90134011488,"upper_bound":86108.50128445814},"point_estimate":78083.07923490308,"standard_error":4343.754081051208}}