{"Mean":{"confidence_interval":{"confidence_level":0.95,"lower_bound":128705.51826989533,"upper_bound":129267.98110943085},"point_estimate":128901.31091905039,"standard_error":174.27409882515377},"Median":{"confidence_interval":{"confidence_level":0.95,"lower_bound":128680.78472222222,"upper_bound":128735.7222815293},"point_estimate":128708.29939974044,"standard_error":13.529172515513434},"MedianAbsDev":{"confidence_interval":{"confidence_level":0.95,"lower_bound":83.31006838848337,"upper_bound":148.25428989513568},"point_estimate":116.41503554274516,"standard_error":16.77148517125919},"Slope":{"confidence_interval":{"confidence_level":0.95,"lower_bound":128680.39056731257,"upper_bound":128731.46908437352},"point_estimate":128705.25907492242,"standard_error":13.01349708859016},"StdDev":{"confidence_interval":{"confidence_level":0.95,"lower_bound":111.69776037023165,"upper_bound":2990.7506718821273},"point_estimate":1746.9463644871705,"standard_error":1032.2393106054087}}