{"Mean":{"confidence_interval":{"confidence_level":0.95,"lower_bound":24589.412706403993,"upper_bound":24610.602532374112},"point_estimate":24598.279706642275,"standard_error":5.501483826292286},"Median":{"confidence_interval":{"confidence_level":0.95,"lower_bound":24580.225609756097,"upper_bound":24583.653815892998},"point_estimate":24581.529600132737,"standard_error":0.9788013921473493},"MedianAbsDev":{"confidence_interval":{"confidence_level":0.95,"lower_bound":4.540581129665689,"upper_bound":11.020649042150932},"point_estimate":7.036821931671122,"standard_error":1.729232754528783},"Slope":{"confidence_interval":{"confidence_level":0.95,"lower_bound":24585.73732750888,"upper_bound":24595.926940611756},"point_estimate":24590.371089613513,"standard_error":2.614429288214414},"StdDev":{"confidence_interval":{"confidence_level":0.95,"lower_bound":22.064758536026396,"upper_bound":86.81894201679773},"point_estimate":55.20343269278895,"standard_error":19.71312620826478}}