{"Mean":{"confidence_interval":{"confidence_level":0.95,"lower_bound":106864.00412634392,"upper_bound":106901.65306722625},"point_estimate":106880.80431030347,"standard_error":9.63426035892709},"Median":{"confidence_interval":{"confidence_level":0.95,"lower_bound":106853.92,"upper_bound":106856.28111031002},"point_estimate":106855.15752747253,"standard_error":0.5898873168306925},"MedianAbsDev":{"confidence_interval":{"confidence_level":0.95,"lower_bound":3.646815301407845,"upper_bound":7.646761381648477},"point_estimate":5.363043564134395,"standard_error":1.0456269657440933},"Slope":{"confidence_interval":{"confidence_level":0.95,"lower_bound":106861.28394407746,"upper_bound":106893.58717710541},"point_estimate":106875.84034904685,"standard_error":8.320478345314271},"StdDev":{"confidence_interval":{"confidence_level":0.95,"lower_bound":46.73997253161805,"upper_bound":137.39299653131863},"point_estimate":96.92023495697778,"standard_error":23.095066177397978}}