{"Mean":{"confidence_interval":{"confidence_level":0.95,"lower_bound":1406040.4323832474,"upper_bound":1440450.7829539732},"point_estimate":1423958.990806705,"standard_error":8774.071050164746},"Median":{"confidence_interval":{"confidence_level":0.95,"lower_bound":1420689.817927171,"upper_bound":1445531.388888889},"point_estimate":1428160.4910714286,"standard_error":5554.662461009846},"MedianAbsDev":{"confidence_interval":{"confidence_level":0.95,"lower_bound":36042.0513040503,"upper_bound":65508.18326472095},"point_estimate":48734.99910478076,"standard_error":7813.290796698839},"Slope":{"confidence_interval":{"confidence_level":0.95,"lower_bound":1416214.106070408,"upper_bound":1435442.3429429054},"point_estimate":1425800.000443328,"standard_error":4901.932384277419},"StdDev":{"confidence_interval":{"confidence_level":0.95,"lower_bound":60539.33552888265,"upper_bound":116462.50670087588},"point_estimate":88021.15090428153,"standard_error":14687.541903932417}}