{"Mean":{"confidence_interval":{"confidence_level":0.95,"lower_bound":184761.054703845,"upper_bound":184889.93704901476},"point_estimate":184816.0778641473,"standard_error":33.17938248533958},"Median":{"confidence_interval":{"confidence_level":0.95,"lower_bound":184729.28474806203,"upper_bound":184765.93112535612},"point_estimate":184749.93733349984,"standard_error":10.776728047166753},"MedianAbsDev":{"confidence_interval":{"confidence_level":0.95,"lower_bound":55.33844256591572,"upper_bound":104.1158646240629},"point_estimate":82.91205924598434,"standard_error":12.221348366595766},"Slope":{"confidence_interval":{"confidence_level":0.95,"lower_bound":184746.7436090536,"upper_bound":184835.13032728966},"point_estimate":184784.43864735728,"standard_error":22.827764327003408},"StdDev":{"confidence_interval":{"confidence_level":0.95,"lower_bound":138.73343329672318,"upper_bound":514.9791132713424},"point_estimate":333.85828615500907,"standard_error":108.3002872984282}}