{"Mean":{"confidence_interval":{"confidence_level":0.95,"lower_bound":218.42186544856452,"upper_bound":218.60759779249614},"point_estimate":218.50164527140456,"standard_error":0.04798864677844291},"Median":{"confidence_interval":{"confidence_level":0.95,"lower_bound":218.38797244908218,"upper_bound":218.3982958788784},"point_estimate":218.39229614102186,"standard_error":0.0028616565598115614},"MedianAbsDev":{"confidence_interval":{"confidence_level":0.95,"lower_bound":0.017291738107596016,"upper_bound":0.032208599249500286},"point_estimate":0.022804911987661148,"standard_error":0.0035251510358335104},"Slope":{"confidence_interval":{"confidence_level":0.95,"lower_bound":218.39558493750974,"upper_bound":218.52696679036754},"point_estimate":218.45016681989893,"standard_error":0.03412177199043302},"StdDev":{"confidence_interval":{"confidence_level":0.95,"lower_bound":0.18534276210338388,"upper_bound":0.7401736143617543},"point_estimate":0.48240119014865795,"standard_error":0.15123414511255318}}