{"Mean":{"confidence_interval":{"confidence_level":0.95,"lower_bound":333.62726179487845,"upper_bound":334.32505526966924},"point_estimate":333.8763913244469,"standard_error":0.2060167186841728},"Median":{"confidence_interval":{"confidence_level":0.95,"lower_bound":333.58597874693464,"upper_bound":333.6132736621194},"point_estimate":333.59692255997163,"standard_error":0.007502663332933697},"MedianAbsDev":{"confidence_interval":{"confidence_level":0.95,"lower_bound":0.052274211487909575,"upper_bound":0.08907784305422235},"point_estimate":0.0704549145718158,"standard_error":0.009320915314564176},"Slope":{"confidence_interval":{"confidence_level":0.95,"lower_bound":333.6108772749858,"upper_bound":333.8188387461016},"point_estimate":333.6965919269753,"standard_error":0.054477559355677906},"StdDev":{"confidence_interval":{"confidence_level":0.95,"lower_bound":0.1604234419739085,"upper_bound":3.5309156076102357},"point_estimate":2.0728477691238094,"standard_error":1.1598234857418055}}