{"Mean":{"confidence_interval":{"confidence_level":0.95,"lower_bound":11310.980480416922,"upper_bound":11318.07029967862},"point_estimate":11314.19610135661,"standard_error":1.8101950243801666},"Median":{"confidence_interval":{"confidence_level":0.95,"lower_bound":11306.217237308147,"upper_bound":11311.819176136363},"point_estimate":11308.88578291627,"standard_error":1.290441735725636},"MedianAbsDev":{"confidence_interval":{"confidence_level":0.95,"lower_bound":5.218092798921653,"upper_bound":10.82285233140524},"point_estimate":8.575705683636526,"standard_error":1.3930141867766135},"Slope":{"confidence_interval":{"confidence_level":0.95,"lower_bound":11307.828135024434,"upper_bound":11314.45379653434},"point_estimate":11310.751701976167,"standard_error":1.701126721818499},"StdDev":{"confidence_interval":{"confidence_level":0.95,"lower_bound":10.04787215227087,"upper_bound":25.411281613480124},"point_estimate":18.233716215683963,"standard_error":3.9631837876395064}}