{"Mean":{"confidence_interval":{"confidence_level":0.95,"lower_bound":32451.215673324088,"upper_bound":33553.870489952555},"point_estimate":32902.02618795483,"standard_error":288.3594703000294},"Median":{"confidence_interval":{"confidence_level":0.95,"lower_bound":32297.346646185357,"upper_bound":32357.81581685744},"point_estimate":32313.428606339898,"standard_error":16.667788183038926},"MedianAbsDev":{"confidence_interval":{"confidence_level":0.95,"lower_bound":53.51906921113627,"upper_bound":116.99985819971751},"point_estimate":77.53538755309043,"standard_error":16.062389292221397},"Slope":{"confidence_interval":{"confidence_level":0.95,"lower_bound":32334.491930158558,"upper_bound":32564.265077885266},"point_estimate":32431.44002574162,"standard_error":59.515796615220154},"StdDev":{"confidence_interval":{"confidence_level":0.95,"lower_bound":460.87522912594,"upper_bound":4688.562858436049},"point_estimate":2902.7447606072856,"standard_error":1154.3465669994926}}