{"Mean":{"confidence_interval":{"confidence_level":0.95,"lower_bound":8708.673912602468,"upper_bound":8714.759301612294},"point_estimate":8711.447615519197,"standard_error":1.5652798526188247},"Median":{"confidence_interval":{"confidence_level":0.95,"lower_bound":8705.622267206478,"upper_bound":8706.825638658049},"point_estimate":8705.953442894133,"standard_error":0.299162185401924},"MedianAbsDev":{"confidence_interval":{"confidence_level":0.95,"lower_bound":1.8793048378881827,"upper_bound":3.5900895797763117},"point_estimate":2.405618952506109,"standard_error":0.42446706299548603},"Slope":{"confidence_interval":{"confidence_level":0.95,"lower_bound":8705.281629793886,"upper_bound":8709.098305401256},"point_estimate":8706.890910299986,"standard_error":0.989920839782637},"StdDev":{"confidence_interval":{"confidence_level":0.95,"lower_bound":8.590283030444152,"upper_bound":21.775101518182677},"point_estimate":15.708102443479541,"standard_error":3.389350522882232}}