{"Mean":{"confidence_interval":{"confidence_level":0.95,"lower_bound":2024222.5083043706,"upper_bound":2025109.5187607266},"point_estimate":2024657.5520634057,"standard_error":225.58315408400358},"Median":{"confidence_interval":{"confidence_level":0.95,"lower_bound":2024089.9487832487,"upper_bound":2025133.5454545454},"point_estimate":2024648.5428571429,"standard_error":239.10541183081966},"MedianAbsDev":{"confidence_interval":{"confidence_level":0.95,"lower_bound":1441.0747155919871,"upper_bound":2425.165613382775},"point_estimate":1959.4366236256385,"standard_error":245.99720874447814},"Slope":{"confidence_interval":{"confidence_level":0.95,"lower_bound":2024358.2897387422,"upper_bound":2025249.6004392423},"point_estimate":2024772.4669779814,"standard_error":227.50544244294323},"StdDev":{"confidence_interval":{"confidence_level":0.95,"lower_bound":1715.4166520620397,"upper_bound":2802.3098202250853},"point_estimate":2264.9034717237337,"standard_error":279.3268669501234}}