{"Mean":{"confidence_interval":{"confidence_level":0.95,"lower_bound":27953.095863940795,"upper_bound":28149.157666090035},"point_estimate":28035.6616974795,"standard_error":50.66244976615565},"Median":{"confidence_interval":{"confidence_level":0.95,"lower_bound":27910.47103462158,"upper_bound":27939.22427983539},"point_estimate":27921.865304834057,"standard_error":7.34075334223829},"MedianAbsDev":{"confidence_interval":{"confidence_level":0.95,"lower_bound":43.25668601055229,"upper_bound":78.07706276184459},"point_estimate":57.58419367464837,"standard_error":8.859032639427038},"Slope":{"confidence_interval":{"confidence_level":0.95,"lower_bound":27904.53177921837,"upper_bound":28021.148836606168},"point_estimate":27944.70520023644,"standard_error":32.41116924530439},"StdDev":{"confidence_interval":{"confidence_level":0.95,"lower_bound":159.10689791878286,"upper_bound":801.5605800464658},"point_estimate":508.9949151831457,"standard_error":176.1434409389895}}