{"Mean":{"confidence_interval":{"confidence_level":0.95,"lower_bound":7479.7975339054665,"upper_bound":7482.316408406337},"point_estimate":7480.974447154408,"standard_error":0.6448275519809303},"Median":{"confidence_interval":{"confidence_level":0.95,"lower_bound":7477.918620079611,"upper_bound":7478.602349139602},"point_estimate":7478.166069936747,"standard_error":0.177308433898799},"MedianAbsDev":{"confidence_interval":{"confidence_level":0.95,"lower_bound":0.9531947595619013,"upper_bound":1.9465624661854395},"point_estimate":1.3113772250335953,"standard_error":0.2546466366763677},"Slope":{"confidence_interval":{"confidence_level":0.95,"lower_bound":7479.336134861392,"upper_bound":7482.265069199051},"point_estimate":7480.674925039805,"standard_error":0.7467020536454059},"StdDev":{"confidence_interval":{"confidence_level":0.95,"lower_bound":4.2561036330557,"upper_bound":8.513626111687993},"point_estimate":6.468878748880956,"standard_error":1.1003534597916178}}