{"Mean":{"confidence_interval":{"confidence_level":0.95,"lower_bound":14718137.251747215,"upper_bound":14763754.310181988},"point_estimate":14740194.953436952,"standard_error":11630.836691273627},"Median":{"confidence_interval":{"confidence_level":0.95,"lower_bound":14697783.185185185,"upper_bound":14737242.704918033},"point_estimate":14720046.26010101,"standard_error":11017.626513674311},"MedianAbsDev":{"confidence_interval":{"confidence_level":0.95,"lower_bound":47998.23577831232,"upper_bound":88327.71563599195},"point_estimate":70409.26972890635,"standard_error":10200.375651711669},"Slope":{"confidence_interval":{"confidence_level":0.95,"lower_bound":14722331.571033906,"upper_bound":14759510.166052243},"point_estimate":14740303.717662184,"standard_error":9474.656732135103},"StdDev":{"confidence_interval":{"confidence_level":0.95,"lower_bound":81612.62497010641,"upper_bound":152284.59624013494},"point_estimate":117285.58828313841,"standard_error":18247.22417162015}}