{"Mean":{"confidence_interval":{"confidence_level":0.95,"lower_bound":234.0644441581617,"upper_bound":234.22911926466784},"point_estimate":234.12920081261797,"standard_error":0.04372594275254648},"Median":{"confidence_interval":{"confidence_level":0.95,"lower_bound":234.02919554715396,"upper_bound":234.03742573588983},"point_estimate":234.0339360951935,"standard_error":0.0020098217077484703},"MedianAbsDev":{"confidence_interval":{"confidence_level":0.95,"lower_bound":0.011216592168035838,"upper_bound":0.02119727102280584},"point_estimate":0.016722283223646574,"standard_error":0.002465830546984734},"Slope":{"confidence_interval":{"confidence_level":0.95,"lower_bound":234.0524537931469,"upper_bound":234.11946832429678},"point_estimate":234.08298199270172,"standard_error":0.017203930629614686},"StdDev":{"confidence_interval":{"confidence_level":0.95,"lower_bound":0.12008260359685856,"upper_bound":0.7194778199630322},"point_estimate":0.4390895470798883,"standard_error":0.1930238437667862}}