{"Mean":{"confidence_interval":{"confidence_level":0.95,"lower_bound":5953.347227691996,"upper_bound":5955.832330546626},"point_estimate":5954.449619613537,"standard_error":0.636364428246355},"Median":{"confidence_interval":{"confidence_level":0.95,"lower_bound":5952.748502994012,"upper_bound":5953.120178248155},"point_estimate":5952.99642121163,"standard_error":0.10260753430289381},"MedianAbsDev":{"confidence_interval":{"confidence_level":0.95,"lower_bound":0.9275067694213283,"upper_bound":1.7341727539369525},"point_estimate":1.3566692719376514,"standard_error":0.21207048231297473},"Slope":{"confidence_interval":{"confidence_level":0.95,"lower_bound":5952.426265661261,"upper_bound":5956.473941165856},"point_estimate":5954.0519663318555,"standard_error":1.0647929959557751},"StdDev":{"confidence_interval":{"confidence_level":0.95,"lower_bound":3.0774496936559914,"upper_bound":9.346710804759862},"point_estimate":6.380746660122589,"standard_error":1.6489087490706844}}