{"Mean":{"confidence_interval":{"confidence_level":0.95,"lower_bound":26156885.809594944,"upper_bound":26160745.771555524},"point_estimate":26158749.201591462,"standard_error":985.41046319365},"Median":{"confidence_interval":{"confidence_level":0.95,"lower_bound":26153689.79245283,"upper_bound":26155958.365079366},"point_estimate":26154394.93710359,"standard_error":620.0305589286656},"MedianAbsDev":{"confidence_interval":{"confidence_level":0.95,"lower_bound":3526.5469555722334,"upper_bound":7129.1968604838685},"point_estimate":4788.908321363507,"standard_error":880.1184467506152},"Slope":{"confidence_interval":{"confidence_level":0.95,"lower_bound":26154456.397564672,"upper_bound":26156887.876457337},"point_estimate":26155568.97863455,"standard_error":620.5910583416947},"StdDev":{"confidence_interval":{"confidence_level":0.95,"lower_bound":8102.952069957165,"upper_bound":11382.89874442486},"point_estimate":9879.02529794665,"standard_error":836.7946268506021}}