{"Mean":{"confidence_interval":{"confidence_level":0.95,"lower_bound":2518.852907918544,"upper_bound":2519.0478710218613},"point_estimate":2518.9486283633714,"standard_error":0.04971072300626936},"Median":{"confidence_interval":{"confidence_level":0.95,"lower_bound":2518.7731941460793,"upper_bound":2518.845439713584},"point_estimate":2518.8132164762146,"standard_error":0.0172133367390243},"MedianAbsDev":{"confidence_interval":{"confidence_level":0.95,"lower_bound":0.1645931845945341,"upper_bound":0.30201896816285306},"point_estimate":0.2287903846546688,"standard_error":0.0345441491938006},"Slope":{"confidence_interval":{"confidence_level":0.95,"lower_bound":2519.1130441690193,"upper_bound":2519.3869281213256},"point_estimate":2519.259668657621,"standard_error":0.06998295372901887},"StdDev":{"confidence_interval":{"confidence_level":0.95,"lower_bound":0.4207584048355193,"upper_bound":0.5725329648091211},"point_estimate":0.5016853142197972,"standard_error":0.038683382855206117}}