{"Mean":{"confidence_interval":{"confidence_level":0.95,"lower_bound":727.3251190833129,"upper_bound":727.6216133584697},"point_estimate":727.4590426706911,"standard_error":0.07577148652025896},"Median":{"confidence_interval":{"confidence_level":0.95,"lower_bound":727.2011345966544,"upper_bound":727.3156056471082},"point_estimate":727.2639865645009,"standard_error":0.03212929504343988},"MedianAbsDev":{"confidence_interval":{"confidence_level":0.95,"lower_bound":0.17435823843504725,"upper_bound":0.29059950953725383},"point_estimate":0.23037563935210528,"standard_error":0.029983586350457614},"Slope":{"confidence_interval":{"confidence_level":0.95,"lower_bound":727.2795395170011,"upper_bound":727.75708185912},"point_estimate":727.4747508867373,"standard_error":0.1257191949576933},"StdDev":{"confidence_interval":{"confidence_level":0.95,"lower_bound":0.42556455273659444,"upper_bound":1.0740173601685805},"point_estimate":0.7612604024058502,"standard_error":0.16986721585775097}}