{"Mean":{"confidence_interval":{"confidence_level":0.95,"lower_bound":2410.4092381489613,"upper_bound":2412.586650949617},"point_estimate":2411.318373105867,"standard_error":0.5698843030841403},"Median":{"confidence_interval":{"confidence_level":0.95,"lower_bound":2410.0984049743174,"upper_bound":2410.148740518105},"point_estimate":2410.1152782011177,"standard_error":0.013731276920070937},"MedianAbsDev":{"confidence_interval":{"confidence_level":0.95,"lower_bound":0.08106376911309508,"upper_bound":0.18078854542342382},"point_estimate":0.10902308226128392,"standard_error":0.02342273660885989},"Slope":{"confidence_interval":{"confidence_level":0.95,"lower_bound":2410.2995751753183,"upper_bound":2411.1895748023885},"point_estimate":2410.6901557472447,"standard_error":0.22839644446827165},"StdDev":{"confidence_interval":{"confidence_level":0.95,"lower_bound":1.1259281586149106,"upper_bound":9.063789964304421},"point_estimate":5.746399317294089,"standard_error":2.135218845185202}}