{"Mean":{"confidence_interval":{"confidence_level":0.95,"lower_bound":2345.081050417879,"upper_bound":2346.49134357743},"point_estimate":2345.6805341415456,"standard_error":0.3643929053890916},"Median":{"confidence_interval":{"confidence_level":0.95,"lower_bound":2344.815861206519,"upper_bound":2345.0055161544524},"point_estimate":2344.899490248227,"standard_error":0.04527232453676375},"MedianAbsDev":{"confidence_interval":{"confidence_level":0.95,"lower_bound":0.24217481676154712,"upper_bound":0.3983005889999093},"point_estimate":0.3094350605687531,"standard_error":0.03944620983091516},"Slope":{"confidence_interval":{"confidence_level":0.95,"lower_bound":2345.0022948248916,"upper_bound":2346.5306746857545},"point_estimate":2345.5908012916248,"standard_error":0.40543701166683344},"StdDev":{"confidence_interval":{"confidence_level":0.95,"lower_bound":0.9445241422064422,"upper_bound":5.636666407377297},"point_estimate":3.669048201070412,"standard_error":1.23133540562904}}