{"Mean":{"confidence_interval":{"confidence_level":0.95,"lower_bound":74125222.80833006,"upper_bound":74475991.11429767},"point_estimate":74269022.72381693,"standard_error":91509.95219297786},"Median":{"confidence_interval":{"confidence_level":0.95,"lower_bound":74085714.91813953,"upper_bound":74159425.34082094},"point_estimate":74109100.2761076,"standard_error":21356.04219706191},"MedianAbsDev":{"confidence_interval":{"confidence_level":0.95,"lower_bound":111365.99690140891,"upper_bound":203295.30859080362},"point_estimate":145262.92270904552,"standard_error":23672.73038214705},"Slope":{"confidence_interval":{"confidence_level":0.95,"lower_bound":74101294.4164274,"upper_bound":74153711.48127392},"point_estimate":74126405.72405498,"standard_error":13324.466717483776},"StdDev":{"confidence_interval":{"confidence_level":0.95,"lower_bound":188624.82758331147,"upper_bound":1468268.4675924103},"point_estimate":916415.0497369806,"standard_error":350423.52003879216}}