{"Mean":{"confidence_interval":{"confidence_level":0.95,"lower_bound":73960921.11179104,"upper_bound":74061036.16796413},"point_estimate":74006917.4792415,"standard_error":25667.499964619125},"Median":{"confidence_interval":{"confidence_level":0.95,"lower_bound":73926753.98937996,"upper_bound":73985818.58773474},"point_estimate":73957246.76820642,"standard_error":16031.211275634321},"MedianAbsDev":{"confidence_interval":{"confidence_level":0.95,"lower_bound":91869.91180660325,"upper_bound":199699.43199073683},"point_estimate":166183.99876435468,"standard_error":29306.731814872368},"Slope":{"confidence_interval":{"confidence_level":0.95,"lower_bound":73958094.78284073,"upper_bound":74008236.81738323},"point_estimate":73981974.51503177,"standard_error":12791.820271077004},"StdDev":{"confidence_interval":{"confidence_level":0.95,"lower_bound":152766.74332417667,"upper_bound":353643.8478875645},"point_estimate":258377.93923467046,"standard_error":51885.87065612637}}