{"Mean":{"confidence_interval":{"confidence_level":0.95,"lower_bound":62319.875013419485,"upper_bound":63874.640944828505},"point_estimate":62905.25439600938,"standard_error":425.08795264077094},"Median":{"confidence_interval":{"confidence_level":0.95,"lower_bound":62109.94277159884,"upper_bound":62192.4706702441},"point_estimate":62148.983485060686,"standard_error":20.276755271060782},"MedianAbsDev":{"confidence_interval":{"confidence_level":0.95,"lower_bound":119.79621207430503,"upper_bound":222.75113057440294},"point_estimate":162.932511323046,"standard_error":24.80829468153795},"Slope":{"confidence_interval":{"confidence_level":0.95,"lower_bound":62173.06605452188,"upper_bound":62933.7083132795},"point_estimate":62471.68568161667,"standard_error":200.25925634781464},"StdDev":{"confidence_interval":{"confidence_level":0.95,"lower_bound":723.3847477480018,"upper_bound":7175.250943932807},"point_estimate":4286.317414927679,"standard_error":2101.41652643911}}