{"Mean":{"confidence_interval":{"confidence_level":0.95,"lower_bound":8349.504920005284,"upper_bound":8356.928632248091},"point_estimate":8352.640560012127,"standard_error":1.9173666116353074},"Median":{"confidence_interval":{"confidence_level":0.95,"lower_bound":8344.906585945188,"upper_bound":8351.297349709115},"point_estimate":8350.74883286648,"standard_error":1.6945661571414616},"MedianAbsDev":{"confidence_interval":{"confidence_level":0.95,"lower_bound":3.4451730394509554,"upper_bound":11.319382539435823},"point_estimate":10.260615451893267,"standard_error":2.0650082218539887},"Slope":{"confidence_interval":{"confidence_level":0.95,"lower_bound":8349.105917277922,"upper_bound":8352.790903016696},"point_estimate":8350.923811676288,"standard_error":0.9354827821659468},"StdDev":{"confidence_interval":{"confidence_level":0.95,"lower_bound":7.740828973906197,"upper_bound":29.99328388677679},"point_estimate":19.192286920781257,"standard_error":6.597958807211472}}