{"Mean":{"confidence_interval":{"confidence_level":0.95,"lower_bound":9415.419519284495,"upper_bound":9477.930424843502},"point_estimate":9443.074232369796,"standard_error":16.091054181611465},"Median":{"confidence_interval":{"confidence_level":0.95,"lower_bound":9395.174448315911,"upper_bound":9405.679797979798},"point_estimate":9402.04278621081,"standard_error":2.890730594362002},"MedianAbsDev":{"confidence_interval":{"confidence_level":0.95,"lower_bound":15.84091585224232,"upper_bound":30.224639468971905},"point_estimate":23.334588398045096,"standard_error":3.7009389221664897},"Slope":{"confidence_interval":{"confidence_level":0.95,"lower_bound":9397.52655180858,"upper_bound":9433.264153423397},"point_estimate":9412.837673386955,"standard_error":9.18546627788203},"StdDev":{"confidence_interval":{"confidence_level":0.95,"lower_bound":74.44067038134605,"upper_bound":236.70393438317578},"point_estimate":161.3848912413658,"standard_error":42.626925282282286}}