{"Mean":{"confidence_interval":{"confidence_level":0.95,"lower_bound":207750.14230971027,"upper_bound":208914.7580802334},"point_estimate":208164.11009417646,"standard_error":347.3517208645259},"Median":{"confidence_interval":{"confidence_level":0.95,"lower_bound":207704.68736842106,"upper_bound":207711.66696969696},"point_estimate":207706.11437469468,"standard_error":1.8795871728462419},"MedianAbsDev":{"confidence_interval":{"confidence_level":0.95,"lower_bound":8.543044767898092,"upper_bound":16.196689348037186},"point_estimate":11.1790986367484,"standard_error":2.0842490767815787},"Slope":{"confidence_interval":{"confidence_level":0.95,"lower_bound":207735.1381898797,"upper_bound":209577.25473674893},"point_estimate":208306.95623762376,"standard_error":545.7381122342459},"StdDev":{"confidence_interval":{"confidence_level":0.95,"lower_bound":135.64821997037205,"upper_bound":5958.6015823639045},"point_estimate":3495.262433272359,"standard_error":1980.2207228843793}}