{"Mean":{"confidence_interval":{"confidence_level":0.95,"lower_bound":1299.5835066923082,"upper_bound":1300.3758544865618},"point_estimate":1299.9216935525299,"standard_error":0.2056930149686273},"Median":{"confidence_interval":{"confidence_level":0.95,"lower_bound":1299.390522875817,"upper_bound":1299.4140522875816},"point_estimate":1299.3966216498054,"standard_error":0.00636292840989664},"MedianAbsDev":{"confidence_interval":{"confidence_level":0.95,"lower_bound":0.033377341455321174,"upper_bound":0.0824314618774278},"point_estimate":0.049695820223757584,"standard_error":0.0122517718882047},"Slope":{"confidence_interval":{"confidence_level":0.95,"lower_bound":1299.524467930549,"upper_bound":1301.1276633998814},"point_estimate":1300.113570257816,"standard_error":0.44050136138500146},"StdDev":{"confidence_interval":{"confidence_level":0.95,"lower_bound":0.718900179279707,"upper_bound":3.223100628863085},"point_estimate":2.0738568733096563,"standard_error":0.6882517934216974}}