{"Mean":{"confidence_interval":{"confidence_level":0.95,"lower_bound":1841.0036458386692,"upper_bound":1841.4332035071534},"point_estimate":1841.1841535153746,"standard_error":0.11121116022233418},"Median":{"confidence_interval":{"confidence_level":0.95,"lower_bound":1841.0520446096655,"upper_bound":1841.1300418215615},"point_estimate":1841.1014442705277,"standard_error":0.023238363489086644},"MedianAbsDev":{"confidence_interval":{"confidence_level":0.95,"lower_bound":0.15144074678286712,"upper_bound":0.2692995874234397},"point_estimate":0.19559030325677032,"standard_error":0.03011089426097166},"Slope":{"confidence_interval":{"confidence_level":0.95,"lower_bound":1841.0464845552806,"upper_bound":1841.1633908055048},"point_estimate":1841.1036034154379,"standard_error":0.029807153357592625},"StdDev":{"confidence_interval":{"confidence_level":0.95,"lower_bound":0.31430710177096166,"upper_bound":1.836019407798695},"point_estimate":1.1233075509826194,"standard_error":0.4574446186173562}}