{"Mean":{"confidence_interval":{"confidence_level":0.95,"lower_bound":587.8890738353141,"upper_bound":588.0926385140062},"point_estimate":587.9821415824364,"standard_error":0.05224332752609341},"Median":{"confidence_interval":{"confidence_level":0.95,"lower_bound":587.8519029802605,"upper_bound":587.8797968113464},"point_estimate":587.8691938995723,"standard_error":0.007128968706582249},"MedianAbsDev":{"confidence_interval":{"confidence_level":0.95,"lower_bound":0.04768974101961114,"upper_bound":0.13746945318403234},"point_estimate":0.0685187473846885,"standard_error":0.0240456276726823},"Slope":{"confidence_interval":{"confidence_level":0.95,"lower_bound":587.8772004737716,"upper_bound":588.0935753873775},"point_estimate":587.9771777946651,"standard_error":0.05560638231621214},"StdDev":{"confidence_interval":{"confidence_level":0.95,"lower_bound":0.2976099987981855,"upper_bound":0.7130918715991977},"point_estimate":0.5269507892176764,"standard_error":0.10615299277120852}}