{"Mean":{"confidence_interval":{"confidence_level":0.95,"lower_bound":4373.293306339625,"upper_bound":4375.031046122978},"point_estimate":4374.051119135773,"standard_error":0.4483365806516763},"Median":{"confidence_interval":{"confidence_level":0.95,"lower_bound":4372.745794953945,"upper_bound":4372.862033585601},"point_estimate":4372.780714635341,"standard_error":0.030300802190306887},"MedianAbsDev":{"confidence_interval":{"confidence_level":0.95,"lower_bound":0.12710870665533291,"upper_bound":0.2760836057559442},"point_estimate":0.1793984935638935,"standard_error":0.036380861301687384},"Slope":{"confidence_interval":{"confidence_level":0.95,"lower_bound":4373.205966331477,"upper_bound":4375.99650939024},"point_estimate":4374.361135974074,"standard_error":0.7285417397743384},"StdDev":{"confidence_interval":{"confidence_level":0.95,"lower_bound":1.9697062766005204,"upper_bound":6.772271605588784},"point_estimate":4.493176608151068,"standard_error":1.2909706200025246}}