{"Mean":{"confidence_interval":{"confidence_level":0.95,"lower_bound":357749.6640169703,"upper_bound":370604.3993109746},"point_estimate":363274.09047541925,"standard_error":3331.310486994954},"Median":{"confidence_interval":{"confidence_level":0.95,"lower_bound":353727.8212560387,"upper_bound":354152.58208955225},"point_estimate":353919.65388007055,"standard_error":96.02973997983115},"MedianAbsDev":{"confidence_interval":{"confidence_level":0.95,"lower_bound":575.5781580998464,"upper_bound":1154.520322162591},"point_estimate":792.4341261490403,"standard_error":150.32718866023845},"Slope":{"confidence_interval":{"confidence_level":0.95,"lower_bound":353947.4356129422,"upper_bound":356021.81639547227},"point_estimate":354828.201445249,"standard_error":534.4492333786249},"StdDev":{"confidence_interval":{"confidence_level":0.95,"lower_bound":13437.545126032239,"upper_bound":51623.14643877208},"point_estimate":33490.63415903905,"standard_error":10845.606293958735}}