{"Mean":{"confidence_interval":{"confidence_level":0.95,"lower_bound":3516.9841792190505,"upper_bound":3521.2098700926576},"point_estimate":3518.7178621033904,"standard_error":1.1054551401299844},"Median":{"confidence_interval":{"confidence_level":0.95,"lower_bound":3516.44194633326,"upper_bound":3516.558748809146},"point_estimate":3516.5045543617416,"standard_error":0.02835337453763831},"MedianAbsDev":{"confidence_interval":{"confidence_level":0.95,"lower_bound":0.1578145065636949,"upper_bound":0.31896171023182607},"point_estimate":0.22143628818072422,"standard_error":0.04030564150241146},"Slope":{"confidence_interval":{"confidence_level":0.95,"lower_bound":3516.702965552462,"upper_bound":3517.771980822981},"point_estimate":3517.181598411985,"standard_error":0.27521247853968345},"StdDev":{"confidence_interval":{"confidence_level":0.95,"lower_bound":1.8396761010977223,"upper_bound":17.691442205406993},"point_estimate":11.13869578349334,"standard_error":4.30670229612819}}