{"Mean":{"confidence_interval":{"confidence_level":0.95,"lower_bound":14934.682315894534,"upper_bound":14941.638246143028},"point_estimate":14937.813751413345,"standard_error":1.7796068934673168},"Median":{"confidence_interval":{"confidence_level":0.95,"lower_bound":14931.242068876396,"upper_bound":14934.040882543803},"point_estimate":14932.237701435894,"standard_error":0.6170409486471388},"MedianAbsDev":{"confidence_interval":{"confidence_level":0.95,"lower_bound":4.035298414995434,"upper_bound":7.348393882842234},"point_estimate":5.581669799760058,"standard_error":0.8163016362718388},"Slope":{"confidence_interval":{"confidence_level":0.95,"lower_bound":14931.991285506092,"upper_bound":14940.916673412114},"point_estimate":14935.712440884097,"standard_error":2.31465230663282},"StdDev":{"confidence_interval":{"confidence_level":0.95,"lower_bound":9.428304875161212,"upper_bound":25.529680306588272},"point_estimate":17.89210368196336,"standard_error":4.18544523803333}}