{"Mean":{"confidence_interval":{"confidence_level":0.95,"lower_bound":3566.3360628975324,"upper_bound":3569.1968298192705},"point_estimate":3567.501955333184,"standard_error":0.748898298619203},"Median":{"confidence_interval":{"confidence_level":0.95,"lower_bound":3565.733983083803,"upper_bound":3565.9301258992805},"point_estimate":3565.84557908824,"standard_error":0.04475206860264503},"MedianAbsDev":{"confidence_interval":{"confidence_level":0.95,"lower_bound":0.38447159389366753,"upper_bound":0.6366002488558294},"point_estimate":0.5113616123935593,"standard_error":0.06342585092272286},"Slope":{"confidence_interval":{"confidence_level":0.95,"lower_bound":3566.0006959620414,"upper_bound":3568.271877376507},"point_estimate":3566.9317480515365,"standard_error":0.5918894208835194},"StdDev":{"confidence_interval":{"confidence_level":0.95,"lower_bound":2.040217737668743,"upper_bound":12.154655397982692},"point_estimate":7.536039811253972,"standard_error":2.9509825010012474}}