{"Mean":{"confidence_interval":{"confidence_level":0.95,"lower_bound":206376.51261791578,"upper_bound":206641.86808229974},"point_estimate":206507.39164959657,"standard_error":67.8117197840908},"Median":{"confidence_interval":{"confidence_level":0.95,"lower_bound":205823.66356716419,"upper_bound":207056.17575757575},"point_estimate":207016.62083333335,"standard_error":452.47731049255253},"MedianAbsDev":{"confidence_interval":{"confidence_level":0.95,"lower_bound":38.69402950317388,"upper_bound":1276.4180178287652},"point_estimate":1002.0030064574747,"standard_error":383.4217839444804},"Slope":{"confidence_interval":{"confidence_level":0.95,"lower_bound":205955.56233867587,"upper_bound":206131.9226013503},"point_estimate":206031.90301581201,"standard_error":45.161959283713486},"StdDev":{"confidence_interval":{"confidence_level":0.95,"lower_bound":615.3802337947564,"upper_bound":772.710103608328},"point_estimate":685.7146351037924,"standard_error":41.89720347953123}}