{"Mean":{"confidence_interval":{"confidence_level":0.95,"lower_bound":40154.352720982744,"upper_bound":41534.311639418534},"point_estimate":40736.77278075265,"standard_error":357.8381562122104},"Median":{"confidence_interval":{"confidence_level":0.95,"lower_bound":39723.02892726198,"upper_bound":39811.784},"point_estimate":39743.57928381963,"standard_error":20.92116984250423},"MedianAbsDev":{"confidence_interval":{"confidence_level":0.95,"lower_bound":86.4466326333028,"upper_bound":198.57883533166756},"point_estimate":118.11231530308874,"standard_error":24.757826126225346},"Slope":{"confidence_interval":{"confidence_level":0.95,"lower_bound":39792.616195157556,"upper_bound":40178.97034114293},"point_estimate":39953.91130663514,"standard_error":100.09320873265584},"StdDev":{"confidence_interval":{"confidence_level":0.95,"lower_bound":1299.3121541528785,"upper_bound":5646.50497774272},"point_estimate":3603.621321639399,"standard_error":1253.4833687399414}}