{"Mean":{"confidence_interval":{"confidence_level":0.95,"lower_bound":39736.13250515027,"upper_bound":39990.76267824193},"point_estimate":39842.10380667691,"standard_error":65.84350128788104},"Median":{"confidence_interval":{"confidence_level":0.95,"lower_bound":39673.30996899225,"upper_bound":39725.29511111111},"point_estimate":39700.57574224631,"standard_error":13.053040568273431},"MedianAbsDev":{"confidence_interval":{"confidence_level":0.95,"lower_bound":71.5632998140123,"upper_bound":129.03068193862953},"point_estimate":96.06470782968779,"standard_error":14.039134377769392},"Slope":{"confidence_interval":{"confidence_level":0.95,"lower_bound":39686.93020704096,"upper_bound":40087.13647870948},"point_estimate":39822.02280916211,"standard_error":114.59666792392474},"StdDev":{"confidence_interval":{"confidence_level":0.95,"lower_bound":212.4835744624291,"upper_bound":1051.3760669586813},"point_estimate":663.5260697357395,"standard_error":238.6393734472813}}