{"Mean":{"confidence_interval":{"confidence_level":0.95,"lower_bound":1853.890543127454,"upper_bound":1854.2864537120986},"point_estimate":1854.0712371234852,"standard_error":0.10196123837411955},"Median":{"confidence_interval":{"confidence_level":0.95,"lower_bound":1853.7917889434743,"upper_bound":1854.0323167469235},"point_estimate":1853.8882316488448,"standard_error":0.05770944215672033},"MedianAbsDev":{"confidence_interval":{"confidence_level":0.95,"lower_bound":0.3500652555325899,"upper_bound":0.5478189080948},"point_estimate":0.43139755346133724,"standard_error":0.04867858237414207},"Slope":{"confidence_interval":{"confidence_level":0.95,"lower_bound":1853.8077485835345,"upper_bound":1853.9779323966645},"point_estimate":1853.8908361518695,"standard_error":0.04331489252669746},"StdDev":{"confidence_interval":{"confidence_level":0.95,"lower_bound":0.5511565396080792,"upper_bound":1.4459749536391076},"point_estimate":1.0273631694958694,"standard_error":0.23267288816853487}}