{"Mean":{"confidence_interval":{"confidence_level":0.95,"lower_bound":29401.242359954613,"upper_bound":29424.14999743603},"point_estimate":29410.984616708938,"standard_error":5.922143316223797},"Median":{"confidence_interval":{"confidence_level":0.95,"lower_bound":29392.79229031758,"upper_bound":29396.604575163397},"point_estimate":29394.92348779134,"standard_error":0.9481989836361157},"MedianAbsDev":{"confidence_interval":{"confidence_level":0.95,"lower_bound":6.819653604711358,"upper_bound":12.738007473045855},"point_estimate":9.917876537352805,"standard_error":1.5127237815565857},"Slope":{"confidence_interval":{"confidence_level":0.95,"lower_bound":29394.353219235236,"upper_bound":29411.95870623442},"point_estimate":29401.781896661134,"standard_error":4.588057918586501},"StdDev":{"confidence_interval":{"confidence_level":0.95,"lower_bound":24.745597696108064,"upper_bound":92.17616751054022},"point_estimate":59.55421685493978,"standard_error":19.719976298141656}}