{"Mean":{"confidence_interval":{"confidence_level":0.95,"lower_bound":40241896.129479714,"upper_bound":40255100.76081548},"point_estimate":40248463.62035617,"standard_error":3369.404638311958},"Median":{"confidence_interval":{"confidence_level":0.95,"lower_bound":40231535.336956516,"upper_bound":40252144.57469879},"point_estimate":40237180.4414663,"standard_error":5151.959860163618},"MedianAbsDev":{"confidence_interval":{"confidence_level":0.95,"lower_bound":21577.10108359164,"upper_bound":47247.100210083874},"point_estimate":36373.20471606431,"standard_error":6715.0740256212},"Slope":{"confidence_interval":{"confidence_level":0.95,"lower_bound":40236205.667557456,"upper_bound":40252132.32087563},"point_estimate":40243760.11727206,"standard_error":4059.282987271251},"StdDev":{"confidence_interval":{"confidence_level":0.95,"lower_bound":29790.61189501766,"upper_bound":37820.492693003274},"point_estimate":33766.59232609168,"standard_error":2049.659333447744}}