{"Mean":{"confidence_interval":{"confidence_level":0.95,"lower_bound":2155467.316365482,"upper_bound":2157843.8814998586},"point_estimate":2156529.5792938652,"standard_error":607.8302535501649},"Median":{"confidence_interval":{"confidence_level":0.95,"lower_bound":2154489.76,"upper_bound":2156397.76},"point_estimate":2155491.2871517027,"standard_error":458.9291294490432},"MedianAbsDev":{"confidence_interval":{"confidence_level":0.95,"lower_bound":2672.048071871149,"upper_bound":4062.7361611458323},"point_estimate":3298.5246746125586,"standard_error":343.3788679270246},"Slope":{"confidence_interval":{"confidence_level":0.95,"lower_bound":2154245.4235877865,"upper_bound":2155845.7210260066},"point_estimate":2154980.1394295846,"standard_error":407.0058437886186},"StdDev":{"confidence_interval":{"confidence_level":0.95,"lower_bound":3396.7142756407798,"upper_bound":8954.680958120489},"point_estimate":6096.0491817034845,"standard_error":1620.6017581239978}}