{"Mean":{"confidence_interval":{"confidence_level":0.95,"lower_bound":89662.8487613735,"upper_bound":92167.07263879127},"point_estimate":90671.80894300195,"standard_error":661.7561602920966},"Median":{"confidence_interval":{"confidence_level":0.95,"lower_bound":89298.55788499973,"upper_bound":89455.01601677013},"point_estimate":89336.43901515151,"standard_error":45.964718079245706},"MedianAbsDev":{"confidence_interval":{"confidence_level":0.95,"lower_bound":175.12694934302795,"upper_bound":348.18274721053194},"point_estimate":227.58911819724068,"standard_error":41.76102242162376},"Slope":{"confidence_interval":{"confidence_level":0.95,"lower_bound":89384.64890572203,"upper_bound":89852.37812546742},"point_estimate":89588.41582895603,"standard_error":120.58105944091653},"StdDev":{"confidence_interval":{"confidence_level":0.95,"lower_bound":1085.375606818831,"upper_bound":10827.665946986315},"point_estimate":6670.793004514891,"standard_error":2757.6406609927994}}