{"Mean":{"confidence_interval":{"confidence_level":0.95,"lower_bound":815421.4679208443,"upper_bound":815743.7445449667},"point_estimate":815562.5567320837,"standard_error":83.04461934601066},"Median":{"confidence_interval":{"confidence_level":0.95,"lower_bound":815320.8229166666,"upper_bound":815375.9426229508},"point_estimate":815344.1341013825,"standard_error":12.928012883685838},"MedianAbsDev":{"confidence_interval":{"confidence_level":0.95,"lower_bound":82.39802069625715,"upper_bound":140.2817454029742},"point_estimate":111.11177330260485,"standard_error":14.347555284362468},"Slope":{"confidence_interval":{"confidence_level":0.95,"lower_bound":815430.7057349978,"upper_bound":815799.0846542984},"point_estimate":815588.3766883404,"standard_error":95.70216906906121},"StdDev":{"confidence_interval":{"confidence_level":0.95,"lower_bound":390.04524638886176,"upper_bound":1252.086840574801},"point_estimate":834.9143122898565,"standard_error":238.29093900613648}}