{"Mean":{"confidence_interval":{"confidence_level":0.95,"lower_bound":6230.989373197805,"upper_bound":6232.696467065407},"point_estimate":6231.7616298471075,"standard_error":0.43756693689088805},"Median":{"confidence_interval":{"confidence_level":0.95,"lower_bound":6230.35039475445,"upper_bound":6230.688390985324},"point_estimate":6230.471294867907,"standard_error":0.09216361577086993},"MedianAbsDev":{"confidence_interval":{"confidence_level":0.95,"lower_bound":0.3377963681340818,"upper_bound":0.6840714046716238},"point_estimate":0.511687405946348,"standard_error":0.08712338537896015},"Slope":{"confidence_interval":{"confidence_level":0.95,"lower_bound":6230.605411815755,"upper_bound":6232.354941481213},"point_estimate":6231.3649675032275,"standard_error":0.4505715486887195},"StdDev":{"confidence_interval":{"confidence_level":0.95,"lower_bound":2.3880650137853356,"upper_bound":6.0033835544444},"point_estimate":4.393874933251702,"standard_error":0.918928365693884}}