{"Mean":{"confidence_interval":{"confidence_level":0.95,"lower_bound":8087.331042541135,"upper_bound":8091.30605855498},"point_estimate":8089.074026214163,"standard_error":1.0223070438670738},"Median":{"confidence_interval":{"confidence_level":0.95,"lower_bound":8085.233841463414,"upper_bound":8086.123202001251},"point_estimate":8085.4133119984035,"standard_error":0.22160383911216558},"MedianAbsDev":{"confidence_interval":{"confidence_level":0.95,"lower_bound":0.9373763239930738,"upper_bound":2.375201151288201},"point_estimate":1.242497906088742,"standard_error":0.36248597521771986},"Slope":{"confidence_interval":{"confidence_level":0.95,"lower_bound":8086.724776764633,"upper_bound":8091.054276771492},"point_estimate":8088.565482969119,"standard_error":1.1169026079727578},"StdDev":{"confidence_interval":{"confidence_level":0.95,"lower_bound":4.701821834890454,"upper_bound":15.397206696753877},"point_estimate":10.31019783756864,"standard_error":2.840186455017355}}