{"Mean":{"confidence_interval":{"confidence_level":0.95,"lower_bound":8259.122345616664,"upper_bound":8448.679395537461},"point_estimate":8336.774784147086,"standard_error":49.34631847489405},"Median":{"confidence_interval":{"confidence_level":0.95,"lower_bound":8229.009708737864,"upper_bound":8247.294839039347},"point_estimate":8240.198407347478,"standard_error":4.96222619520269},"MedianAbsDev":{"confidence_interval":{"confidence_level":0.95,"lower_bound":28.017476809035895,"upper_bound":52.23079644232634},"point_estimate":38.397382332512706,"standard_error":6.239284231890513},"Slope":{"confidence_interval":{"confidence_level":0.95,"lower_bound":8259.878463198896,"upper_bound":8424.436960659323},"point_estimate":8334.438209299557,"standard_error":42.530107268788456},"StdDev":{"confidence_interval":{"confidence_level":0.95,"lower_bound":161.8535655993669,"upper_bound":793.4228571442093},"point_estimate":496.16025458732537,"standard_error":191.27516626422977}}