{"Mean":{"confidence_interval":{"confidence_level":0.95,"lower_bound":623.5642123777657,"upper_bound":623.9457092746762},"point_estimate":623.7215386880183,"standard_error":0.09919126871113142},"Median":{"confidence_interval":{"confidence_level":0.95,"lower_bound":623.4937301500383,"upper_bound":623.514401522182},"point_estimate":623.4988306660221,"standard_error":0.005102775530344949},"MedianAbsDev":{"confidence_interval":{"confidence_level":0.95,"lower_bound":0.023118887431019124,"upper_bound":0.05143749781460084},"point_estimate":0.04050540642804706,"standard_error":0.006901296365717854},"Slope":{"confidence_interval":{"confidence_level":0.95,"lower_bound":623.5248306032648,"upper_bound":623.7018321254377},"point_estimate":623.6025426624019,"standard_error":0.045885231423391744},"StdDev":{"confidence_interval":{"confidence_level":0.95,"lower_bound":0.2754568511548239,"upper_bound":1.5928126098909159},"point_estimate":0.9969822749709327,"standard_error":0.37320270505326836}}