{"Mean":{"confidence_interval":{"confidence_level":0.95,"lower_bound":3098407.5988803664,"upper_bound":3112629.426084313},"point_estimate":3104795.151765099,"standard_error":3643.518606629305},"Median":{"confidence_interval":{"confidence_level":0.95,"lower_bound":3092529.5164835164,"upper_bound":3095774.5616438356},"point_estimate":3093899.5944403536,"standard_error":943.5131665988561},"MedianAbsDev":{"confidence_interval":{"confidence_level":0.95,"lower_bound":4653.693050713941,"upper_bound":9011.806195012387},"point_estimate":6558.8726422523605,"standard_error":1102.541649778108},"Slope":{"confidence_interval":{"confidence_level":0.95,"lower_bound":3093109.0553837195,"upper_bound":3106389.3610501247},"point_estimate":3098528.981788089,"standard_error":3472.789702990081},"StdDev":{"confidence_interval":{"confidence_level":0.95,"lower_bound":18869.51658564756,"upper_bound":51207.64478333473},"point_estimate":36626.166983120755,"standard_error":8289.578552614563}}