{"Mean":{"confidence_interval":{"confidence_level":0.95,"lower_bound":603.6386468217319,"upper_bound":603.9573467394314},"point_estimate":603.7783471731354,"standard_error":0.08216854948353541},"Median":{"confidence_interval":{"confidence_level":0.95,"lower_bound":603.5578954447633,"upper_bound":603.5658345599882},"point_estimate":603.5608797735279,"standard_error":0.0024073881488583413},"MedianAbsDev":{"confidence_interval":{"confidence_level":0.95,"lower_bound":0.013932083803240162,"upper_bound":0.029955046638013853},"point_estimate":0.02054541467932639,"standard_error":0.0042601430178893195},"Slope":{"confidence_interval":{"confidence_level":0.95,"lower_bound":603.6237765529628,"upper_bound":603.9794030108832},"point_estimate":603.7741959383234,"standard_error":0.09168709946608242},"StdDev":{"confidence_interval":{"confidence_level":0.95,"lower_bound":0.32362732547156314,"upper_bound":1.2129703143201662},"point_estimate":0.8241489592843692,"standard_error":0.22798461758063468}}