{"Mean":{"confidence_interval":{"confidence_level":0.95,"lower_bound":28102.70813297722,"upper_bound":28848.76304218322},"point_estimate":28388.615253959197,"standard_error":199.8785795921959},"Median":{"confidence_interval":{"confidence_level":0.95,"lower_bound":27958.283116883118,"upper_bound":28013.981212121213},"point_estimate":27981.132471655328,"standard_error":15.009363111123903},"MedianAbsDev":{"confidence_interval":{"confidence_level":0.95,"lower_bound":55.6351105866173,"upper_bound":114.65284476450377},"point_estimate":78.48603336974023,"standard_error":15.409990402166482},"Slope":{"confidence_interval":{"confidence_level":0.95,"lower_bound":27990.25529145387,"upper_bound":28239.96331271841},"point_estimate":28090.449758618506,"standard_error":65.53568333760101},"StdDev":{"confidence_interval":{"confidence_level":0.95,"lower_bound":456.1836513946025,"upper_bound":3332.663779409739},"point_estimate":2010.8203720340573,"standard_error":934.8666120862176}}