{"Mean":{"confidence_interval":{"confidence_level":0.95,"lower_bound":466672.5267238086,"upper_bound":468968.3939670368},"point_estimate":467667.65341603704,"standard_error":593.6674575534117},"Median":{"confidence_interval":{"confidence_level":0.95,"lower_bound":465996.93746031745,"upper_bound":466378.109929078},"point_estimate":466097.23352756613,"standard_error":107.6536459954478},"MedianAbsDev":{"confidence_interval":{"confidence_level":0.95,"lower_bound":576.0522144976306,"upper_bound":1091.0705148754855},"point_estimate":793.9492606002372,"standard_error":119.18846313407819},"Slope":{"confidence_interval":{"confidence_level":0.95,"lower_bound":465997.46963844635,"upper_bound":469180.8424177457},"point_estimate":467036.8434875129,"standard_error":922.5081497171611},"StdDev":{"confidence_interval":{"confidence_level":0.95,"lower_bound":1824.0594911349078,"upper_bound":9203.59052416798},"point_estimate":5990.493360036242,"standard_error":1887.7173872904625}}