{"Mean":{"confidence_interval":{"confidence_level":0.95,"lower_bound":9915.039975430185,"upper_bound":9922.394966867372},"point_estimate":9917.865905013534,"standard_error":1.9697803308876753},"Median":{"confidence_interval":{"confidence_level":0.95,"lower_bound":9913.169038461538,"upper_bound":9913.82271577381},"point_estimate":9913.392603225806,"standard_error":0.17111834243280397},"MedianAbsDev":{"confidence_interval":{"confidence_level":0.95,"lower_bound":0.8279442106531476,"upper_bound":1.7550814940286832},"point_estimate":1.221013740822306,"standard_error":0.24044590456230783},"Slope":{"confidence_interval":{"confidence_level":0.95,"lower_bound":9914.336426945494,"upper_bound":9917.121121573331},"point_estimate":9915.641154189449,"standard_error":0.7144211677869877},"StdDev":{"confidence_interval":{"confidence_level":0.95,"lower_bound":4.659467298931445,"upper_bound":32.76292700221583},"point_estimate":19.775267434052132,"standard_error":9.132042286951089}}