{"Mean":{"confidence_interval":{"confidence_level":0.95,"lower_bound":13396903.23853152,"upper_bound":13482815.344986351},"point_estimate":13435354.55232852,"standard_error":21939.096864700747},"Median":{"confidence_interval":{"confidence_level":0.95,"lower_bound":13352721.315503877,"upper_bound":13384056.833333334},"point_estimate":13371420.055033088,"standard_error":8823.123090975978},"MedianAbsDev":{"confidence_interval":{"confidence_level":0.95,"lower_bound":30610.49800176199,"upper_bound":68291.46139886859},"point_estimate":51176.68369598765,"standard_error":10021.553931604274},"Slope":{"confidence_interval":{"confidence_level":0.95,"lower_bound":13382766.111224262,"upper_bound":13414999.896017667},"point_estimate":13398105.13693217,"standard_error":8241.010068169551},"StdDev":{"confidence_interval":{"confidence_level":0.95,"lower_bound":99001.26922353971,"upper_bound":311783.0846456454},"point_estimate":220477.6168280647,"standard_error":53118.144100334626}}