{"Mean":{"confidence_interval":{"confidence_level":0.95,"lower_bound":141505.297197461,"upper_bound":145506.77697615186},"point_estimate":143260.58498544947,"standard_error":1036.42244056293},"Median":{"confidence_interval":{"confidence_level":0.95,"lower_bound":139798.83973429952,"upper_bound":140015.22619047618},"point_estimate":139915.96911764707,"standard_error":47.03394838070309},"MedianAbsDev":{"confidence_interval":{"confidence_level":0.95,"lower_bound":294.45995691971143,"upper_bound":587.15378246055},"point_estimate":446.5056832201957,"standard_error":75.35517634538948},"Slope":{"confidence_interval":{"confidence_level":0.95,"lower_bound":140003.64249838257,"upper_bound":141675.66750095465},"point_estimate":140716.8327054086,"standard_error":429.5342850552905},"StdDev":{"confidence_interval":{"confidence_level":0.95,"lower_bound":4744.861533425148,"upper_bound":15645.38193162447},"point_estimate":10436.89853354747,"standard_error":2980.123576213447}}