{"Mean":{"confidence_interval":{"confidence_level":0.95,"lower_bound":140313.9031881828,"upper_bound":141494.64212865962},"point_estimate":140819.3203406846,"standard_error":305.50205019255833},"Median":{"confidence_interval":{"confidence_level":0.95,"lower_bound":139997.49210069445,"upper_bound":140091.056796875},"point_estimate":140034.89558219176,"standard_error":25.04666948617293},"MedianAbsDev":{"confidence_interval":{"confidence_level":0.95,"lower_bound":156.00114725451016,"upper_bound":404.37079283880786},"point_estimate":265.6310936823417,"standard_error":66.908491952825},"Slope":{"confidence_interval":{"confidence_level":0.95,"lower_bound":140004.61361319566,"upper_bound":140941.92945507853},"point_estimate":140332.47905127826,"standard_error":259.03412942055854},"StdDev":{"confidence_interval":{"confidence_level":0.95,"lower_bound":1216.7024394092784,"upper_bound":4755.205692978495},"point_estimate":3080.40337539375,"standard_error":998.634074288702}}