{"Mean":{"confidence_interval":{"confidence_level":0.95,"lower_bound":81091.77711425128,"upper_bound":81194.96932348933},"point_estimate":81133.7624277425,"standard_error":27.023335892638947},"Median":{"confidence_interval":{"confidence_level":0.95,"lower_bound":81062.39596469105,"upper_bound":81074.7423076923},"point_estimate":81067.14581881533,"standard_error":3.2823224618921225},"MedianAbsDev":{"confidence_interval":{"confidence_level":0.95,"lower_bound":13.580260094870955,"upper_bound":27.876424961177992},"point_estimate":18.907873810479934,"standard_error":3.588530563492024},"Slope":{"confidence_interval":{"confidence_level":0.95,"lower_bound":81064.69177086029,"upper_bound":81125.85893346906},"point_estimate":81088.87754168987,"standard_error":16.309982193946635},"StdDev":{"confidence_interval":{"confidence_level":0.95,"lower_bound":81.52788730346222,"upper_bound":435.4183880252812},"point_estimate":270.6189128232189,"standard_error":106.3321822902134}}