{"Mean":{"confidence_interval":{"confidence_level":0.95,"lower_bound":15170.838491294067,"upper_bound":15184.006496211303},"point_estimate":15176.409505004181,"standard_error":3.413199448895102},"Median":{"confidence_interval":{"confidence_level":0.95,"lower_bound":15167.425487754255,"upper_bound":15178.514590347924},"point_estimate":15178.035342108871,"standard_error":2.259540590754456},"MedianAbsDev":{"confidence_interval":{"confidence_level":0.95,"lower_bound":9.948094423729902,"upper_bound":24.827251014571914},"point_estimate":13.448870995065878,"standard_error":4.37464010449209},"Slope":{"confidence_interval":{"confidence_level":0.95,"lower_bound":15164.848001805012,"upper_bound":15177.740611803052},"point_estimate":15170.268928489864,"standard_error":3.346445447050952},"StdDev":{"confidence_interval":{"confidence_level":0.95,"lower_bound":13.684645708606647,"upper_bound":53.961417453228705},"point_estimate":34.40290668347556,"standard_error":11.98110472190861}}