{"Mean":{"confidence_interval":{"confidence_level":0.95,"lower_bound":971.9672861342854,"upper_bound":972.7315207638718},"point_estimate":972.2775348084671,"standard_error":0.1997812284248745},"Median":{"confidence_interval":{"confidence_level":0.95,"lower_bound":971.7913921211272,"upper_bound":972.0720944903967},"point_estimate":971.9446799858658,"standard_error":0.06410277317468364},"MedianAbsDev":{"confidence_interval":{"confidence_level":0.95,"lower_bound":0.47464115499737286,"upper_bound":0.7536562856877373},"point_estimate":0.5948201191440824,"standard_error":0.07116855902181916},"Slope":{"confidence_interval":{"confidence_level":0.95,"lower_bound":971.7521365081789,"upper_bound":972.3509405279967},"point_estimate":972.0102371681077,"standard_error":0.15488668153397642},"StdDev":{"confidence_interval":{"confidence_level":0.95,"lower_bound":0.6857029704092245,"upper_bound":3.2483131504062155},"point_estimate":2.0147595886006933,"standard_error":0.8071725342917699}}