{"Mean":{"confidence_interval":{"confidence_level":0.95,"lower_bound":621.1681233595214,"upper_bound":621.5032258192201},"point_estimate":621.3335791480497,"standard_error":0.08555826114549125},"Median":{"confidence_interval":{"confidence_level":0.95,"lower_bound":620.5699487501813,"upper_bound":621.9315041501038},"point_estimate":621.5771728180529,"standard_error":0.4518459369047262},"MedianAbsDev":{"confidence_interval":{"confidence_level":0.95,"lower_bound":0.20518161725962572,"upper_bound":1.5331255056082693},"point_estimate":1.3049339915336637,"standard_error":0.39051656578057614},"Slope":{"confidence_interval":{"confidence_level":0.95,"lower_bound":621.1540226991149,"upper_bound":621.548736100641},"point_estimate":621.3517047114714,"standard_error":0.10089590339442077},"StdDev":{"confidence_interval":{"confidence_level":0.95,"lower_bound":0.7521734071411608,"upper_bound":0.9848707804824482},"point_estimate":0.8613096398545225,"standard_error":0.0605401291451168}}