{"Mean":{"confidence_interval":{"confidence_level":0.95,"lower_bound":224734.18249484737,"upper_bound":224891.75258363734},"point_estimate":224807.90253804383,"standard_error":40.09887906888158},"Median":{"confidence_interval":{"confidence_level":0.95,"lower_bound":224701.85405405404,"upper_bound":224861.06669985066},"point_estimate":224790.86222943722,"standard_error":39.657426664400525},"MedianAbsDev":{"confidence_interval":{"confidence_level":0.95,"lower_bound":250.97313801878528,"upper_bound":402.7885734340128},"point_estimate":337.9782260830151,"standard_error":37.468915476306584},"Slope":{"confidence_interval":{"confidence_level":0.95,"lower_bound":224784.02315031373,"upper_bound":224921.26541032718},"point_estimate":224851.9927158268,"standard_error":35.15940632502746},"StdDev":{"confidence_interval":{"confidence_level":0.95,"lower_bound":271.29762513472576,"upper_bound":561.7565549672653},"point_estimate":403.01215019965616,"standard_error":84.5109845299153}}