{"Mean":{"confidence_interval":{"confidence_level":0.95,"lower_bound":193.37746949099963,"upper_bound":193.7439073483549},"point_estimate":193.5235207817867,"standard_error":0.09729570498497654},"Median":{"confidence_interval":{"confidence_level":0.95,"lower_bound":193.34142863068362,"upper_bound":193.35317544303604},"point_estimate":193.34630103959395,"standard_error":0.0031301813429518914},"MedianAbsDev":{"confidence_interval":{"confidence_level":0.95,"lower_bound":0.012963738460137762,"upper_bound":0.025429520980063333},"point_estimate":0.01908128382162597,"standard_error":0.0032414513991661877},"Slope":{"confidence_interval":{"confidence_level":0.95,"lower_bound":193.36413788721657,"upper_bound":193.43553436984362},"point_estimate":193.39583063417274,"standard_error":0.018309095799545445},"StdDev":{"confidence_interval":{"confidence_level":0.95,"lower_bound":0.11468701017588039,"upper_bound":1.5834493469326418},"point_estimate":0.9763068210340193,"standard_error":0.41124779849810744}}