{"Mean":{"confidence_interval":{"confidence_level":0.95,"lower_bound":750459.1089771837,"upper_bound":754313.110456056},"point_estimate":752184.5314159798,"standard_error":990.1521606567999},"Median":{"confidence_interval":{"confidence_level":0.95,"lower_bound":749171.0704656863,"upper_bound":749937.25},"point_estimate":749492.943032787,"standard_error":159.50878841719455},"MedianAbsDev":{"confidence_interval":{"confidence_level":0.95,"lower_bound":939.0238075610312,"upper_bound":1840.176311477915},"point_estimate":1331.9819363525633,"standard_error":203.78382947360694},"Slope":{"confidence_interval":{"confidence_level":0.95,"lower_bound":749164.4355833647,"upper_bound":752191.3456760198},"point_estimate":750191.473007241,"standard_error":851.014168243688},"StdDev":{"confidence_interval":{"confidence_level":0.95,"lower_bound":4824.060901950192,"upper_bound":13822.818463446372},"point_estimate":9957.381094869166,"standard_error":2285.4445777551914}}