{"Mean":{"confidence_interval":{"confidence_level":0.95,"lower_bound":750857.8491319926,"upper_bound":756179.0080928656},"point_estimate":753233.3128809556,"standard_error":1367.3252312926556},"Median":{"confidence_interval":{"confidence_level":0.95,"lower_bound":748578.3818181818,"upper_bound":749441.4425013249},"point_estimate":748855.1072368422,"standard_error":225.5391906191364},"MedianAbsDev":{"confidence_interval":{"confidence_level":0.95,"lower_bound":1155.3582164490638,"upper_bound":2192.3703372681325},"point_estimate":1590.5356326523313,"standard_error":262.51173116199607},"Slope":{"confidence_interval":{"confidence_level":0.95,"lower_bound":749208.5225868587,"upper_bound":754542.4340047999},"point_estimate":751393.0739958623,"standard_error":1382.9198536824533},"StdDev":{"confidence_interval":{"confidence_level":0.95,"lower_bound":6674.6905359699485,"upper_bound":19578.397946353693},"point_estimate":13767.0065635205,"standard_error":3286.8471334674664}}