{"Mean":{"confidence_interval":{"confidence_level":0.95,"lower_bound":58177.15897066591,"upper_bound":58219.05501728503},"point_estimate":58194.53868327941,"standard_error":10.83723974516095},"Median":{"confidence_interval":{"confidence_level":0.95,"lower_bound":58163.66836734694,"upper_bound":58169.842723004695},"point_estimate":58167.598448822464,"standard_error":1.4460730098552426},"MedianAbsDev":{"confidence_interval":{"confidence_level":0.95,"lower_bound":8.886483695113093,"upper_bound":16.16930314430651},"point_estimate":12.171771607191,"standard_error":1.7557128116795782},"Slope":{"confidence_interval":{"confidence_level":0.95,"lower_bound":58169.905186313874,"upper_bound":58202.88531791612},"point_estimate":58183.44028849153,"standard_error":8.634081713272556},"StdDev":{"confidence_interval":{"confidence_level":0.95,"lower_bound":39.31618948962942,"upper_bound":171.68299899450406},"point_estimate":108.54406465887396,"standard_error":39.57362029084069}}