{"Mean":{"confidence_interval":{"confidence_level":0.95,"lower_bound":984.504548506596,"upper_bound":984.5774636914433},"point_estimate":984.541084392266,"standard_error":0.018568641006489042},"Median":{"confidence_interval":{"confidence_level":0.95,"lower_bound":984.4815151643331,"upper_bound":984.5401450943463},"point_estimate":984.5003905140585,"standard_error":0.01558989759685477},"MedianAbsDev":{"confidence_interval":{"confidence_level":0.95,"lower_bound":0.07521015294885297,"upper_bound":0.15270869928756264},"point_estimate":0.095128207899702,"standard_error":0.020090630297800303},"Slope":{"confidence_interval":{"confidence_level":0.95,"lower_bound":984.5340633732834,"upper_bound":984.609997459781},"point_estimate":984.5700734061716,"standard_error":0.01941903088554697},"StdDev":{"confidence_interval":{"confidence_level":0.95,"lower_bound":0.14895513133963764,"upper_bound":0.2228427005814204},"point_estimate":0.18672079232648595,"standard_error":0.018920183641589778}}