{"Mean":{"confidence_interval":{"confidence_level":0.95,"lower_bound":27027.24925997869,"upper_bound":27043.31189329982},"point_estimate":27034.197593535246,"standard_error":4.128227031305921},"Median":{"confidence_interval":{"confidence_level":0.95,"lower_bound":27021.99864864865,"upper_bound":27028.783783783783},"point_estimate":27025.084357084357,"standard_error":1.6424030082734309},"MedianAbsDev":{"confidence_interval":{"confidence_level":0.95,"lower_bound":6.564251839021768,"upper_bound":12.728082925705989},"point_estimate":10.079379641239546,"standard_error":1.4705359079399176},"Slope":{"confidence_interval":{"confidence_level":0.95,"lower_bound":27031.430778331465,"upper_bound":27051.575844044346},"point_estimate":27039.276007412762,"standard_error":5.360211017425668},"StdDev":{"confidence_interval":{"confidence_level":0.95,"lower_bound":14.730452913934352,"upper_bound":61.42601852781302},"point_estimate":41.49913247455244,"standard_error":12.349448801529565}}