{"Mean":{"confidence_interval":{"confidence_level":0.95,"lower_bound":3919431.874880561,"upper_bound":4036672.0461023278},"point_estimate":3980424.0011060466,"standard_error":29965.755693528914},"Median":{"confidence_interval":{"confidence_level":0.95,"lower_bound":3955359.2083333335,"upper_bound":4034381.7204301073},"point_estimate":3992455.4685799107,"standard_error":19392.548691469616},"MedianAbsDev":{"confidence_interval":{"confidence_level":0.95,"lower_bound":102698.89582362692,"upper_bound":210259.17749741036},"point_estimate":147485.83802912987,"standard_error":27882.657305398392},"Slope":{"confidence_interval":{"confidence_level":0.95,"lower_bound":3938679.8969050655,"upper_bound":4020681.741798891},"point_estimate":3978087.7850036942,"standard_error":20914.827803575594},"StdDev":{"confidence_interval":{"confidence_level":0.95,"lower_bound":203496.31989977608,"upper_bound":394275.90889009804},"point_estimate":299178.56687128526,"standard_error":49604.52171354305}}