{"Mean":{"confidence_interval":{"confidence_level":0.95,"lower_bound":43108.840035784284,"upper_bound":43142.91994982538},"point_estimate":43122.23013095571,"standard_error":9.03271766997811},"Median":{"confidence_interval":{"confidence_level":0.95,"lower_bound":43101.66864295125,"upper_bound":43105.14767616192},"point_estimate":43103.0182345191,"standard_error":0.8275999297900551},"MedianAbsDev":{"confidence_interval":{"confidence_level":0.95,"lower_bound":4.298370493260026,"upper_bound":7.988904972876588},"point_estimate":5.619927166912271,"standard_error":0.9056570135990204},"Slope":{"confidence_interval":{"confidence_level":0.95,"lower_bound":43105.33609239166,"upper_bound":43130.80882349065},"point_estimate":43116.05346470403,"standard_error":6.673004038494963},"StdDev":{"confidence_interval":{"confidence_level":0.95,"lower_bound":24.123515988299683,"upper_bound":148.2226090227268},"point_estimate":90.42859790957343,"standard_error":39.466355601269214}}