{"Mean":{"confidence_interval":{"confidence_level":0.95,"lower_bound":886.7633293000624,"upper_bound":886.8719859056915},"point_estimate":886.8171292234662,"standard_error":0.02773356146001519},"Median":{"confidence_interval":{"confidence_level":0.95,"lower_bound":886.6703214804522,"upper_bound":886.8811746549414},"point_estimate":886.7139508897357,"standard_error":0.05016340296914992},"MedianAbsDev":{"confidence_interval":{"confidence_level":0.95,"lower_bound":0.19177273668534872,"upper_bound":0.36320375139940864},"point_estimate":0.28282215725813015,"standard_error":0.042632241739899046},"Slope":{"confidence_interval":{"confidence_level":0.95,"lower_bound":886.6804380226073,"upper_bound":886.7765670348384},"point_estimate":886.724993629729,"standard_error":0.02454228199403496},"StdDev":{"confidence_interval":{"confidence_level":0.95,"lower_bound":0.24231525431104056,"upper_bound":0.3129912279797171},"point_estimate":0.2779495116788996,"standard_error":0.018076426583526675}}