{"Mean":{"confidence_interval":{"confidence_level":0.95,"lower_bound":898.0143328875163,"upper_bound":900.4760034060396},"point_estimate":899.2355655258134,"standard_error":0.6269147521886647},"Median":{"confidence_interval":{"confidence_level":0.95,"lower_bound":897.2439393939394,"upper_bound":901.0366507177033},"point_estimate":899.3200562132381,"standard_error":0.9613759186360883},"MedianAbsDev":{"confidence_interval":{"confidence_level":0.95,"lower_bound":4.698376979033735,"upper_bound":7.313369631525374},"point_estimate":5.930205388366605,"standard_error":0.6945187696368271},"Slope":{"confidence_interval":{"confidence_level":0.95,"lower_bound":896.4001184643411,"upper_bound":898.7973559658507},"point_estimate":897.5833966065263,"standard_error":0.6132391010060596},"StdDev":{"confidence_interval":{"confidence_level":0.95,"lower_bound":5.121990877830225,"upper_bound":7.42456818576906},"point_estimate":6.292274148015767,"standard_error":0.5898797454931822}}