{"Mean":{"confidence_interval":{"confidence_level":0.95,"lower_bound":40037.10895459335,"upper_bound":41286.69568503831},"point_estimate":40565.1889080699,"standard_error":323.5270574965607},"Median":{"confidence_interval":{"confidence_level":0.95,"lower_bound":39652.99375,"upper_bound":39711.35085815603},"point_estimate":39680.979722222226,"standard_error":16.331454934638764},"MedianAbsDev":{"confidence_interval":{"confidence_level":0.95,"lower_bound":75.958984230514,"upper_bound":145.84331950713806},"point_estimate":112.10383283720059,"standard_error":18.643952480450647},"Slope":{"confidence_interval":{"confidence_level":0.95,"lower_bound":39675.64490730872,"upper_bound":39880.232908032245},"point_estimate":39758.76164847052,"standard_error":53.73300859108256},"StdDev":{"confidence_interval":{"confidence_level":0.95,"lower_bound":1303.8797631395644,"upper_bound":5043.057005438987},"point_estimate":3247.5896964708154,"standard_error":1081.2321782919526}}