{"Mean":{"confidence_interval":{"confidence_level":0.95,"lower_bound":583.6868920855636,"upper_bound":583.8671954241865},"point_estimate":583.7693003026878,"standard_error":0.046201684038361536},"Median":{"confidence_interval":{"confidence_level":0.95,"lower_bound":583.5805040026563,"upper_bound":583.7341976036142},"point_estimate":583.6472025838871,"standard_error":0.05059561145998377},"MedianAbsDev":{"confidence_interval":{"confidence_level":0.95,"lower_bound":0.11134272106315078,"upper_bound":0.2105643382070925},"point_estimate":0.15636246819090066,"standard_error":0.02329442565127131},"Slope":{"confidence_interval":{"confidence_level":0.95,"lower_bound":583.6908084737772,"upper_bound":583.8984132107089},"point_estimate":583.7840946135441,"standard_error":0.05336560820033223},"StdDev":{"confidence_interval":{"confidence_level":0.95,"lower_bound":0.26854009143671076,"upper_bound":0.6323134442616393},"point_estimate":0.4676432036201058,"standard_error":0.09279664196174511}}