{"Mean":{"confidence_interval":{"confidence_level":0.95,"lower_bound":3620804.4383397116,"upper_bound":3635433.1795591447},"point_estimate":3627346.4031557892,"standard_error":3776.4824573089572},"Median":{"confidence_interval":{"confidence_level":0.95,"lower_bound":3616084.295774648,"upper_bound":3617918.061147186},"point_estimate":3617016.984623542,"standard_error":437.13598620800633},"MedianAbsDev":{"confidence_interval":{"confidence_level":0.95,"lower_bound":3156.7044949501305,"upper_bound":6565.888405943548},"point_estimate":4300.501492228634,"standard_error":910.5557163741607},"Slope":{"confidence_interval":{"confidence_level":0.95,"lower_bound":3617063.470578499,"upper_bound":3631842.255106923},"point_estimate":3623501.701876755,"standard_error":3762.9018350425067},"StdDev":{"confidence_interval":{"confidence_level":0.95,"lower_bound":18317.65095417888,"upper_bound":53969.42908155599},"point_estimate":37908.09838982954,"standard_error":9171.897282591966}}