{"Mean":{"confidence_interval":{"confidence_level":0.95,"lower_bound":4270.857950794899,"upper_bound":4272.205423884855},"point_estimate":4271.452763331196,"standard_error":0.3459173895312225},"Median":{"confidence_interval":{"confidence_level":0.95,"lower_bound":4270.714322599959,"upper_bound":4270.807812293566},"point_estimate":4270.781363594677,"standard_error":0.024595236886856966},"MedianAbsDev":{"confidence_interval":{"confidence_level":0.95,"lower_bound":0.24697739382916645,"upper_bound":0.7465344717440554},"point_estimate":0.39135400677129994,"standard_error":0.13873332989574488},"Slope":{"confidence_interval":{"confidence_level":0.95,"lower_bound":4270.798767438455,"upper_bound":4272.122924406347},"point_estimate":4271.391233508966,"standard_error":0.33933532609173767},"StdDev":{"confidence_interval":{"confidence_level":0.95,"lower_bound":1.6197004539123723,"upper_bound":5.095473437867697},"point_estimate":3.4684589171152,"standard_error":0.9101750025038835}}