{"Mean":{"confidence_interval":{"confidence_level":0.95,"lower_bound":107348.97887501896,"upper_bound":107379.42951264343},"point_estimate":107362.88687935594,"standard_error":7.804694704151111},"Median":{"confidence_interval":{"confidence_level":0.95,"lower_bound":107341.82692307692,"upper_bound":107354.42472222222},"point_estimate":107345.8303889255,"standard_error":3.0779671069710424},"MedianAbsDev":{"confidence_interval":{"confidence_level":0.95,"lower_bound":21.469832408930063,"upper_bound":37.39573692588943},"point_estimate":27.678618547234855,"standard_error":4.214648475782755},"Slope":{"confidence_interval":{"confidence_level":0.95,"lower_bound":107347.21794921144,"upper_bound":107381.73757120818},"point_estimate":107362.97906162258,"standard_error":8.830055675043832},"StdDev":{"confidence_interval":{"confidence_level":0.95,"lower_bound":45.428614749715194,"upper_bound":106.89021087608472},"point_estimate":78.14583641889907,"standard_error":15.840542107776182}}