{"Mean":{"confidence_interval":{"confidence_level":0.95,"lower_bound":227264.65171665326,"upper_bound":227454.16402544663},"point_estimate":227362.8100459735,"standard_error":48.2432619543626},"Median":{"confidence_interval":{"confidence_level":0.95,"lower_bound":227544.82727272727,"upper_bound":227605.0392063492},"point_estimate":227566.8756744186,"standard_error":14.395212115176287},"MedianAbsDev":{"confidence_interval":{"confidence_level":0.95,"lower_bound":87.32423705092245,"upper_bound":202.16662402140528},"point_estimate":132.97128200823732,"standard_error":29.918464975378416},"Slope":{"confidence_interval":{"confidence_level":0.95,"lower_bound":227368.7227516088,"upper_bound":227543.80353019247},"point_estimate":227465.23923511157,"standard_error":45.078833829499},"StdDev":{"confidence_interval":{"confidence_level":0.95,"lower_bound":396.98168843823606,"upper_bound":549.6401220738614},"point_estimate":482.79449714242895,"standard_error":39.01027718241874}}