{"Mean":{"confidence_interval":{"confidence_level":0.95,"lower_bound":1766.1318815288512,"upper_bound":1767.5905684226357},"point_estimate":1766.8044104816488,"standard_error":0.37384993945347494},"Median":{"confidence_interval":{"confidence_level":0.95,"lower_bound":1765.3404177553812,"upper_bound":1766.800336772242},"point_estimate":1765.6808989194205,"standard_error":0.34976123335913295},"MedianAbsDev":{"confidence_interval":{"confidence_level":0.95,"lower_bound":1.5171737521155695,"upper_bound":2.6962276886946417},"point_estimate":2.4170578034162378,"standard_error":0.3065043470697998},"Slope":{"confidence_interval":{"confidence_level":0.95,"lower_bound":1765.4315584969104,"upper_bound":1766.6587225676337},"point_estimate":1765.9950866218728,"standard_error":0.31324689764522196},"StdDev":{"confidence_interval":{"confidence_level":0.95,"lower_bound":2.186977631778226,"upper_bound":5.080728943202062},"point_estimate":3.7567463964254184,"standard_error":0.7411285384327906}}