{"Mean":{"confidence_interval":{"confidence_level":0.95,"lower_bound":126187.26879966844,"upper_bound":126297.97503713581},"point_estimate":126231.36955579385,"standard_error":29.055892946530772},"Median":{"confidence_interval":{"confidence_level":0.95,"lower_bound":126165.30113636363,"upper_bound":126174.05357142857},"point_estimate":126168.9821351117,"standard_error":1.8702439207321755},"MedianAbsDev":{"confidence_interval":{"confidence_level":0.95,"lower_bound":12.021359133407891,"upper_bound":23.297644314260992},"point_estimate":15.890405801809601,"standard_error":2.774628112745744},"Slope":{"confidence_interval":{"confidence_level":0.95,"lower_bound":126180.78843272179,"upper_bound":126245.52953853045},"point_estimate":126207.64293113639,"standard_error":16.864282183793247},"StdDev":{"confidence_interval":{"confidence_level":0.95,"lower_bound":72.23179310673572,"upper_bound":473.22082930111037},"point_estimate":290.5740184153215,"standard_error":120.96886537617752}}