{"Mean":{"confidence_interval":{"confidence_level":0.95,"lower_bound":5779724.804126518,"upper_bound":5857280.927368598},"point_estimate":5818712.417116225,"standard_error":19761.395325178328},"Median":{"confidence_interval":{"confidence_level":0.95,"lower_bound":5778230.0,"upper_bound":5871307.24137931},"point_estimate":5834525.87891986,"standard_error":21115.083585809487},"MedianAbsDev":{"confidence_interval":{"confidence_level":0.95,"lower_bound":179839.17889953632,"upper_bound":263658.45782086847},"point_estimate":210006.75972953835,"standard_error":21625.04693577075},"Slope":{"confidence_interval":{"confidence_level":0.95,"lower_bound":5734016.051635886,"upper_bound":5822444.727812576},"point_estimate":5777927.8662863895,"standard_error":22685.36158191057},"StdDev":{"confidence_interval":{"confidence_level":0.95,"lower_bound":173040.35852794253,"upper_bound":221009.73027895723},"point_estimate":198544.48286679893,"standard_error":12250.874806751988}}