{"Mean":{"confidence_interval":{"confidence_level":0.95,"lower_bound":14313.227450221257,"upper_bound":14318.339191435545},"point_estimate":14315.529735794356,"standard_error":1.3110268359504225},"Median":{"confidence_interval":{"confidence_level":0.95,"lower_bound":14310.379343629344,"upper_bound":14311.465646258503},"point_estimate":14310.965950892856,"standard_error":0.26286781199004605},"MedianAbsDev":{"confidence_interval":{"confidence_level":0.95,"lower_bound":1.4711882973474222,"upper_bound":3.2448795804017703},"point_estimate":2.344820063344187,"standard_error":0.4822321884430012},"Slope":{"confidence_interval":{"confidence_level":0.95,"lower_bound":14311.724874133779,"upper_bound":14316.296777560408},"point_estimate":14313.81497819249,"standard_error":1.1697546729118296},"StdDev":{"confidence_interval":{"confidence_level":0.95,"lower_bound":7.2726503831936675,"upper_bound":18.951013450354132},"point_estimate":13.152109304359271,"standard_error":3.1669199263985095}}