{"Mean":{"confidence_interval":{"confidence_level":0.95,"lower_bound":711.303524869617,"upper_bound":711.8502819186959},"point_estimate":711.5256850347105,"standard_error":0.1428748236378349},"Median":{"confidence_interval":{"confidence_level":0.95,"lower_bound":711.1616635878489,"upper_bound":711.2162819799778},"point_estimate":711.1841453326367,"standard_error":0.014409836621864005},"MedianAbsDev":{"confidence_interval":{"confidence_level":0.95,"lower_bound":0.05840856577334924,"upper_bound":0.12537428262492187},"point_estimate":0.08791552414679611,"standard_error":0.017114645667304598},"Slope":{"confidence_interval":{"confidence_level":0.95,"lower_bound":711.2852994843602,"upper_bound":711.6019821031073},"point_estimate":711.422122778477,"standard_error":0.08108649487432662},"StdDev":{"confidence_interval":{"confidence_level":0.95,"lower_bound":0.3608277583199757,"upper_bound":2.3092024771909143},"point_estimate":1.4310302462527795,"standard_error":0.5610957089003394}}