{"Mean":{"confidence_interval":{"confidence_level":0.95,"lower_bound":3572.0312681539667,"upper_bound":3573.1217817509387},"point_estimate":3572.524105462909,"standard_error":0.2793429436109303},"Median":{"confidence_interval":{"confidence_level":0.95,"lower_bound":3571.5448582310623,"upper_bound":3571.6034515244946},"point_estimate":3571.565251798561,"standard_error":0.016615222916972656},"MedianAbsDev":{"confidence_interval":{"confidence_level":0.95,"lower_bound":0.09555125729694759,"upper_bound":0.2835762160936009},"point_estimate":0.15858315439160134,"standard_error":0.04921935048341372},"Slope":{"confidence_interval":{"confidence_level":0.95,"lower_bound":3571.9403035108103,"upper_bound":3573.0799443969204},"point_estimate":3572.4517735668123,"standard_error":0.2926654170159734},"StdDev":{"confidence_interval":{"confidence_level":0.95,"lower_bound":1.5680379244143134,"upper_bound":3.880435683634215},"point_estimate":2.8038127870928564,"standard_error":0.5966745889818318}}