{"Mean":{"confidence_interval":{"confidence_level":0.95,"lower_bound":1431812.153412149,"upper_bound":1438097.787741968},"point_estimate":1434412.811665835,"standard_error":1629.2579324357584},"Median":{"confidence_interval":{"confidence_level":0.95,"lower_bound":1430320.0505263158,"upper_bound":1431610.2315789473},"point_estimate":1430803.4831154684,"standard_error":297.4207972056551},"MedianAbsDev":{"confidence_interval":{"confidence_level":0.95,"lower_bound":2245.648414607163,"upper_bound":4190.775024880054},"point_estimate":3049.8281658548217,"standard_error":477.9310333251099},"Slope":{"confidence_interval":{"confidence_level":0.95,"lower_bound":1429705.094231918,"upper_bound":1430933.9186402874},"point_estimate":1430320.865928772,"standard_error":311.4540316919731},"StdDev":{"confidence_interval":{"confidence_level":0.95,"lower_bound":5756.585647499221,"upper_bound":25964.192616796212},"point_estimate":16346.710777737198,"standard_error":6004.525580728289}}