{"Mean":{"confidence_interval":{"confidence_level":0.95,"lower_bound":16322.93497240083,"upper_bound":16832.90691099697},"point_estimate":16547.338991944755,"standard_error":130.96430243031728},"Median":{"confidence_interval":{"confidence_level":0.95,"lower_bound":16110.295719489983,"upper_bound":16129.845852703695},"point_estimate":16119.463400397417,"standard_error":4.600419290168392},"MedianAbsDev":{"confidence_interval":{"confidence_level":0.95,"lower_bound":29.796609172230323,"upper_bound":60.900575827864856},"point_estimate":42.477138102617054,"standard_error":7.683499621459961},"Slope":{"confidence_interval":{"confidence_level":0.95,"lower_bound":16120.844954623182,"upper_bound":16361.499323398903},"point_estimate":16223.402660839609,"standard_error":61.69376809089964},"StdDev":{"confidence_interval":{"confidence_level":0.95,"lower_bound":629.6321171467561,"upper_bound":1963.2262947481677},"point_estimate":1317.1763125675632,"standard_error":365.8129746749909}}