{"Mean":{"confidence_interval":{"confidence_level":0.95,"lower_bound":15973.374542515789,"upper_bound":16095.265728034943},"point_estimate":16025.803779121674,"standard_error":31.433300049125},"Median":{"confidence_interval":{"confidence_level":0.95,"lower_bound":15955.625806451613,"upper_bound":15972.202956989247},"point_estimate":15962.718191162096,"standard_error":3.5700757947965425},"MedianAbsDev":{"confidence_interval":{"confidence_level":0.95,"lower_bound":34.56580190991758,"upper_bound":64.43557949921681},"point_estimate":45.39583429127822,"standard_error":7.088575938312344},"Slope":{"confidence_interval":{"confidence_level":0.95,"lower_bound":15955.473663140669,"upper_bound":16125.075938313521},"point_estimate":16011.73415846351,"standard_error":49.30743236134602},"StdDev":{"confidence_interval":{"confidence_level":0.95,"lower_bound":93.89694402981547,"upper_bound":477.584259691657},"point_estimate":315.003182432667,"standard_error":98.775480527615}}