{"Mean":{"confidence_interval":{"confidence_level":0.95,"lower_bound":859.0627826230029,"upper_bound":862.6468277756427},"point_estimate":860.3550091943771,"standard_error":1.0524874072520147},"Median":{"confidence_interval":{"confidence_level":0.95,"lower_bound":859.2543869789379,"upper_bound":859.7366884612393},"point_estimate":859.518585734934,"standard_error":0.16568770954149764},"MedianAbsDev":{"confidence_interval":{"confidence_level":0.95,"lower_bound":0.9550675642687989,"upper_bound":2.042064901086625},"point_estimate":1.682270324860337,"standard_error":0.2999051390080546},"Slope":{"confidence_interval":{"confidence_level":0.95,"lower_bound":858.4167330913593,"upper_bound":859.0631087082796},"point_estimate":858.7308766629379,"standard_error":0.16548762219479665},"StdDev":{"confidence_interval":{"confidence_level":0.95,"lower_bound":1.3572783164555082,"upper_bound":18.077386975685133},"point_estimate":10.613926924270674,"standard_error":5.8861587509875815}}