{"Mean":{"confidence_interval":{"confidence_level":0.95,"lower_bound":4845.9233347133295,"upper_bound":4848.306448600379},"point_estimate":4846.982242987381,"standard_error":0.6133444916869615},"Median":{"confidence_interval":{"confidence_level":0.95,"lower_bound":4845.411880942538,"upper_bound":4845.725975609756},"point_estimate":4845.510981111314,"standard_error":0.0758804082230253},"MedianAbsDev":{"confidence_interval":{"confidence_level":0.95,"lower_bound":0.3234649681851219,"upper_bound":0.8523634256467725},"point_estimate":0.5127028098973344,"standard_error":0.12718941165287245},"Slope":{"confidence_interval":{"confidence_level":0.95,"lower_bound":4845.488481495179,"upper_bound":4848.564714103343},"point_estimate":4846.756875943874,"standard_error":0.8020849895338137},"StdDev":{"confidence_interval":{"confidence_level":0.95,"lower_bound":2.731287260592629,"upper_bound":8.837992692133698},"point_estimate":6.169704609770218,"standard_error":1.5648247898122278}}