{"Mean":{"confidence_interval":{"confidence_level":0.95,"lower_bound":19033.208596898985,"upper_bound":19049.816156054836},"point_estimate":19039.717065684017,"standard_error":4.389695144463169},"Median":{"confidence_interval":{"confidence_level":0.95,"lower_bound":19030.726153039832,"upper_bound":19032.48691843431},"point_estimate":19031.259515490332,"standard_error":0.4488968483964283},"MedianAbsDev":{"confidence_interval":{"confidence_level":0.95,"lower_bound":2.9886494487690087,"upper_bound":5.37586472142903},"point_estimate":4.04871998402426,"standard_error":0.6352691956933332},"Slope":{"confidence_interval":{"confidence_level":0.95,"lower_bound":19032.474779089658,"upper_bound":19044.418860047943},"point_estimate":19037.36049769832,"standard_error":3.117658857201348},"StdDev":{"confidence_interval":{"confidence_level":0.95,"lower_bound":9.73924645920217,"upper_bound":72.5293642603607},"point_estimate":44.12285773930112,"standard_error":19.255747026040986}}