{"Mean":{"confidence_interval":{"confidence_level":0.95,"lower_bound":148.61099899040238,"upper_bound":148.76646534603023},"point_estimate":148.67019756700353,"standard_error":0.0417528177058709},"Median":{"confidence_interval":{"confidence_level":0.95,"lower_bound":148.5937064724299,"upper_bound":148.6218260079933},"point_estimate":148.60892832631964,"standard_error":0.007236261470635164},"MedianAbsDev":{"confidence_interval":{"confidence_level":0.95,"lower_bound":0.05427365331264403,"upper_bound":0.0911516441326057},"point_estimate":0.07378610957833509,"standard_error":0.00994206021810272},"Slope":{"confidence_interval":{"confidence_level":0.95,"lower_bound":148.61005293679273,"upper_bound":148.66568826129372},"point_estimate":148.63541895109236,"standard_error":0.014248729331775985},"StdDev":{"confidence_interval":{"confidence_level":0.95,"lower_bound":0.09314618635231713,"upper_bound":0.7012370256024637},"point_estimate":0.4215366967885395,"standard_error":0.19828542905980875}}