{"Mean":{"confidence_interval":{"confidence_level":0.95,"lower_bound":558983.1235629293,"upper_bound":559012.8673593139},"point_estimate":558996.5014717634,"standard_error":7.607815250936809},"Median":{"confidence_interval":{"confidence_level":0.95,"lower_bound":558978.6,"upper_bound":558992.3195876288},"point_estimate":558984.8755055612,"standard_error":3.82077993548356},"MedianAbsDev":{"confidence_interval":{"confidence_level":0.95,"lower_bound":22.093640173573352,"upper_bound":38.54139759373746},"point_estimate":28.7850482985301,"standard_error":4.170189566603922},"Slope":{"confidence_interval":{"confidence_level":0.95,"lower_bound":558979.1296860742,"upper_bound":558990.469367407},"point_estimate":558984.6800842324,"standard_error":2.881674213484638},"StdDev":{"confidence_interval":{"confidence_level":0.95,"lower_bound":37.19299391539859,"upper_bound":114.38924415796903},"point_estimate":76.70392679163919,"standard_error":20.84159956750714}}