{"Mean":{"confidence_interval":{"confidence_level":0.95,"lower_bound":2540596.7927631703,"upper_bound":2565057.0321591613},"point_estimate":2551239.3148591495,"standard_error":6306.703077512959},"Median":{"confidence_interval":{"confidence_level":0.95,"lower_bound":2533611.213804714,"upper_bound":2535261.718552036},"point_estimate":2534518.48325723,"standard_error":466.433001677471},"MedianAbsDev":{"confidence_interval":{"confidence_level":0.95,"lower_bound":2278.906481506404,"upper_bound":5288.766049757521},"point_estimate":3465.3212125738114,"standard_error":831.5664118611569},"Slope":{"confidence_interval":{"confidence_level":0.95,"lower_bound":2535512.601571195,"upper_bound":2550707.115488821},"point_estimate":2541911.0980730015,"standard_error":3964.970184772046},"StdDev":{"confidence_interval":{"confidence_level":0.95,"lower_bound":23701.445027378588,"upper_bound":94117.4118882819},"point_estimate":63268.59893893725,"standard_error":18017.098857678415}}