{"Mean":{"confidence_interval":{"confidence_level":0.95,"lower_bound":27254.89918742643,"upper_bound":27540.65207504571},"point_estimate":27379.848444137104,"standard_error":73.95171206881754},"Median":{"confidence_interval":{"confidence_level":0.95,"lower_bound":27196.811250170627,"upper_bound":27244.785903550608},"point_estimate":27218.021748509072,"standard_error":10.950402304077958},"MedianAbsDev":{"confidence_interval":{"confidence_level":0.95,"lower_bound":57.755509339187235,"upper_bound":106.0439347136829},"point_estimate":82.41725897906213,"standard_error":12.280841984167347},"Slope":{"confidence_interval":{"confidence_level":0.95,"lower_bound":27213.166402343268,"upper_bound":27574.793998667927},"point_estimate":27359.54265429609,"standard_error":95.72894978419585},"StdDev":{"confidence_interval":{"confidence_level":0.95,"lower_bound":264.3836440303968,"upper_bound":1101.5102280378812},"point_estimate":742.115039176698,"standard_error":215.0407308176721}}