{"Mean":{"confidence_interval":{"confidence_level":0.95,"lower_bound":19849296.182572212,"upper_bound":19873868.92752677},"point_estimate":19860981.485919584,"standard_error":6301.183040017622},"Median":{"confidence_interval":{"confidence_level":0.95,"lower_bound":19837583.444871794,"upper_bound":19867120.013513513},"point_estimate":19849947.953455962,"standard_error":7504.411484452851},"MedianAbsDev":{"confidence_interval":{"confidence_level":0.95,"lower_bound":35547.61318125241,"upper_bound":56692.43454345857},"point_estimate":47393.86965610302,"standard_error":5427.46527462725},"Slope":{"confidence_interval":{"confidence_level":0.95,"lower_bound":19836728.6141679,"upper_bound":19856930.516696192},"point_estimate":19846390.829791635,"standard_error":5162.29963834296},"StdDev":{"confidence_interval":{"confidence_level":0.95,"lower_bound":44365.163411202804,"upper_bound":83233.75620079269},"point_estimate":63048.24760381944,"standard_error":10345.308005319781}}