{"Mean":{"confidence_interval":{"confidence_level":0.95,"lower_bound":103890.74960893468,"upper_bound":103969.11420780473},"point_estimate":103923.52591776937,"standard_error":20.43415941077372},"Median":{"confidence_interval":{"confidence_level":0.95,"lower_bound":103876.06985111663,"upper_bound":103877.98771929824},"point_estimate":103876.98571428572,"standard_error":0.5106257127173489},"MedianAbsDev":{"confidence_interval":{"confidence_level":0.95,"lower_bound":2.4203859864233146,"upper_bound":4.854747854356079},"point_estimate":3.4420776182277737,"standard_error":0.6413264082537399},"Slope":{"confidence_interval":{"confidence_level":0.95,"lower_bound":103887.71097978696,"upper_bound":103929.34824042975},"point_estimate":103906.16944140683,"standard_error":10.671911801437613},"StdDev":{"confidence_interval":{"confidence_level":0.95,"lower_bound":50.17510689952163,"upper_bound":323.71918434843195},"point_estimate":205.52489849109904,"standard_error":73.92338071563346}}