{"Mean":{"confidence_interval":{"confidence_level":0.95,"lower_bound":2886.939504856714,"upper_bound":2888.3799632077084},"point_estimate":2887.556888329458,"standard_error":0.3738459648257463},"Median":{"confidence_interval":{"confidence_level":0.95,"lower_bound":2886.539358600583,"upper_bound":2886.613459669582},"point_estimate":2886.576530612245,"standard_error":0.015381881325014961},"MedianAbsDev":{"confidence_interval":{"confidence_level":0.95,"lower_bound":0.12155845850064775,"upper_bound":0.23385451286653944},"point_estimate":0.17468255542219985,"standard_error":0.02666823268281061},"Slope":{"confidence_interval":{"confidence_level":0.95,"lower_bound":2886.871009140949,"upper_bound":2888.4061014812805},"point_estimate":2887.5253096380525,"standard_error":0.39670132295993},"StdDev":{"confidence_interval":{"confidence_level":0.95,"lower_bound":1.4819043735989454,"upper_bound":5.788510583645365},"point_estimate":3.746050365697105,"standard_error":1.213326258140848}}