{"Mean":{"confidence_interval":{"confidence_level":0.95,"lower_bound":387.57309765822794,"upper_bound":387.6806642119751},"point_estimate":387.6215264069638,"standard_error":0.027637611108422288},"Median":{"confidence_interval":{"confidence_level":0.95,"lower_bound":387.5309336796751,"upper_bound":387.5490960067619},"point_estimate":387.5364724538149,"standard_error":0.0035747379349977465},"MedianAbsDev":{"confidence_interval":{"confidence_level":0.95,"lower_bound":0.021671949785915176,"upper_bound":0.041575570475539975},"point_estimate":0.029938328560268342,"standard_error":0.00489818286821641},"Slope":{"confidence_interval":{"confidence_level":0.95,"lower_bound":387.56766410824105,"upper_bound":387.6939123607809},"point_estimate":387.6249216992836,"standard_error":0.032388923302331195},"StdDev":{"confidence_interval":{"confidence_level":0.95,"lower_bound":0.14492448565942415,"upper_bound":0.39619827375456973},"point_estimate":0.27793456627380453,"standard_error":0.06566694576632288}}