{"Mean":{"confidence_interval":{"confidence_level":0.95,"lower_bound":2237.3053283302447,"upper_bound":2237.8556116056734},"point_estimate":2237.527999057797,"standard_error":0.14458130348390205},"Median":{"confidence_interval":{"confidence_level":0.95,"lower_bound":2237.18176036404,"upper_bound":2237.451976989733},"point_estimate":2237.2875658685075,"standard_error":0.06357781635139297},"MedianAbsDev":{"confidence_interval":{"confidence_level":0.95,"lower_bound":0.32071609894603487,"upper_bound":0.6353323009221996},"point_estimate":0.5000341938945657,"standard_error":0.08549665809522422},"Slope":{"confidence_interval":{"confidence_level":0.95,"lower_bound":2237.4376754822897,"upper_bound":2237.6788426999865},"point_estimate":2237.5550998688695,"standard_error":0.061561172158247406},"StdDev":{"confidence_interval":{"confidence_level":0.95,"lower_bound":0.4940269740995412,"upper_bound":2.374027530322978},"point_estimate":1.4531487050392695,"standard_error":0.6129338901658093}}