{"Mean":{"confidence_interval":{"confidence_level":0.95,"lower_bound":2244.9025383389694,"upper_bound":2247.7715535207153},"point_estimate":2245.978649142631,"standard_error":0.7908362311360425},"Median":{"confidence_interval":{"confidence_level":0.95,"lower_bound":2244.223217130839,"upper_bound":2245.3589088671906},"point_estimate":2244.7223158221277,"standard_error":0.30087224388468514},"MedianAbsDev":{"confidence_interval":{"confidence_level":0.95,"lower_bound":1.1257940077727764,"upper_bound":1.8706363749915331},"point_estimate":1.4981415571130896,"standard_error":0.17860194308801958},"Slope":{"confidence_interval":{"confidence_level":0.95,"lower_bound":2244.9223918663106,"upper_bound":2245.5559486641546},"point_estimate":2245.216018066114,"standard_error":0.16092908388895907},"StdDev":{"confidence_interval":{"confidence_level":0.95,"lower_bound":1.5601948236927563,"upper_bound":13.376104137620265},"point_estimate":7.9680169551903415,"standard_error":3.9927568359111953}}