{"Mean":{"confidence_interval":{"confidence_level":0.95,"lower_bound":592.9302803081314,"upper_bound":593.1727060681598},"point_estimate":593.0450984836211,"standard_error":0.06200557806790367},"Median":{"confidence_interval":{"confidence_level":0.95,"lower_bound":592.6243493097031,"upper_bound":593.1848585884493},"point_estimate":593.0712399321017,"standard_error":0.20103871199953358},"MedianAbsDev":{"confidence_interval":{"confidence_level":0.95,"lower_bound":0.2291659810369077,"upper_bound":0.8170388837236863},"point_estimate":0.6987344323679258,"standard_error":0.17034349492025994},"Slope":{"confidence_interval":{"confidence_level":0.95,"lower_bound":592.659054915643,"upper_bound":592.9316215511121},"point_estimate":592.77616506408,"standard_error":0.07031218875831687},"StdDev":{"confidence_interval":{"confidence_level":0.95,"lower_bound":0.45969617645282246,"upper_bound":0.8131136338577785},"point_estimate":0.6244370654874264,"standard_error":0.0961018495223637}}