{"Mean":{"confidence_interval":{"confidence_level":0.95,"lower_bound":308895.64668442437,"upper_bound":318577.5353605542},"point_estimate":313066.2110723571,"standard_error":2500.588758452036},"Median":{"confidence_interval":{"confidence_level":0.95,"lower_bound":305836.40705128206,"upper_bound":306143.97429078014},"point_estimate":305948.09273726854,"standard_error":80.7014261714028},"MedianAbsDev":{"confidence_interval":{"confidence_level":0.95,"lower_bound":567.466603375373,"upper_bound":1015.4790008184458},"point_estimate":770.1332898517315,"standard_error":108.80020061393014},"Slope":{"confidence_interval":{"confidence_level":0.95,"lower_bound":306193.2061893594,"upper_bound":310385.38981702394},"point_estimate":307819.82998448354,"standard_error":1119.073339457104},"StdDev":{"confidence_interval":{"confidence_level":0.95,"lower_bound":10761.02527119445,"upper_bound":38476.60703093987},"point_estimate":25152.552893478663,"standard_error":7830.840602238827}}