{"Mean":{"confidence_interval":{"confidence_level":0.95,"lower_bound":1052989.559147083,"upper_bound":1066291.5409113162},"point_estimate":1058769.5161453923,"standard_error":3421.285378764608},"Median":{"confidence_interval":{"confidence_level":0.95,"lower_bound":1048008.3552631579,"upper_bound":1050454.213114754},"point_estimate":1049065.0808080807,"standard_error":677.2690429357303},"MedianAbsDev":{"confidence_interval":{"confidence_level":0.95,"lower_bound":2523.3634601467234,"upper_bound":4960.451875873906},"point_estimate":3465.398101721186,"standard_error":672.9376128192555},"Slope":{"confidence_interval":{"confidence_level":0.95,"lower_bound":1049327.6346075567,"upper_bound":1056012.4035072813},"point_estimate":1052024.037337077,"standard_error":1740.7532234819157},"StdDev":{"confidence_interval":{"confidence_level":0.95,"lower_bound":14845.51655089176,"upper_bound":51884.77559924419},"point_estimate":34348.73543298941,"standard_error":10128.119551989788}}