{"Mean":{"confidence_interval":{"confidence_level":0.95,"lower_bound":5240.800548139265,"upper_bound":5244.697890183187},"point_estimate":5242.345345302662,"standard_error":1.030873958987272},"Median":{"confidence_interval":{"confidence_level":0.95,"lower_bound":5240.582111545638,"upper_bound":5241.185026699284},"point_estimate":5240.823015873016,"standard_error":0.17843786832417902},"MedianAbsDev":{"confidence_interval":{"confidence_level":0.95,"lower_bound":1.0153502663817857,"upper_bound":1.8479038901528801},"point_estimate":1.3250333054557397,"standard_error":0.20930433329841291},"Slope":{"confidence_interval":{"confidence_level":0.95,"lower_bound":5239.48166511656,"upper_bound":5240.9996121478825},"point_estimate":5240.1978036424825,"standard_error":0.3881421121105589},"StdDev":{"confidence_interval":{"confidence_level":0.95,"lower_bound":2.6949494682411554,"upper_bound":16.867326372883948},"point_estimate":10.327031624120474,"standard_error":4.377766080552656}}