{"Mean":{"confidence_interval":{"confidence_level":0.95,"lower_bound":692909.0115152556,"upper_bound":697200.479910025},"point_estimate":694752.8256254431,"standard_error":1106.9104229787745},"Median":{"confidence_interval":{"confidence_level":0.95,"lower_bound":691568.4017857143,"upper_bound":692559.46875},"point_estimate":692102.7035573123,"standard_error":288.1271383171178},"MedianAbsDev":{"confidence_interval":{"confidence_level":0.95,"lower_bound":1150.492199171408,"upper_bound":2050.2266920175243},"point_estimate":1671.9767680592845,"standard_error":227.7171189299722},"Slope":{"confidence_interval":{"confidence_level":0.95,"lower_bound":691572.9698297343,"upper_bound":694622.167173211},"point_estimate":692803.1106221369,"standard_error":803.7064391586094},"StdDev":{"confidence_interval":{"confidence_level":0.95,"lower_bound":4291.096314144495,"upper_bound":17060.964165149537},"point_estimate":11153.6214151468,"standard_error":3449.191232645318}}