{"Mean":{"confidence_interval":{"confidence_level":0.95,"lower_bound":22694.506345203023,"upper_bound":22872.524866725817},"point_estimate":22772.1202328147,"standard_error":45.87527707325366},"Median":{"confidence_interval":{"confidence_level":0.95,"lower_bound":22641.10976789168,"upper_bound":22675.4592476489},"point_estimate":22654.729463625805,"standard_error":8.406898674937883},"MedianAbsDev":{"confidence_interval":{"confidence_level":0.95,"lower_bound":42.89760023619377,"upper_bound":78.25214977701226},"point_estimate":61.988938101575904,"standard_error":8.539427059126847},"Slope":{"confidence_interval":{"confidence_level":0.95,"lower_bound":22646.610967664154,"upper_bound":22929.32617067435},"point_estimate":22754.791734889906,"standard_error":76.14433444888166},"StdDev":{"confidence_interval":{"confidence_level":0.95,"lower_bound":144.97582027942494,"upper_bound":667.670936028502},"point_estimate":458.48285200707585,"standard_error":126.53420666743204}}