{"Mean":{"confidence_interval":{"confidence_level":0.95,"lower_bound":402.7206707410837,"upper_bound":403.2540710335684},"point_estimate":402.9155174756215,"standard_error":0.1506396785006269},"Median":{"confidence_interval":{"confidence_level":0.95,"lower_bound":402.6624624111049,"upper_bound":402.68846466287573},"point_estimate":402.6724758552216,"standard_error":0.005691279029006197},"MedianAbsDev":{"confidence_interval":{"confidence_level":0.95,"lower_bound":0.027896800282862896,"upper_bound":0.05248221730439696},"point_estimate":0.03865188026629219,"standard_error":0.006490156917234464},"Slope":{"confidence_interval":{"confidence_level":0.95,"lower_bound":402.68826742263815,"upper_bound":402.81334218431937},"point_estimate":402.7427304329788,"standard_error":0.03234909863714264},"StdDev":{"confidence_interval":{"confidence_level":0.95,"lower_bound":0.19150022510959183,"upper_bound":2.54869287177972},"point_estimate":1.508278419593319,"standard_error":0.7900153433628768}}