{"Mean":{"confidence_interval":{"confidence_level":0.95,"lower_bound":123564.81680430702,"upper_bound":123643.31724483268},"point_estimate":123599.06051610279,"standard_error":20.151912731698676},"Median":{"confidence_interval":{"confidence_level":0.95,"lower_bound":123541.10864197531,"upper_bound":123582.88653973668},"point_estimate":123566.72443360154,"standard_error":11.46430817550614},"MedianAbsDev":{"confidence_interval":{"confidence_level":0.95,"lower_bound":55.2067456931414,"upper_bound":97.43391498552452},"point_estimate":74.01294747441678,"standard_error":10.984478719323484},"Slope":{"confidence_interval":{"confidence_level":0.95,"lower_bound":123548.01747170661,"upper_bound":123634.85207757937},"point_estimate":123584.40020294566,"standard_error":22.548165636744233},"StdDev":{"confidence_interval":{"confidence_level":0.95,"lower_bound":96.02879674125136,"upper_bound":307.705781387739},"point_estimate":203.0208821187676,"standard_error":61.00892053499573}}