{"Mean":{"confidence_interval":{"confidence_level":0.95,"lower_bound":69505.82087258235,"upper_bound":69544.04888316941},"point_estimate":69522.9507333667,"standard_error":9.807745638183173},"Median":{"confidence_interval":{"confidence_level":0.95,"lower_bound":69484.22513661202,"upper_bound":69493.04319955407},"point_estimate":69487.23080246913,"standard_error":2.341661935006314},"MedianAbsDev":{"confidence_interval":{"confidence_level":0.95,"lower_bound":10.987399290991506,"upper_bound":22.803147957345143},"point_estimate":16.166848967602657,"standard_error":3.475917749174301},"Slope":{"confidence_interval":{"confidence_level":0.95,"lower_bound":69485.64203746482,"upper_bound":69509.80166676186},"point_estimate":69496.6614407172,"standard_error":6.210896534731569},"StdDev":{"confidence_interval":{"confidence_level":0.95,"lower_bound":53.83069879202292,"upper_bound":142.62837184189792},"point_estimate":98.73744339231914,"standard_error":24.328091433422745}}