{"Mean":{"confidence_interval":{"confidence_level":0.95,"lower_bound":31992.385643209418,"upper_bound":32809.996854166806},"point_estimate":32316.029904438437,"standard_error":217.38371418966173},"Median":{"confidence_interval":{"confidence_level":0.95,"lower_bound":31902.224108658742,"upper_bound":31952.06721832632},"point_estimate":31922.016962832517,"standard_error":13.261838884605131},"MedianAbsDev":{"confidence_interval":{"confidence_level":0.95,"lower_bound":90.96757892208433,"upper_bound":171.01572144688402},"point_estimate":132.74660386742886,"standard_error":19.39457841610813},"Slope":{"confidence_interval":{"confidence_level":0.95,"lower_bound":31916.632353080342,"upper_bound":32194.27984236559},"point_estimate":32033.187053585472,"standard_error":72.16179109681113},"StdDev":{"confidence_interval":{"confidence_level":0.95,"lower_bound":400.3722456952438,"upper_bound":3586.2419393829487},"point_estimate":2187.1205294223805,"standard_error":943.7844419980987}}