{"Mean":{"confidence_interval":{"confidence_level":0.95,"lower_bound":1204.585950213332,"upper_bound":1204.9788626194709},"point_estimate":1204.762280498671,"standard_error":0.10090558864008302},"Median":{"confidence_interval":{"confidence_level":0.95,"lower_bound":1204.451388888889,"upper_bound":1204.5133571676847},"point_estimate":1204.4746437261037,"standard_error":0.01495747770476998},"MedianAbsDev":{"confidence_interval":{"confidence_level":0.95,"lower_bound":0.09214039447063069,"upper_bound":0.16828777541392886},"point_estimate":0.12569816474941953,"standard_error":0.019551580164280324},"Slope":{"confidence_interval":{"confidence_level":0.95,"lower_bound":1204.521042902933,"upper_bound":1204.869376510156},"point_estimate":1204.6725389997328,"standard_error":0.0895607897234393},"StdDev":{"confidence_interval":{"confidence_level":0.95,"lower_bound":0.5120493551464499,"upper_bound":1.414498266017268},"point_estimate":1.0132111729952193,"standard_error":0.22943800166227202}}