{"Mean":{"confidence_interval":{"confidence_level":0.95,"lower_bound":13343.87139120572,"upper_bound":13345.79228499822},"point_estimate":13344.603561892953,"standard_error":0.5193264180420194},"Median":{"confidence_interval":{"confidence_level":0.95,"lower_bound":13343.467160493827,"upper_bound":13344.238666666668},"point_estimate":13343.907863247863,"standard_error":0.20974203107740466},"MedianAbsDev":{"confidence_interval":{"confidence_level":0.95,"lower_bound":1.0137979859243706,"upper_bound":1.626149817014926},"point_estimate":1.3824085023651267,"standard_error":0.15163822113407044},"Slope":{"confidence_interval":{"confidence_level":0.95,"lower_bound":13343.865830015284,"upper_bound":13345.280544260942},"point_estimate":13344.418440943797,"standard_error":0.3721742456925981},"StdDev":{"confidence_interval":{"confidence_level":0.95,"lower_bound":1.1746904110158682,"upper_bound":8.720763310723841},"point_estimate":5.231454892036767,"standard_error":2.4949844653844395}}