{"Mean":{"confidence_interval":{"confidence_level":0.95,"lower_bound":4010.316038636701,"upper_bound":4012.4492106430525},"point_estimate":4011.2572325691867,"standard_error":0.5485838894661274},"Median":{"confidence_interval":{"confidence_level":0.95,"lower_bound":4009.5686473453807,"upper_bound":4009.8989353726197},"point_estimate":4009.664036838286,"standard_error":0.08936326069487485},"MedianAbsDev":{"confidence_interval":{"confidence_level":0.95,"lower_bound":0.23152552943160137,"upper_bound":0.6495357517195606},"point_estimate":0.36449750365042277,"standard_error":0.11217984975224472},"Slope":{"confidence_interval":{"confidence_level":0.95,"lower_bound":4010.1493791995044,"upper_bound":4012.8210087327625},"point_estimate":4011.259100971672,"standard_error":0.6907337772105312},"StdDev":{"confidence_interval":{"confidence_level":0.95,"lower_bound":2.1839526169675865,"upper_bound":8.029256064545288},"point_estimate":5.523593576557019,"standard_error":1.5048346831551738}}