{"Mean":{"confidence_interval":{"confidence_level":0.95,"lower_bound":101764.30147171812,"upper_bound":101892.42788385792},"point_estimate":101823.78347168089,"standard_error":32.77069471107464},"Median":{"confidence_interval":{"confidence_level":0.95,"lower_bound":101668.60510204082,"upper_bound":101725.75333333333},"point_estimate":101701.81875816993,"standard_error":12.93707764620997},"MedianAbsDev":{"confidence_interval":{"confidence_level":0.95,"lower_bound":79.88049240940259,"upper_bound":157.75906211087784},"point_estimate":120.05805299049676,"standard_error":18.201235348405298},"Slope":{"confidence_interval":{"confidence_level":0.95,"lower_bound":101792.27239384911,"upper_bound":101892.01315000537},"point_estimate":101841.20141776267,"standard_error":25.477909234341187},"StdDev":{"confidence_interval":{"confidence_level":0.95,"lower_bound":214.11956825802352,"upper_bound":445.0936396784082},"point_estimate":329.8256183759099,"standard_error":60.67164228929205}}