{"Mean":{"confidence_interval":{"confidence_level":0.95,"lower_bound":6172.18267883205,"upper_bound":6174.991508408863},"point_estimate":6173.44700842383,"standard_error":0.7200613169894735},"Median":{"confidence_interval":{"confidence_level":0.95,"lower_bound":6171.186680469289,"upper_bound":6171.4462340491755},"point_estimate":6171.284316770187,"standard_error":0.058932319235038326},"MedianAbsDev":{"confidence_interval":{"confidence_level":0.95,"lower_bound":0.5732611537245353,"upper_bound":1.25656924215992},"point_estimate":0.862732944636873,"standard_error":0.17994071972068398},"Slope":{"confidence_interval":{"confidence_level":0.95,"lower_bound":6171.571563440392,"upper_bound":6175.703959301968},"point_estimate":6173.285323496288,"standard_error":1.0735965179100768},"StdDev":{"confidence_interval":{"confidence_level":0.95,"lower_bound":3.8079344447753125,"upper_bound":10.242053745353413},"point_estimate":7.241057698799305,"standard_error":1.6656244602409533}}