{"Mean":{"confidence_interval":{"confidence_level":0.95,"lower_bound":9397.564156669514,"upper_bound":9404.8205820078},"point_estimate":9400.48145453499,"standard_error":1.912482191256065},"Median":{"confidence_interval":{"confidence_level":0.95,"lower_bound":9394.640222984563,"upper_bound":9398.297434144562},"point_estimate":9395.579907811703,"standard_error":0.8918687778460613},"MedianAbsDev":{"confidence_interval":{"confidence_level":0.95,"lower_bound":1.3587496059219444,"upper_bound":5.224353605160028},"point_estimate":2.7815545485543876,"standard_error":1.0367667127730338},"Slope":{"confidence_interval":{"confidence_level":0.95,"lower_bound":9396.26443148864,"upper_bound":9400.031750240472},"point_estimate":9397.932352091588,"standard_error":0.9647355017501833},"StdDev":{"confidence_interval":{"confidence_level":0.95,"lower_bound":5.770257216596058,"upper_bound":31.164561986533517},"point_estimate":19.219798334469225,"standard_error":7.976115956321019}}