{"Mean":{"confidence_interval":{"confidence_level":0.95,"lower_bound":665.1166918874128,"upper_bound":665.6307298731325},"point_estimate":665.325086885823,"standard_error":0.13489782013154122},"Median":{"confidence_interval":{"confidence_level":0.95,"lower_bound":665.0012929734079,"upper_bound":665.0932004393966},"point_estimate":665.0582056213724,"standard_error":0.023943146262669357},"MedianAbsDev":{"confidence_interval":{"confidence_level":0.95,"lower_bound":0.09272484488356299,"upper_bound":0.1649930202809251},"point_estimate":0.12872577484798245,"standard_error":0.01986228532573849},"Slope":{"confidence_interval":{"confidence_level":0.95,"lower_bound":665.1083442871732,"upper_bound":665.4189450200595},"point_estimate":665.2398194977872,"standard_error":0.0802912742313854},"StdDev":{"confidence_interval":{"confidence_level":0.95,"lower_bound":0.3273010589659339,"upper_bound":2.1966267921070286},"point_estimate":1.3571795196280654,"standard_error":0.5457370713870339}}