{"Mean":{"confidence_interval":{"confidence_level":0.95,"lower_bound":4567.053631291027,"upper_bound":4715.353734272183},"point_estimate":4631.37123230944,"standard_error":38.19373038590239},"Median":{"confidence_interval":{"confidence_level":0.95,"lower_bound":4508.726690847024,"upper_bound":4516.288990825688},"point_estimate":4513.141666666666,"standard_error":2.0047276090116384},"MedianAbsDev":{"confidence_interval":{"confidence_level":0.95,"lower_bound":9.236368473255274,"upper_bound":19.006032490630286},"point_estimate":13.7109818227456,"standard_error":2.5739040744866792},"Slope":{"confidence_interval":{"confidence_level":0.95,"lower_bound":4515.832878584237,"upper_bound":4577.35597657819},"point_estimate":4540.827946944359,"standard_error":16.184966858494427},"StdDev":{"confidence_interval":{"confidence_level":0.95,"lower_bound":174.1408984042517,"upper_bound":579.9297226964188},"point_estimate":383.2790645805068,"standard_error":113.17532765668899}}