{"Mean":{"confidence_interval":{"confidence_level":0.95,"lower_bound":250184.633872237,"upper_bound":250303.2822735284},"point_estimate":250240.14734967996,"standard_error":30.32642207383383},"Median":{"confidence_interval":{"confidence_level":0.95,"lower_bound":250137.38257575757,"upper_bound":250222.05703965054},"point_estimate":250184.79584942083,"standard_error":24.802516098001387},"MedianAbsDev":{"confidence_interval":{"confidence_level":0.95,"lower_bound":119.08119815265285,"upper_bound":213.4104566939932},"point_estimate":164.1504463063748,"standard_error":24.394616428603968},"Slope":{"confidence_interval":{"confidence_level":0.95,"lower_bound":250196.86396447587,"upper_bound":250380.39059656084},"point_estimate":250275.5172742722,"standard_error":47.64928094196444},"StdDev":{"confidence_interval":{"confidence_level":0.95,"lower_bound":197.53102973545774,"upper_bound":404.1893852337275},"point_estimate":303.48289300489625,"standard_error":53.505075196000476}}