{"Mean":{"confidence_interval":{"confidence_level":0.95,"lower_bound":324225.8056037869,"upper_bound":324692.30727719725},"point_estimate":324408.0437821113,"standard_error":123.98643541650598},"Median":{"confidence_interval":{"confidence_level":0.95,"lower_bound":324114.42272727273,"upper_bound":324151.73124999995},"point_estimate":324134.6163709677,"standard_error":10.726229617844536},"MedianAbsDev":{"confidence_interval":{"confidence_level":0.95,"lower_bound":44.56367498848543,"upper_bound":92.82355460203193},"point_estimate":65.59008420209678,"standard_error":14.337661458268267},"Slope":{"confidence_interval":{"confidence_level":0.95,"lower_bound":324134.3616896443,"upper_bound":324229.86461294105},"point_estimate":324178.6086700162,"standard_error":24.565122193768424},"StdDev":{"confidence_interval":{"confidence_level":0.95,"lower_bound":287.57679697195266,"upper_bound":2053.7697197089988},"point_estimate":1246.7297819711198,"standard_error":552.7244676664338}}