{"Mean":{"confidence_interval":{"confidence_level":0.95,"lower_bound":62843.60765636556,"upper_bound":63685.04783503866},"point_estimate":63174.97520492778,"standard_error":222.61200451183876},"Median":{"confidence_interval":{"confidence_level":0.95,"lower_bound":62753.950520833336,"upper_bound":62814.768065268065},"point_estimate":62786.5149565508,"standard_error":16.5572622903227},"MedianAbsDev":{"confidence_interval":{"confidence_level":0.95,"lower_bound":96.15883479407726,"upper_bound":180.1789587324575},"point_estimate":141.2445858049101,"standard_error":21.826539175535565},"Slope":{"confidence_interval":{"confidence_level":0.95,"lower_bound":62764.28818198496,"upper_bound":63549.20385404763},"point_estimate":63062.91358670755,"standard_error":213.85939845705195},"StdDev":{"confidence_interval":{"confidence_level":0.95,"lower_bound":367.2624129922674,"upper_bound":3676.2825112328665},"point_estimate":2237.9517108383216,"standard_error":966.0119130117558}}