{"Mean":{"confidence_interval":{"confidence_level":0.95,"lower_bound":2237.3251624815375,"upper_bound":2239.2319016989604},"point_estimate":2238.1982134945893,"standard_error":0.48907319851631254},"Median":{"confidence_interval":{"confidence_level":0.95,"lower_bound":2236.2163432073544,"upper_bound":2237.0231399939266},"point_estimate":2236.376729769424,"standard_error":0.21128196261222035},"MedianAbsDev":{"confidence_interval":{"confidence_level":0.95,"lower_bound":0.6836442953736195,"upper_bound":2.1650250716065274},"point_estimate":1.3179488003569815,"standard_error":0.4184930846540312},"Slope":{"confidence_interval":{"confidence_level":0.95,"lower_bound":2236.3614777470907,"upper_bound":2237.667273309563},"point_estimate":2236.9431956802923,"standard_error":0.3330338637165633},"StdDev":{"confidence_interval":{"confidence_level":0.95,"lower_bound":2.661226868656094,"upper_bound":6.652764934757162},"point_estimate":4.909306940712473,"standard_error":1.0006059386047959}}