{"Mean":{"confidence_interval":{"confidence_level":0.95,"lower_bound":519484.0041642094,"upper_bound":523927.1887990853},"point_estimate":521414.0280768549,"standard_error":1145.5460789884737},"Median":{"confidence_interval":{"confidence_level":0.95,"lower_bound":518310.9012345679,"upper_bound":518937.26470588235},"point_estimate":518644.2414398595,"standard_error":128.21410431599915},"MedianAbsDev":{"confidence_interval":{"confidence_level":0.95,"lower_bound":904.6180763220651,"upper_bound":1498.801725902156},"point_estimate":1233.975297570951,"standard_error":156.2487949384928},"Slope":{"confidence_interval":{"confidence_level":0.95,"lower_bound":518336.2338723585,"upper_bound":522975.13901481405},"point_estimate":519888.87206147483,"standard_error":1308.4930557036464},"StdDev":{"confidence_interval":{"confidence_level":0.95,"lower_bound":4149.972220120475,"upper_bound":17336.627822020786},"point_estimate":11529.646861840412,"standard_error":3370.0010076702397}}