{"Mean":{"confidence_interval":{"confidence_level":0.95,"lower_bound":519246.3581338075,"upper_bound":523966.0833525292},"point_estimate":521258.42507447914,"standard_error":1217.6647334866977},"Median":{"confidence_interval":{"confidence_level":0.95,"lower_bound":518194.19737179484,"upper_bound":518662.7755102041},"point_estimate":518447.8652368758,"standard_error":111.6785093000959},"MedianAbsDev":{"confidence_interval":{"confidence_level":0.95,"lower_bound":729.1674726446056,"upper_bound":1423.955678657103},"point_estimate":1003.2937604011412,"standard_error":183.81464816629514},"Slope":{"confidence_interval":{"confidence_level":0.95,"lower_bound":518071.7555703063,"upper_bound":519900.3740434546},"point_estimate":518690.094594355,"standard_error":504.03819121535946},"StdDev":{"confidence_interval":{"confidence_level":0.95,"lower_bound":4282.765184046422,"upper_bound":18855.959708958133},"point_estimate":12231.962059534431,"standard_error":3905.4833284807714}}