{"Mean":{"confidence_interval":{"confidence_level":0.95,"lower_bound":1582.5313806879444,"upper_bound":1583.3914320230047},"point_estimate":1582.9134080681258,"standard_error":0.2212860689807246},"Median":{"confidence_interval":{"confidence_level":0.95,"lower_bound":1582.2826003425043,"upper_bound":1582.4745563724546},"point_estimate":1582.3892974139926,"standard_error":0.055076449301854784},"MedianAbsDev":{"confidence_interval":{"confidence_level":0.95,"lower_bound":0.17368258561667502,"upper_bound":0.4796656350700559},"point_estimate":0.2962960518401083,"standard_error":0.0701260313807558},"Slope":{"confidence_interval":{"confidence_level":0.95,"lower_bound":1582.4767743397658,"upper_bound":1583.4421381468808},"point_estimate":1582.8761307246075,"standard_error":0.2505589979881184},"StdDev":{"confidence_interval":{"confidence_level":0.95,"lower_bound":0.986532882051057,"upper_bound":3.1803894390795393},"point_estimate":2.2300509071392827,"standard_error":0.5607105100910088}}