{"Mean":{"confidence_interval":{"confidence_level":0.95,"lower_bound":216.61851137071886,"upper_bound":216.7073336731288},"point_estimate":216.65706825696503,"standard_error":0.022933981872722484},"Median":{"confidence_interval":{"confidence_level":0.95,"lower_bound":216.58919850227915,"upper_bound":216.6065054136738},"point_estimate":216.59851371360352,"standard_error":0.004329462073299703},"MedianAbsDev":{"confidence_interval":{"confidence_level":0.95,"lower_bound":0.02598646547673305,"upper_bound":0.04181383112065265},"point_estimate":0.03529248366617617,"standard_error":0.004034600750639983},"Slope":{"confidence_interval":{"confidence_level":0.95,"lower_bound":216.6130260577246,"upper_bound":216.6860778969714},"point_estimate":216.6461974066937,"standard_error":0.018791382716959425},"StdDev":{"confidence_interval":{"confidence_level":0.95,"lower_bound":0.10318217539940111,"upper_bound":0.3477090113739311},"point_estimate":0.2301323191505661,"standard_error":0.06883544755190968}}