{"Mean":{"confidence_interval":{"confidence_level":0.95,"lower_bound":1837.8947958824024,"upper_bound":1838.6799049027766},"point_estimate":1838.2459153245788,"standard_error":0.20200834048565192},"Median":{"confidence_interval":{"confidence_level":0.95,"lower_bound":1837.6937110508538,"upper_bound":1837.7874357535222},"point_estimate":1837.7409447364803,"standard_error":0.02238871101412918},"MedianAbsDev":{"confidence_interval":{"confidence_level":0.95,"lower_bound":0.15371789433286673,"upper_bound":0.26039884448664014},"point_estimate":0.1987573471282155,"standard_error":0.026627723051110608},"Slope":{"confidence_interval":{"confidence_level":0.95,"lower_bound":1837.8547123766805,"upper_bound":1839.1785884877715},"point_estimate":1838.3932451904952,"standard_error":0.3500128663164597},"StdDev":{"confidence_interval":{"confidence_level":0.95,"lower_bound":0.8909427379426413,"upper_bound":2.9312403783759593},"point_estimate":2.0455660028152187,"standard_error":0.5198609049631735}}