{"Mean":{"confidence_interval":{"confidence_level":0.95,"lower_bound":139714.0100072021,"upper_bound":140825.54912367745},"point_estimate":140191.7208709119,"standard_error":286.87362929840765},"Median":{"confidence_interval":{"confidence_level":0.95,"lower_bound":139416.0103371034,"upper_bound":139566.32956989246},"point_estimate":139502.8522245763,"standard_error":38.16176862813528},"MedianAbsDev":{"confidence_interval":{"confidence_level":0.95,"lower_bound":209.60092726671425,"upper_bound":392.03159491942876},"point_estimate":297.55416691758114,"standard_error":49.218439585218384},"Slope":{"confidence_interval":{"confidence_level":0.95,"lower_bound":139426.03136326864,"upper_bound":140790.6003552026},"point_estimate":139967.79002068864,"standard_error":365.19797374315357},"StdDev":{"confidence_interval":{"confidence_level":0.95,"lower_bound":994.7098404898545,"upper_bound":4439.5296411818845},"point_estimate":2879.5030438963454,"standard_error":908.1633921517558}}