{"Mean":{"confidence_interval":{"confidence_level":0.95,"lower_bound":140204.47247887473,"upper_bound":143365.98305524306},"point_estimate":141420.30949692286,"standard_error":844.4186921507879},"Median":{"confidence_interval":{"confidence_level":0.95,"lower_bound":139739.91273584907,"upper_bound":139987.6028409091},"point_estimate":139830.4288524683,"standard_error":64.41953267083701},"MedianAbsDev":{"confidence_interval":{"confidence_level":0.95,"lower_bound":269.2694307989527,"upper_bound":544.4381543953214},"point_estimate":386.6161020822942,"standard_error":69.48730649421634},"Slope":{"confidence_interval":{"confidence_level":0.95,"lower_bound":139829.47335302646,"upper_bound":140979.95143500352},"point_estimate":140279.8313536279,"standard_error":302.23344556017133},"StdDev":{"confidence_interval":{"confidence_level":0.95,"lower_bound":1478.0384635750115,"upper_bound":14003.126685949876},"point_estimate":8449.202588948081,"standard_error":3859.271854466028}}