{"Mean":{"confidence_interval":{"confidence_level":0.95,"lower_bound":1691767.3400709876,"upper_bound":1692415.9543996586},"point_estimate":1692092.609219115,"standard_error":165.34137535736474},"Median":{"confidence_interval":{"confidence_level":0.95,"lower_bound":1691850.9218336763,"upper_bound":1692313.6054915353},"point_estimate":1692073.3702531646,"standard_error":126.86367178445431},"MedianAbsDev":{"confidence_interval":{"confidence_level":0.95,"lower_bound":890.4477932414048,"upper_bound":1558.6236357512992},"point_estimate":1327.0420057505564,"standard_error":167.67942257774848},"Slope":{"confidence_interval":{"confidence_level":0.95,"lower_bound":1692277.7306708868,"upper_bound":1692800.107476813},"point_estimate":1692535.135584454,"standard_error":132.92694991440078},"StdDev":{"confidence_interval":{"confidence_level":0.95,"lower_bound":1328.4944470840398,"upper_bound":1961.3418314118508},"point_estimate":1659.3350503720415,"standard_error":161.54466738505752}}