{"Mean":{"confidence_interval":{"confidence_level":0.95,"lower_bound":177708.02513271561,"upper_bound":178587.19345128012},"point_estimate":178091.83536252668,"standard_error":226.4159001314324},"Median":{"confidence_interval":{"confidence_level":0.95,"lower_bound":177302.40054112553,"upper_bound":177570.0255319149},"point_estimate":177432.86930363544,"standard_error":62.455913224989196},"MedianAbsDev":{"confidence_interval":{"confidence_level":0.95,"lower_bound":331.9805732336067,"upper_bound":676.3324738984986},"point_estimate":469.39506123647794,"standard_error":78.44394175603192},"Slope":{"confidence_interval":{"confidence_level":0.95,"lower_bound":177281.7876056564,"upper_bound":177635.00372023304},"point_estimate":177435.57042855033,"standard_error":90.96930120633856},"StdDev":{"confidence_interval":{"confidence_level":0.95,"lower_bound":1008.9367992547687,"upper_bound":3478.3930705214243},"point_estimate":2283.328554710816,"standard_error":703.8352498965414}}