{"Mean":{"confidence_interval":{"confidence_level":0.95,"lower_bound":592.7268032212306,"upper_bound":593.9376052214328},"point_estimate":593.342664085825,"standard_error":0.3081968392868055},"Median":{"confidence_interval":{"confidence_level":0.95,"lower_bound":593.1559419131362,"upper_bound":594.1310909605648},"point_estimate":593.8131816286102,"standard_error":0.1959164426884562},"MedianAbsDev":{"confidence_interval":{"confidence_level":0.95,"lower_bound":2.322680028798892,"upper_bound":3.7121799381240774},"point_estimate":3.170603023475615,"standard_error":0.331019548944009},"Slope":{"confidence_interval":{"confidence_level":0.95,"lower_bound":593.4427842397221,"upper_bound":594.5800882968475},"point_estimate":594.0268448501137,"standard_error":0.2895025733996911},"StdDev":{"confidence_interval":{"confidence_level":0.95,"lower_bound":2.670185295229864,"upper_bound":3.4645603713511806},"point_estimate":3.0996542634134245,"standard_error":0.2025929050411615}}