{"Mean":{"confidence_interval":{"confidence_level":0.95,"lower_bound":646.9167265420019,"upper_bound":648.2912891915072},"point_estimate":647.6191219209546,"standard_error":0.35042622629223824},"Median":{"confidence_interval":{"confidence_level":0.95,"lower_bound":646.9226354986392,"upper_bound":648.5897100501417},"point_estimate":647.5718117747076,"standard_error":0.414092145301184},"MedianAbsDev":{"confidence_interval":{"confidence_level":0.95,"lower_bound":2.452789240939045,"upper_bound":3.820371095014992},"point_estimate":3.35675906206326,"standard_error":0.34096478188800877},"Slope":{"confidence_interval":{"confidence_level":0.95,"lower_bound":646.0952677962002,"upper_bound":647.3582367408474},"point_estimate":646.7293178906638,"standard_error":0.3231125361842376},"StdDev":{"confidence_interval":{"confidence_level":0.95,"lower_bound":2.794672185487292,"upper_bound":4.23973983258494},"point_estimate":3.5024290280232124,"standard_error":0.3746936762857194}}