{"Mean":{"confidence_interval":{"confidence_level":0.95,"lower_bound":97182.59174785018,"upper_bound":97252.5594968595},"point_estimate":97215.60791052812,"standard_error":17.878795170746223},"Median":{"confidence_interval":{"confidence_level":0.95,"lower_bound":97129.90303030303,"upper_bound":97139.3743315508},"point_estimate":97134.29272727272,"standard_error":2.543819456252927},"MedianAbsDev":{"confidence_interval":{"confidence_level":0.95,"lower_bound":15.109711750396283,"upper_bound":34.28654818283708},"point_estimate":24.62874878751534,"standard_error":4.995528539305356},"Slope":{"confidence_interval":{"confidence_level":0.95,"lower_bound":97233.34507482254,"upper_bound":97359.29609032431},"point_estimate":97298.07692411033,"standard_error":32.12932451477189},"StdDev":{"confidence_interval":{"confidence_level":0.95,"lower_bound":133.6667352182368,"upper_bound":218.73070434093904},"point_estimate":179.11921875087728,"standard_error":21.805558625387956}}