{"Mean":{"confidence_interval":{"confidence_level":0.95,"lower_bound":20176.0194528779,"upper_bound":20197.771362133473},"point_estimate":20186.23224926032,"standard_error":5.553096026031916},"Median":{"confidence_interval":{"confidence_level":0.95,"lower_bound":20161.513846153844,"upper_bound":20167.388618016572},"point_estimate":20164.871829059826,"standard_error":1.475515311460581},"MedianAbsDev":{"confidence_interval":{"confidence_level":0.95,"lower_bound":12.065309543528022,"upper_bound":23.8611079384183},"point_estimate":19.190999672335963,"standard_error":2.9791357498714075},"Slope":{"confidence_interval":{"confidence_level":0.95,"lower_bound":20168.774989129888,"upper_bound":20188.05621386213},"point_estimate":20177.660414068272,"standard_error":4.91913365704501},"StdDev":{"confidence_interval":{"confidence_level":0.95,"lower_bound":39.56714557424516,"upper_bound":70.64383166928033},"point_estimate":55.73064553349317,"standard_error":7.98797752971339}}