{"Mean":{"confidence_interval":{"confidence_level":0.95,"lower_bound":20163.78451291809,"upper_bound":20168.4167888304},"point_estimate":20165.784658927612,"standard_error":1.1973848185860483},"Median":{"confidence_interval":{"confidence_level":0.95,"lower_bound":20162.087012987013,"upper_bound":20162.968},"point_estimate":20162.489352720448,"standard_error":0.23076452944187567},"MedianAbsDev":{"confidence_interval":{"confidence_level":0.95,"lower_bound":1.5742959445394111,"upper_bound":2.913751452094161},"point_estimate":2.447212966555921,"standard_error":0.35929205173099926},"Slope":{"confidence_interval":{"confidence_level":0.95,"lower_bound":20162.80854187805,"upper_bound":20169.66391752037},"point_estimate":20165.274808393675,"standard_error":1.8866979520602196},"StdDev":{"confidence_interval":{"confidence_level":0.95,"lower_bound":5.357400523302188,"upper_bound":18.425193968524738},"point_estimate":11.996038957189512,"standard_error":3.8485588533343695}}