{"Mean":{"confidence_interval":{"confidence_level":0.95,"lower_bound":101284.38745963942,"upper_bound":103785.63893885388},"point_estimate":102201.46610738887,"standard_error":691.5966483289603},"Median":{"confidence_interval":{"confidence_level":0.95,"lower_bound":100942.57058993638,"upper_bound":101071.87021276596},"point_estimate":101012.47043812105,"standard_error":39.63619185029897},"MedianAbsDev":{"confidence_interval":{"confidence_level":0.95,"lower_bound":182.59849146132572,"upper_bound":334.432468435022},"point_estimate":257.5467311291163,"standard_error":41.17177719780147},"Slope":{"confidence_interval":{"confidence_level":0.95,"lower_bound":101024.87366012271,"upper_bound":101848.24711758867},"point_estimate":101366.52740889612,"standard_error":213.1716967817031},"StdDev":{"confidence_interval":{"confidence_level":0.95,"lower_bound":1121.1513308738274,"upper_bound":11604.718210313384},"point_estimate":6895.881598040733,"standard_error":3508.067449788546}}