{"Mean":{"confidence_interval":{"confidence_level":0.95,"lower_bound":101462.37777942824,"upper_bound":102993.67717871786},"point_estimate":102090.09535742117,"standard_error":400.50532947256954},"Median":{"confidence_interval":{"confidence_level":0.95,"lower_bound":101211.31190476191,"upper_bound":101360.94487179487},"point_estimate":101276.47219279662,"standard_error":41.30854567929607},"MedianAbsDev":{"confidence_interval":{"confidence_level":0.95,"lower_bound":182.18812569137336,"upper_bound":321.20734869810923},"point_estimate":227.1621147170663,"standard_error":33.796758731234725},"Slope":{"confidence_interval":{"confidence_level":0.95,"lower_bound":101220.62333297216,"upper_bound":102236.85262119176},"point_estimate":101554.71657277967,"standard_error":292.90178347573925},"StdDev":{"confidence_interval":{"confidence_level":0.95,"lower_bound":1019.1262117469553,"upper_bound":6482.005153725916},"point_estimate":4030.946279990388,"standard_error":1561.7474805766933}}