{"Mean":{"confidence_interval":{"confidence_level":0.95,"lower_bound":1111.0046302629316,"upper_bound":1111.4449526839758},"point_estimate":1111.1984090903381,"standard_error":0.11278705068843153},"Median":{"confidence_interval":{"confidence_level":0.95,"lower_bound":1110.9973331974454,"upper_bound":1111.2292010856738},"point_estimate":1111.092672465567,"standard_error":0.06335652702191738},"MedianAbsDev":{"confidence_interval":{"confidence_level":0.95,"lower_bound":0.3481132893681913,"upper_bound":0.70632627916762},"point_estimate":0.579016733173156,"standard_error":0.09026657592338398},"Slope":{"confidence_interval":{"confidence_level":0.95,"lower_bound":1110.8135519358789,"upper_bound":1111.1888646641628},"point_estimate":1110.990230159419,"standard_error":0.09603184770377148},"StdDev":{"confidence_interval":{"confidence_level":0.95,"lower_bound":0.5801172332776072,"upper_bound":1.6909680442757171},"point_estimate":1.1321543758100532,"standard_error":0.3219042438713139}}