{"Mean":{"confidence_interval":{"confidence_level":0.95,"lower_bound":13700082.401993984,"upper_bound":13721135.307422137},"point_estimate":13710585.379612397,"standard_error":5344.5633476132725},"Median":{"confidence_interval":{"confidence_level":0.95,"lower_bound":13706938.511627907,"upper_bound":13716361.81632653},"point_estimate":13710158.19263158,"standard_error":2602.8520080610033},"MedianAbsDev":{"confidence_interval":{"confidence_level":0.95,"lower_bound":21063.743463202016,"upper_bound":35674.26606792154},"point_estimate":27918.56700453837,"standard_error":3620.1811497932035},"Slope":{"confidence_interval":{"confidence_level":0.95,"lower_bound":13700328.416592492,"upper_bound":13713617.70843058},"point_estimate":13706721.51678735,"standard_error":3356.2573141444536},"StdDev":{"confidence_interval":{"confidence_level":0.95,"lower_bound":32692.19180624456,"upper_bound":72149.9940462356},"point_estimate":53790.64209084224,"standard_error":10014.280914510326}}