{"Mean":{"confidence_interval":{"confidence_level":0.95,"lower_bound":1741.5976130500387,"upper_bound":1742.5470742700124},"point_estimate":1741.9877382234345,"standard_error":0.24831875213646132},"Median":{"confidence_interval":{"confidence_level":0.95,"lower_bound":1741.4794595782073,"upper_bound":1741.7261862917399},"point_estimate":1741.5875856008727,"standard_error":0.07056896776665345},"MedianAbsDev":{"confidence_interval":{"confidence_level":0.95,"lower_bound":0.35429070147525477,"upper_bound":0.7236873863468086},"point_estimate":0.5035643444422497,"standard_error":0.09473333295233655},"Slope":{"confidence_interval":{"confidence_level":0.95,"lower_bound":1741.3839487452817,"upper_bound":1741.9219827008371},"point_estimate":1741.6251112098594,"standard_error":0.13828871805868792},"StdDev":{"confidence_interval":{"confidence_level":0.95,"lower_bound":0.8873964925526548,"upper_bound":3.9980078348801724},"point_estimate":2.499003549673505,"standard_error":0.9761020829197495}}