{"Mean":{"confidence_interval":{"confidence_level":0.95,"lower_bound":277808.59988963744,"upper_bound":277990.45995485084},"point_estimate":277888.94454835023,"standard_error":46.566160062758165},"Median":{"confidence_interval":{"confidence_level":0.95,"lower_bound":277772.26339285716,"upper_bound":277794.4407436709},"point_estimate":277784.0691997751,"standard_error":5.958051749780676},"MedianAbsDev":{"confidence_interval":{"confidence_level":0.95,"lower_bound":41.76400268390592,"upper_bound":80.20199739817633},"point_estimate":61.51403468495675,"standard_error":9.98646320317052},"Slope":{"confidence_interval":{"confidence_level":0.95,"lower_bound":277793.0050579265,"upper_bound":277921.1574035724},"point_estimate":277848.06385104184,"standard_error":33.01469603574649},"StdDev":{"confidence_interval":{"confidence_level":0.95,"lower_bound":174.98298537407408,"upper_bound":673.4967353279654},"point_estimate":468.4010270326433,"standard_error":122.12376187280805}}