{"Mean":{"confidence_interval":{"confidence_level":0.95,"lower_bound":6480.1326241018405,"upper_bound":6482.37517253802},"point_estimate":6481.189316982698,"standard_error":0.5715469499610012},"Median":{"confidence_interval":{"confidence_level":0.95,"lower_bound":6478.870880267001,"upper_bound":6480.868496732026},"point_estimate":6479.923606829175,"standard_error":0.5348648048559829},"MedianAbsDev":{"confidence_interval":{"confidence_level":0.95,"lower_bound":2.8525267424881138,"upper_bound":5.1056365642494885},"point_estimate":3.7927928555076207,"standard_error":0.5960308726183219},"Slope":{"confidence_interval":{"confidence_level":0.95,"lower_bound":6479.063081927262,"upper_bound":6481.904552205033},"point_estimate":6480.411191180576,"standard_error":0.7265515024603543},"StdDev":{"confidence_interval":{"confidence_level":0.95,"lower_bound":3.9506754878176915,"upper_bound":7.69812740839823},"point_estimate":5.767658678796964,"standard_error":1.0062413463104916}}