{"Mean":{"confidence_interval":{"confidence_level":0.95,"lower_bound":583031.0441006853,"upper_bound":583606.8569312168},"point_estimate":583276.4503509861,"standard_error":148.84120554435702},"Median":{"confidence_interval":{"confidence_level":0.95,"lower_bound":582962.0784188034,"upper_bound":583146.5653846154},"point_estimate":583054.6071258057,"standard_error":49.724120731174445},"MedianAbsDev":{"confidence_interval":{"confidence_level":0.95,"lower_bound":321.57116879092666,"upper_bound":536.3198103880834},"point_estimate":426.8023315189828,"standard_error":52.94815645405823},"Slope":{"confidence_interval":{"confidence_level":0.95,"lower_bound":582968.4708109238,"upper_bound":583189.1285460055},"point_estimate":583072.8014408157,"standard_error":56.24832327073126},"StdDev":{"confidence_interval":{"confidence_level":0.95,"lower_bound":516.2571992550743,"upper_bound":2335.49105604556},"point_estimate":1499.7055788656266,"standard_error":499.72135520713726}}