{"Mean":{"confidence_interval":{"confidence_level":0.95,"lower_bound":2085.105209203573,"upper_bound":2085.8835203372046},"point_estimate":2085.4518841505856,"standard_error":0.1997881529214652},"Median":{"confidence_interval":{"confidence_level":0.95,"lower_bound":2084.9274956622326,"upper_bound":2085.125780472921},"point_estimate":2085.031866028708,"standard_error":0.059206430809670904},"MedianAbsDev":{"confidence_interval":{"confidence_level":0.95,"lower_bound":0.2727293596599883,"upper_bound":0.49188333083628205},"point_estimate":0.3675682917817333,"standard_error":0.05458101043419497},"Slope":{"confidence_interval":{"confidence_level":0.95,"lower_bound":2085.089134842083,"upper_bound":2085.749762206649},"point_estimate":2085.3838729997747,"standard_error":0.17011499892126622},"StdDev":{"confidence_interval":{"confidence_level":0.95,"lower_bound":0.9628744988598742,"upper_bound":2.84683901899122},"point_estimate":2.0014675401613498,"standard_error":0.4818910063838036}}