{"Mean":{"confidence_interval":{"confidence_level":0.95,"lower_bound":2017.422705075741,"upper_bound":2019.3296421735463},"point_estimate":2018.2607035212836,"standard_error":0.4909510029946285},"Median":{"confidence_interval":{"confidence_level":0.95,"lower_bound":2016.9492905303719,"upper_bound":2017.4111779895256},"point_estimate":2017.0654007361038,"standard_error":0.13934215148810905},"MedianAbsDev":{"confidence_interval":{"confidence_level":0.95,"lower_bound":0.7557779434909082,"upper_bound":1.2343869044535383},"point_estimate":1.1319961824076494,"standard_error":0.12789554125699654},"Slope":{"confidence_interval":{"confidence_level":0.95,"lower_bound":2016.8995515340266,"upper_bound":2018.0192517173605},"point_estimate":2017.3963205287912,"standard_error":0.2879499587222526},"StdDev":{"confidence_interval":{"confidence_level":0.95,"lower_bound":2.0508906386806536,"upper_bound":7.4432281617100555},"point_estimate":4.927620465351984,"standard_error":1.43075355810191}}