{"Mean":{"confidence_interval":{"confidence_level":0.95,"lower_bound":34189326.87349635,"upper_bound":34259366.34200788},"point_estimate":34222856.21617519,"standard_error":17959.669143222232},"Median":{"confidence_interval":{"confidence_level":0.95,"lower_bound":34151205.14705882,"upper_bound":34201828.852380954},"point_estimate":34172863.37209302,"standard_error":12608.873592670887},"MedianAbsDev":{"confidence_interval":{"confidence_level":0.95,"lower_bound":76874.8145057894,"upper_bound":151233.81686265834},"point_estimate":111545.13394372599,"standard_error":19896.124724913854},"Slope":{"confidence_interval":{"confidence_level":0.95,"lower_bound":34179564.69586002,"upper_bound":34226224.512426995},"point_estimate":34202546.57553125,"standard_error":11876.790131913607},"StdDev":{"confidence_interval":{"confidence_level":0.95,"lower_bound":132272.42775825763,"upper_bound":226934.3632281033},"point_estimate":179913.22302556015,"standard_error":24470.272514032848}}