{"Mean":{"confidence_interval":{"confidence_level":0.95,"lower_bound":864441.2487836633,"upper_bound":873419.0599999537},"point_estimate":868455.1993981655,"standard_error":2305.408754299964},"Median":{"confidence_interval":{"confidence_level":0.95,"lower_bound":861933.5581395349,"upper_bound":862799.9814814815},"point_estimate":862284.8962053572,"standard_error":238.2741364662235},"MedianAbsDev":{"confidence_interval":{"confidence_level":0.95,"lower_bound":1150.8977984869932,"upper_bound":2142.144511492122},"point_estimate":1431.7480352192301,"standard_error":273.35067788096865},"Slope":{"confidence_interval":{"confidence_level":0.95,"lower_bound":862820.5575058506,"upper_bound":872289.5465879238},"point_estimate":866902.387982858,"standard_error":2444.8623564559243},"StdDev":{"confidence_interval":{"confidence_level":0.95,"lower_bound":10292.149085814432,"upper_bound":32607.348911190304},"point_estimate":23157.5178634039,"standard_error":5606.585584046687}}