{"Mean":{"confidence_interval":{"confidence_level":0.95,"lower_bound":1450.7550242945515,"upper_bound":1451.5525093048811},"point_estimate":1451.1105377814083,"standard_error":0.20573261908068213},"Median":{"confidence_interval":{"confidence_level":0.95,"lower_bound":1450.5292626905666,"upper_bound":1450.7381793127206},"point_estimate":1450.6597859140034,"standard_error":0.059146000638881334},"MedianAbsDev":{"confidence_interval":{"confidence_level":0.95,"lower_bound":0.41181465692470737,"upper_bound":0.5958430222973807},"point_estimate":0.5088980943093548,"standard_error":0.045770586715503145},"Slope":{"confidence_interval":{"confidence_level":0.95,"lower_bound":1450.5626889045927,"upper_bound":1451.4952837699127},"point_estimate":1450.960004785951,"standard_error":0.24152154191753733},"StdDev":{"confidence_interval":{"confidence_level":0.95,"lower_bound":0.8744862608746353,"upper_bound":2.978172955376914},"point_estimate":2.069152035487329,"standard_error":0.5273422340586754}}