{"Mean":{"confidence_interval":{"confidence_level":0.95,"lower_bound":4237.386026043584,"upper_bound":4240.751902118288},"point_estimate":4238.747709517982,"standard_error":0.8832131296150189},"Median":{"confidence_interval":{"confidence_level":0.95,"lower_bound":4236.037321089405,"upper_bound":4236.898148148148},"point_estimate":4236.249335946704,"standard_error":0.21763588357397126},"MedianAbsDev":{"confidence_interval":{"confidence_level":0.95,"lower_bound":0.7381751333695515,"upper_bound":2.0431253863877683},"point_estimate":1.0569744474602842,"standard_error":0.3160228610061118},"Slope":{"confidence_interval":{"confidence_level":0.95,"lower_bound":4236.423811128375,"upper_bound":4237.684664518286},"point_estimate":4236.999336725866,"standard_error":0.3238486270043184},"StdDev":{"confidence_interval":{"confidence_level":0.95,"lower_bound":2.3669954453052333,"upper_bound":14.356052530143728},"point_estimate":8.856123423021643,"standard_error":3.5846265589993007}}