{"Mean":{"confidence_interval":{"confidence_level":0.95,"lower_bound":354593.8654193457,"upper_bound":354759.507576318},"point_estimate":354665.7678274996,"standard_error":42.65635863839233},"Median":{"confidence_interval":{"confidence_level":0.95,"lower_bound":354546.3787878788,"upper_bound":354562.40251572325},"point_estimate":354553.3446946008,"standard_error":3.812139543911004},"MedianAbsDev":{"confidence_interval":{"confidence_level":0.95,"lower_bound":23.057127275188417,"upper_bound":43.36518127832344},"point_estimate":34.05772856421043,"standard_error":5.158040306086881},"Slope":{"confidence_interval":{"confidence_level":0.95,"lower_bound":354588.8477086714,"upper_bound":354765.57071237254},"point_estimate":354664.0752682134,"standard_error":45.805954261633346},"StdDev":{"confidence_interval":{"confidence_level":0.95,"lower_bound":170.77808569986146,"upper_bound":654.6736335494668},"point_estimate":430.27899349139665,"standard_error":129.4526717563674}}