{"Mean":{"confidence_interval":{"confidence_level":0.95,"lower_bound":6757.128081983332,"upper_bound":6757.57088422564},"point_estimate":6757.338158755469,"standard_error":0.11313174940990592},"Median":{"confidence_interval":{"confidence_level":0.95,"lower_bound":6757.069766031772,"upper_bound":6757.4500938306355},"point_estimate":6757.235854788486,"standard_error":0.1274192848886986},"MedianAbsDev":{"confidence_interval":{"confidence_level":0.95,"lower_bound":0.6189943303823895,"upper_bound":1.0052455831394813},"point_estimate":0.7991496562394342,"standard_error":0.09092900618124374},"Slope":{"confidence_interval":{"confidence_level":0.95,"lower_bound":6756.725796080172,"upper_bound":6757.06002158162},"point_estimate":6756.884607252684,"standard_error":0.08541797234964835},"StdDev":{"confidence_interval":{"confidence_level":0.95,"lower_bound":0.7337255782935277,"upper_bound":1.5367558277838576},"point_estimate":1.140567293571968,"standard_error":0.2104715320320822}}