{"Mean":{"confidence_interval":{"confidence_level":0.95,"lower_bound":796.747148298395,"upper_bound":797.1771305622233},"point_estimate":796.9428319754225,"standard_error":0.10992678868215335},"Median":{"confidence_interval":{"confidence_level":0.95,"lower_bound":796.6276548672566,"upper_bound":796.8183679959122},"point_estimate":796.7521094907282,"standard_error":0.0471709922243213},"MedianAbsDev":{"confidence_interval":{"confidence_level":0.95,"lower_bound":0.2491993260681409,"upper_bound":0.4276300498267623},"point_estimate":0.3347276322354436,"standard_error":0.045206565378582524},"Slope":{"confidence_interval":{"confidence_level":0.95,"lower_bound":796.7613423789721,"upper_bound":797.2797943406051},"point_estimate":796.9817573927515,"standard_error":0.13411887039362544},"StdDev":{"confidence_interval":{"confidence_level":0.95,"lower_bound":0.5544646008071084,"upper_bound":1.518226040498069},"point_estimate":1.105165427600333,"standard_error":0.23993875639100895}}