{"Mean":{"confidence_interval":{"confidence_level":0.95,"lower_bound":15707.85767068936,"upper_bound":15719.636556120879},"point_estimate":15713.999708040965,"standard_error":3.0187378923070542},"Median":{"confidence_interval":{"confidence_level":0.95,"lower_bound":15724.351756371563,"upper_bound":15726.449206349207},"point_estimate":15725.405328798186,"standard_error":0.6289308757598737},"MedianAbsDev":{"confidence_interval":{"confidence_level":0.95,"lower_bound":2.9294661538290927,"upper_bound":5.168852072737061},"point_estimate":3.513848249108637,"standard_error":0.5895151893620412},"Slope":{"confidence_interval":{"confidence_level":0.95,"lower_bound":15682.195932920116,"upper_bound":15704.52201954352},"point_estimate":15692.816751508839,"standard_error":5.7007387609155},"StdDev":{"confidence_interval":{"confidence_level":0.95,"lower_bound":23.76568218062396,"upper_bound":35.341093045497246},"point_estimate":30.446618112274887,"standard_error":2.9496085611970213}}