{"Mean":{"confidence_interval":{"confidence_level":0.95,"lower_bound":351610.96811013634,"upper_bound":352206.4990671171},"point_estimate":351887.4606209629,"standard_error":152.31472186764313},"Median":{"confidence_interval":{"confidence_level":0.95,"lower_bound":351287.99588122603,"upper_bound":351587.10752688174},"point_estimate":351391.76225071226,"standard_error":87.32986278417444},"MedianAbsDev":{"confidence_interval":{"confidence_level":0.95,"lower_bound":380.5462336621612,"upper_bound":731.4164892505153},"point_estimate":501.7603007073519,"standard_error":92.08435080962767},"Slope":{"confidence_interval":{"confidence_level":0.95,"lower_bound":351263.97748734447,"upper_bound":351649.31887618656},"point_estimate":351439.0869947293,"standard_error":98.56349605930252},"StdDev":{"confidence_interval":{"confidence_level":0.95,"lower_bound":971.5279771186005,"upper_bound":2018.7881544755649},"point_estimate":1528.9948948299627,"standard_error":269.80177025802374}}