{"Mean":{"confidence_interval":{"confidence_level":0.95,"lower_bound":28064.263773449224,"upper_bound":28511.594441225363},"point_estimate":28236.89603282324,"standard_error":119.1746274467684},"Median":{"confidence_interval":{"confidence_level":0.95,"lower_bound":28012.267526455027,"upper_bound":28046.358395540243},"point_estimate":28024.58092369478,"standard_error":8.079261956051509},"MedianAbsDev":{"confidence_interval":{"confidence_level":0.95,"lower_bound":42.604435053311754,"upper_bound":78.11100885687667},"point_estimate":58.883018124138914,"standard_error":8.880244539979575},"Slope":{"confidence_interval":{"confidence_level":0.95,"lower_bound":28018.268800021444,"upper_bound":28334.834348617773},"point_estimate":28137.957563256325,"standard_error":85.11813118568493},"StdDev":{"confidence_interval":{"confidence_level":0.95,"lower_bound":177.32097189484335,"upper_bound":1976.8210136257987},"point_estimate":1194.3689262044857,"standard_error":543.0521160542057}}