{"Mean":{"confidence_interval":{"confidence_level":0.95,"lower_bound":6135.105730541091,"upper_bound":6139.90328731042},"point_estimate":6137.14990671727,"standard_error":1.2493579622315893},"Median":{"confidence_interval":{"confidence_level":0.95,"lower_bound":6133.648391812865,"upper_bound":6134.127572016461},"point_estimate":6133.825620668184,"standard_error":0.10761631179100423},"MedianAbsDev":{"confidence_interval":{"confidence_level":0.95,"lower_bound":0.5947144538371061,"upper_bound":1.129867526113353},"point_estimate":0.7927637418152245,"standard_error":0.13459099342891168},"Slope":{"confidence_interval":{"confidence_level":0.95,"lower_bound":6133.9904011639255,"upper_bound":6135.5703256886645},"point_estimate":6134.701074094142,"standard_error":0.4062839398875773},"StdDev":{"confidence_interval":{"confidence_level":0.95,"lower_bound":4.726154776878795,"upper_bound":19.40508033462043},"point_estimate":12.504519959561877,"standard_error":4.18736518487573}}