{"Mean":{"confidence_interval":{"confidence_level":0.95,"lower_bound":582732.6463694746,"upper_bound":583238.4219680225},"point_estimate":582947.2804924282,"standard_error":130.57240491083436},"Median":{"confidence_interval":{"confidence_level":0.95,"lower_bound":582659.1696428572,"upper_bound":582952.5161290322},"point_estimate":582800.0736111111,"standard_error":71.33472221212689},"MedianAbsDev":{"confidence_interval":{"confidence_level":0.95,"lower_bound":437.467597233442,"upper_bound":738.0330827695597},"point_estimate":621.4577117859059,"standard_error":78.20149934697719},"Slope":{"confidence_interval":{"confidence_level":0.95,"lower_bound":582799.0875990663,"upper_bound":583108.6526222575},"point_estimate":582945.5078203044,"standard_error":79.01284684835049},"StdDev":{"confidence_interval":{"confidence_level":0.95,"lower_bound":595.9338883665524,"upper_bound":2061.5380453105668},"point_estimate":1314.9557357738825,"standard_error":469.73562253959085}}