{"Mean":{"confidence_interval":{"confidence_level":0.95,"lower_bound":76831.96446836843,"upper_bound":76865.4150199596},"point_estimate":76847.11046553188,"standard_error":8.57574250840208},"Median":{"confidence_interval":{"confidence_level":0.95,"lower_bound":76826.4,"upper_bound":76842.65906932573},"point_estimate":76835.43209822214,"standard_error":4.338751823491835},"MedianAbsDev":{"confidence_interval":{"confidence_level":0.95,"lower_bound":21.898908131921715,"upper_bound":40.59510045527233},"point_estimate":32.69371303573998,"standard_error":4.8127172207957},"Slope":{"confidence_interval":{"confidence_level":0.95,"lower_bound":76818.14151421754,"upper_bound":76870.10170349192},"point_estimate":76840.00904775437,"standard_error":13.509612455289934},"StdDev":{"confidence_interval":{"confidence_level":0.95,"lower_bound":45.057361010785016,"upper_bound":120.58617057714429},"point_estimate":86.43541120930902,"standard_error":19.42451838530963}}