{"Mean":{"confidence_interval":{"confidence_level":0.95,"lower_bound":3363.711185795856,"upper_bound":3365.3573522665897},"point_estimate":3364.440763384944,"standard_error":0.4238718052341969},"Median":{"confidence_interval":{"confidence_level":0.95,"lower_bound":3363.198253723677,"upper_bound":3363.274732724902},"point_estimate":3363.2240242428124,"standard_error":0.018304685637425794},"MedianAbsDev":{"confidence_interval":{"confidence_level":0.95,"lower_bound":0.1249104603752825,"upper_bound":0.24573721742123764},"point_estimate":0.16169630673705937,"standard_error":0.031617557816686064},"Slope":{"confidence_interval":{"confidence_level":0.95,"lower_bound":3363.5953780410223,"upper_bound":3365.5387478066773},"point_estimate":3364.422802673994,"standard_error":0.5038427879170029},"StdDev":{"confidence_interval":{"confidence_level":0.95,"lower_bound":1.9434606662628522,"upper_bound":6.19129676603057},"point_estimate":4.270304508161271,"standard_error":1.0945907067420666}}