{"Mean":{"confidence_interval":{"confidence_level":0.95,"lower_bound":74456.4240493108,"upper_bound":74511.96634728175},"point_estimate":74478.76531790935,"standard_error":14.63789147639354},"Median":{"confidence_interval":{"confidence_level":0.95,"lower_bound":74444.46616541353,"upper_bound":74451.12053571429},"point_estimate":74448.6756802721,"standard_error":1.5423092005654722},"MedianAbsDev":{"confidence_interval":{"confidence_level":0.95,"lower_bound":10.553665990078116,"upper_bound":20.497808210949888},"point_estimate":14.794079470400131,"standard_error":2.617543450869788},"Slope":{"confidence_interval":{"confidence_level":0.95,"lower_bound":74454.0682771732,"upper_bound":74489.34840895764},"point_estimate":74470.01880787013,"standard_error":8.988548628520997},"StdDev":{"confidence_interval":{"confidence_level":0.95,"lower_bound":42.92862048511,"upper_bound":238.82516520729988},"point_estimate":147.19044034268512,"standard_error":60.69325670135755}}