{"Mean":{"confidence_interval":{"confidence_level":0.95,"lower_bound":148.62741832463547,"upper_bound":148.6986654008341},"point_estimate":148.65749853207237,"standard_error":0.018458195626152175},"Median":{"confidence_interval":{"confidence_level":0.95,"lower_bound":148.61448794959043,"upper_bound":148.64742578965812},"point_estimate":148.62525688897412,"standard_error":0.009133470153644513},"MedianAbsDev":{"confidence_interval":{"confidence_level":0.95,"lower_bound":0.05415851240209265,"upper_bound":0.08903368084882367},"point_estimate":0.07030605296416213,"standard_error":0.008493535351693364},"Slope":{"confidence_interval":{"confidence_level":0.95,"lower_bound":148.6246851304167,"upper_bound":148.67400337240753},"point_estimate":148.64749476587008,"standard_error":0.012609014418823955},"StdDev":{"confidence_interval":{"confidence_level":0.95,"lower_bound":0.07802705992953797,"upper_bound":0.2908199390798881},"point_estimate":0.18580331323099547,"standard_error":0.065403863809948}}