{"Mean":{"confidence_interval":{"confidence_level":0.95,"lower_bound":1886814.491113593,"upper_bound":1914474.9760867376},"point_estimate":1898998.6403209704,"standard_error":7147.347388773177},"Median":{"confidence_interval":{"confidence_level":0.95,"lower_bound":1880403.625,"upper_bound":1883369.294117647},"point_estimate":1882149.14604811,"standard_error":837.1475345195437},"MedianAbsDev":{"confidence_interval":{"confidence_level":0.95,"lower_bound":3271.2496070496427,"upper_bound":6132.075781976785},"point_estimate":4596.142518650274,"standard_error":807.8509571198147},"Slope":{"confidence_interval":{"confidence_level":0.95,"lower_bound":1880710.0676314498,"upper_bound":1889910.2306115057},"point_estimate":1884314.1767843948,"standard_error":2436.490254112864},"StdDev":{"confidence_interval":{"confidence_level":0.95,"lower_bound":21518.68517388912,"upper_bound":104327.28061033496},"point_estimate":72164.8644973481,"standard_error":19934.779958755535}}