{"Mean":{"confidence_interval":{"confidence_level":0.95,"lower_bound":4446.175988046434,"upper_bound":4449.813034298907},"point_estimate":4447.638751427624,"standard_error":0.9553092099562489},"Median":{"confidence_interval":{"confidence_level":0.95,"lower_bound":4445.528082959641,"upper_bound":4445.698097200339},"point_estimate":4445.585857591827,"standard_error":0.0497171752344513},"MedianAbsDev":{"confidence_interval":{"confidence_level":0.95,"lower_bound":0.3021837050592961,"upper_bound":0.5612023302009459},"point_estimate":0.38860743632264816,"standard_error":0.06571959765589713},"Slope":{"confidence_interval":{"confidence_level":0.95,"lower_bound":4445.820591206749,"upper_bound":4448.793827312265},"point_estimate":4446.995033097179,"standard_error":0.7961221600025171},"StdDev":{"confidence_interval":{"confidence_level":0.95,"lower_bound":2.538169084369378,"upper_bound":15.572859846642022},"point_estimate":9.608494164621419,"standard_error":3.9278330813110816}}