{"Mean":{"confidence_interval":{"confidence_level":0.95,"lower_bound":3041.7529822413353,"upper_bound":3044.157832296534},"point_estimate":3042.77526324234,"standard_error":0.6228293256780676},"Median":{"confidence_interval":{"confidence_level":0.95,"lower_bound":3041.1309094189824,"upper_bound":3041.395961145194},"point_estimate":3041.3403197620373,"standard_error":0.07454983309749},"MedianAbsDev":{"confidence_interval":{"confidence_level":0.95,"lower_bound":0.39069312684287083,"upper_bound":0.7528529628845627},"point_estimate":0.5942084529197719,"standard_error":0.09304043237670975},"Slope":{"confidence_interval":{"confidence_level":0.95,"lower_bound":3041.5177459700394,"upper_bound":3043.224962221383},"point_estimate":3042.2272416844285,"standard_error":0.44585440102276686},"StdDev":{"confidence_interval":{"confidence_level":0.95,"lower_bound":2.3309788002596328,"upper_bound":9.719398476426175},"point_estimate":6.244078630043466,"standard_error":2.0844366434475714}}