{"Mean":{"confidence_interval":{"confidence_level":0.95,"lower_bound":54884390.21544328,"upper_bound":54942658.17171056},"point_estimate":54911873.17088724,"standard_error":14868.20747777101},"Median":{"confidence_interval":{"confidence_level":0.95,"lower_bound":54862950.0,"upper_bound":54913596.46987952},"point_estimate":54879946.22602193,"standard_error":14024.123389025795},"MedianAbsDev":{"confidence_interval":{"confidence_level":0.95,"lower_bound":81790.59274792671,"upper_bound":135485.1199755413},"point_estimate":112551.06208129029,"standard_error":13841.54195785187},"Slope":{"confidence_interval":{"confidence_level":0.95,"lower_bound":54889638.056518085,"upper_bound":54931229.58933891},"point_estimate":54910653.525987886,"standard_error":10618.065627995864},"StdDev":{"confidence_interval":{"confidence_level":0.95,"lower_bound":104460.28120691341,"upper_bound":196301.87311943257},"point_estimate":149535.22949737942,"standard_error":24200.844033577454}}