{"Mean":{"confidence_interval":{"confidence_level":0.95,"lower_bound":1358914.2505215944,"upper_bound":1359600.1437793209},"point_estimate":1359273.2421716899,"standard_error":174.63788935685545},"Median":{"confidence_interval":{"confidence_level":0.95,"lower_bound":1359149.3214285714,"upper_bound":1359681.3044263776},"point_estimate":1359444.6602564103,"standard_error":128.1054592099064},"MedianAbsDev":{"confidence_interval":{"confidence_level":0.95,"lower_bound":774.1076722062004,"upper_bound":1275.1288617770895},"point_estimate":1033.5372593266522,"standard_error":127.45643717219107},"Slope":{"confidence_interval":{"confidence_level":0.95,"lower_bound":1359361.1549156571,"upper_bound":1359814.8977188498},"point_estimate":1359581.6213802276,"standard_error":115.59235718598877},"StdDev":{"confidence_interval":{"confidence_level":0.95,"lower_bound":1180.9879973641873,"upper_bound":2341.0409135537134},"point_estimate":1756.8749078901596,"standard_error":304.2434975989673}}