{"Mean":{"confidence_interval":{"confidence_level":0.95,"lower_bound":10375.22759691139,"upper_bound":10470.670132391242},"point_estimate":10417.59632042003,"standard_error":24.504238494113107},"Median":{"confidence_interval":{"confidence_level":0.95,"lower_bound":10341.709573412698,"upper_bound":10358.979544419606},"point_estimate":10346.666265395703,"standard_error":5.641082596729399},"MedianAbsDev":{"confidence_interval":{"confidence_level":0.95,"lower_bound":22.61597745587998,"upper_bound":44.14221233085974},"point_estimate":27.267161130040808,"standard_error":6.169209387319452},"Slope":{"confidence_interval":{"confidence_level":0.95,"lower_bound":10342.381364799436,"upper_bound":10398.88798658848},"point_estimate":10365.062194842618,"standard_error":14.800928453200799},"StdDev":{"confidence_interval":{"confidence_level":0.95,"lower_bound":111.54696242389022,"upper_bound":351.8447456304318},"point_estimate":246.78293974619294,"standard_error":60.97719570880812}}