{"Mean":{"confidence_interval":{"confidence_level":0.95,"lower_bound":10485.675287028149,"upper_bound":10827.622149464261},"point_estimate":10635.224574127018,"standard_error":87.55278626492428},"Median":{"confidence_interval":{"confidence_level":0.95,"lower_bound":10326.854623044097,"upper_bound":10351.22305764411},"point_estimate":10340.021976110871,"standard_error":5.868255095460464},"MedianAbsDev":{"confidence_interval":{"confidence_level":0.95,"lower_bound":22.826547005364873,"upper_bound":56.087300438463},"point_estimate":37.808530077847315,"standard_error":8.68726359133999},"Slope":{"confidence_interval":{"confidence_level":0.95,"lower_bound":10350.09062207545,"upper_bound":10527.727571530773},"point_estimate":10427.725404400613,"standard_error":45.6736405912789},"StdDev":{"confidence_interval":{"confidence_level":0.95,"lower_bound":410.1485981799893,"upper_bound":1321.8123260044028},"point_estimate":880.7202552745413,"standard_error":249.23571029624898}}