{"Mean":{"confidence_interval":{"confidence_level":0.95,"lower_bound":63391226.740211405,"upper_bound":63458396.75288015},"point_estimate":63422760.227775544,"standard_error":17170.135706898887},"Median":{"confidence_interval":{"confidence_level":0.95,"lower_bound":63360199.61853887,"upper_bound":63408658.45421962},"point_estimate":63391821.675,"standard_error":13468.495021401573},"MedianAbsDev":{"confidence_interval":{"confidence_level":0.95,"lower_bound":81887.72235088797,"upper_bound":163773.44673478833},"point_estimate":135166.8516553048,"standard_error":20406.022953952557},"Slope":{"confidence_interval":{"confidence_level":0.95,"lower_bound":63391895.98911748,"upper_bound":63431881.84939837},"point_estimate":63410642.21089996,"standard_error":10206.158479559597},"StdDev":{"confidence_interval":{"confidence_level":0.95,"lower_bound":115661.79629691735,"upper_bound":224969.29439686486},"point_estimate":172095.70025635936,"standard_error":28353.493688719227}}