{"Mean":{"confidence_interval":{"confidence_level":0.95,"lower_bound":943.4302907392536,"upper_bound":944.4611664816424},"point_estimate":943.8588316564409,"standard_error":0.2703471472773787},"Median":{"confidence_interval":{"confidence_level":0.95,"lower_bound":943.3249874686717,"upper_bound":943.4317450131568},"point_estimate":943.4014933473389,"standard_error":0.026576069587841606},"MedianAbsDev":{"confidence_interval":{"confidence_level":0.95,"lower_bound":0.12444052051797694,"upper_bound":0.2989093487362967},"point_estimate":0.20800664710085462,"standard_error":0.041801879451750415},"Slope":{"confidence_interval":{"confidence_level":0.95,"lower_bound":943.384307527962,"upper_bound":943.887568839929},"point_estimate":943.5946310737684,"standard_error":0.12965825652357366},"StdDev":{"confidence_interval":{"confidence_level":0.95,"lower_bound":0.5105499051048596,"upper_bound":4.248280783568376},"point_estimate":2.711394225179811,"standard_error":1.0123260463843633}}