{"Mean":{"confidence_interval":{"confidence_level":0.95,"lower_bound":1536.1235620428938,"upper_bound":1536.5348570398403},"point_estimate":1536.310046038564,"standard_error":0.1055106706140206},"Median":{"confidence_interval":{"confidence_level":0.95,"lower_bound":1535.9901984636203,"upper_bound":1536.0116884282318},"point_estimate":1535.9986267176496,"standard_error":0.005404979663538865},"MedianAbsDev":{"confidence_interval":{"confidence_level":0.95,"lower_bound":0.03301074763631907,"upper_bound":0.09280131164519777},"point_estimate":0.05041799657184723,"standard_error":0.014614760567804357},"Slope":{"confidence_interval":{"confidence_level":0.95,"lower_bound":1536.0756652105617,"upper_bound":1536.5213265659638},"point_estimate":1536.2708526856568,"standard_error":0.11477990602704138},"StdDev":{"confidence_interval":{"confidence_level":0.95,"lower_bound":0.5863353304446218,"upper_bound":1.4454264436046595},"point_estimate":1.0617417489340093,"standard_error":0.21937949758140168}}