{"Mean":{"confidence_interval":{"confidence_level":0.95,"lower_bound":2256590.7090625134,"upper_bound":2278004.2490673494},"point_estimate":2266213.675539123,"standard_error":5472.313813125614},"Median":{"confidence_interval":{"confidence_level":0.95,"lower_bound":2248611.4579426367,"upper_bound":2251222.4572169404},"point_estimate":2249921.209190809,"standard_error":694.5549924438255},"MedianAbsDev":{"confidence_interval":{"confidence_level":0.95,"lower_bound":3318.1098287583313,"upper_bound":6341.754402524304},"point_estimate":4565.9149902323625,"standard_error":829.3626583017234},"Slope":{"confidence_interval":{"confidence_level":0.95,"lower_bound":2252478.3308386644,"upper_bound":2277411.9794191075},"point_estimate":2263429.8750376827,"standard_error":6442.103040530839},"StdDev":{"confidence_interval":{"confidence_level":0.95,"lower_bound":27855.7605928586,"upper_bound":78328.09052262084},"point_estimate":55258.52392127813,"standard_error":12996.44593027722}}