{"Mean":{"confidence_interval":{"confidence_level":0.95,"lower_bound":1665728.616177993,"upper_bound":1667430.6687514433},"point_estimate":1666404.4566631964,"standard_error":450.45717568900176},"Median":{"confidence_interval":{"confidence_level":0.95,"lower_bound":1665441.731707317,"upper_bound":1665888.926680599},"point_estimate":1665687.958976157,"standard_error":105.1099471207391},"MedianAbsDev":{"confidence_interval":{"confidence_level":0.95,"lower_bound":883.2863608513567,"upper_bound":1608.4872991203981},"point_estimate":1175.3513464061198,"standard_error":182.4191606173279},"Slope":{"confidence_interval":{"confidence_level":0.95,"lower_bound":1665635.388253219,"upper_bound":1666301.8575723008},"point_estimate":1665952.937286833,"standard_error":169.62401325567768},"StdDev":{"confidence_interval":{"confidence_level":0.95,"lower_bound":1448.8735508363684,"upper_bound":7449.703836851462},"point_estimate":4550.689668747701,"standard_error":1990.4483398582768}}