{"Mean":{"confidence_interval":{"confidence_level":0.95,"lower_bound":2787.88473304199,"upper_bound":2788.673214356469},"point_estimate":2788.2405926575175,"standard_error":0.20279481815285816},"Median":{"confidence_interval":{"confidence_level":0.95,"lower_bound":2787.61061971831,"upper_bound":2787.7666557288776},"point_estimate":2787.6870692238535,"standard_error":0.038189453405456555},"MedianAbsDev":{"confidence_interval":{"confidence_level":0.95,"lower_bound":0.21557433652709812,"upper_bound":0.4057341734746836},"point_estimate":0.28283713365695495,"standard_error":0.04874986989391029},"Slope":{"confidence_interval":{"confidence_level":0.95,"lower_bound":2787.7759507647434,"upper_bound":2788.691994676061},"point_estimate":2788.188798140104,"standard_error":0.2361739273810969},"StdDev":{"confidence_interval":{"confidence_level":0.95,"lower_bound":1.061378744701881,"upper_bound":2.8555296462613096},"point_estimate":2.0408974409794847,"standard_error":0.4607459025797676}}