{"Mean":{"confidence_interval":{"confidence_level":0.95,"lower_bound":7145.405239303133,"upper_bound":7163.98623300954},"point_estimate":7154.797310681206,"standard_error":4.727270831819307},"Median":{"confidence_interval":{"confidence_level":0.95,"lower_bound":7144.150812683187,"upper_bound":7171.8667661152385},"point_estimate":7164.771532758692,"standard_error":9.056181288307803},"MedianAbsDev":{"confidence_interval":{"confidence_level":0.95,"lower_bound":35.903092181576355,"upper_bound":53.64128758264817},"point_estimate":45.36487569502307,"standard_error":4.574631355614174},"Slope":{"confidence_interval":{"confidence_level":0.95,"lower_bound":7159.312806372396,"upper_bound":7173.920501685696},"point_estimate":7166.897543431784,"standard_error":3.722294188099386},"StdDev":{"confidence_interval":{"confidence_level":0.95,"lower_bound":39.407187082000306,"upper_bound":55.017911741769396},"point_estimate":47.36499662532152,"standard_error":4.002158591582762}}