{"Mean":{"confidence_interval":{"confidence_level":0.95,"lower_bound":498482.01325290714,"upper_bound":498885.1359983591},"point_estimate":498642.8972047203,"standard_error":105.88880481761048},"Median":{"confidence_interval":{"confidence_level":0.95,"lower_bound":498430.4375,"upper_bound":498445.70103448274},"point_estimate":498436.918957012,"standard_error":3.7656972028408378},"MedianAbsDev":{"confidence_interval":{"confidence_level":0.95,"lower_bound":17.488253097152263,"upper_bound":41.02285400772925},"point_estimate":23.849901499646574,"standard_error":6.509298407378052},"Slope":{"confidence_interval":{"confidence_level":0.95,"lower_bound":498479.99883213104,"upper_bound":498625.88810672704},"point_estimate":498546.92352002364,"standard_error":37.330110377543036},"StdDev":{"confidence_interval":{"confidence_level":0.95,"lower_bound":272.697229980066,"upper_bound":1732.4166215468852},"point_estimate":1060.0860904579122,"standard_error":440.2519352264842}}