{"Mean":{"confidence_interval":{"confidence_level":0.95,"lower_bound":1064.6841927750297,"upper_bound":1067.2333829377149},"point_estimate":1065.915356724846,"standard_error":0.6472212890637125},"Median":{"confidence_interval":{"confidence_level":0.95,"lower_bound":1065.08990286876,"upper_bound":1067.3842989985694},"point_estimate":1066.282172446206,"standard_error":0.6114690780836796},"MedianAbsDev":{"confidence_interval":{"confidence_level":0.95,"lower_bound":3.716786929722061,"upper_bound":6.0606996269974855},"point_estimate":5.140305854291489,"standard_error":0.6269628120841135},"Slope":{"confidence_interval":{"confidence_level":0.95,"lower_bound":1064.991852361252,"upper_bound":1067.933477549909},"point_estimate":1066.3614378189789,"standard_error":0.7468301075077765},"StdDev":{"confidence_interval":{"confidence_level":0.95,"lower_bound":4.59554913761048,"upper_bound":8.42259544448071},"point_estimate":6.516419911006762,"standard_error":0.9922599320591344}}