{"Mean":{"confidence_interval":{"confidence_level":0.95,"lower_bound":131558.4360953166,"upper_bound":131623.44192695324},"point_estimate":131585.4952329328,"standard_error":16.808823383366896},"Median":{"confidence_interval":{"confidence_level":0.95,"lower_bound":131571.69587320572,"upper_bound":131575.6553030303},"point_estimate":131572.7906230184,"standard_error":0.915523234609634},"MedianAbsDev":{"confidence_interval":{"confidence_level":0.95,"lower_bound":8.010915646912013,"upper_bound":12.898767395090445},"point_estimate":9.966908375682827,"standard_error":1.1990195346247006},"Slope":{"confidence_interval":{"confidence_level":0.95,"lower_bound":131557.0397591753,"upper_bound":131585.58090986765},"point_estimate":131571.6716569381,"standard_error":7.176252678555247},"StdDev":{"confidence_interval":{"confidence_level":0.95,"lower_bound":26.94063266064808,"upper_bound":282.0192241956678},"point_estimate":169.69646271787258,"standard_error":73.41888622072695}}