{"Mean":{"confidence_interval":{"confidence_level":0.95,"lower_bound":130667662.05197802,"upper_bound":131556183.30400069},"point_estimate":131048754.39507732,"standard_error":229724.5339819331},"Median":{"confidence_interval":{"confidence_level":0.95,"lower_bound":130638473.95348838,"upper_bound":131053527.6055102},"point_estimate":130836603.44347826,"standard_error":97763.31989172091},"MedianAbsDev":{"confidence_interval":{"confidence_level":0.95,"lower_bound":633535.7977573011,"upper_bound":1126939.8937370686},"point_estimate":850632.6980935646,"standard_error":128397.91009635187},"Slope":{"confidence_interval":{"confidence_level":0.95,"lower_bound":130774375.16480425,"upper_bound":131089701.27340028},"point_estimate":130929526.69573814,"standard_error":80283.14680768237},"StdDev":{"confidence_interval":{"confidence_level":0.95,"lower_bound":1055343.4054550836,"upper_bound":3612184.918185635},"point_estimate":2311708.02978068,"standard_error":806667.9960911643}}