{"Mean":{"confidence_interval":{"confidence_level":0.95,"lower_bound":57927.42701834171,"upper_bound":57964.63984562552},"point_estimate":57944.18830567981,"standard_error":9.520466594934947},"Median":{"confidence_interval":{"confidence_level":0.95,"lower_bound":57908.03046594982,"upper_bound":57915.29667919799},"point_estimate":57911.8625598224,"standard_error":1.6442766182767519},"MedianAbsDev":{"confidence_interval":{"confidence_level":0.95,"lower_bound":9.793826892381567,"upper_bound":19.274187588614076},"point_estimate":14.712840057134239,"standard_error":2.3108593263380905},"Slope":{"confidence_interval":{"confidence_level":0.95,"lower_bound":57907.57276156437,"upper_bound":57923.7922352165},"point_estimate":57914.67481798926,"standard_error":4.1813452865105},"StdDev":{"confidence_interval":{"confidence_level":0.95,"lower_bound":48.79824099813889,"upper_bound":134.7274386833494},"point_estimate":96.101379238851,"standard_error":21.97418756803661}}