{"Mean":{"confidence_interval":{"confidence_level":0.95,"lower_bound":23918118.066710096,"upper_bound":23957841.935909837},"point_estimate":23936877.05321891,"standard_error":10169.709733609428},"Median":{"confidence_interval":{"confidence_level":0.95,"lower_bound":23885014.36956522,"upper_bound":23907326.63157895},"point_estimate":23894419.105128206,"standard_error":4709.713537453887},"MedianAbsDev":{"confidence_interval":{"confidence_level":0.95,"lower_bound":25082.35044818544,"upper_bound":56969.27914041268},"point_estimate":37174.685754610015,"standard_error":7683.118138541312},"Slope":{"confidence_interval":{"confidence_level":0.95,"lower_bound":23914516.37188187,"upper_bound":23950850.161032297},"point_estimate":23931903.966578986,"standard_error":9289.203035375553},"StdDev":{"confidence_interval":{"confidence_level":0.95,"lower_bound":70076.08726355898,"upper_bound":131168.85814549009},"point_estimate":102470.80543098388,"standard_error":15649.926904096717}}