{"Mean":{"confidence_interval":{"confidence_level":0.95,"lower_bound":14053342.11466767,"upper_bound":14177408.146707427},"point_estimate":14108299.038891375,"standard_error":32041.602349253157},"Median":{"confidence_interval":{"confidence_level":0.95,"lower_bound":14004162.0,"upper_bound":14029422.448275862},"point_estimate":14014764.194357365,"standard_error":6155.364048542391},"MedianAbsDev":{"confidence_interval":{"confidence_level":0.95,"lower_bound":26526.087349423447,"upper_bound":56723.733743815545},"point_estimate":38242.66878309931,"standard_error":7980.011184452701},"Slope":{"confidence_interval":{"confidence_level":0.95,"lower_bound":14037455.79767715,"upper_bound":14075844.139071109},"point_estimate":14055773.859793114,"standard_error":9821.237938831047},"StdDev":{"confidence_interval":{"confidence_level":0.95,"lower_bound":115001.57562830491,"upper_bound":464677.6088882479},"point_estimate":321668.44815912587,"standard_error":85394.13060537101}}