{"Mean":{"confidence_interval":{"confidence_level":0.95,"lower_bound":938062.4291813084,"upper_bound":942921.1421711618},"point_estimate":940274.2445248875,"standard_error":1250.0493943817257},"Median":{"confidence_interval":{"confidence_level":0.95,"lower_bound":936108.1296296297,"upper_bound":936910.9677419355},"point_estimate":936368.3710212202,"standard_error":211.67656377709778},"MedianAbsDev":{"confidence_interval":{"confidence_level":0.95,"lower_bound":1078.8824144943235,"upper_bound":2179.7484863016834},"point_estimate":1420.32286592548,"standard_error":294.75643637721106},"Slope":{"confidence_interval":{"confidence_level":0.95,"lower_bound":936127.7911405977,"upper_bound":942837.9205640621},"point_estimate":938703.6656716418,"standard_error":1811.9445267853991},"StdDev":{"confidence_interval":{"confidence_level":0.95,"lower_bound":6667.15461220956,"upper_bound":17125.40671635601},"point_estimate":12593.875775145978,"standard_error":2654.7296031722035}}