{"Mean":{"confidence_interval":{"confidence_level":0.95,"lower_bound":225691.3466837708,"upper_bound":228533.91672384},"point_estimate":227003.4165876307,"standard_error":726.1862864844359},"Median":{"confidence_interval":{"confidence_level":0.95,"lower_bound":224605.5782051282,"upper_bound":227111.65},"point_estimate":225972.74470588233,"standard_error":650.020366156805},"MedianAbsDev":{"confidence_interval":{"confidence_level":0.95,"lower_bound":2903.520105944313,"upper_bound":4723.409553835055},"point_estimate":3722.2153588163133,"standard_error":449.7355524262721},"Slope":{"confidence_interval":{"confidence_level":0.95,"lower_bound":225209.5592356192,"upper_bound":227250.20417526466},"point_estimate":226126.2833598345,"standard_error":521.2616710711825},"StdDev":{"confidence_interval":{"confidence_level":0.95,"lower_bound":4343.564104557561,"upper_bound":10194.337417829272},"point_estimate":7290.947666668332,"standard_error":1546.0870693820711}}