{"Mean":{"confidence_interval":{"confidence_level":0.95,"lower_bound":64555.058171223616,"upper_bound":64599.48246964874},"point_estimate":64572.71732976988,"standard_error":11.792631879754666},"Median":{"confidence_interval":{"confidence_level":0.95,"lower_bound":64545.34507351328,"upper_bound":64553.40740740741},"point_estimate":64550.42347792999,"standard_error":2.273138331602185},"MedianAbsDev":{"confidence_interval":{"confidence_level":0.95,"lower_bound":14.107431793323356,"upper_bound":22.09060531433799},"point_estimate":18.516609886011082,"standard_error":1.9341882498508483},"Slope":{"confidence_interval":{"confidence_level":0.95,"lower_bound":64548.44166086441,"upper_bound":64566.49545879519},"point_estimate":64556.86412313433,"standard_error":4.615645458596566},"StdDev":{"confidence_interval":{"confidence_level":0.95,"lower_bound":34.90231624385179,"upper_bound":193.6577075763699},"point_estimate":118.61858845716743,"standard_error":51.03928555651995}}