{"Mean":{"confidence_interval":{"confidence_level":0.95,"lower_bound":464.7253620518015,"upper_bound":464.85495717261983},"point_estimate":464.7837575155596,"standard_error":0.03323468023787936},"Median":{"confidence_interval":{"confidence_level":0.95,"lower_bound":464.67170220421144,"upper_bound":464.69718080379187},"point_estimate":464.6866726038364,"standard_error":0.006816215810443416},"MedianAbsDev":{"confidence_interval":{"confidence_level":0.95,"lower_bound":0.030533765517875604,"upper_bound":0.05926348266399009},"point_estimate":0.04580272782280617,"standard_error":0.007297376916893971},"Slope":{"confidence_interval":{"confidence_level":0.95,"lower_bound":464.71159983713454,"upper_bound":464.8569948880415},"point_estimate":464.77708890069374,"standard_error":0.037332795897273806},"StdDev":{"confidence_interval":{"confidence_level":0.95,"lower_bound":0.17863545488427623,"upper_bound":0.4713221403799601},"point_estimate":0.3332317701182224,"standard_error":0.07621991336110494}}