{"Mean":{"confidence_interval":{"confidence_level":0.95,"lower_bound":1287.4840420673956,"upper_bound":1288.13760737589},"point_estimate":1287.7709939051717,"standard_error":0.1683906170839159},"Median":{"confidence_interval":{"confidence_level":0.95,"lower_bound":1287.3434394555156,"upper_bound":1287.3944422457173},"point_estimate":1287.37869924642,"standard_error":0.012220830112782457},"MedianAbsDev":{"confidence_interval":{"confidence_level":0.95,"lower_bound":0.08627185556047916,"upper_bound":0.1380964607653664},"point_estimate":0.11635858168562697,"standard_error":0.013060006599197376},"Slope":{"confidence_interval":{"confidence_level":0.95,"lower_bound":1287.457911063664,"upper_bound":1288.1988240281648},"point_estimate":1287.7655040111856,"standard_error":0.19183254371008407},"StdDev":{"confidence_interval":{"confidence_level":0.95,"lower_bound":0.6539166008635818,"upper_bound":2.446094565474595},"point_estimate":1.6883672360403115,"standard_error":0.44902218558147894}}