{"Mean":{"confidence_interval":{"confidence_level":0.95,"lower_bound":833979.389667104,"upper_bound":841341.2232268044},"point_estimate":837007.4591568925,"standard_error":1920.934419287479},"Median":{"confidence_interval":{"confidence_level":0.95,"lower_bound":832509.55,"upper_bound":833198.2407407408},"point_estimate":832887.5478940217,"standard_error":191.05633272813026},"MedianAbsDev":{"confidence_interval":{"confidence_level":0.95,"lower_bound":992.6759438705332,"upper_bound":2045.203838418716},"point_estimate":1342.6870085720327,"standard_error":284.21413976079936},"Slope":{"confidence_interval":{"confidence_level":0.95,"lower_bound":832519.9725808202,"upper_bound":838206.2735416298},"point_estimate":834502.2505571154,"standard_error":1592.7447461689062},"StdDev":{"confidence_interval":{"confidence_level":0.95,"lower_bound":4418.178100305967,"upper_bound":30937.75671555381},"point_estimate":19339.31577048101,"standard_error":7306.550619914987}}