{"Mean":{"confidence_interval":{"confidence_level":0.95,"lower_bound":1285.5938566391621,"upper_bound":1286.0786975348888},"point_estimate":1285.821024875302,"standard_error":0.12424066388543308},"Median":{"confidence_interval":{"confidence_level":0.95,"lower_bound":1285.0537691880104,"upper_bound":1286.1852788586252},"point_estimate":1285.1818007358586,"standard_error":0.3397517990292903},"MedianAbsDev":{"confidence_interval":{"confidence_level":0.95,"lower_bound":0.20595978213103217,"upper_bound":1.4744843888715282},"point_estimate":0.4353570760943946,"standard_error":0.3768512855703182},"Slope":{"confidence_interval":{"confidence_level":0.95,"lower_bound":1285.7929258829765,"upper_bound":1286.3051184023182},"point_estimate":1286.043533835235,"standard_error":0.130901456576774},"StdDev":{"confidence_interval":{"confidence_level":0.95,"lower_bound":0.8167686732564498,"upper_bound":1.6746137580149456},"point_estimate":1.2495525596960322,"standard_error":0.2245637762411079}}