{"Mean":{"confidence_interval":{"confidence_level":0.95,"lower_bound":18791413.204381537,"upper_bound":18938369.47242478},"point_estimate":18857418.884854373,"standard_error":37606.56307119534},"Median":{"confidence_interval":{"confidence_level":0.95,"lower_bound":18728212.777777776,"upper_bound":18769404.8125},"point_estimate":18754297.89195122,"standard_error":11577.35044490335},"MedianAbsDev":{"confidence_interval":{"confidence_level":0.95,"lower_bound":55042.81220125682,"upper_bound":104078.84588255078},"point_estimate":81774.10529488571,"standard_error":13197.643541081912},"Slope":{"confidence_interval":{"confidence_level":0.95,"lower_bound":18763026.327943407,"upper_bound":18803321.823088884},"point_estimate":18782325.608544406,"standard_error":10282.600102623801},"StdDev":{"confidence_interval":{"confidence_level":0.95,"lower_bound":179782.45739692872,"upper_bound":522055.5133768294},"point_estimate":377284.5996411655,"standard_error":84959.14102873304}}