{"Mean":{"confidence_interval":{"confidence_level":0.95,"lower_bound":50457.93197607177,"upper_bound":50500.87446265491},"point_estimate":50473.95884205055,"standard_error":11.853005050008305},"Median":{"confidence_interval":{"confidence_level":0.95,"lower_bound":50451.132202380955,"upper_bound":50455.844618055555},"point_estimate":50453.13132538377,"standard_error":1.346890016727291},"MedianAbsDev":{"confidence_interval":{"confidence_level":0.95,"lower_bound":8.059110197825008,"upper_bound":17.608046694044805},"point_estimate":12.354643128573283,"standard_error":2.4427885535771803},"Slope":{"confidence_interval":{"confidence_level":0.95,"lower_bound":50453.4997948528,"upper_bound":50472.95009037055},"point_estimate":50462.21328269543,"standard_error":4.988826532167835},"StdDev":{"confidence_interval":{"confidence_level":0.95,"lower_bound":22.228995564663947,"upper_bound":199.6504697864738},"point_estimate":118.98693459157363,"standard_error":59.39133005000878}}