{"Mean":{"confidence_interval":{"confidence_level":0.95,"lower_bound":48490.68069578667,"upper_bound":48527.29911020058},"point_estimate":48506.445170358085,"standard_error":9.482077196590268},"Median":{"confidence_interval":{"confidence_level":0.95,"lower_bound":48479.816017316014,"upper_bound":48487.01470588235},"point_estimate":48483.159180804054,"standard_error":2.084328638748454},"MedianAbsDev":{"confidence_interval":{"confidence_level":0.95,"lower_bound":11.07105359655236,"upper_bound":23.02704429871554},"point_estimate":16.54702228148486,"standard_error":3.028668488096086},"Slope":{"confidence_interval":{"confidence_level":0.95,"lower_bound":48483.88374057171,"upper_bound":48500.48419360625},"point_estimate":48491.287405828,"standard_error":4.2679348800036685},"StdDev":{"confidence_interval":{"confidence_level":0.95,"lower_bound":36.248246357873526,"upper_bound":146.13381582609108},"point_estimate":95.1583137715959,"standard_error":29.69795475484535}}