{"Mean":{"confidence_interval":{"confidence_level":0.95,"lower_bound":80529.59704908982,"upper_bound":80589.04856924272},"point_estimate":80554.85940990878,"standard_error":15.254319221837196},"Median":{"confidence_interval":{"confidence_level":0.95,"lower_bound":80525.58457040036,"upper_bound":80563.15064102564},"point_estimate":80538.835219428,"standard_error":10.724535894812036},"MedianAbsDev":{"confidence_interval":{"confidence_level":0.95,"lower_bound":52.352514718596886,"upper_bound":85.10853044258894},"point_estimate":64.80252870033148,"standard_error":8.263135705814319},"Slope":{"confidence_interval":{"confidence_level":0.95,"lower_bound":80553.42318040361,"upper_bound":80591.68963980433},"point_estimate":80572.84844414637,"standard_error":9.74255644966852},"StdDev":{"confidence_interval":{"confidence_level":0.95,"lower_bound":71.80875997078478,"upper_bound":239.40784283466175},"point_estimate":153.6456964645644,"standard_error":52.92110571015501}}