{"Mean":{"confidence_interval":{"confidence_level":0.95,"lower_bound":453574.11534472805,"upper_bound":458949.7523216226},"point_estimate":455983.8792172654,"standard_error":1382.7840601154646},"Median":{"confidence_interval":{"confidence_level":0.95,"lower_bound":451400.00853174605,"upper_bound":452254.4294871795},"point_estimate":451836.90010351967,"standard_error":252.2016556056445},"MedianAbsDev":{"confidence_interval":{"confidence_level":0.95,"lower_bound":1083.328165277313,"upper_bound":2200.848321315282},"point_estimate":1534.025290539678,"standard_error":318.8451947842726},"Slope":{"confidence_interval":{"confidence_level":0.95,"lower_bound":452160.2164647025,"upper_bound":455795.8776565631},"point_estimate":453763.4698566573,"standard_error":931.5226531078827},"StdDev":{"confidence_interval":{"confidence_level":0.95,"lower_bound":6714.864169024274,"upper_bound":19372.632391578576},"point_estimate":13873.317025871802,"standard_error":3223.4175491778483}}