{"Mean":{"confidence_interval":{"confidence_level":0.95,"lower_bound":10628.662728341924,"upper_bound":11301.60891108633},"point_estimate":10857.539271905363,"standard_error":214.86047851629817},"Median":{"confidence_interval":{"confidence_level":0.95,"lower_bound":10616.810206293521,"upper_bound":10624.844677022415},"point_estimate":10620.298668212805,"standard_error":2.215505668287397},"MedianAbsDev":{"confidence_interval":{"confidence_level":0.95,"lower_bound":17.07366494402077,"upper_bound":30.89816544835152},"point_estimate":24.090820886497816,"standard_error":3.376417993608865},"Slope":{"confidence_interval":{"confidence_level":0.95,"lower_bound":10619.67529390204,"upper_bound":10645.288879834767},"point_estimate":10631.01638444634,"standard_error":6.575347191898692},"StdDev":{"confidence_interval":{"confidence_level":0.95,"lower_bound":48.82707639964652,"upper_bound":3719.0288290815693},"point_estimate":2169.6481969607125,"standard_error":1321.5250570668293}}