{"Mean":{"confidence_interval":{"confidence_level":0.95,"lower_bound":373113.0098947965,"upper_bound":374653.56479049084},"point_estimate":373877.636206398,"standard_error":393.56668782459275},"Median":{"confidence_interval":{"confidence_level":0.95,"lower_bound":372670.75234500115,"upper_bound":374161.374754902},"point_estimate":373148.3950042595,"standard_error":395.2480259189992},"MedianAbsDev":{"confidence_interval":{"confidence_level":0.95,"lower_bound":2457.0751571547075,"upper_bound":4945.586606137676},"point_estimate":3638.3341446110703,"standard_error":659.9867738482403},"Slope":{"confidence_interval":{"confidence_level":0.95,"lower_bound":371818.2039183088,"upper_bound":373612.1336975217},"point_estimate":372703.66682724986,"standard_error":457.46406092561426},"StdDev":{"confidence_interval":{"confidence_level":0.95,"lower_bound":3408.2898085990873,"upper_bound":4419.868069487676},"point_estimate":3946.793629500353,"standard_error":257.2607008460777}}