{"Mean":{"confidence_interval":{"confidence_level":0.95,"lower_bound":1374.7140497569837,"upper_bound":1375.104884570155},"point_estimate":1374.8908062190828,"standard_error":0.1004862556320149},"Median":{"confidence_interval":{"confidence_level":0.95,"lower_bound":1374.561316635673,"upper_bound":1374.6939270853973},"point_estimate":1374.6030965865311,"standard_error":0.034613856622855294},"MedianAbsDev":{"confidence_interval":{"confidence_level":0.95,"lower_bound":0.16754521822073956,"upper_bound":0.31150583199963566},"point_estimate":0.22618554688512976,"standard_error":0.03658100930734385},"Slope":{"confidence_interval":{"confidence_level":0.95,"lower_bound":1374.7437872918078,"upper_bound":1375.6649353360879},"point_estimate":1375.163474477491,"standard_error":0.24075483550505797},"StdDev":{"confidence_interval":{"confidence_level":0.95,"lower_bound":0.5131977120037753,"upper_bound":1.4040411412606302},"point_estimate":1.0164786882963133,"standard_error":0.22945778607212305}}