{"Mean":{"confidence_interval":{"confidence_level":0.95,"lower_bound":1370.4567559503291,"upper_bound":1370.8018115710026},"point_estimate":1370.5964991703947,"standard_error":0.09033923619144776},"Median":{"confidence_interval":{"confidence_level":0.95,"lower_bound":1370.3961062310577,"upper_bound":1370.6741573033707},"point_estimate":1370.5161044670663,"standard_error":0.07522912243849102},"MedianAbsDev":{"confidence_interval":{"confidence_level":0.95,"lower_bound":0.29711568884983797,"upper_bound":0.43458967091652756},"point_estimate":0.40156439507061065,"standard_error":0.034908519639062253},"Slope":{"confidence_interval":{"confidence_level":0.95,"lower_bound":1370.6087743234352,"upper_bound":1370.7251679721435},"point_estimate":1370.669910713389,"standard_error":0.029780892948675745},"StdDev":{"confidence_interval":{"confidence_level":0.95,"lower_bound":0.30001440193182,"upper_bound":1.4867487196897162},"point_estimate":0.908510004066048,"standard_error":0.3822474975882997}}