{"Mean":{"confidence_interval":{"confidence_level":0.95,"lower_bound":4777.888358681696,"upper_bound":4849.316954889485},"point_estimate":4805.282401510384,"standard_error":19.015179785566634},"Median":{"confidence_interval":{"confidence_level":0.95,"lower_bound":4770.267796919151,"upper_bound":4775.809661835749},"point_estimate":4772.735487384512,"standard_error":1.4919959763533528},"MedianAbsDev":{"confidence_interval":{"confidence_level":0.95,"lower_bound":7.073010779986801,"upper_bound":11.805953362827264},"point_estimate":8.965369841846233,"standard_error":1.1855121347684854},"Slope":{"confidence_interval":{"confidence_level":0.95,"lower_bound":4771.577503441544,"upper_bound":4792.415095434588},"point_estimate":4778.48587859954,"standard_error":5.90883917251054},"StdDev":{"confidence_interval":{"confidence_level":0.95,"lower_bound":28.950080551430215,"upper_bound":316.50734897619196},"point_estimate":191.03139989391113,"standard_error":87.26967426904858}}