{"Mean":{"confidence_interval":{"confidence_level":0.95,"lower_bound":230793.17748674753,"upper_bound":231021.78630541754},"point_estimate":230896.98698090526,"standard_error":58.47671075175576},"Median":{"confidence_interval":{"confidence_level":0.95,"lower_bound":230702.6366883117,"upper_bound":230801.56144578313},"point_estimate":230752.9914710485,"standard_error":24.039973397820088},"MedianAbsDev":{"confidence_interval":{"confidence_level":0.95,"lower_bound":159.094971830085,"upper_bound":288.8405029727704},"point_estimate":229.07542987770915,"standard_error":34.202552167722594},"Slope":{"confidence_interval":{"confidence_level":0.95,"lower_bound":230652.57802824414,"upper_bound":230750.4661325087},"point_estimate":230698.48975676074,"standard_error":25.02723463081294},"StdDev":{"confidence_interval":{"confidence_level":0.95,"lower_bound":306.42378588475475,"upper_bound":805.0486121331676},"point_estimate":585.6290412762564,"standard_error":123.80233791836959}}