{"Mean":{"confidence_interval":{"confidence_level":0.95,"lower_bound":2836.086669715285,"upper_bound":2836.9219212933217},"point_estimate":2836.4565601819463,"standard_error":0.21355993804792453},"Median":{"confidence_interval":{"confidence_level":0.95,"lower_bound":2835.8923367676643,"upper_bound":2836.008709093651},"point_estimate":2835.944292724698,"standard_error":0.03174034786073085},"MedianAbsDev":{"confidence_interval":{"confidence_level":0.95,"lower_bound":0.23831176671646664,"upper_bound":0.45016094742820095},"point_estimate":0.32939139077595686,"standard_error":0.05848240136321492},"Slope":{"confidence_interval":{"confidence_level":0.95,"lower_bound":2836.077397393464,"upper_bound":2836.9797703227377},"point_estimate":2836.484491280159,"standard_error":0.23269767778796255},"StdDev":{"confidence_interval":{"confidence_level":0.95,"lower_bound":1.018464692952423,"upper_bound":3.1540878386013915},"point_estimate":2.14628880839759,"standard_error":0.5611013694131814}}