{"Mean":{"confidence_interval":{"confidence_level":0.95,"lower_bound":15879996.583205283,"upper_bound":15980142.960962083},"point_estimate":15919797.145212404,"standard_error":26394.3863494868},"Median":{"confidence_interval":{"confidence_level":0.95,"lower_bound":15832445.714285715,"upper_bound":15873058.484375},"point_estimate":15850486.35,"standard_error":11001.7031104871},"MedianAbsDev":{"confidence_interval":{"confidence_level":0.95,"lower_bound":25693.037465378093,"upper_bound":74427.1611840776},"point_estimate":44432.452690862796,"standard_error":12671.863782470717},"Slope":{"confidence_interval":{"confidence_level":0.95,"lower_bound":15874295.96488581,"upper_bound":15915774.61249426},"point_estimate":15894203.48976208,"standard_error":10608.975061493778},"StdDev":{"confidence_interval":{"confidence_level":0.95,"lower_bound":87417.692480752,"upper_bound":431081.6719162955},"point_estimate":265057.85813654185,"standard_error":113203.55070653107}}