{"Mean":{"confidence_interval":{"confidence_level":0.95,"lower_bound":29901.736802946343,"upper_bound":30287.83964755961},"point_estimate":30085.939371289987,"standard_error":98.0991218323047},"Median":{"confidence_interval":{"confidence_level":0.95,"lower_bound":29733.60090225564,"upper_bound":30149.112087912086},"point_estimate":30030.38476516634,"standard_error":107.16008076006825},"MedianAbsDev":{"confidence_interval":{"confidence_level":0.95,"lower_bound":608.1704721961274,"upper_bound":1041.820308357439},"point_estimate":808.4737605283344,"standard_error":113.01600845329493},"Slope":{"confidence_interval":{"confidence_level":0.95,"lower_bound":29629.21484141242,"upper_bound":30052.677903032447},"point_estimate":29828.338378010936,"standard_error":107.1103803532482},"StdDev":{"confidence_interval":{"confidence_level":0.95,"lower_bound":762.6944675735955,"upper_bound":1231.424529527784},"point_estimate":990.5588765514283,"standard_error":121.55535979295658}}