{"Mean":{"confidence_interval":{"confidence_level":0.95,"lower_bound":1801.3393889342601,"upper_bound":1802.3113117476503},"point_estimate":1801.7612027989508,"standard_error":0.2505794814328943},"Median":{"confidence_interval":{"confidence_level":0.95,"lower_bound":1800.9944137022399,"upper_bound":1801.305473289597},"point_estimate":1801.183836523126,"standard_error":0.08284119403814008},"MedianAbsDev":{"confidence_interval":{"confidence_level":0.95,"lower_bound":0.24985239359261568,"upper_bound":0.5242390564270378},"point_estimate":0.382814408650808,"standard_error":0.06679595234964075},"Slope":{"confidence_interval":{"confidence_level":0.95,"lower_bound":1801.3652943714726,"upper_bound":1802.7384000576333},"point_estimate":1801.8843980493573,"standard_error":0.3676138307921957},"StdDev":{"confidence_interval":{"confidence_level":0.95,"lower_bound":0.9400888347496754,"upper_bound":3.841269917342817},"point_estimate":2.5229859667749173,"standard_error":0.7633290586852937}}