{"Mean":{"confidence_interval":{"confidence_level":0.95,"lower_bound":75120.41166257707,"upper_bound":75189.25919692632},"point_estimate":75149.65641764863,"standard_error":17.8453412837907},"Median":{"confidence_interval":{"confidence_level":0.95,"lower_bound":75104.89393939394,"upper_bound":75108.85221879449},"point_estimate":75106.90601503759,"standard_error":0.8992777559853204},"MedianAbsDev":{"confidence_interval":{"confidence_level":0.95,"lower_bound":7.375102321897823,"upper_bound":12.626122204598905},"point_estimate":9.23961405662166,"standard_error":1.3823107969564783},"Slope":{"confidence_interval":{"confidence_level":0.95,"lower_bound":75113.99241868962,"upper_bound":75156.46010502747},"point_estimate":75131.92013025396,"standard_error":11.046150480042987},"StdDev":{"confidence_interval":{"confidence_level":0.95,"lower_bound":44.077037644188636,"upper_bound":273.99495922159707},"point_estimate":179.5201963108588,"standard_error":60.54851713549254}}