{"Mean":{"confidence_interval":{"confidence_level":0.95,"lower_bound":313962.0312605977,"upper_bound":315224.7649452127},"point_estimate":314414.10603696504,"standard_error":363.744660877687},"Median":{"confidence_interval":{"confidence_level":0.95,"lower_bound":313905.55319148937,"upper_bound":313972.50138888886},"point_estimate":313934.4632352941,"standard_error":16.57251601535092},"MedianAbsDev":{"confidence_interval":{"confidence_level":0.95,"lower_bound":102.11649375849714,"upper_bound":163.534388822254},"point_estimate":131.8026199646132,"standard_error":15.377998897827606},"Slope":{"confidence_interval":{"confidence_level":0.95,"lower_bound":313921.40008451807,"upper_bound":314012.08243299363},"point_estimate":313962.1678313876,"standard_error":23.298210841361644},"StdDev":{"confidence_interval":{"confidence_level":0.95,"lower_bound":199.29296657508272,"upper_bound":6210.724712127294},"point_estimate":3656.4282399395593,"standard_error":1989.1102788164985}}