{"Mean":{"confidence_interval":{"confidence_level":0.95,"lower_bound":263091.41648588044,"upper_bound":263154.1057006639},"point_estimate":263115.41664292733,"standard_error":17.035255071900018},"Median":{"confidence_interval":{"confidence_level":0.95,"lower_bound":263085.45,"upper_bound":263101.5215517241},"point_estimate":263094.875483871,"standard_error":3.5112635650724613},"MedianAbsDev":{"confidence_interval":{"confidence_level":0.95,"lower_bound":19.99500360902443,"upper_bound":33.95013519439982},"point_estimate":27.1745549053633,"standard_error":3.6349523245832587},"Slope":{"confidence_interval":{"confidence_level":0.95,"lower_bound":263089.87506091164,"upper_bound":263152.1357003584},"point_estimate":263110.87231712724,"standard_error":17.656278921444258},"StdDev":{"confidence_interval":{"confidence_level":0.95,"lower_bound":35.49107467671047,"upper_bound":286.2420515567311},"point_estimate":171.20374105046267,"standard_error":81.9021954029273}}