{"Mean":{"confidence_interval":{"confidence_level":0.95,"lower_bound":263090.31448947615,"upper_bound":265471.31275914423},"point_estimate":263891.55818535096,"standard_error":777.7143162971162},"Median":{"confidence_interval":{"confidence_level":0.95,"lower_bound":263067.9411764706,"upper_bound":263080.5723379629},"point_estimate":263071.4702610184,"standard_error":3.439889820744693},"MedianAbsDev":{"confidence_interval":{"confidence_level":0.95,"lower_bound":17.284488300721367,"upper_bound":29.540482482351106},"point_estimate":22.965212587659206,"standard_error":2.9988461578765633},"Slope":{"confidence_interval":{"confidence_level":0.95,"lower_bound":263069.64229398133,"upper_bound":263152.1259287145},"point_estimate":263097.26430397516,"standard_error":23.650302582651225},"StdDev":{"confidence_interval":{"confidence_level":0.95,"lower_bound":69.75469310767825,"upper_bound":13375.542601737323},"point_estimate":7801.007195024643,"standard_error":4843.298248855531}}