{"Mean":{"confidence_interval":{"confidence_level":0.95,"lower_bound":372.48263432328554,"upper_bound":372.8506447909793},"point_estimate":372.6425688278698,"standard_error":0.09518481360450856},"Median":{"confidence_interval":{"confidence_level":0.95,"lower_bound":372.3321904787508,"upper_bound":372.53515316551915},"point_estimate":372.42689571123896,"standard_error":0.06586353778263712},"MedianAbsDev":{"confidence_interval":{"confidence_level":0.95,"lower_bound":0.08001514154432976,"upper_bound":0.31508077477972185},"point_estimate":0.1907207886073785,"standard_error":0.06431276337399403},"Slope":{"confidence_interval":{"confidence_level":0.95,"lower_bound":372.4557354388578,"upper_bound":372.6119584854276},"point_estimate":372.5273697395411,"standard_error":0.039849112004116165},"StdDev":{"confidence_interval":{"confidence_level":0.95,"lower_bound":0.27894972656481964,"upper_bound":1.4415402935664707},"point_estimate":0.9554353082822988,"standard_error":0.2897034125014979}}