{"Mean":{"confidence_interval":{"confidence_level":0.95,"lower_bound":740.3967592682787,"upper_bound":741.0005633126639},"point_estimate":740.6300879611288,"standard_error":0.16066065061668497},"Median":{"confidence_interval":{"confidence_level":0.95,"lower_bound":740.2262240377423,"upper_bound":740.4264208301122},"point_estimate":740.263554829482,"standard_error":0.05188133316003951},"MedianAbsDev":{"confidence_interval":{"confidence_level":0.95,"lower_bound":0.06757018821650188,"upper_bound":0.2938603505739149},"point_estimate":0.1393264576465599,"standard_error":0.056979631378700824},"Slope":{"confidence_interval":{"confidence_level":0.95,"lower_bound":740.4087961950452,"upper_bound":740.857513047803},"point_estimate":740.5970055636493,"standard_error":0.11749535840964775},"StdDev":{"confidence_interval":{"confidence_level":0.95,"lower_bound":0.3773498399805386,"upper_bound":2.663976480762203},"point_estimate":1.6122279897465677,"standard_error":0.7297629549656669}}