{"Mean":{"confidence_interval":{"confidence_level":0.95,"lower_bound":2264108.0351574863,"upper_bound":2321425.1136469147},"point_estimate":2291692.1461820705,"standard_error":14609.568947320615},"Median":{"confidence_interval":{"confidence_level":0.95,"lower_bound":2240241.160714286,"upper_bound":2292240.95},"point_estimate":2270389.152238315,"standard_error":13110.502053601665},"MedianAbsDev":{"confidence_interval":{"confidence_level":0.95,"lower_bound":85473.00613485885,"upper_bound":136249.82843903665},"point_estimate":111673.03992377115,"standard_error":12696.91381087212},"Slope":{"confidence_interval":{"confidence_level":0.95,"lower_bound":2245386.855181759,"upper_bound":2286287.2166176895},"point_estimate":2266127.312614157,"standard_error":10418.597470247996},"StdDev":{"confidence_interval":{"confidence_level":0.95,"lower_bound":109063.82445422036,"upper_bound":185225.39149681618},"point_estimate":147667.4303453537,"standard_error":19621.05271149624}}