{"Mean":{"confidence_interval":{"confidence_level":0.95,"lower_bound":9004025.752121147,"upper_bound":9053843.745705856},"point_estimate":9028550.697724368,"standard_error":12710.22120567572},"Median":{"confidence_interval":{"confidence_level":0.95,"lower_bound":8968743.73692428,"upper_bound":9052773.340909092},"point_estimate":9007119.587453358,"standard_error":20848.598487052208},"MedianAbsDev":{"confidence_interval":{"confidence_level":0.95,"lower_bound":108583.77958444609,"upper_bound":169367.56347903298},"point_estimate":144258.55191129775,"standard_error":15476.951517737347},"Slope":{"confidence_interval":{"confidence_level":0.95,"lower_bound":9073541.808578033,"upper_bound":9124459.008038063},"point_estimate":9100257.131928476,"standard_error":12945.450633144284},"StdDev":{"confidence_interval":{"confidence_level":0.95,"lower_bound":110531.98228689426,"upper_bound":144476.2513831055},"point_estimate":127776.24547108289,"standard_error":8669.603446377234}}