{"Mean":{"confidence_interval":{"confidence_level":0.95,"lower_bound":64217.19947744993,"upper_bound":64265.12052956261},"point_estimate":64236.01042031723,"standard_error":12.708295087488905},"Median":{"confidence_interval":{"confidence_level":0.95,"lower_bound":64205.88392857143,"upper_bound":64210.6627209596},"point_estimate":64207.52256405279,"standard_error":1.2222198620008053},"MedianAbsDev":{"confidence_interval":{"confidence_level":0.95,"lower_bound":6.524160828110538,"upper_bound":11.757711678509542},"point_estimate":8.767231597222004,"standard_error":1.3265587187610721},"Slope":{"confidence_interval":{"confidence_level":0.95,"lower_bound":64210.420474417275,"upper_bound":64229.74796712894},"point_estimate":64219.17999852224,"standard_error":4.942259725368083},"StdDev":{"confidence_interval":{"confidence_level":0.95,"lower_bound":33.672672882576656,"upper_bound":209.48959687363694},"point_estimate":127.6270708002432,"standard_error":56.281239288317956}}