{"Mean":{"confidence_interval":{"confidence_level":0.95,"lower_bound":141236.5411342113,"upper_bound":145780.16266766068},"point_estimate":143210.87518308448,"standard_error":1173.95675577441},"Median":{"confidence_interval":{"confidence_level":0.95,"lower_bound":139598.12824675324,"upper_bound":139893.1487815126},"point_estimate":139734.839220063,"standard_error":84.91758382867141},"MedianAbsDev":{"confidence_interval":{"confidence_level":0.95,"lower_bound":324.99573575778027,"upper_bound":704.2404292097618},"point_estimate":484.5528750746031,"standard_error":99.99515096230276},"Slope":{"confidence_interval":{"confidence_level":0.95,"lower_bound":139748.9430935797,"upper_bound":140922.34810386848},"point_estimate":140203.64879098145,"standard_error":308.7403609751929},"StdDev":{"confidence_interval":{"confidence_level":0.95,"lower_bound":5120.154351872673,"upper_bound":17829.519328070004},"point_estimate":11782.080716720668,"standard_error":3484.4865577406295}}