{"Mean":{"confidence_interval":{"confidence_level":0.95,"lower_bound":139572.9578112389,"upper_bound":140532.23147779232},"point_estimate":139982.73031113177,"standard_error":247.17079692247856},"Median":{"confidence_interval":{"confidence_level":0.95,"lower_bound":139321.8138888889,"upper_bound":139454.35716966967},"point_estimate":139384.60240800865,"standard_error":37.39932137274245},"MedianAbsDev":{"confidence_interval":{"confidence_level":0.95,"lower_bound":227.38764718045257,"upper_bound":419.1326727947593},"point_estimate":302.80234999822716,"standard_error":48.27695744153281},"Slope":{"confidence_interval":{"confidence_level":0.95,"lower_bound":139331.94126261384,"upper_bound":140509.7687863355},"point_estimate":139712.21580168465,"standard_error":343.47948746196},"StdDev":{"confidence_interval":{"confidence_level":0.95,"lower_bound":790.8124307598014,"upper_bound":3833.6458137557343},"point_estimate":2485.5042567910314,"standard_error":793.729123684567}}