{"Mean":{"confidence_interval":{"confidence_level":0.95,"lower_bound":511890.06604724657,"upper_bound":512157.3187792086},"point_estimate":512003.38559527136,"standard_error":69.01350314790132},"Median":{"confidence_interval":{"confidence_level":0.95,"lower_bound":511829.3076923077,"upper_bound":511872.97670931625},"point_estimate":511853.3039215687,"standard_error":10.55556139761856},"MedianAbsDev":{"confidence_interval":{"confidence_level":0.95,"lower_bound":79.5367819212862,"upper_bound":129.2694152808678},"point_estimate":111.12635913823026,"standard_error":12.800770191337522},"Slope":{"confidence_interval":{"confidence_level":0.95,"lower_bound":511860.99341273203,"upper_bound":512130.68337806175},"point_estimate":511976.9988517807,"standard_error":69.49624293417845},"StdDev":{"confidence_interval":{"confidence_level":0.95,"lower_bound":251.12357463499714,"upper_bound":1078.0186819072246},"point_estimate":692.9033789756083,"standard_error":228.77156820446092}}