{"Mean":{"confidence_interval":{"confidence_level":0.95,"lower_bound":27682.818826046947,"upper_bound":27784.037220385166},"point_estimate":27728.44897448308,"standard_error":26.01193513827833},"Median":{"confidence_interval":{"confidence_level":0.95,"lower_bound":27637.919113756616,"upper_bound":27658.086167800455},"point_estimate":27648.637330522484,"standard_error":6.20139811217562},"MedianAbsDev":{"confidence_interval":{"confidence_level":0.95,"lower_bound":31.98503023699347,"upper_bound":74.38086333086352},"point_estimate":55.09449252292687,"standard_error":11.038049177388553},"Slope":{"confidence_interval":{"confidence_level":0.95,"lower_bound":27647.078774400277,"upper_bound":27745.726274229084},"point_estimate":27688.692169022874,"standard_error":25.562221141463056},"StdDev":{"confidence_interval":{"confidence_level":0.95,"lower_bound":135.5180917313817,"upper_bound":359.70777547922876},"point_estimate":261.456703069446,"standard_error":56.737348204042334}}