{"Mean":{"confidence_interval":{"confidence_level":0.95,"lower_bound":27685.73974831299,"upper_bound":27996.353298024347},"point_estimate":27806.392911137482,"standard_error":82.65762783692458},"Median":{"confidence_interval":{"confidence_level":0.95,"lower_bound":27648.708830171636,"upper_bound":27678.674682215413},"point_estimate":27657.424541062803,"standard_error":8.270784852223002},"MedianAbsDev":{"confidence_interval":{"confidence_level":0.95,"lower_bound":44.29514521360448,"upper_bound":72.1535987326503},"point_estimate":57.248917396674806,"standard_error":6.807770261172836},"Slope":{"confidence_interval":{"confidence_level":0.95,"lower_bound":27651.150677159792,"upper_bound":27806.252615183814},"point_estimate":27704.932524341988,"standard_error":43.4729048882587},"StdDev":{"confidence_interval":{"confidence_level":0.95,"lower_bound":129.81995593346926,"upper_bound":1373.9087192560983},"point_estimate":831.101749248033,"standard_error":372.97870642768913}}