{"Mean":{"confidence_interval":{"confidence_level":0.95,"lower_bound":5615.275340836608,"upper_bound":5683.729569474458},"point_estimate":5646.172074813617,"standard_error":17.64774710113792},"Median":{"confidence_interval":{"confidence_level":0.95,"lower_bound":5593.231268647201,"upper_bound":5615.732718894009},"point_estimate":5603.815053503463,"standard_error":5.206366974148392},"MedianAbsDev":{"confidence_interval":{"confidence_level":0.95,"lower_bound":29.546345340083526,"upper_bound":45.69986883382684},"point_estimate":37.646860354141964,"standard_error":4.048634709308749},"Slope":{"confidence_interval":{"confidence_level":0.95,"lower_bound":5600.882932175057,"upper_bound":5707.448191852603},"point_estimate":5647.024551175772,"standard_error":27.484242102127393},"StdDev":{"confidence_interval":{"confidence_level":0.95,"lower_bound":96.6047902902737,"upper_bound":238.94347242941996},"point_estimate":176.6756139183962,"standard_error":36.55406317655933}}