{"Mean":{"confidence_interval":{"confidence_level":0.95,"lower_bound":27938.40044290794,"upper_bound":28525.233949230987},"point_estimate":28178.290127427328,"standard_error":153.074480140786},"Median":{"confidence_interval":{"confidence_level":0.95,"lower_bound":27791.652777777777,"upper_bound":27831.072787427627},"point_estimate":27811.86947449947,"standard_error":10.745221255490035},"MedianAbsDev":{"confidence_interval":{"confidence_level":0.95,"lower_bound":58.75257305633978,"upper_bound":107.98935875984269},"point_estimate":80.35044867852726,"standard_error":12.57102666263409},"Slope":{"confidence_interval":{"confidence_level":0.95,"lower_bound":27858.862872788708,"upper_bound":28295.224616998694},"point_estimate":28044.732073871568,"standard_error":113.0477671167495},"StdDev":{"confidence_interval":{"confidence_level":0.95,"lower_bound":517.7926697337772,"upper_bound":2465.355775621925},"point_estimate":1539.5743346208114,"standard_error":601.2255371035155}}