{"Mean":{"confidence_interval":{"confidence_level":0.95,"lower_bound":1854.5171213631809,"upper_bound":1854.9792383731733},"point_estimate":1854.7430406152914,"standard_error":0.11747516810600517},"Median":{"confidence_interval":{"confidence_level":0.95,"lower_bound":1854.521449481252,"upper_bound":1854.9094390438918},"point_estimate":1854.653581664224,"standard_error":0.10056925476473512},"MedianAbsDev":{"confidence_interval":{"confidence_level":0.95,"lower_bound":0.5006802995965347,"upper_bound":0.7828821315225175},"point_estimate":0.6210199687386183,"standard_error":0.07639383127596759},"Slope":{"confidence_interval":{"confidence_level":0.95,"lower_bound":1854.525025781819,"upper_bound":1854.8868034687152},"point_estimate":1854.6978830344883,"standard_error":0.09221529212733755},"StdDev":{"confidence_interval":{"confidence_level":0.95,"lower_bound":0.7473146660982533,"upper_bound":1.5605096664968838},"point_estimate":1.1786209635770062,"standard_error":0.20793892150001725}}