{"Mean":{"confidence_interval":{"confidence_level":0.95,"lower_bound":1484298.3228260183,"upper_bound":1485267.0452789378},"point_estimate":1484750.947147771,"standard_error":248.7409240674558},"Median":{"confidence_interval":{"confidence_level":0.95,"lower_bound":1483672.4951267056,"upper_bound":1484185.3297380586},"point_estimate":1483781.1390773407,"standard_error":133.2874133421385},"MedianAbsDev":{"confidence_interval":{"confidence_level":0.95,"lower_bound":740.0351456226866,"upper_bound":1373.8296901591614},"point_estimate":921.5174266396987,"standard_error":156.94549186172546},"Slope":{"confidence_interval":{"confidence_level":0.95,"lower_bound":1483681.9590168982,"upper_bound":1484442.8323850674},"point_estimate":1484012.7746150435,"standard_error":195.79351748909548},"StdDev":{"confidence_interval":{"confidence_level":0.95,"lower_bound":1657.2510108719287,"upper_bound":3229.8181722814534},"point_estimate":2503.294711690536,"standard_error":401.5336904124425}}