{"Mean":{"confidence_interval":{"confidence_level":0.95,"lower_bound":376440.72323867935,"upper_bound":376872.5132856736},"point_estimate":376622.29417912057,"standard_error":112.49334580024068},"Median":{"confidence_interval":{"confidence_level":0.95,"lower_bound":376364.875,"upper_bound":376381.2044695071},"point_estimate":376370.3412433568,"standard_error":4.181551299876693},"MedianAbsDev":{"confidence_interval":{"confidence_level":0.95,"lower_bound":20.851771559608654,"upper_bound":49.1161113905397},"point_estimate":37.85286131298381,"standard_error":7.492789087094375},"Slope":{"confidence_interval":{"confidence_level":0.95,"lower_bound":376408.0846574391,"upper_bound":376510.2429963276},"point_estimate":376455.6407142505,"standard_error":26.1728197683182},"StdDev":{"confidence_interval":{"confidence_level":0.95,"lower_bound":212.04387823158524,"upper_bound":1739.3680760378309},"point_estimate":1130.8023761810937,"standard_error":401.0838715367353}}