{"Mean":{"confidence_interval":{"confidence_level":0.95,"lower_bound":53374.1647134838,"upper_bound":53395.09900112598},"point_estimate":53383.88711941246,"standard_error":5.371065351385701},"Median":{"confidence_interval":{"confidence_level":0.95,"lower_bound":53366.94201527203,"upper_bound":53370.16437246963},"point_estimate":53369.07161084529,"standard_error":0.8246904167950372},"MedianAbsDev":{"confidence_interval":{"confidence_level":0.95,"lower_bound":7.5943287284142516,"upper_bound":13.988212360667946},"point_estimate":10.65048272957197,"standard_error":1.5688676865160183},"Slope":{"confidence_interval":{"confidence_level":0.95,"lower_bound":53369.69630422401,"upper_bound":53393.1039759548},"point_estimate":53380.26600405995,"standard_error":6.018008962788773},"StdDev":{"confidence_interval":{"confidence_level":0.95,"lower_bound":34.06171118686559,"upper_bound":70.37479831962531},"point_estimate":54.03720335132402,"standard_error":9.25436457525494}}