{"Mean":{"confidence_interval":{"confidence_level":0.95,"lower_bound":343384.15847227786,"upper_bound":345490.8794041064},"point_estimate":344261.8917158345,"standard_error":549.6264018321809},"Median":{"confidence_interval":{"confidence_level":0.95,"lower_bound":342608.29743589746,"upper_bound":343054.649122807},"point_estimate":342874.2757364341,"standard_error":109.2093561337501},"MedianAbsDev":{"confidence_interval":{"confidence_level":0.95,"lower_bound":723.5350155669353,"upper_bound":1324.7628482334562},"point_estimate":1004.3212925453806,"standard_error":154.47810376012248},"Slope":{"confidence_interval":{"confidence_level":0.95,"lower_bound":342452.2476636496,"upper_bound":343003.8689940704},"point_estimate":342698.75160730997,"standard_error":141.22223519405694},"StdDev":{"confidence_interval":{"confidence_level":0.95,"lower_bound":1964.9080376235188,"upper_bound":8736.702631529002},"point_estimate":5522.979441022705,"standard_error":1989.6894007754972}}