{"Mean":{"confidence_interval":{"confidence_level":0.95,"lower_bound":43151.43394612174,"upper_bound":44475.725739323156},"point_estimate":43721.06315148665,"standard_error":343.1460882626115},"Median":{"confidence_interval":{"confidence_level":0.95,"lower_bound":42697.38669301713,"upper_bound":42758.37856071964},"point_estimate":42726.67827868852,"standard_error":16.952963819652563},"MedianAbsDev":{"confidence_interval":{"confidence_level":0.95,"lower_bound":89.70886116429546,"upper_bound":173.14871075318422},"point_estimate":126.40931756578753,"standard_error":21.18235331383816},"Slope":{"confidence_interval":{"confidence_level":0.95,"lower_bound":42731.8512440984,"upper_bound":43124.81275107389},"point_estimate":42891.755367030535,"standard_error":103.09565465600244},"StdDev":{"confidence_interval":{"confidence_level":0.95,"lower_bound":1403.6625511456382,"upper_bound":5313.40640087688},"point_estimate":3457.632260051096,"standard_error":1104.0454830166116}}