{"Mean":{"confidence_interval":{"confidence_level":0.95,"lower_bound":42443.51625413928,"upper_bound":42907.18181536556},"point_estimate":42638.35345270998,"standard_error":120.23361834986493},"Median":{"confidence_interval":{"confidence_level":0.95,"lower_bound":42359.814383971294,"upper_bound":42419.40303030303},"point_estimate":42381.41329401788,"standard_error":14.824110602015395},"MedianAbsDev":{"confidence_interval":{"confidence_level":0.95,"lower_bound":68.96308904299023,"upper_bound":139.0426975476135},"point_estimate":95.04662760450564,"standard_error":18.496703641514433},"Slope":{"confidence_interval":{"confidence_level":0.95,"lower_bound":42366.90933859529,"upper_bound":42633.18282673975},"point_estimate":42453.299893355004,"standard_error":76.31880700166937},"StdDev":{"confidence_interval":{"confidence_level":0.95,"lower_bound":287.6799362942863,"upper_bound":1900.7048177642112},"point_estimate":1208.0763120381064,"standard_error":425.2660371165643}}