{"Mean":{"confidence_interval":{"confidence_level":0.95,"lower_bound":1073668.4818119232,"upper_bound":1141924.0195397548},"point_estimate":1098009.969918959,"standard_error":20187.237597333096},"Median":{"confidence_interval":{"confidence_level":0.95,"lower_bound":1066609.327542373,"upper_bound":1068328.6666666667},"point_estimate":1067546.2630010834,"standard_error":397.3768949460666},"MedianAbsDev":{"confidence_interval":{"confidence_level":0.95,"lower_bound":2716.4499976824695,"upper_bound":5298.015877856378},"point_estimate":4240.896483448534,"standard_error":690.7318409010272},"Slope":{"confidence_interval":{"confidence_level":0.95,"lower_bound":1068165.137723196,"upper_bound":1080974.2531857064},"point_estimate":1073564.8708822227,"standard_error":3330.5622418759644},"StdDev":{"confidence_interval":{"confidence_level":0.95,"lower_bound":20230.81998681046,"upper_bound":345673.0458187936},"point_estimate":202993.83108920522,"standard_error":113703.38320788568}}