{"Mean":{"confidence_interval":{"confidence_level":0.95,"lower_bound":2865398.3742725607,"upper_bound":2868915.4935160815},"point_estimate":2866979.485047928,"standard_error":910.1937567434535},"Median":{"confidence_interval":{"confidence_level":0.95,"lower_bound":2864709.904761905,"upper_bound":2866620.4209558824},"point_estimate":2865688.583333333,"standard_error":461.35829260295736},"MedianAbsDev":{"confidence_interval":{"confidence_level":0.95,"lower_bound":3138.99793626952,"upper_bound":5615.957804080885},"point_estimate":4151.213093699089,"standard_error":636.0822752007273},"Slope":{"confidence_interval":{"confidence_level":0.95,"lower_bound":2865507.5801479337,"upper_bound":2867741.0625928384},"point_estimate":2866590.7896113493,"standard_error":570.6096086717968},"StdDev":{"confidence_interval":{"confidence_level":0.95,"lower_bound":4842.471219558152,"upper_bound":13747.000456614855},"point_estimate":9182.138930663552,"standard_error":2615.401780070845}}