{"Mean":{"confidence_interval":{"confidence_level":0.95,"lower_bound":974.010338003954,"upper_bound":974.0863629586297},"point_estimate":974.048407510679,"standard_error":0.01928352438680093},"Median":{"confidence_interval":{"confidence_level":0.95,"lower_bound":974.0071532999165,"upper_bound":974.0931430137844},"point_estimate":974.058060515873,"standard_error":0.02369585768283605},"MedianAbsDev":{"confidence_interval":{"confidence_level":0.95,"lower_bound":0.13573081153272298,"upper_bound":0.2052986795562314},"point_estimate":0.17424226773984,"standard_error":0.01786934885285519},"Slope":{"confidence_interval":{"confidence_level":0.95,"lower_bound":974.070487484016,"upper_bound":974.1295474524699},"point_estimate":974.1012980975603,"standard_error":0.015099717296115001},"StdDev":{"confidence_interval":{"confidence_level":0.95,"lower_bound":0.15019110922685536,"upper_bound":0.23757868962401918},"point_estimate":0.19426930143506585,"standard_error":0.02253426445963372}}