{"Mean":{"confidence_interval":{"confidence_level":0.95,"lower_bound":3104.9704894706024,"upper_bound":3144.7833211717852},"point_estimate":3118.440618716704,"standard_error":12.88977684191013},"Median":{"confidence_interval":{"confidence_level":0.95,"lower_bound":3104.396507687715,"upper_bound":3104.727330779055},"point_estimate":3104.5977333011815,"standard_error":0.08390143244195286},"MedianAbsDev":{"confidence_interval":{"confidence_level":0.95,"lower_bound":0.4152613067671616,"upper_bound":0.7089955106474258},"point_estimate":0.5540151322347169,"standard_error":0.07660537576612168},"Slope":{"confidence_interval":{"confidence_level":0.95,"lower_bound":3104.404991702525,"upper_bound":3105.1893401493253},"point_estimate":3104.701393689549,"standard_error":0.20763125411699154},"StdDev":{"confidence_interval":{"confidence_level":0.95,"lower_bound":1.9355154676853,"upper_bound":222.0790262560026},"point_estimate":129.53645469830792,"standard_error":79.85778040010534}}