{"Mean":{"confidence_interval":{"confidence_level":0.95,"lower_bound":1937.3154935463315,"upper_bound":1938.2666740649893},"point_estimate":1937.7473837443802,"standard_error":0.24310671565648095},"Median":{"confidence_interval":{"confidence_level":0.95,"lower_bound":1936.5740872896636,"upper_bound":1937.9237328506097},"point_estimate":1936.8518288352273,"standard_error":0.5325929093814},"MedianAbsDev":{"confidence_interval":{"confidence_level":0.95,"lower_bound":0.797183228396096,"upper_bound":1.9627654509498034},"point_estimate":1.4325508485905327,"standard_error":0.3457826673908644},"Slope":{"confidence_interval":{"confidence_level":0.95,"lower_bound":1937.6612054407262,"upper_bound":1939.0820919793214},"point_estimate":1938.2686794485185,"standard_error":0.36606363180788487},"StdDev":{"confidence_interval":{"confidence_level":0.95,"lower_bound":1.4286203638622905,"upper_bound":3.3789000837166356},"point_estimate":2.4440051806947447,"standard_error":0.5047768430884078}}