{"Mean":{"confidence_interval":{"confidence_level":0.95,"lower_bound":126670.73952795603,"upper_bound":126731.19418726905},"point_estimate":126695.45645321418,"standard_error":15.723093038118039},"Median":{"confidence_interval":{"confidence_level":0.95,"lower_bound":126660.30974264705,"upper_bound":126662.61750431405},"point_estimate":126661.32257661558,"standard_error":0.6919337230136081},"MedianAbsDev":{"confidence_interval":{"confidence_level":0.95,"lower_bound":3.6173835137023143,"upper_bound":7.034454781320991},"point_estimate":5.293944183765958,"standard_error":0.8985576975699706},"Slope":{"confidence_interval":{"confidence_level":0.95,"lower_bound":126666.79862046128,"upper_bound":126701.64648415343},"point_estimate":126682.07595463278,"standard_error":9.012159190206336},"StdDev":{"confidence_interval":{"confidence_level":0.95,"lower_bound":47.40306859502904,"upper_bound":253.49346936784335},"point_estimate":158.11265827741266,"standard_error":61.32266895311209}}