{"Mean":{"confidence_interval":{"confidence_level":0.95,"lower_bound":8584.240368962654,"upper_bound":8683.182432453468},"point_estimate":8622.390727169339,"standard_error":26.3306742852861},"Median":{"confidence_interval":{"confidence_level":0.95,"lower_bound":8570.576238624873,"upper_bound":8581.804655248134},"point_estimate":8576.870115059566,"standard_error":2.797339077457554},"MedianAbsDev":{"confidence_interval":{"confidence_level":0.95,"lower_bound":13.376445957514246,"upper_bound":23.65068817136453},"point_estimate":17.510200738030235,"standard_error":2.6176225979816827},"Slope":{"confidence_interval":{"confidence_level":0.95,"lower_bound":8575.02421043368,"upper_bound":8619.268220373271},"point_estimate":8590.782280401694,"standard_error":11.973673440560164},"StdDev":{"confidence_interval":{"confidence_level":0.95,"lower_bound":55.270592029298264,"upper_bound":436.63660159217034},"point_estimate":263.9628312621053,"standard_error":119.99194978617085}}