{"Mean":{"confidence_interval":{"confidence_level":0.95,"lower_bound":2573.333826585959,"upper_bound":2574.6214866221726},"point_estimate":2573.8977625163584,"standard_error":0.3317098975382909},"Median":{"confidence_interval":{"confidence_level":0.95,"lower_bound":2572.8597664961303,"upper_bound":2573.0613636363637},"point_estimate":2572.9261987613663,"standard_error":0.044623971682079544},"MedianAbsDev":{"confidence_interval":{"confidence_level":0.95,"lower_bound":0.24805784665825015,"upper_bound":0.6099189738232893},"point_estimate":0.3774122293489557,"standard_error":0.09726426132659773},"Slope":{"confidence_interval":{"confidence_level":0.95,"lower_bound":2573.2501426038334,"upper_bound":2574.8678285589},"point_estimate":2573.936245331143,"standard_error":0.4190548990561937},"StdDev":{"confidence_interval":{"confidence_level":0.95,"lower_bound":1.3366479143977488,"upper_bound":4.921842773188881},"point_estimate":3.338168902863642,"standard_error":0.9343975487859614}}