{"Mean":{"confidence_interval":{"confidence_level":0.95,"lower_bound":191.95985834994832,"upper_bound":192.15961276492564},"point_estimate":192.0541057963348,"standard_error":0.05109758687496335},"Median":{"confidence_interval":{"confidence_level":0.95,"lower_bound":191.71168665485996,"upper_bound":192.07083845639465},"point_estimate":191.91215913414453,"standard_error":0.09751791742077391},"MedianAbsDev":{"confidence_interval":{"confidence_level":0.95,"lower_bound":0.11024473596680152,"upper_bound":0.5560081315692086},"point_estimate":0.37606953206886645,"standard_error":0.12279292079835163},"Slope":{"confidence_interval":{"confidence_level":0.95,"lower_bound":192.0211751031114,"upper_bound":192.248342676753},"point_estimate":192.12628198552954,"standard_error":0.057854386935052994},"StdDev":{"confidence_interval":{"confidence_level":0.95,"lower_bound":0.36699574157881665,"upper_bound":0.6726362011047936},"point_estimate":0.5120630386011499,"standard_error":0.08121151449895071}}