{"Mean":{"confidence_interval":{"confidence_level":0.95,"lower_bound":1380272.0333393908,"upper_bound":1444916.5284390573},"point_estimate":1403218.072675359,"standard_error":19212.56918339003},"Median":{"confidence_interval":{"confidence_level":0.95,"lower_bound":1373567.744680851,"upper_bound":1376018.275},"point_estimate":1374933.714354067,"standard_error":609.441716557712},"MedianAbsDev":{"confidence_interval":{"confidence_level":0.95,"lower_bound":3498.490712789375,"upper_bound":7131.384488879894},"point_estimate":4915.322996735525,"standard_error":936.1363381310704},"Slope":{"confidence_interval":{"confidence_level":0.95,"lower_bound":1375641.9030190576,"upper_bound":1389466.9090622764},"point_estimate":1381341.199009901,"standard_error":3619.230337246555},"StdDev":{"confidence_interval":{"confidence_level":0.95,"lower_bound":20373.633711584036,"upper_bound":326939.13995539246},"point_estimate":191894.26214057257,"standard_error":107960.5962289511}}