{"Mean":{"confidence_interval":{"confidence_level":0.95,"lower_bound":5024005.701629404,"upper_bound":5121691.468713705},"point_estimate":5056827.211687515,"standard_error":31877.29310666383},"Median":{"confidence_interval":{"confidence_level":0.95,"lower_bound":5023782.571186167,"upper_bound":5025273.6208513705},"point_estimate":5024406.599917764,"standard_error":391.1169068273878},"MedianAbsDev":{"confidence_interval":{"confidence_level":0.95,"lower_bound":1993.828242359831,"upper_bound":3743.6262469227277},"point_estimate":2578.399039346267,"standard_error":437.34272454992976},"Slope":{"confidence_interval":{"confidence_level":0.95,"lower_bound":5023480.564000322,"upper_bound":5024807.335735851},"point_estimate":5024142.9028727645,"standard_error":337.0819750308739},"StdDev":{"confidence_interval":{"confidence_level":0.95,"lower_bound":3440.8261146992286,"upper_bound":551609.1452141741},"point_estimate":321708.0493816586,"standard_error":199871.99618437703}}