{"Mean":{"confidence_interval":{"confidence_level":0.95,"lower_bound":115715.18671256427,"upper_bound":115822.06845551557},"point_estimate":115758.76069626986,"standard_error":27.918812849642634},"Median":{"confidence_interval":{"confidence_level":0.95,"lower_bound":115694.84627092846,"upper_bound":115713.21350762527},"point_estimate":115704.34645061729,"standard_error":5.212495534144049},"MedianAbsDev":{"confidence_interval":{"confidence_level":0.95,"lower_bound":30.98729585066325,"upper_bound":50.992810205810045},"point_estimate":39.62206190341403,"standard_error":5.031654495474625},"Slope":{"confidence_interval":{"confidence_level":0.95,"lower_bound":115706.64280737487,"upper_bound":115769.80957523044},"point_estimate":115733.22062788368,"standard_error":16.39932284762338},"StdDev":{"confidence_interval":{"confidence_level":0.95,"lower_bound":92.51073880667565,"upper_bound":448.8373797638522},"point_estimate":280.0767886377103,"standard_error":109.08680632313757}}