{"Mean":{"confidence_interval":{"confidence_level":0.95,"lower_bound":9277.344971361348,"upper_bound":9279.900911382438},"point_estimate":9278.483487558038,"standard_error":0.6551646622470417},"Median":{"confidence_interval":{"confidence_level":0.95,"lower_bound":9276.671877655055,"upper_bound":9277.08268996343},"point_estimate":9276.919014443502,"standard_error":0.10264307586134451},"MedianAbsDev":{"confidence_interval":{"confidence_level":0.95,"lower_bound":0.515808377683365,"upper_bound":0.8555503217160981},"point_estimate":0.6641282101016025,"standard_error":0.08408765715959118},"Slope":{"confidence_interval":{"confidence_level":0.95,"lower_bound":9277.326686646908,"upper_bound":9280.28418169849},"point_estimate":9278.652476573365,"standard_error":0.7590540162597472},"StdDev":{"confidence_interval":{"confidence_level":0.95,"lower_bound":3.194624598814473,"upper_bound":9.35779941868079},"point_estimate":6.572579160968573,"standard_error":1.5885919659927872}}