{"Mean":{"confidence_interval":{"confidence_level":0.95,"lower_bound":91688.63913164851,"upper_bound":93342.11634536042},"point_estimate":92343.89283490645,"standard_error":436.8474697422849},"Median":{"confidence_interval":{"confidence_level":0.95,"lower_bound":91495.5544163747,"upper_bound":91600.22935555011},"point_estimate":91547.93939393939,"standard_error":23.19525193218281},"MedianAbsDev":{"confidence_interval":{"confidence_level":0.95,"lower_bound":148.4280861156077,"upper_bound":278.59472335002954},"point_estimate":196.23542660689012,"standard_error":34.2745372373227},"Slope":{"confidence_interval":{"confidence_level":0.95,"lower_bound":91502.41588930547,"upper_bound":91914.24370329916},"point_estimate":91667.93500490347,"standard_error":108.08230490932773},"StdDev":{"confidence_interval":{"confidence_level":0.95,"lower_bound":669.8903410003572,"upper_bound":7195.165747963634},"point_estimate":4391.075504447138,"standard_error":1886.6546942989846}}