{"Mean":{"confidence_interval":{"confidence_level":0.95,"lower_bound":3454438.28894676,"upper_bound":3459964.40083148},"point_estimate":3456935.274078039,"standard_error":1428.5254431851984},"Median":{"confidence_interval":{"confidence_level":0.95,"lower_bound":3451828.8181818184,"upper_bound":3454193.5625},"point_estimate":3453205.920424403,"standard_error":662.549309653757},"MedianAbsDev":{"confidence_interval":{"confidence_level":0.95,"lower_bound":4214.150492288164,"upper_bound":7245.734067042975},"point_estimate":5798.164113589681,"standard_error":715.507994519633},"Slope":{"confidence_interval":{"confidence_level":0.95,"lower_bound":3452433.6002660445,"upper_bound":3463113.978983604},"point_estimate":3456639.0647376976,"standard_error":2863.071551021379},"StdDev":{"confidence_interval":{"confidence_level":0.95,"lower_bound":7571.832404029173,"upper_bound":20584.934306028732},"point_estimate":14379.757891971753,"standard_error":3462.249447774192}}