{"Mean":{"confidence_interval":{"confidence_level":0.95,"lower_bound":2515004.6671363353,"upper_bound":2518182.872261612},"point_estimate":2516473.0609838455,"standard_error":813.1733603145071},"Median":{"confidence_interval":{"confidence_level":0.95,"lower_bound":2514082.695652174,"upper_bound":2515921.5625},"point_estimate":2514995.709523809,"standard_error":524.8178677851577},"MedianAbsDev":{"confidence_interval":{"confidence_level":0.95,"lower_bound":2780.6470532493327,"upper_bound":5169.602436404454},"point_estimate":4126.2448952063205,"standard_error":597.5767141111519},"Slope":{"confidence_interval":{"confidence_level":0.95,"lower_bound":2514138.283286066,"upper_bound":2517376.9376163185},"point_estimate":2515493.7169824145,"standard_error":847.314830743966},"StdDev":{"confidence_interval":{"confidence_level":0.95,"lower_bound":4662.216652484032,"upper_bound":11185.14172394331},"point_estimate":8210.546207599762,"standard_error":1662.7287651381482}}