{"Mean":{"confidence_interval":{"confidence_level":0.95,"lower_bound":636973.4692771335,"upper_bound":639103.9931089465},"point_estimate":637949.502885004,"standard_error":543.8540132264526},"Median":{"confidence_interval":{"confidence_level":0.95,"lower_bound":636401.7857142857,"upper_bound":638562.3618421053},"point_estimate":637210.7681924882,"standard_error":527.6345481779184},"MedianAbsDev":{"confidence_interval":{"confidence_level":0.95,"lower_bound":3044.5962646975827,"upper_bound":5145.473901329934},"point_estimate":3713.546696571363,"standard_error":531.7537899114254},"Slope":{"confidence_interval":{"confidence_level":0.95,"lower_bound":635996.9246628665,"upper_bound":637778.5612615369},"point_estimate":636858.5000044333,"standard_error":454.86743328420073},"StdDev":{"confidence_interval":{"confidence_level":0.95,"lower_bound":3423.9110716524488,"upper_bound":7839.852256480677},"point_estimate":5446.340564326907,"standard_error":1325.4782214873626}}