{"Mean":{"confidence_interval":{"confidence_level":0.95,"lower_bound":665633.9024660982,"upper_bound":665859.0231320399},"point_estimate":665744.1942454022,"standard_error":57.07802956219683},"Median":{"confidence_interval":{"confidence_level":0.95,"lower_bound":665691.8416666667,"upper_bound":665887.8793103448},"point_estimate":665798.3383962264,"standard_error":46.52143780880884},"MedianAbsDev":{"confidence_interval":{"confidence_level":0.95,"lower_bound":293.6195938604243,"upper_bound":513.7024473619041},"point_estimate":399.66928551337736,"standard_error":52.62411470311002},"Slope":{"confidence_interval":{"confidence_level":0.95,"lower_bound":665720.3104897224,"upper_bound":665889.4492278701},"point_estimate":665806.0068331609,"standard_error":43.167030006954185},"StdDev":{"confidence_interval":{"confidence_level":0.95,"lower_bound":410.35068736198684,"upper_bound":747.9343293336814},"point_estimate":575.8982950892442,"standard_error":88.12471606017267}}