{"Mean":{"confidence_interval":{"confidence_level":0.95,"lower_bound":41567.96064308711,"upper_bound":41605.17996642822},"point_estimate":41583.2028645224,"standard_error":9.702145519469623},"Median":{"confidence_interval":{"confidence_level":0.95,"lower_bound":41562.13082437276,"upper_bound":41563.165364583336},"point_estimate":41562.90209144454,"standard_error":0.22266800557696714},"MedianAbsDev":{"confidence_interval":{"confidence_level":0.95,"lower_bound":1.5481218534088228,"upper_bound":2.9678614861994963},"point_estimate":2.286304735088192,"standard_error":0.3840236243191302},"Slope":{"confidence_interval":{"confidence_level":0.95,"lower_bound":41567.24307772981,"upper_bound":41582.21253471036},"point_estimate":41573.89861102901,"standard_error":3.835633371408213},"StdDev":{"confidence_interval":{"confidence_level":0.95,"lower_bound":19.25905762245757,"upper_bound":155.9383972102432},"point_estimate":97.82086964793012,"standard_error":37.29415048755664}}