{"Mean":{"confidence_interval":{"confidence_level":0.95,"lower_bound":98067.89340522158,"upper_bound":101030.74285341254},"point_estimate":99190.74304904696,"standard_error":793.3980146838678},"Median":{"confidence_interval":{"confidence_level":0.95,"lower_bound":97702.24884020619,"upper_bound":97841.8373493976},"point_estimate":97741.84366531167,"standard_error":34.73864895352011},"MedianAbsDev":{"confidence_interval":{"confidence_level":0.95,"lower_bound":180.86530117256086,"upper_bound":349.77888736912274},"point_estimate":227.46403690002927,"standard_error":41.00593999119104},"Slope":{"confidence_interval":{"confidence_level":0.95,"lower_bound":97780.85705938254,"upper_bound":98950.97479395375},"point_estimate":98207.07680331018,"standard_error":319.1550651467694},"StdDev":{"confidence_interval":{"confidence_level":0.95,"lower_bound":1336.8470671544644,"upper_bound":13211.83258694626},"point_estimate":7943.155703898716,"standard_error":3720.469617380933}}