{"Mean":{"confidence_interval":{"confidence_level":0.95,"lower_bound":407513.4616184022,"upper_bound":412346.10239334445},"point_estimate":409702.0452884976,"standard_error":1241.287747583359},"Median":{"confidence_interval":{"confidence_level":0.95,"lower_bound":405481.4248366013,"upper_bound":406216.5773124712},"point_estimate":405819.5533272283,"standard_error":186.33094594961827},"MedianAbsDev":{"confidence_interval":{"confidence_level":0.95,"lower_bound":794.6590768585547,"upper_bound":1746.7713447605863},"point_estimate":1237.0958819858163,"standard_error":242.02639086884454},"Slope":{"confidence_interval":{"confidence_level":0.95,"lower_bound":406120.25845216465,"upper_bound":412254.9847017764},"point_estimate":408461.42738682823,"standard_error":1659.1051342056553},"StdDev":{"confidence_interval":{"confidence_level":0.95,"lower_bound":6403.171184959222,"upper_bound":17194.200331703778},"point_estimate":12469.231215903037,"standard_error":2732.7833307194956}}