{"Mean":{"confidence_interval":{"confidence_level":0.95,"lower_bound":388630.2119116524,"upper_bound":391033.3540710833},"point_estimate":389706.4996141004,"standard_error":618.2690477315829},"Median":{"confidence_interval":{"confidence_level":0.95,"lower_bound":387718.3333333333,"upper_bound":388341.65244092036},"point_estimate":387963.57741738064,"standard_error":154.53338859116374},"MedianAbsDev":{"confidence_interval":{"confidence_level":0.95,"lower_bound":799.1178808482786,"upper_bound":1492.2711404433765},"point_estimate":1089.7534060432217,"standard_error":172.55179691963113},"Slope":{"confidence_interval":{"confidence_level":0.95,"lower_bound":387899.4014004676,"upper_bound":390382.0649938148},"point_estimate":388920.34267671546,"standard_error":646.5260524677285},"StdDev":{"confidence_interval":{"confidence_level":0.95,"lower_bound":2665.565221574182,"upper_bound":8717.464277944588},"point_estimate":6206.086605079027,"standard_error":1496.1838765068828}}