{"Mean":{"confidence_interval":{"confidence_level":0.95,"lower_bound":956.6121516476339,"upper_bound":956.9641188194624},"point_estimate":956.7685387221953,"standard_error":0.09019426918151488},"Median":{"confidence_interval":{"confidence_level":0.95,"lower_bound":956.4568668046929,"upper_bound":956.6443409247757},"point_estimate":956.5690214821667,"standard_error":0.05445395463081703},"MedianAbsDev":{"confidence_interval":{"confidence_level":0.95,"lower_bound":0.17202211451201224,"upper_bound":0.29366084764049766},"point_estimate":0.2226522334301875,"standard_error":0.03157072997090526},"Slope":{"confidence_interval":{"confidence_level":0.95,"lower_bound":956.619718039318,"upper_bound":956.9443987131623},"point_estimate":956.7649604524372,"standard_error":0.083154791560788},"StdDev":{"confidence_interval":{"confidence_level":0.95,"lower_bound":0.4024873792300656,"upper_bound":1.3157754167943645},"point_estimate":0.9092688928907858,"standard_error":0.2358002157325636}}