{"Mean":{"confidence_interval":{"confidence_level":0.95,"lower_bound":968.3190309783902,"upper_bound":968.3844021748658},"point_estimate":968.3518995864757,"standard_error":0.016647209171727517},"Median":{"confidence_interval":{"confidence_level":0.95,"lower_bound":968.2875996209252,"upper_bound":968.4065269049847},"point_estimate":968.337451076321,"standard_error":0.03420710743259239},"MedianAbsDev":{"confidence_interval":{"confidence_level":0.95,"lower_bound":0.1325870101383191,"upper_bound":0.21513052700257512},"point_estimate":0.17267634313622382,"standard_error":0.022337265737536856},"Slope":{"confidence_interval":{"confidence_level":0.95,"lower_bound":968.3230239654687,"upper_bound":968.4128492410421},"point_estimate":968.3706405003909,"standard_error":0.023010021714720632},"StdDev":{"confidence_interval":{"confidence_level":0.95,"lower_bound":0.1406483029483453,"upper_bound":0.19256498560121926},"point_estimate":0.16707350715730876,"standard_error":0.013313439633414767}}