{"Mean":{"confidence_interval":{"confidence_level":0.95,"lower_bound":1600.3795832771652,"upper_bound":1600.7765363031417},"point_estimate":1600.5577298453086,"standard_error":0.10190387537711264},"Median":{"confidence_interval":{"confidence_level":0.95,"lower_bound":1600.2422617124394,"upper_bound":1600.295380039344},"point_estimate":1600.2701981576324,"standard_error":0.012585995153343355},"MedianAbsDev":{"confidence_interval":{"confidence_level":0.95,"lower_bound":0.08372531948977131,"upper_bound":0.14097723419269345},"point_estimate":0.12019956696818633,"standard_error":0.014488531530955001},"Slope":{"confidence_interval":{"confidence_level":0.95,"lower_bound":1600.32247493995,"upper_bound":1600.76865481848},"point_estimate":1600.5180803352198,"standard_error":0.11465076907964027},"StdDev":{"confidence_interval":{"confidence_level":0.95,"lower_bound":0.5276678201807697,"upper_bound":1.4307947285103577},"point_estimate":1.0235478960625501,"standard_error":0.23158908754354388}}