{"Mean":{"confidence_interval":{"confidence_level":0.95,"lower_bound":133515.71991869155,"upper_bound":133521.69524913002},"point_estimate":133518.72862505703,"standard_error":1.5218288777121232},"Median":{"confidence_interval":{"confidence_level":0.95,"lower_bound":133515.71794871794,"upper_bound":133521.60326086957},"point_estimate":133518.40298134577,"standard_error":1.3608654095933874},"MedianAbsDev":{"confidence_interval":{"confidence_level":0.95,"lower_bound":8.932998760325944,"upper_bound":14.886876340281944},"point_estimate":11.534886254252386,"standard_error":1.5048246175370612},"Slope":{"confidence_interval":{"confidence_level":0.95,"lower_bound":133514.4864141642,"upper_bound":133519.0649207809},"point_estimate":133516.7085529038,"standard_error":1.1666371378293048},"StdDev":{"confidence_interval":{"confidence_level":0.95,"lower_bound":12.194804835661628,"upper_bound":18.254492800595415},"point_estimate":15.323635663896173,"standard_error":1.5521576652401103}}