{"Mean":{"confidence_interval":{"confidence_level":0.95,"lower_bound":212.72818469859737,"upper_bound":212.88142462712935},"point_estimate":212.80195144173064,"standard_error":0.03923696480598717},"Median":{"confidence_interval":{"confidence_level":0.95,"lower_bound":212.74087681426624,"upper_bound":212.81515738151575},"point_estimate":212.78030194269468,"standard_error":0.021795948668267225},"MedianAbsDev":{"confidence_interval":{"confidence_level":0.95,"lower_bound":0.19588099341982834,"upper_bound":0.3139203184298979},"point_estimate":0.25098053648670604,"standard_error":0.031178421674410914},"Slope":{"confidence_interval":{"confidence_level":0.95,"lower_bound":212.63682657909092,"upper_bound":212.8530987270714},"point_estimate":212.7344088533605,"standard_error":0.05529342694934079},"StdDev":{"confidence_interval":{"confidence_level":0.95,"lower_bound":0.2922801304563423,"upper_bound":0.49190770522719146},"point_estimate":0.39515314749407626,"standard_error":0.05131787142330548}}