{"Mean":{"confidence_interval":{"confidence_level":0.95,"lower_bound":2552.3201744061084,"upper_bound":2556.279919184322},"point_estimate":2553.8878370700613,"standard_error":1.0431812420962763},"Median":{"confidence_interval":{"confidence_level":0.95,"lower_bound":2551.2470700564472,"upper_bound":2552.3680838629557},"point_estimate":2551.731328881329,"standard_error":0.27702524307075727},"MedianAbsDev":{"confidence_interval":{"confidence_level":0.95,"lower_bound":1.2470234594799186,"upper_bound":2.4249506543842156},"point_estimate":1.9454076353806347,"standard_error":0.2898125414715377},"Slope":{"confidence_interval":{"confidence_level":0.95,"lower_bound":2551.0644066275613,"upper_bound":2552.1001657955},"point_estimate":2551.548616566823,"standard_error":0.2649520523843624},"StdDev":{"confidence_interval":{"confidence_level":0.95,"lower_bound":2.7352297740475198,"upper_bound":17.191448162748053},"point_estimate":10.507009238923123,"standard_error":4.492649078435927}}