{"Mean":{"confidence_interval":{"confidence_level":0.95,"lower_bound":4214.82243508606,"upper_bound":4216.559538579031},"point_estimate":4215.587580339098,"standard_error":0.4478892474031114},"Median":{"confidence_interval":{"confidence_level":0.95,"lower_bound":4214.288274797245,"upper_bound":4214.407914133739},"point_estimate":4214.3431930311435,"standard_error":0.029027278325604637},"MedianAbsDev":{"confidence_interval":{"confidence_level":0.95,"lower_bound":0.18541544091801046,"upper_bound":0.35744065854804075},"point_estimate":0.24843438365282966,"standard_error":0.04242305915099322},"Slope":{"confidence_interval":{"confidence_level":0.95,"lower_bound":4214.646478836583,"upper_bound":4217.1615641647},"point_estimate":4215.654533307761,"standard_error":0.6595474483494506},"StdDev":{"confidence_interval":{"confidence_level":0.95,"lower_bound":2.0701443335182645,"upper_bound":6.706955213822017},"point_estimate":4.508900330682113,"standard_error":1.256466538642704}}