{"Mean":{"confidence_interval":{"confidence_level":0.95,"lower_bound":956.6378155120372,"upper_bound":956.8650122544566},"point_estimate":956.7402892641352,"standard_error":0.058195569512101065},"Median":{"confidence_interval":{"confidence_level":0.95,"lower_bound":956.6104133118625,"upper_bound":956.6581090407177},"point_estimate":956.6357339605051,"standard_error":0.012017086515240255},"MedianAbsDev":{"confidence_interval":{"confidence_level":0.95,"lower_bound":0.08348989867880824,"upper_bound":0.16921253897792063},"point_estimate":0.13011166704051172,"standard_error":0.022682213006061446},"Slope":{"confidence_interval":{"confidence_level":0.95,"lower_bound":956.6018415700645,"upper_bound":956.8667666350566},"point_estimate":956.7180058267994,"standard_error":0.0683142642815395},"StdDev":{"confidence_interval":{"confidence_level":0.95,"lower_bound":0.30499362090581844,"upper_bound":0.8167715715183654},"point_estimate":0.5840167973655646,"standard_error":0.1307429251354735}}