{"Mean":{"confidence_interval":{"confidence_level":0.95,"lower_bound":314.0388741197873,"upper_bound":314.31058243512337},"point_estimate":314.1533825508033,"standard_error":0.0706570008018071},"Median":{"confidence_interval":{"confidence_level":0.95,"lower_bound":314.0073829128212,"upper_bound":314.0434446383249},"point_estimate":314.0227095213988,"standard_error":0.008209117226977654},"MedianAbsDev":{"confidence_interval":{"confidence_level":0.95,"lower_bound":0.06400835321915922,"upper_bound":0.11058322508495196},"point_estimate":0.08065535913936926,"standard_error":0.011339656707348432},"Slope":{"confidence_interval":{"confidence_level":0.95,"lower_bound":314.036352099534,"upper_bound":314.1661933507629},"point_estimate":314.09155190931057,"standard_error":0.033377121925197276},"StdDev":{"confidence_interval":{"confidence_level":0.95,"lower_bound":0.15824671761283074,"upper_bound":1.092008693964248},"point_estimate":0.7076451400741892,"standard_error":0.24763371888605915}}