{"Mean":{"confidence_interval":{"confidence_level":0.95,"lower_bound":1943081.6668751384,"upper_bound":2018609.861607449},"point_estimate":1971526.5582713147,"standard_error":20255.153812530487},"Median":{"confidence_interval":{"confidence_level":0.95,"lower_bound":1930800.9655172413,"upper_bound":1934844.2275362317},"point_estimate":1931996.1394799054,"standard_error":1040.8573212435442},"MedianAbsDev":{"confidence_interval":{"confidence_level":0.95,"lower_bound":5928.500371923492,"upper_bound":12182.974310851885},"point_estimate":8569.161585009968,"standard_error":1625.385323916877},"Slope":{"confidence_interval":{"confidence_level":0.95,"lower_bound":1935052.3609640487,"upper_bound":1952984.8692589158},"point_estimate":1943092.394981528,"standard_error":4602.996142760871},"StdDev":{"confidence_interval":{"confidence_level":0.95,"lower_bound":31939.974022723516,"upper_bound":339174.71905380243},"point_estimate":203346.4619334594,"standard_error":96338.3481235363}}