{"Mean":{"confidence_interval":{"confidence_level":0.95,"lower_bound":8305.505988643976,"upper_bound":8308.186559300375},"point_estimate":8306.6434914252,"standard_error":0.6967119937972024},"Median":{"confidence_interval":{"confidence_level":0.95,"lower_bound":8305.071843119604,"upper_bound":8305.594075466444},"point_estimate":8305.2968610674,"standard_error":0.11391609915554583},"MedianAbsDev":{"confidence_interval":{"confidence_level":0.95,"lower_bound":0.6889918820313938,"upper_bound":1.2346897540178883},"point_estimate":0.8473660111748638,"standard_error":0.13890510219207775},"Slope":{"confidence_interval":{"confidence_level":0.95,"lower_bound":8305.289556434345,"upper_bound":8307.32971643437},"point_estimate":8306.002118294666,"standard_error":0.5637006249533248},"StdDev":{"confidence_interval":{"confidence_level":0.95,"lower_bound":1.9475530823385443,"upper_bound":10.930282954619265},"point_estimate":7.015948985867789,"standard_error":2.402576146902786}}