{"Mean":{"confidence_interval":{"confidence_level":0.95,"lower_bound":3023409.410453271,"upper_bound":3052546.6539947046},"point_estimate":3037566.227436328,"standard_error":7417.516535245312},"Median":{"confidence_interval":{"confidence_level":0.95,"lower_bound":3032753.68627451,"upper_bound":3042391.8620689656},"point_estimate":3036884.6863721805,"standard_error":2475.7338284838584},"MedianAbsDev":{"confidence_interval":{"confidence_level":0.95,"lower_bound":22400.720331897744,"upper_bound":46368.11224074987},"point_estimate":28655.788938704103,"standard_error":5743.173277813796},"Slope":{"confidence_interval":{"confidence_level":0.95,"lower_bound":2989889.688628965,"upper_bound":3017338.7845176035},"point_estimate":3004206.265928772,"standard_error":7038.080829905577},"StdDev":{"confidence_interval":{"confidence_level":0.95,"lower_bound":54975.952818021775,"upper_bound":94748.7373681875},"point_estimate":74710.78978365887,"standard_error":10265.664590083032}}