{"Mean":{"confidence_interval":{"confidence_level":0.95,"lower_bound":9332341.909167424,"upper_bound":9354890.837288119},"point_estimate":9342874.89124196,"standard_error":5770.159850636816},"Median":{"confidence_interval":{"confidence_level":0.95,"lower_bound":9319363.935897436,"upper_bound":9322878.28125},"point_estimate":9320744.339285715,"standard_error":917.6730057044235},"MedianAbsDev":{"confidence_interval":{"confidence_level":0.95,"lower_bound":5601.298406216406,"upper_bound":11145.830337782965},"point_estimate":7840.403104350569,"standard_error":1350.5498917409539},"Slope":{"confidence_interval":{"confidence_level":0.95,"lower_bound":9329086.573268915,"upper_bound":9355421.942353383},"point_estimate":9341166.443590956,"standard_error":6716.010825446258},"StdDev":{"confidence_interval":{"confidence_level":0.95,"lower_bound":39638.78775424746,"upper_bound":72932.38944933124},"point_estimate":57975.765180986215,"standard_error":8496.104378666134}}