{"Mean":{"confidence_interval":{"confidence_level":0.95,"lower_bound":9405715.848405587,"upper_bound":9464503.3544832},"point_estimate":9431052.716079274,"standard_error":15152.798570173605},"Median":{"confidence_interval":{"confidence_level":0.95,"lower_bound":9376136.925,"upper_bound":9400587.855421687},"point_estimate":9385629.98924731,"standard_error":5815.8639414444815},"MedianAbsDev":{"confidence_interval":{"confidence_level":0.95,"lower_bound":15474.481599790495,"upper_bound":43453.437923594516},"point_estimate":26094.564931916924,"standard_error":6832.216167725528},"Slope":{"confidence_interval":{"confidence_level":0.95,"lower_bound":9398806.771905784,"upper_bound":9427408.370170215},"point_estimate":9412140.714286981,"standard_error":7299.442257518038},"StdDev":{"confidence_interval":{"confidence_level":0.95,"lower_bound":56506.762525611746,"upper_bound":229339.87053806722},"point_estimate":151811.59936499145,"standard_error":46335.50512106511}}