{"Mean":{"confidence_interval":{"confidence_level":0.95,"lower_bound":3023655.470506628,"upper_bound":3151698.43420929},"point_estimate":3068593.249011363,"standard_error":39162.22581351912},"Median":{"confidence_interval":{"confidence_level":0.95,"lower_bound":3012429.3076593922,"upper_bound":3015354.710526316},"point_estimate":3013298.16,"standard_error":840.3760572131349},"MedianAbsDev":{"confidence_interval":{"confidence_level":0.95,"lower_bound":3358.437202909798,"upper_bound":7815.021985952431},"point_estimate":4966.843774505216,"standard_error":1143.8561124253852},"Slope":{"confidence_interval":{"confidence_level":0.95,"lower_bound":3018229.946703794,"upper_bound":3033259.5882603447},"point_estimate":3024956.267379932,"standard_error":3867.659268204308},"StdDev":{"confidence_interval":{"confidence_level":0.95,"lower_bound":29658.35850976136,"upper_bound":672607.360038985},"point_estimate":393421.76997066214,"standard_error":229148.84452925005}}