{"Mean":{"confidence_interval":{"confidence_level":0.95,"lower_bound":10852.91476190501,"upper_bound":10856.610460255612},"point_estimate":10854.581936653098,"standard_error":0.9473970564771734},"Median":{"confidence_interval":{"confidence_level":0.95,"lower_bound":10851.353205563093,"upper_bound":10851.974560592045},"point_estimate":10851.562745238542,"standard_error":0.16900318232045317},"MedianAbsDev":{"confidence_interval":{"confidence_level":0.95,"lower_bound":0.8368785720987973,"upper_bound":1.4204892410856618},"point_estimate":1.1003112123490362,"standard_error":0.1501684894309313},"Slope":{"confidence_interval":{"confidence_level":0.95,"lower_bound":10852.406954625698,"upper_bound":10857.445451396025},"point_estimate":10854.6251976343,"standard_error":1.2992466846890736},"StdDev":{"confidence_interval":{"confidence_level":0.95,"lower_bound":5.189142554553497,"upper_bound":13.289549850067202},"point_estimate":9.498364135347273,"standard_error":2.098930456248045}}