{"Mean":{"confidence_interval":{"confidence_level":0.95,"lower_bound":62493.09215084783,"upper_bound":64192.002824322975},"point_estimate":63122.58398814905,"standard_error":471.36008053612244},"Median":{"confidence_interval":{"confidence_level":0.95,"lower_bound":62270.483553364524,"upper_bound":62346.96140491453},"point_estimate":62294.70851672535,"standard_error":22.217602011786504},"MedianAbsDev":{"confidence_interval":{"confidence_level":0.95,"lower_bound":123.63559031295694,"upper_bound":237.83536766582995},"point_estimate":165.2630313891657,"standard_error":30.928149386070654},"Slope":{"confidence_interval":{"confidence_level":0.95,"lower_bound":62315.97047001804,"upper_bound":63123.54457343007},"point_estimate":62625.52260436678,"standard_error":216.5306150169644},"StdDev":{"confidence_interval":{"confidence_level":0.95,"lower_bound":766.4410812970435,"upper_bound":7952.843884612018},"point_estimate":4728.365297526342,"standard_error":2399.214162328158}}