{"Mean":{"confidence_interval":{"confidence_level":0.95,"lower_bound":249630.7496557534,"upper_bound":249774.04937337997},"point_estimate":249698.87880561923,"standard_error":36.657419240378786},"Median":{"confidence_interval":{"confidence_level":0.95,"lower_bound":249593.28618421053,"upper_bound":249703.92648809525},"point_estimate":249646.17195945943,"standard_error":28.33549895922759},"MedianAbsDev":{"confidence_interval":{"confidence_level":0.95,"lower_bound":160.2387060472542,"upper_bound":252.0547006070953},"point_estimate":194.62425174957906,"standard_error":23.65143578816355},"Slope":{"confidence_interval":{"confidence_level":0.95,"lower_bound":249767.8036552344,"upper_bound":250021.24253211214},"point_estimate":249888.68461208808,"standard_error":64.60399518948785},"StdDev":{"confidence_interval":{"confidence_level":0.95,"lower_bound":264.9974489006605,"upper_bound":469.24906966316894},"point_estimate":368.11948569178344,"standard_error":52.941605939745365}}