{"Mean":{"confidence_interval":{"confidence_level":0.95,"lower_bound":80972.91682759965,"upper_bound":81049.3717332077},"point_estimate":81007.17477623402,"standard_error":19.579918522657493},"Median":{"confidence_interval":{"confidence_level":0.95,"lower_bound":80941.54033771106,"upper_bound":80954.90141187925},"point_estimate":80944.93063773833,"standard_error":4.115434995058482},"MedianAbsDev":{"confidence_interval":{"confidence_level":0.95,"lower_bound":22.55417655393364,"upper_bound":42.551945718750524},"point_estimate":29.79161195916326,"standard_error":5.085225111215021},"Slope":{"confidence_interval":{"confidence_level":0.95,"lower_bound":80941.0914306568,"upper_bound":80972.59267457051},"point_estimate":80955.06276318332,"standard_error":8.1036526384512},"StdDev":{"confidence_interval":{"confidence_level":0.95,"lower_bound":97.25043374572424,"upper_bound":282.74406196456687},"point_estimate":197.1144126328681,"standard_error":48.044873314573174}}