{"Mean":{"confidence_interval":{"confidence_level":0.95,"lower_bound":20598284.322324812,"upper_bound":20634818.629307907},"point_estimate":20615636.88384232,"standard_error":9326.757380370467},"Median":{"confidence_interval":{"confidence_level":0.95,"lower_bound":20573731.258979887,"upper_bound":20592837.411764707},"point_estimate":20580681.783514492,"standard_error":4808.660566580652},"MedianAbsDev":{"confidence_interval":{"confidence_level":0.95,"lower_bound":26101.113232613934,"upper_bound":59438.158141235115},"point_estimate":38480.414443242444,"standard_error":8148.327005730488},"Slope":{"confidence_interval":{"confidence_level":0.95,"lower_bound":20596046.46965184,"upper_bound":20626509.618209995},"point_estimate":20610858.230846755,"standard_error":7773.5672245425385},"StdDev":{"confidence_interval":{"confidence_level":0.95,"lower_bound":67856.64369408348,"upper_bound":116745.41830901054},"point_estimate":94183.3071458313,"standard_error":12463.43874637878}}