{"Mean":{"confidence_interval":{"confidence_level":0.95,"lower_bound":4644.000706494168,"upper_bound":4645.279184393895},"point_estimate":4644.581661773938,"standard_error":0.3279612627856793},"Median":{"confidence_interval":{"confidence_level":0.95,"lower_bound":4643.520694259012,"upper_bound":4643.677009345794},"point_estimate":4643.5962616822435,"standard_error":0.031343808210231645},"MedianAbsDev":{"confidence_interval":{"confidence_level":0.95,"lower_bound":0.19043105014559863,"upper_bound":0.3320964350228615},"point_estimate":0.2626483875693239,"standard_error":0.03638552065016523},"Slope":{"confidence_interval":{"confidence_level":0.95,"lower_bound":4643.839195302385,"upper_bound":4645.216409269527},"point_estimate":4644.456106186012,"standard_error":0.3527793174321783},"StdDev":{"confidence_interval":{"confidence_level":0.95,"lower_bound":1.8440901223508168,"upper_bound":4.449939724914452},"point_estimate":3.296634260995639,"standard_error":0.6638670322154491}}