{"Mean":{"confidence_interval":{"confidence_level":0.95,"lower_bound":61084.606418643816,"upper_bound":61100.5489923812},"point_estimate":61091.836406417795,"standard_error":4.1002298194730855},"Median":{"confidence_interval":{"confidence_level":0.95,"lower_bound":61081.293408929836,"upper_bound":61082.94501278772},"point_estimate":61082.14020729573,"standard_error":0.4537404364826006},"MedianAbsDev":{"confidence_interval":{"confidence_level":0.95,"lower_bound":3.099809407886349,"upper_bound":11.555449797996234},"point_estimate":6.54213995612745,"standard_error":2.314245729832929},"Slope":{"confidence_interval":{"confidence_level":0.95,"lower_bound":61086.99079899298,"upper_bound":61106.27670297058},"point_estimate":61095.708364293845,"standard_error":4.948124263815104},"StdDev":{"confidence_interval":{"confidence_level":0.95,"lower_bound":22.29711980009486,"upper_bound":57.17652269940038},"point_estimate":41.12284660268511,"standard_error":8.99077274310133}}