{"Mean":{"confidence_interval":{"confidence_level":0.95,"lower_bound":428445.2390313939,"upper_bound":429191.43578459305},"point_estimate":428716.2781247791,"standard_error":212.87203525443562},"Median":{"confidence_interval":{"confidence_level":0.95,"lower_bound":428373.93548387097,"upper_bound":428435.71345029236},"point_estimate":428403.20473182626,"standard_error":19.03183454241373},"MedianAbsDev":{"confidence_interval":{"confidence_level":0.95,"lower_bound":100.2037259870802,"upper_bound":174.32414321529262},"point_estimate":135.33594014241586,"standard_error":19.665665796529268},"Slope":{"confidence_interval":{"confidence_level":0.95,"lower_bound":428425.321836736,"upper_bound":428634.4193217325},"point_estimate":428514.883294419,"standard_error":53.903048398262705},"StdDev":{"confidence_interval":{"confidence_level":0.95,"lower_bound":264.276502144608,"upper_bound":3626.0814374574366},"point_estimate":2139.5238715175633,"standard_error":1139.187515017941}}