{"Mean":{"confidence_interval":{"confidence_level":0.95,"lower_bound":12708933.33471905,"upper_bound":12725896.105118694},"point_estimate":12717166.425936012,"standard_error":4325.139301704195},"Median":{"confidence_interval":{"confidence_level":0.95,"lower_bound":12709686.524204243,"upper_bound":12721666.6875},"point_estimate":12713885.412220702,"standard_error":3212.0275215457536},"MedianAbsDev":{"confidence_interval":{"confidence_level":0.95,"lower_bound":19667.624390605117,"upper_bound":37290.267645657375},"point_estimate":31411.97875748727,"standard_error":4705.760019338636},"Slope":{"confidence_interval":{"confidence_level":0.95,"lower_bound":12707488.621541534,"upper_bound":12726761.402865514},"point_estimate":12715992.979092656,"standard_error":4934.606803820015},"StdDev":{"confidence_interval":{"confidence_level":0.95,"lower_bound":32012.856060103994,"upper_bound":53980.413077373465},"point_estimate":43330.27077191359,"standard_error":5636.22596752294}}