{"Mean":{"confidence_interval":{"confidence_level":0.95,"lower_bound":152130.31372476186,"upper_bound":153642.42437723605},"point_estimate":152798.6128989907,"standard_error":389.05772894597953},"Median":{"confidence_interval":{"confidence_level":0.95,"lower_bound":151696.55392727745,"upper_bound":151893.9325351422},"point_estimate":151784.46394957983,"standard_error":51.07865240622038},"MedianAbsDev":{"confidence_interval":{"confidence_level":0.95,"lower_bound":251.18217484170276,"upper_bound":489.3940720474611},"point_estimate":329.4808500328894,"standard_error":57.937611472248996},"Slope":{"confidence_interval":{"confidence_level":0.95,"lower_bound":151765.712684681,"upper_bound":153492.06610664076},"point_estimate":152490.4712444848,"standard_error":443.96406538075564},"StdDev":{"confidence_interval":{"confidence_level":0.95,"lower_bound":1535.154492392011,"upper_bound":5595.6162063389165},"point_estimate":3903.7363123072905,"standard_error":1003.7636903795603}}