{"Mean":{"confidence_interval":{"confidence_level":0.95,"lower_bound":429760.46600084583,"upper_bound":436978.35650674446},"point_estimate":433114.8805088233,"standard_error":1842.507731452572},"Median":{"confidence_interval":{"confidence_level":0.95,"lower_bound":427168.59219858155,"upper_bound":434165.0238095238},"point_estimate":430582.73722963646,"standard_error":2005.6653431929935},"MedianAbsDev":{"confidence_interval":{"confidence_level":0.95,"lower_bound":9785.491404905306,"upper_bound":15023.156604505182},"point_estimate":12296.257605825702,"standard_error":1361.4126204723832},"Slope":{"confidence_interval":{"confidence_level":0.95,"lower_bound":429422.66384802805,"upper_bound":434529.7740181575},"point_estimate":431870.2577153835,"standard_error":1298.821426136125},"StdDev":{"confidence_interval":{"confidence_level":0.95,"lower_bound":11601.3307046997,"upper_bound":25423.290760246913},"point_estimate":18463.051166635352,"standard_error":3652.112595530484}}