{"Mean":{"confidence_interval":{"confidence_level":0.95,"lower_bound":499808.62759754696,"upper_bound":500153.09458163753},"point_estimate":499961.74213484,"standard_error":88.25421443405783},"Median":{"confidence_interval":{"confidence_level":0.95,"lower_bound":499740.40304487175,"upper_bound":499918.85185185185},"point_estimate":499831.98780487804,"standard_error":54.78671913683012},"MedianAbsDev":{"confidence_interval":{"confidence_level":0.95,"lower_bound":293.01091244822,"upper_bound":455.7922955803852},"point_estimate":368.32086030811195,"standard_error":42.17303580531988},"Slope":{"confidence_interval":{"confidence_level":0.95,"lower_bound":499816.14288603765,"upper_bound":500056.1350795192},"point_estimate":499925.3093556968,"standard_error":61.119511827806015},"StdDev":{"confidence_interval":{"confidence_level":0.95,"lower_bound":461.51706378468117,"upper_bound":1314.1683264094797},"point_estimate":888.2556191174325,"standard_error":238.19855981702918}}