{"Mean":{"confidence_interval":{"confidence_level":0.95,"lower_bound":239899.96689103573,"upper_bound":245900.53513253795},"point_estimate":242162.92755140548,"standard_error":1630.9666575572685},"Median":{"confidence_interval":{"confidence_level":0.95,"lower_bound":238705.3961273666,"upper_bound":239048.01782359678},"point_estimate":238864.86809523808,"standard_error":85.7897443044015},"MedianAbsDev":{"confidence_interval":{"confidence_level":0.95,"lower_bound":447.1264904843807,"upper_bound":935.3324662942186},"point_estimate":622.4669813715954,"standard_error":125.80842679449565},"Slope":{"confidence_interval":{"confidence_level":0.95,"lower_bound":239042.41365330396,"upper_bound":240821.86719842473},"point_estimate":239820.16723806708,"standard_error":457.30136036700026},"StdDev":{"confidence_interval":{"confidence_level":0.95,"lower_bound":3267.480608788272,"upper_bound":27374.135839102528},"point_estimate":16386.325851253,"standard_error":7959.443720934815}}