{"Mean":{"confidence_interval":{"confidence_level":0.95,"lower_bound":8348.347615751167,"upper_bound":8371.50703336158},"point_estimate":8359.660086524385,"standard_error":5.909442237161089},"Median":{"confidence_interval":{"confidence_level":0.95,"lower_bound":8344.80830449827,"upper_bound":8367.498090145149},"point_estimate":8353.382045571852,"standard_error":6.53314227593394},"MedianAbsDev":{"confidence_interval":{"confidence_level":0.95,"lower_bound":34.90602438678518,"upper_bound":57.502490287292254},"point_estimate":45.567174150872724,"standard_error":5.725486358383876},"Slope":{"confidence_interval":{"confidence_level":0.95,"lower_bound":8346.695048175903,"upper_bound":8363.62865699539},"point_estimate":8355.320793643894,"standard_error":4.313649801772927},"StdDev":{"confidence_interval":{"confidence_level":0.95,"lower_bound":47.70373190232916,"upper_bound":70.56000193598832},"point_estimate":59.40207534502207,"standard_error":5.856357265583325}}