{"Mean":{"confidence_interval":{"confidence_level":0.95,"lower_bound":319535.2150535574,"upper_bound":320482.1704015306},"point_estimate":320014.4663226142,"standard_error":242.50305324042432},"Median":{"confidence_interval":{"confidence_level":0.95,"lower_bound":319665.53125,"upper_bound":320645.5348837209},"point_estimate":320158.2832933547,"standard_error":251.0091551649106},"MedianAbsDev":{"confidence_interval":{"confidence_level":0.95,"lower_bound":1738.0478308101187,"upper_bound":2944.265585716085},"point_estimate":2403.5820487278875,"standard_error":308.04969546170986},"Slope":{"confidence_interval":{"confidence_level":0.95,"lower_bound":318838.44394080894,"upper_bound":320206.3867152027},"point_estimate":319510.44979015813,"standard_error":348.8992701163739},"StdDev":{"confidence_interval":{"confidence_level":0.95,"lower_bound":2068.2422739215012,"upper_bound":2766.320156777103},"point_estimate":2431.613934351469,"standard_error":178.40405863921504}}