{"Mean":{"confidence_interval":{"confidence_level":0.95,"lower_bound":863.6619033037675,"upper_bound":864.4344851686294},"point_estimate":864.0304590453009,"standard_error":0.19750393137568378},"Median":{"confidence_interval":{"confidence_level":0.95,"lower_bound":864.0110959112327,"upper_bound":864.3403712883895},"point_estimate":864.2131049223211,"standard_error":0.09238747895061408},"MedianAbsDev":{"confidence_interval":{"confidence_level":0.95,"lower_bound":0.7817608048343385,"upper_bound":1.5724789250673639},"point_estimate":1.1825555412163995,"standard_error":0.20124963585777708},"Slope":{"confidence_interval":{"confidence_level":0.95,"lower_bound":863.6033480423719,"upper_bound":864.2336774975197},"point_estimate":863.9175439251666,"standard_error":0.16059541685298848},"StdDev":{"confidence_interval":{"confidence_level":0.95,"lower_bound":1.329633875634703,"upper_bound":2.597983712729283},"point_estimate":1.9860648312033529,"standard_error":0.3268699843908822}}