{"Mean":{"confidence_interval":{"confidence_level":0.95,"lower_bound":415.3044670343664,"upper_bound":415.4678514779929},"point_estimate":415.3789869538466,"standard_error":0.04194466256173008},"Median":{"confidence_interval":{"confidence_level":0.95,"lower_bound":415.21269172043753,"upper_bound":415.2874852560585},"point_estimate":415.227506980262,"standard_error":0.020638059027498695},"MedianAbsDev":{"confidence_interval":{"confidence_level":0.95,"lower_bound":0.08472522647887716,"upper_bound":0.18642250990223397},"point_estimate":0.1253301275839146,"standard_error":0.02389578184113979},"Slope":{"confidence_interval":{"confidence_level":0.95,"lower_bound":415.2361183796023,"upper_bound":415.41285081286355},"point_estimate":415.31413850516975,"standard_error":0.045444292060260676},"StdDev":{"confidence_interval":{"confidence_level":0.95,"lower_bound":0.24099861260124847,"upper_bound":0.5834041160632839},"point_estimate":0.42289844759181416,"standard_error":0.089116882677883}}