{"Mean":{"confidence_interval":{"confidence_level":0.95,"lower_bound":25614.968706614578,"upper_bound":25631.409237522777},"point_estimate":25622.114552136987,"standard_error":4.249116503656335},"Median":{"confidence_interval":{"confidence_level":0.95,"lower_bound":25608.418242959226,"upper_bound":25612.725067476385},"point_estimate":25610.082630759942,"standard_error":1.2439031121466162},"MedianAbsDev":{"confidence_interval":{"confidence_level":0.95,"lower_bound":5.586641465504111,"upper_bound":11.025306129046687},"point_estimate":7.764310237333703,"standard_error":1.506913147055119},"Slope":{"confidence_interval":{"confidence_level":0.95,"lower_bound":25608.598260996634,"upper_bound":25620.71160059684},"point_estimate":25613.68994562602,"standard_error":3.1358106479857133},"StdDev":{"confidence_interval":{"confidence_level":0.95,"lower_bound":15.808910526488026,"upper_bound":64.24498623927167},"point_estimate":42.67651182637643,"standard_error":12.86956671585941}}