{"Mean":{"confidence_interval":{"confidence_level":0.95,"lower_bound":164009.87368113457,"upper_bound":166221.58415833002},"point_estimate":164953.42200383672,"standard_error":569.5140540121271},"Median":{"confidence_interval":{"confidence_level":0.95,"lower_bound":163164.56476906553,"upper_bound":164052.32782322785},"point_estimate":163550.47422360248,"standard_error":245.25046390387993},"MedianAbsDev":{"confidence_interval":{"confidence_level":0.95,"lower_bound":1291.225400483408,"upper_bound":2443.308241335419},"point_estimate":1707.8528296265047,"standard_error":294.62308191163544},"Slope":{"confidence_interval":{"confidence_level":0.95,"lower_bound":162953.38994219684,"upper_bound":163613.29513800552},"point_estimate":163265.86254470222,"standard_error":168.33498625055927},"StdDev":{"confidence_interval":{"confidence_level":0.95,"lower_bound":2378.9799139255097,"upper_bound":8862.01955960973},"point_estimate":5717.153168102227,"standard_error":1904.5598836445015}}