{"Mean":{"confidence_interval":{"confidence_level":0.95,"lower_bound":36267.32724924258,"upper_bound":36287.25378952861},"point_estimate":36275.307991445305,"standard_error":5.242786933753884},"Median":{"confidence_interval":{"confidence_level":0.95,"lower_bound":36262.24549763936,"upper_bound":36266.355633802814},"point_estimate":36264.73332481472,"standard_error":1.1131025163985562},"MedianAbsDev":{"confidence_interval":{"confidence_level":0.95,"lower_bound":6.739456731460821,"upper_bound":11.928575788222302},"point_estimate":9.630845468554948,"standard_error":1.3283014776203819},"Slope":{"confidence_interval":{"confidence_level":0.95,"lower_bound":36264.340997665335,"upper_bound":36281.16889491892},"point_estimate":36271.679690514895,"standard_error":4.327868600321262},"StdDev":{"confidence_interval":{"confidence_level":0.95,"lower_bound":17.220295013815438,"upper_bound":85.53687450541707},"point_estimate":52.77433020429302,"standard_error":21.982324815990207}}