{"Mean":{"confidence_interval":{"confidence_level":0.95,"lower_bound":48544.063338111555,"upper_bound":48560.28274350269},"point_estimate":48551.33306963569,"standard_error":4.1528650245094205},"Median":{"confidence_interval":{"confidence_level":0.95,"lower_bound":48538.782539682536,"upper_bound":48543.17306707629},"point_estimate":48541.03977272727,"standard_error":1.1344631352953753},"MedianAbsDev":{"confidence_interval":{"confidence_level":0.95,"lower_bound":6.632973705770359,"upper_bound":13.191903932464411},"point_estimate":9.218056167515043,"standard_error":1.7378577492611715},"Slope":{"confidence_interval":{"confidence_level":0.95,"lower_bound":48542.44377297624,"upper_bound":48562.25231029484},"point_estimate":48551.38505534562,"standard_error":5.100597468867637},"StdDev":{"confidence_interval":{"confidence_level":0.95,"lower_bound":20.411287176179208,"upper_bound":58.571275091645816},"point_estimate":41.67368373840804,"standard_error":9.686673557728682}}