{"Mean":{"confidence_interval":{"confidence_level":0.95,"lower_bound":195.0558452095417,"upper_bound":195.24266865917647},"point_estimate":195.14522752044002,"standard_error":0.04778191961693851},"Median":{"confidence_interval":{"confidence_level":0.95,"lower_bound":194.8565995339012,"upper_bound":195.12662689804773},"point_estimate":194.94857155377764,"standard_error":0.07828482950360256},"MedianAbsDev":{"confidence_interval":{"confidence_level":0.95,"lower_bound":0.11865941410256475,"upper_bound":0.462985348509163},"point_estimate":0.2493571019596358,"standard_error":0.10041137973308008},"Slope":{"confidence_interval":{"confidence_level":0.95,"lower_bound":195.07324291466588,"upper_bound":195.2348790685054},"point_estimate":195.150900825829,"standard_error":0.04120526183634334},"StdDev":{"confidence_interval":{"confidence_level":0.95,"lower_bound":0.34882495098177496,"upper_bound":0.6010281761166076},"point_estimate":0.47898547670442654,"standard_error":0.0647678714157123}}