{"Mean":{"confidence_interval":{"confidence_level":0.95,"lower_bound":20736656.234648045,"upper_bound":20768592.079176515},"point_estimate":20751361.684511665,"standard_error":8165.328006732259},"Median":{"confidence_interval":{"confidence_level":0.95,"lower_bound":20735416.599240012,"upper_bound":20754073.772727273},"point_estimate":20744748.513888888,"standard_error":5036.347408279394},"MedianAbsDev":{"confidence_interval":{"confidence_level":0.95,"lower_bound":29990.215718949756,"upper_bound":55590.324288074065},"point_estimate":42950.527935801445,"standard_error":6984.648556864985},"Slope":{"confidence_interval":{"confidence_level":0.95,"lower_bound":20740873.43357904,"upper_bound":20763889.986842237},"point_estimate":20751768.793110684,"standard_error":5862.49374539047},"StdDev":{"confidence_interval":{"confidence_level":0.95,"lower_bound":49895.16667975545,"upper_bound":117507.27641963509},"point_estimate":81900.24535650852,"standard_error":19299.026478737876}}