{"Mean":{"confidence_interval":{"confidence_level":0.95,"lower_bound":77409.81223516495,"upper_bound":77874.61961083159},"point_estimate":77604.52738439609,"standard_error":120.79138074189329},"Median":{"confidence_interval":{"confidence_level":0.95,"lower_bound":77273.6670179136,"upper_bound":77406.7467948718},"point_estimate":77324.89245014245,"standard_error":31.216945186128566},"MedianAbsDev":{"confidence_interval":{"confidence_level":0.95,"lower_bound":140.50103990738157,"upper_bound":264.40358116605614},"point_estimate":202.77695579922047,"standard_error":30.46529880923307},"Slope":{"confidence_interval":{"confidence_level":0.95,"lower_bound":77277.86604325537,"upper_bound":78051.17737830753},"point_estimate":77530.51684600607,"standard_error":225.94211351643622},"StdDev":{"confidence_interval":{"confidence_level":0.95,"lower_bound":355.15177175016106,"upper_bound":1925.2927339588034},"point_estimate":1215.242294048147,"standard_error":431.85612023839815}}