{"Mean":{"confidence_interval":{"confidence_level":0.95,"lower_bound":77549.48930424785,"upper_bound":79781.58006155037},"point_estimate":78485.07928869051,"standard_error":578.3183879821812},"Median":{"confidence_interval":{"confidence_level":0.95,"lower_bound":77037.91483516483,"upper_bound":77107.9136845039},"point_estimate":77070.86298076923,"standard_error":20.91738217279378},"MedianAbsDev":{"confidence_interval":{"confidence_level":0.95,"lower_bound":134.3902540502274,"upper_bound":261.4006283343302},"point_estimate":196.14114018925193,"standard_error":31.909389070494356},"Slope":{"confidence_interval":{"confidence_level":0.95,"lower_bound":77076.92773167731,"upper_bound":78178.32816388067},"point_estimate":77499.20063884689,"standard_error":296.4167736141191},"StdDev":{"confidence_interval":{"confidence_level":0.95,"lower_bound":2033.9508399729189,"upper_bound":9169.041543853684},"point_estimate":5830.3906754662075,"standard_error":2068.7741011364183}}