{"Mean":{"confidence_interval":{"confidence_level":0.95,"lower_bound":641.5373740936922,"upper_bound":641.6381847938292},"point_estimate":641.5791056395133,"standard_error":0.026251640895098953},"Median":{"confidence_interval":{"confidence_level":0.95,"lower_bound":641.4846979189169,"upper_bound":641.5463383020091},"point_estimate":641.508635648308,"standard_error":0.015493601928857225},"MedianAbsDev":{"confidence_interval":{"confidence_level":0.95,"lower_bound":0.05712489909511118,"upper_bound":0.1555963466820052},"point_estimate":0.09903328610370876,"standard_error":0.023268640717642876},"Slope":{"confidence_interval":{"confidence_level":0.95,"lower_bound":641.5350396678054,"upper_bound":641.5946877954248},"point_estimate":641.5640064316547,"standard_error":0.015234468953794008},"StdDev":{"confidence_interval":{"confidence_level":0.95,"lower_bound":0.11263261065291862,"upper_bound":0.4211931701628798},"point_estimate":0.26406784390212884,"standard_error":0.10277565832158657}}