{"Mean":{"confidence_interval":{"confidence_level":0.95,"lower_bound":14379634.671128731,"upper_bound":14424299.721112307},"point_estimate":14400245.18912013,"standard_error":11437.965151732591},"Median":{"confidence_interval":{"confidence_level":0.95,"lower_bound":14342549.345906902,"upper_bound":14365079.806607865},"point_estimate":14348573.875,"standard_error":5534.907626216265},"MedianAbsDev":{"confidence_interval":{"confidence_level":0.95,"lower_bound":13111.04747137546,"upper_bound":45335.54800392228},"point_estimate":24506.827893488477,"standard_error":8458.139482942403},"Slope":{"confidence_interval":{"confidence_level":0.95,"lower_bound":14381088.005276978,"upper_bound":14421612.864925256},"point_estimate":14400746.418903502,"standard_error":10334.45486679547},"StdDev":{"confidence_interval":{"confidence_level":0.95,"lower_bound":73321.30335937651,"upper_bound":158905.29413060527},"point_estimate":115164.14009246456,"standard_error":22818.257478918087}}