{"Mean":{"confidence_interval":{"confidence_level":0.95,"lower_bound":4197.601370661447,"upper_bound":4199.812334977246},"point_estimate":4198.566955925463,"standard_error":0.5681491312336621},"Median":{"confidence_interval":{"confidence_level":0.95,"lower_bound":4197.1126534190535,"upper_bound":4197.247881355932},"point_estimate":4197.189991364481,"standard_error":0.03176968865721933},"MedianAbsDev":{"confidence_interval":{"confidence_level":0.95,"lower_bound":0.29004378223782556,"upper_bound":0.4806243130758712},"point_estimate":0.37312322602147807,"standard_error":0.04812373690778809},"Slope":{"confidence_interval":{"confidence_level":0.95,"lower_bound":4197.080056641825,"upper_bound":4199.769915250665},"point_estimate":4198.163349179593,"standard_error":0.7067991477160692},"StdDev":{"confidence_interval":{"confidence_level":0.95,"lower_bound":2.2802840181064066,"upper_bound":8.478210832504429},"point_estimate":5.720907191019829,"standard_error":1.614123776128963}}