{"Mean":{"confidence_interval":{"confidence_level":0.95,"lower_bound":3221.6141923119644,"upper_bound":3222.523975048901},"point_estimate":3222.037856292177,"standard_error":0.23334891133447364},"Median":{"confidence_interval":{"confidence_level":0.95,"lower_bound":3221.1614285714286,"upper_bound":3221.428204463604},"point_estimate":3221.2936097992915,"standard_error":0.06340223366283569},"MedianAbsDev":{"confidence_interval":{"confidence_level":0.95,"lower_bound":0.30708474017607046,"upper_bound":0.7650019132959703},"point_estimate":0.4496370304553051,"standard_error":0.11865714768538953},"Slope":{"confidence_interval":{"confidence_level":0.95,"lower_bound":3221.5733024284764,"upper_bound":3222.7219076959777},"point_estimate":3222.101865614067,"standard_error":0.29440581556469597},"StdDev":{"confidence_interval":{"confidence_level":0.95,"lower_bound":1.4556780308078476,"upper_bound":3.097564365120635},"point_estimate":2.3501472326214388,"standard_error":0.42018989747976}}