{"Mean":{"confidence_interval":{"confidence_level":0.95,"lower_bound":3919.5353226194343,"upper_bound":3920.7978307046023},"point_estimate":3920.102778694403,"standard_error":0.32323928795393625},"Median":{"confidence_interval":{"confidence_level":0.95,"lower_bound":3918.9993412384715,"upper_bound":3919.3320325179966},"point_estimate":3919.2126382449073,"standard_error":0.08499231606040114},"MedianAbsDev":{"confidence_interval":{"confidence_level":0.95,"lower_bound":0.5704432199161739,"upper_bound":1.0630755027396628},"point_estimate":0.7844868327006866,"standard_error":0.12495543880925378},"Slope":{"confidence_interval":{"confidence_level":0.95,"lower_bound":3919.4598029609583,"upper_bound":3920.7148121760233},"point_estimate":3920.031953826142,"standard_error":0.3200712225254138},"StdDev":{"confidence_interval":{"confidence_level":0.95,"lower_bound":1.7366434883929618,"upper_bound":4.614237665142464},"point_estimate":3.247030019802825,"standard_error":0.7500110106139843}}