{"Mean":{"confidence_interval":{"confidence_level":0.95,"lower_bound":947.4132336035245,"upper_bound":948.1065363559729},"point_estimate":947.6804396901513,"standard_error":0.18536295729720303},"Median":{"confidence_interval":{"confidence_level":0.95,"lower_bound":947.2661671605035,"upper_bound":947.4003898635477},"point_estimate":947.310319884172,"standard_error":0.03506189724801027},"MedianAbsDev":{"confidence_interval":{"confidence_level":0.95,"lower_bound":0.15122281763262943,"upper_bound":0.2520833239003092},"point_estimate":0.20838617178216284,"standard_error":0.025320663779073313},"Slope":{"confidence_interval":{"confidence_level":0.95,"lower_bound":947.4273240428204,"upper_bound":947.8316626171218},"point_estimate":947.6090190744134,"standard_error":0.10337640697682947},"StdDev":{"confidence_interval":{"confidence_level":0.95,"lower_bound":0.4645030307760154,"upper_bound":3.065057268714284},"point_estimate":1.8569543909017303,"standard_error":0.8456193983369371}}