{"Mean":{"confidence_interval":{"confidence_level":0.95,"lower_bound":821310.1325871015,"upper_bound":821505.7964475029},"point_estimate":821399.809903,"standard_error":50.0546854313155},"Median":{"confidence_interval":{"confidence_level":0.95,"lower_bound":821257.0161290322,"upper_bound":821387.0},"point_estimate":821333.3630873957,"standard_error":28.3824670112684},"MedianAbsDev":{"confidence_interval":{"confidence_level":0.95,"lower_bound":172.27478063319316,"upper_bound":278.66167156780784},"point_estimate":232.37438024953008,"standard_error":26.98595547653165},"Slope":{"confidence_interval":{"confidence_level":0.95,"lower_bound":821323.0175275449,"upper_bound":821517.0225026918},"point_estimate":821414.4510255653,"standard_error":49.46552281583666},"StdDev":{"confidence_interval":{"confidence_level":0.95,"lower_bound":300.636808045783,"upper_bound":693.4249760526684},"point_estimate":502.19361130316815,"standard_error":102.19299690044842}}