{"Mean":{"confidence_interval":{"confidence_level":0.95,"lower_bound":336.66941693333706,"upper_bound":336.9302755587211},"point_estimate":336.77285494756956,"standard_error":0.06899011433883395},"Median":{"confidence_interval":{"confidence_level":0.95,"lower_bound":336.62440253406567,"upper_bound":336.63293417774315},"point_estimate":336.62794183485255,"standard_error":0.0023193687968284704},"MedianAbsDev":{"confidence_interval":{"confidence_level":0.95,"lower_bound":0.011953973480260786,"upper_bound":0.025763138133982767},"point_estimate":0.01882522502588866,"standard_error":0.0035067243785507052},"Slope":{"confidence_interval":{"confidence_level":0.95,"lower_bound":336.6580374209624,"upper_bound":336.85595322969004},"point_estimate":336.7432663045192,"standard_error":0.051435306493398725},"StdDev":{"confidence_interval":{"confidence_level":0.95,"lower_bound":0.1668066785830614,"upper_bound":1.1350742257735738},"point_estimate":0.6931403862181603,"standard_error":0.29794170834731604}}