{"Mean":{"confidence_interval":{"confidence_level":0.95,"lower_bound":13918.474058041696,"upper_bound":13923.584346905438},"point_estimate":13920.8722832887,"standard_error":1.3046117592333621},"Median":{"confidence_interval":{"confidence_level":0.95,"lower_bound":13913.628737541529,"upper_bound":13922.85693949297},"point_estimate":13915.613624230446,"standard_error":2.7333698281092795},"MedianAbsDev":{"confidence_interval":{"confidence_level":0.95,"lower_bound":4.231830887760108,"upper_bound":12.964963545869141},"point_estimate":7.626557275765065,"standard_error":2.6091938960973886},"Slope":{"confidence_interval":{"confidence_level":0.95,"lower_bound":13915.020188831633,"upper_bound":13923.47035481265},"point_estimate":13918.493115486921,"standard_error":2.2197708615595424},"StdDev":{"confidence_interval":{"confidence_level":0.95,"lower_bound":8.630291025958437,"upper_bound":17.146659132246896},"point_estimate":13.090814445769754,"standard_error":2.164215262774434}}