{"Mean":{"confidence_interval":{"confidence_level":0.95,"lower_bound":8178118.366129112,"upper_bound":8210456.2405449245},"point_estimate":8193186.776803171,"standard_error":8237.267242608075},"Median":{"confidence_interval":{"confidence_level":0.95,"lower_bound":8151787.435483871,"upper_bound":8169507.649154589},"point_estimate":8158916.1875,"standard_error":4689.79642535118},"MedianAbsDev":{"confidence_interval":{"confidence_level":0.95,"lower_bound":16138.821545858924,"upper_bound":38539.01147839983},"point_estimate":25881.33700248291,"standard_error":5860.297679060118},"Slope":{"confidence_interval":{"confidence_level":0.95,"lower_bound":8173480.913081091,"upper_bound":8203621.737635092},"point_estimate":8187566.673660411,"standard_error":7726.577861574997},"StdDev":{"confidence_interval":{"confidence_level":0.95,"lower_bound":55768.16621501464,"upper_bound":108600.69691546343},"point_estimate":82750.18605592333,"standard_error":13720.357060911803}}