{"Mean":{"confidence_interval":{"confidence_level":0.95,"lower_bound":716626.0388243755,"upper_bound":716960.9000760824},"point_estimate":716762.4635276922,"standard_error":87.49330180007964},"Median":{"confidence_interval":{"confidence_level":0.95,"lower_bound":716552.8157894737,"upper_bound":716601.324810606},"point_estimate":716575.3877708978,"standard_error":12.356381074822322},"MedianAbsDev":{"confidence_interval":{"confidence_level":0.95,"lower_bound":80.92529692018276,"upper_bound":151.111119355635},"point_estimate":124.9927429422339,"standard_error":18.29507906266541},"Slope":{"confidence_interval":{"confidence_level":0.95,"lower_bound":716614.1136928239,"upper_bound":716800.108186114},"point_estimate":716699.4440475838,"standard_error":47.66904012642729},"StdDev":{"confidence_interval":{"confidence_level":0.95,"lower_bound":302.3843356861901,"upper_bound":1406.6104772378158},"point_estimate":878.2426832275368,"standard_error":342.3761673552548}}