{"Mean":{"confidence_interval":{"confidence_level":0.95,"lower_bound":12520078.473733682,"upper_bound":12575126.849509522},"point_estimate":12544754.398456719,"standard_error":14060.996961369441},"Median":{"confidence_interval":{"confidence_level":0.95,"lower_bound":12478422.2,"upper_bound":12508702.208758937},"point_estimate":12487387.793272793,"standard_error":8403.625816151545},"MedianAbsDev":{"confidence_interval":{"confidence_level":0.95,"lower_bound":20858.856748157228,"upper_bound":62265.10972159052},"point_estimate":32762.792683794174,"standard_error":11414.081907423042},"Slope":{"confidence_interval":{"confidence_level":0.95,"lower_bound":12513384.623403598,"upper_bound":12553503.33520249},"point_estimate":12532580.036683908,"standard_error":10249.207009535554},"StdDev":{"confidence_interval":{"confidence_level":0.95,"lower_bound":79081.46047799967,"upper_bound":205044.8524387233},"point_estimate":141325.6615330238,"standard_error":35760.49261499658}}