{"Mean":{"confidence_interval":{"confidence_level":0.95,"lower_bound":32158058.21289655,"upper_bound":32357374.428826004},"point_estimate":32243487.624549028,"standard_error":51558.89100058446},"Median":{"confidence_interval":{"confidence_level":0.95,"lower_bound":32085279.388346884,"upper_bound":32161009.92},"point_estimate":32126180.29227941,"standard_error":22203.867928010783},"MedianAbsDev":{"confidence_interval":{"confidence_level":0.95,"lower_bound":81311.33930926412,"upper_bound":163987.77049176386},"point_estimate":125360.18276528874,"standard_error":24027.70992727398},"Slope":{"confidence_interval":{"confidence_level":0.95,"lower_bound":32126159.770525265,"upper_bound":32176078.79712029},"point_estimate":32150698.653610166,"standard_error":12773.946294497911},"StdDev":{"confidence_interval":{"confidence_level":0.95,"lower_bound":153491.76206307008,"upper_bound":793414.2923527003},"point_estimate":518790.832919713,"standard_error":166490.77682979679}}