{"Mean":{"confidence_interval":{"confidence_level":0.95,"lower_bound":3924.2928527939866,"upper_bound":3925.926447399715},"point_estimate":3925.00436441108,"standard_error":0.4211560264496143},"Median":{"confidence_interval":{"confidence_level":0.95,"lower_bound":3923.157255534085,"upper_bound":3924.937417654809},"point_estimate":3924.6604084321475,"standard_error":0.5113265597055789},"MedianAbsDev":{"confidence_interval":{"confidence_level":0.95,"lower_bound":0.9841141098070618,"upper_bound":2.661856503136514},"point_estimate":2.3203886220992684,"standard_error":0.4316696102018468},"Slope":{"confidence_interval":{"confidence_level":0.95,"lower_bound":3923.2880949277965,"upper_bound":3924.499375806166},"point_estimate":3923.820474682121,"standard_error":0.3100916430158779},"StdDev":{"confidence_interval":{"confidence_level":0.95,"lower_bound":1.9956881262539738,"upper_bound":6.3941431830436954},"point_estimate":4.225921306459351,"standard_error":1.2585533050788997}}