{"Mean":{"confidence_interval":{"confidence_level":0.95,"lower_bound":62690.57492362494,"upper_bound":64628.94876267056},"point_estimate":63480.83322394553,"standard_error":506.12012064339285},"Median":{"confidence_interval":{"confidence_level":0.95,"lower_bound":62412.43278301887,"upper_bound":62495.66330645161},"point_estimate":62453.337774725274,"standard_error":21.162983725401013},"MedianAbsDev":{"confidence_interval":{"confidence_level":0.95,"lower_bound":117.44443484619347,"upper_bound":205.99745580028727},"point_estimate":146.62516778925078,"standard_error":22.433584767077075},"Slope":{"confidence_interval":{"confidence_level":0.95,"lower_bound":62486.67995066965,"upper_bound":62842.85333883949},"point_estimate":62640.2865488769,"standard_error":91.43380798966781},"StdDev":{"confidence_interval":{"confidence_level":0.95,"lower_bound":855.2516518527806,"upper_bound":8136.444125318608},"point_estimate":5099.651635059415,"standard_error":1983.3402429870239}}