{"Mean":{"confidence_interval":{"confidence_level":0.95,"lower_bound":134.54357523433487,"upper_bound":134.61611022713618},"point_estimate":134.5753587072454,"standard_error":0.018741163968518396},"Median":{"confidence_interval":{"confidence_level":0.95,"lower_bound":134.523918072945,"upper_bound":134.53156673665654},"point_estimate":134.52745664295446,"standard_error":0.0018588452420827334},"MedianAbsDev":{"confidence_interval":{"confidence_level":0.95,"lower_bound":0.009066644034211617,"upper_bound":0.015676085355878933},"point_estimate":0.012635600319944403,"standard_error":0.0017128212911422917},"Slope":{"confidence_interval":{"confidence_level":0.95,"lower_bound":134.5397685799102,"upper_bound":134.62410871809877},"point_estimate":134.57515637062858,"standard_error":0.02193375319457993},"StdDev":{"confidence_interval":{"confidence_level":0.95,"lower_bound":0.0686913519897601,"upper_bound":0.27767200479778903},"point_estimate":0.18820409068896643,"standard_error":0.05378673429043997}}