{"Mean":{"confidence_interval":{"confidence_level":0.95,"lower_bound":166.80105780366057,"upper_bound":167.19604609123797},"point_estimate":166.99978528967574,"standard_error":0.10072672264244184},"Median":{"confidence_interval":{"confidence_level":0.95,"lower_bound":166.89140414420484,"upper_bound":167.31918800539086},"point_estimate":167.09095432984515,"standard_error":0.131242546782108},"MedianAbsDev":{"confidence_interval":{"confidence_level":0.95,"lower_bound":0.5778576676615327,"upper_bound":1.1290709185177232},"point_estimate":0.8071238118972937,"standard_error":0.13602815854962044},"Slope":{"confidence_interval":{"confidence_level":0.95,"lower_bound":166.99708015865923,"upper_bound":167.32185570102715},"point_estimate":167.1568099071242,"standard_error":0.08294170404724224},"StdDev":{"confidence_interval":{"confidence_level":0.95,"lower_bound":0.8589371011235177,"upper_bound":1.1528218245038024},"point_estimate":1.0154474341298572,"standard_error":0.07504424177266264}}