{"Mean":{"confidence_interval":{"confidence_level":0.95,"lower_bound":11526.640955755907,"upper_bound":11536.138903289522},"point_estimate":11530.424958812915,"standard_error":2.509156232116522},"Median":{"confidence_interval":{"confidence_level":0.95,"lower_bound":11524.77548072083,"upper_bound":11527.577226853884},"point_estimate":11526.943975781527,"standard_error":0.7266109169756343},"MedianAbsDev":{"confidence_interval":{"confidence_level":0.95,"lower_bound":5.705019300178622,"upper_bound":9.035619754273055},"point_estimate":7.706611745879611,"standard_error":0.8489211308108696},"Slope":{"confidence_interval":{"confidence_level":0.95,"lower_bound":11524.833837661097,"upper_bound":11528.673125214473},"point_estimate":11526.67393541159,"standard_error":0.98350500828198},"StdDev":{"confidence_interval":{"confidence_level":0.95,"lower_bound":7.061533842845323,"upper_bound":41.052564866912334},"point_estimate":25.126931388897507,"standard_error":10.66831841288798}}