{"Mean":{"confidence_interval":{"confidence_level":0.95,"lower_bound":37928.073809290836,"upper_bound":37997.53301291801},"point_estimate":37961.78927483297,"standard_error":17.766178355530464},"Median":{"confidence_interval":{"confidence_level":0.95,"lower_bound":37909.100241375665,"upper_bound":37953.17880093031},"point_estimate":37930.744667097606,"standard_error":12.793448389025952},"MedianAbsDev":{"confidence_interval":{"confidence_level":0.95,"lower_bound":80.38819390655303,"upper_bound":137.6188605008338},"point_estimate":117.83948689578556,"standard_error":14.987450067767382},"Slope":{"confidence_interval":{"confidence_level":0.95,"lower_bound":37870.63774279505,"upper_bound":37911.598959338364},"point_estimate":37890.232940514485,"standard_error":10.454925702124592},"StdDev":{"confidence_interval":{"confidence_level":0.95,"lower_bound":126.70756493943802,"upper_bound":223.7287966749211},"point_estimate":178.1312801629712,"standard_error":24.776215148338075}}