{"Mean":{"confidence_interval":{"confidence_level":0.95,"lower_bound":386444.76879277173,"upper_bound":390405.06017737306},"point_estimate":388171.54819749855,"standard_error":1021.3151696219323},"Median":{"confidence_interval":{"confidence_level":0.95,"lower_bound":385197.06475029036,"upper_bound":385656.20175438595},"point_estimate":385420.958974359,"standard_error":146.5084345151108},"MedianAbsDev":{"confidence_interval":{"confidence_level":0.95,"lower_bound":799.2222751251143,"upper_bound":1469.0900589215255},"point_estimate":1184.0156643961675,"standard_error":162.48534515659244},"Slope":{"confidence_interval":{"confidence_level":0.95,"lower_bound":385417.0474601505,"upper_bound":389689.1000041997},"point_estimate":387089.94685680507,"standard_error":1139.2567357052928},"StdDev":{"confidence_interval":{"confidence_level":0.95,"lower_bound":4351.5729984856525,"upper_bound":15445.582281399014},"point_estimate":10232.147375223522,"standard_error":2956.389302702603}}