{"Mean":{"confidence_interval":{"confidence_level":0.95,"lower_bound":559.0080289562923,"upper_bound":559.4309011395302},"point_estimate":559.1817830645425,"standard_error":0.11028177626790661},"Median":{"confidence_interval":{"confidence_level":0.95,"lower_bound":558.9022903653228,"upper_bound":558.9474622445532},"point_estimate":558.925168863385,"standard_error":0.009353731750625658},"MedianAbsDev":{"confidence_interval":{"confidence_level":0.95,"lower_bound":0.06891369248356378,"upper_bound":0.12498150285482004},"point_estimate":0.09267495411923773,"standard_error":0.013921752348283191},"Slope":{"confidence_interval":{"confidence_level":0.95,"lower_bound":558.9663053328657,"upper_bound":559.2785894639073},"point_estimate":559.0956458418351,"standard_error":0.08132398994172196},"StdDev":{"confidence_interval":{"confidence_level":0.95,"lower_bound":0.3644410462806393,"upper_bound":1.771310219193991},"point_estimate":1.1097238582334261,"standard_error":0.42212215276845877}}