{"Mean":{"confidence_interval":{"confidence_level":0.95,"lower_bound":28030.983742378765,"upper_bound":28775.926713425462},"point_estimate":28308.431402683356,"standard_error":207.56912977885975},"Median":{"confidence_interval":{"confidence_level":0.95,"lower_bound":27933.367063492064,"upper_bound":27965.35296934866},"point_estimate":27954.557095039505,"standard_error":7.797219541938762},"MedianAbsDev":{"confidence_interval":{"confidence_level":0.95,"lower_bound":49.208911692422795,"upper_bound":109.45574819739781},"point_estimate":76.58651866434536,"standard_error":15.138168456205662},"Slope":{"confidence_interval":{"confidence_level":0.95,"lower_bound":27959.50108402537,"upper_bound":28440.09194753836},"point_estimate":28138.296609116136,"standard_error":131.45395563460468},"StdDev":{"confidence_interval":{"confidence_level":0.95,"lower_bound":278.25800134572376,"upper_bound":3524.0647153002815},"point_estimate":2092.195713403047,"standard_error":1065.4820093054047}}