{"Mean":{"confidence_interval":{"confidence_level":0.95,"lower_bound":22960.30421063699,"upper_bound":22971.632613265312},"point_estimate":22965.37844627034,"standard_error":2.9026236807062213},"Median":{"confidence_interval":{"confidence_level":0.95,"lower_bound":22954.123393807313,"upper_bound":22958.588020833333},"point_estimate":22956.87764069264,"standard_error":1.1132912081436366},"MedianAbsDev":{"confidence_interval":{"confidence_level":0.95,"lower_bound":6.490113737297715,"upper_bound":12.913265806386349},"point_estimate":9.968596807870762,"standard_error":1.650865202334179},"Slope":{"confidence_interval":{"confidence_level":0.95,"lower_bound":22956.769632340278,"upper_bound":22972.102986937134},"point_estimate":22963.113277738223,"standard_error":4.008413260845763},"StdDev":{"confidence_interval":{"confidence_level":0.95,"lower_bound":14.546230366631399,"upper_bound":41.23546099852001},"point_estimate":29.238596002306124,"standard_error":6.954164727454281}}