{"Mean":{"confidence_interval":{"confidence_level":0.95,"lower_bound":139481.01518180186,"upper_bound":143165.81376003407},"point_estimate":140855.4544010754,"standard_error":1015.795820353117},"Median":{"confidence_interval":{"confidence_level":0.95,"lower_bound":138923.71216575388,"upper_bound":139111.43313953487},"point_estimate":138988.32211538462,"standard_error":48.49217125136494},"MedianAbsDev":{"confidence_interval":{"confidence_level":0.95,"lower_bound":253.57694346385418,"upper_bound":485.57568245037857},"point_estimate":346.1114449370458,"standard_error":59.01871099539097},"Slope":{"confidence_interval":{"confidence_level":0.95,"lower_bound":139081.2855701119,"upper_bound":140366.13620449335},"point_estimate":139629.27666765184,"standard_error":332.6765533121353},"StdDev":{"confidence_interval":{"confidence_level":0.95,"lower_bound":1901.9379122504217,"upper_bound":17106.43868198774},"point_estimate":10202.946677832759,"standard_error":5094.190090480933}}