{"Mean":{"confidence_interval":{"confidence_level":0.95,"lower_bound":231.96512312837683,"upper_bound":232.12905300480048},"point_estimate":232.0279480150992,"standard_error":0.04400471129547473},"Median":{"confidence_interval":{"confidence_level":0.95,"lower_bound":231.93370705289993,"upper_bound":231.94007251081555},"point_estimate":231.93632866890783,"standard_error":0.0017275736501594849},"MedianAbsDev":{"confidence_interval":{"confidence_level":0.95,"lower_bound":0.00886636523387029,"upper_bound":0.018150359906355645},"point_estimate":0.013630577605215972,"standard_error":0.0023190065804241373},"Slope":{"confidence_interval":{"confidence_level":0.95,"lower_bound":231.95916349691052,"upper_bound":232.02333839094536},"point_estimate":231.98843743518333,"standard_error":0.01645633852820188},"StdDev":{"confidence_interval":{"confidence_level":0.95,"lower_bound":0.10037132882179822,"upper_bound":0.7334007437262176},"point_estimate":0.44220578681538364,"standard_error":0.20596117840005476}}