{"Mean":{"confidence_interval":{"confidence_level":0.95,"lower_bound":115200.08240382904,"upper_bound":115475.86349670815},"point_estimate":115338.32205010839,"standard_error":70.70881366317056},"Median":{"confidence_interval":{"confidence_level":0.95,"lower_bound":115211.82222222222,"upper_bound":115428.33333333333},"point_estimate":115320.89899843506,"standard_error":55.29616429506244},"MedianAbsDev":{"confidence_interval":{"confidence_level":0.95,"lower_bound":510.62083639329825,"upper_bound":885.0629092731842},"point_estimate":709.5573589896815,"standard_error":102.70559000228617},"Slope":{"confidence_interval":{"confidence_level":0.95,"lower_bound":115034.11112383107,"upper_bound":115360.2850966474},"point_estimate":115199.23175639952,"standard_error":83.29446322503054},"StdDev":{"confidence_interval":{"confidence_level":0.95,"lower_bound":602.5986028798006,"upper_bound":807.3219042937018},"point_estimate":710.4488709568359,"standard_error":52.373585610149306}}