{"Mean":{"confidence_interval":{"confidence_level":0.95,"lower_bound":13739642.97873768,"upper_bound":13774987.411474228},"point_estimate":13755817.099660521,"standard_error":9020.352912582783},"Median":{"confidence_interval":{"confidence_level":0.95,"lower_bound":13721095.789473685,"upper_bound":13728846.996558197},"point_estimate":13724877.31952136,"standard_error":2283.414651356813},"MedianAbsDev":{"confidence_interval":{"confidence_level":0.95,"lower_bound":12918.565236994667,"upper_bound":26137.196230047786},"point_estimate":17416.361270615474,"standard_error":3576.261756492689},"Slope":{"confidence_interval":{"confidence_level":0.95,"lower_bound":13736264.236293847,"upper_bound":13779579.943278449},"point_estimate":13754684.508550318,"standard_error":11168.489033398424},"StdDev":{"confidence_interval":{"confidence_level":0.95,"lower_bound":52483.9668889431,"upper_bound":124705.4834425213},"point_estimate":91011.17124851345,"standard_error":18553.17114483126}}