{"Mean":{"confidence_interval":{"confidence_level":0.95,"lower_bound":70498967.20760298,"upper_bound":71369937.59643723},"point_estimate":70938516.48588403,"standard_error":222425.48775447934},"Median":{"confidence_interval":{"confidence_level":0.95,"lower_bound":69934074.56,"upper_bound":71821316.5409919},"point_estimate":71169519.77151355,"standard_error":508951.450812923},"MedianAbsDev":{"confidence_interval":{"confidence_level":0.95,"lower_bound":2036030.1972598971,"upper_bound":2989804.7887634323},"point_estimate":2715420.043297298,"standard_error":245350.7077116279},"Slope":{"confidence_interval":{"confidence_level":0.95,"lower_bound":72057168.9959035,"upper_bound":72657170.93035056},"point_estimate":72367286.51580316,"standard_error":152784.64617135937},"StdDev":{"confidence_interval":{"confidence_level":0.95,"lower_bound":1967799.6884603626,"upper_bound":2475206.1736281225},"point_estimate":2235981.8774561286,"standard_error":129677.16906537008}}