{"Mean":{"confidence_interval":{"confidence_level":0.95,"lower_bound":133272.98900650427,"upper_bound":133356.948646966},"point_estimate":133310.18143480123,"standard_error":21.50622062245662},"Median":{"confidence_interval":{"confidence_level":0.95,"lower_bound":133213.7287735849,"upper_bound":133240.1018382353},"point_estimate":133227.50389557134,"standard_error":6.697048759212591},"MedianAbsDev":{"confidence_interval":{"confidence_level":0.95,"lower_bound":28.469707056829257,"upper_bound":63.77753845103172},"point_estimate":41.68191881488115,"standard_error":9.317159437136752},"Slope":{"confidence_interval":{"confidence_level":0.95,"lower_bound":133331.78448406307,"upper_bound":133471.63623137315},"point_estimate":133395.66847716863,"standard_error":35.841708663265045},"StdDev":{"confidence_interval":{"confidence_level":0.95,"lower_bound":118.8584574765175,"upper_bound":319.6966197864936},"point_estimate":216.09888564375265,"standard_error":60.531511097670176}}