{"Mean":{"confidence_interval":{"confidence_level":0.95,"lower_bound":10394.242141598541,"upper_bound":10403.213707383431},"point_estimate":10398.04654174456,"standard_error":2.3176916927008215},"Median":{"confidence_interval":{"confidence_level":0.95,"lower_bound":10391.723684210527,"upper_bound":10392.595999537309},"point_estimate":10392.239783352159,"standard_error":0.250619714097509},"MedianAbsDev":{"confidence_interval":{"confidence_level":0.95,"lower_bound":0.6624371854933334,"upper_bound":1.562371068108336},"point_estimate":1.1300590930414607,"standard_error":0.24358493717636823},"Slope":{"confidence_interval":{"confidence_level":0.95,"lower_bound":10393.017985285835,"upper_bound":10397.439654111915},"point_estimate":10394.916363633565,"standard_error":1.1404900440875023},"StdDev":{"confidence_interval":{"confidence_level":0.95,"lower_bound":8.079430538865983,"upper_bound":36.06102066743992},"point_estimate":23.23682376370775,"standard_error":7.639333739665991}}