{"Mean":{"confidence_interval":{"confidence_level":0.95,"lower_bound":1208963.7803786614,"upper_bound":1219015.6670178906},"point_estimate":1213399.585667752,"standard_error":2578.0445113109326},"Median":{"confidence_interval":{"confidence_level":0.95,"lower_bound":1205419.122260274,"upper_bound":1206983.1893609297},"point_estimate":1205965.987804878,"standard_error":393.82453495627124},"MedianAbsDev":{"confidence_interval":{"confidence_level":0.95,"lower_bound":2110.56681156121,"upper_bound":3881.255427868141},"point_estimate":3115.605813107929,"standard_error":434.3341507363034},"Slope":{"confidence_interval":{"confidence_level":0.95,"lower_bound":1206098.8176496387,"upper_bound":1213995.6955219738},"point_estimate":1209462.5671375794,"standard_error":2030.0703603925303},"StdDev":{"confidence_interval":{"confidence_level":0.95,"lower_bound":12270.793982936824,"upper_bound":37765.99836729372},"point_estimate":25826.248619985006,"standard_error":6692.038629961953}}