{"Mean":{"confidence_interval":{"confidence_level":0.95,"lower_bound":7746.622167929949,"upper_bound":7984.739986475302},"point_estimate":7849.953742317363,"standard_error":61.46549713517018},"Median":{"confidence_interval":{"confidence_level":0.95,"lower_bound":7670.348464439655,"upper_bound":7682.403020833333},"point_estimate":7675.506810035842,"standard_error":2.923552523009146},"MedianAbsDev":{"confidence_interval":{"confidence_level":0.95,"lower_bound":14.278904427263912,"upper_bound":27.818859503415858},"point_estimate":19.872067153368295,"standard_error":3.5528889797849637},"Slope":{"confidence_interval":{"confidence_level":0.95,"lower_bound":7677.645690813345,"upper_bound":7799.191681311073},"point_estimate":7721.856693651175,"standard_error":33.31135413083814},"StdDev":{"confidence_interval":{"confidence_level":0.95,"lower_bound":271.6869785945792,"upper_bound":924.4819978202336},"point_estimate":613.8139905594345,"standard_error":177.61278782538267}}