{"Mean":{"confidence_interval":{"confidence_level":0.95,"lower_bound":24487.527865061576,"upper_bound":24681.810621342498},"point_estimate":24561.989870134308,"standard_error":51.93656529167796},"Median":{"confidence_interval":{"confidence_level":0.95,"lower_bound":24456.198907826427,"upper_bound":24481.624258404747},"point_estimate":24468.91715060008,"standard_error":6.371598308606888},"MedianAbsDev":{"confidence_interval":{"confidence_level":0.95,"lower_bound":36.26778753552861,"upper_bound":65.0334721341746},"point_estimate":48.728276980427864,"standard_error":7.2201385336089094},"Slope":{"confidence_interval":{"confidence_level":0.95,"lower_bound":24460.21394650999,"upper_bound":24662.195906917616},"point_estimate":24531.45427753769,"standard_error":55.69608719242549},"StdDev":{"confidence_interval":{"confidence_level":0.95,"lower_bound":106.53552375569771,"upper_bound":861.941915433505},"point_estimate":519.9953132774274,"standard_error":237.86936301818167}}