{"Mean":{"confidence_interval":{"confidence_level":0.95,"lower_bound":1494588.7862303816,"upper_bound":1573416.603323907},"point_estimate":1522696.8959370486,"standard_error":23318.055084789074},"Median":{"confidence_interval":{"confidence_level":0.95,"lower_bound":1486318.1789473684,"upper_bound":1490113.0606060605},"point_estimate":1488091.8597826087,"standard_error":845.9724351096813},"MedianAbsDev":{"confidence_interval":{"confidence_level":0.95,"lower_bound":3777.3437546484515,"upper_bound":7754.8071875013475},"point_estimate":5864.997912808058,"standard_error":984.0428432957716},"Slope":{"confidence_interval":{"confidence_level":0.95,"lower_bound":1488656.2889257541,"upper_bound":1501137.6399479448},"point_estimate":1494151.3849977835,"standard_error":3210.6076425724928},"StdDev":{"confidence_interval":{"confidence_level":0.95,"lower_bound":21672.742149057314,"upper_bound":399818.489235397},"point_estimate":234725.11298692782,"standard_error":131722.72187004946}}