{"Mean":{"confidence_interval":{"confidence_level":0.95,"lower_bound":25371.486233202984,"upper_bound":25407.882168676257},"point_estimate":25385.288025652048,"standard_error":9.8476044527619},"Median":{"confidence_interval":{"confidence_level":0.95,"lower_bound":25366.54863253441,"upper_bound":25368.834219457014},"point_estimate":25367.72473262032,"standard_error":0.6829959858411764},"MedianAbsDev":{"confidence_interval":{"confidence_level":0.95,"lower_bound":3.6919995569654778,"upper_bound":7.4871026322409735},"point_estimate":5.031288145970656,"standard_error":0.9747409815461072},"Slope":{"confidence_interval":{"confidence_level":0.95,"lower_bound":25369.004887440293,"upper_bound":25383.309877696633},"point_estimate":25374.887361090587,"standard_error":3.7423036662400238},"StdDev":{"confidence_interval":{"confidence_level":0.95,"lower_bound":19.468135249690075,"upper_bound":164.31608944111392},"point_estimate":98.61132966998498,"standard_error":46.94128824819196}}