{"Mean":{"confidence_interval":{"confidence_level":0.95,"lower_bound":813348.1816898938,"upper_bound":813519.1558806727},"point_estimate":813418.6053453062,"standard_error":44.62694228159707},"Median":{"confidence_interval":{"confidence_level":0.95,"lower_bound":813314.154724627,"upper_bound":813339.6153061225},"point_estimate":813325.7849999999,"standard_error":6.942370500520619},"MedianAbsDev":{"confidence_interval":{"confidence_level":0.95,"lower_bound":44.18918156964152,"upper_bound":86.35775798266634},"point_estimate":58.70271097707492,"standard_error":10.77979076613093},"Slope":{"confidence_interval":{"confidence_level":0.95,"lower_bound":813317.2255749726,"upper_bound":813432.8375277098},"point_estimate":813358.4601714201,"standard_error":31.618755244729215},"StdDev":{"confidence_interval":{"confidence_level":0.95,"lower_bound":107.2846690609163,"upper_bound":715.6390030200324},"point_estimate":448.18260312832354,"standard_error":166.84140759490072}}