{"Mean":{"confidence_interval":{"confidence_level":0.95,"lower_bound":121743.1285147133,"upper_bound":125791.43793897936},"point_estimate":123413.80843001965,"standard_error":1053.837425755018},"Median":{"confidence_interval":{"confidence_level":0.95,"lower_bound":120384.12442396313,"upper_bound":120577.9846743295},"point_estimate":120456.22185851974,"standard_error":50.390823040275045},"MedianAbsDev":{"confidence_interval":{"confidence_level":0.95,"lower_bound":290.2847523811382,"upper_bound":576.9675448305222},"point_estimate":396.0035489648229,"standard_error":72.94331909784607},"Slope":{"confidence_interval":{"confidence_level":0.95,"lower_bound":120558.12647285276,"upper_bound":122445.42584730747},"point_estimate":121243.48708569365,"standard_error":519.5997819954337},"StdDev":{"confidence_interval":{"confidence_level":0.95,"lower_bound":3918.0446631363275,"upper_bound":16934.053771215968},"point_estimate":10633.344613685875,"standard_error":4077.024327541099}}