{"Mean":{"confidence_interval":{"confidence_level":0.95,"lower_bound":732694.2100454586,"upper_bound":733336.0305679605},"point_estimate":732964.5041983856,"standard_error":166.4357949896733},"Median":{"confidence_interval":{"confidence_level":0.95,"lower_bound":732580.5812236287,"upper_bound":732606.7036124795},"point_estimate":732594.5833333333,"standard_error":8.313156519097172},"MedianAbsDev":{"confidence_interval":{"confidence_level":0.95,"lower_bound":57.97980638346463,"upper_bound":108.2625335479599},"point_estimate":81.97671052382748,"standard_error":13.123976345536539},"Slope":{"confidence_interval":{"confidence_level":0.95,"lower_bound":732647.4161768898,"upper_bound":732884.7238970092},"point_estimate":732755.846156347,"standard_error":60.707268521575884},"StdDev":{"confidence_interval":{"confidence_level":0.95,"lower_bound":428.08155149670836,"upper_bound":2588.3926875098277},"point_estimate":1669.084338483868,"standard_error":572.0350594324091}}