{"Mean":{"confidence_interval":{"confidence_level":0.95,"lower_bound":546619.5528735793,"upper_bound":564352.036753542},"point_estimate":553566.1971849061,"standard_error":4686.541860177453},"Median":{"confidence_interval":{"confidence_level":0.95,"lower_bound":544310.484375,"upper_bound":545032.0681818182},"point_estimate":544626.5700471698,"standard_error":192.56351926544605},"MedianAbsDev":{"confidence_interval":{"confidence_level":0.95,"lower_bound":1168.3645885083904,"upper_bound":2053.996062700859},"point_estimate":1577.8996341295633,"standard_error":227.70908024870812},"Slope":{"confidence_interval":{"confidence_level":0.95,"lower_bound":544493.2380756026,"upper_bound":548701.7117440063},"point_estimate":546081.2520939856,"standard_error":1131.6280501002516},"StdDev":{"confidence_interval":{"confidence_level":0.95,"lower_bound":8021.189458109507,"upper_bound":77633.25422544092},"point_estimate":47224.580407117275,"standard_error":20600.058972482402}}