{"Mean":{"confidence_interval":{"confidence_level":0.95,"lower_bound":27340.29391407798,"upper_bound":28081.153369740045},"point_estimate":27615.132537776477,"standard_error":206.56998726120048},"Median":{"confidence_interval":{"confidence_level":0.95,"lower_bound":27225.535714285714,"upper_bound":27260.45241889176},"point_estimate":27246.818144818142,"standard_error":7.8261570596871515},"MedianAbsDev":{"confidence_interval":{"confidence_level":0.95,"lower_bound":48.35557581391659,"upper_bound":91.38206154832037},"point_estimate":67.38423956543083,"standard_error":10.979649580563885},"Slope":{"confidence_interval":{"confidence_level":0.95,"lower_bound":27264.0868436096,"upper_bound":27650.18151348463},"point_estimate":27416.444706336304,"standard_error":103.15760322835418},"StdDev":{"confidence_interval":{"confidence_level":0.95,"lower_bound":337.8372208163486,"upper_bound":3499.1753595256178},"point_estimate":2078.6847786796757,"standard_error":1059.8096898198442}}