{"Mean":{"confidence_interval":{"confidence_level":0.95,"lower_bound":1048.4201243289185,"upper_bound":1049.0027265358674},"point_estimate":1048.7080539506403,"standard_error":0.14855396744150512},"Median":{"confidence_interval":{"confidence_level":0.95,"lower_bound":1047.6147320384318,"upper_bound":1049.7518013976126},"point_estimate":1049.4069766992443,"standard_error":0.6152435593366644},"MedianAbsDev":{"confidence_interval":{"confidence_level":0.95,"lower_bound":0.3313280065772226,"upper_bound":2.2176014857809734},"point_estimate":1.5250959650216325,"standard_error":0.5266979903987408},"Slope":{"confidence_interval":{"confidence_level":0.95,"lower_bound":1048.3049832520956,"upper_bound":1049.0109075171608},"point_estimate":1048.655206984303,"standard_error":0.17991317759718886},"StdDev":{"confidence_interval":{"confidence_level":0.95,"lower_bound":1.3154356108431375,"upper_bound":1.6852389619648345},"point_estimate":1.494889168992026,"standard_error":0.09548765434107445}}