{"Mean":{"confidence_interval":{"confidence_level":0.95,"lower_bound":687.1480218646143,"upper_bound":687.3998097191428},"point_estimate":687.2597540570258,"standard_error":0.06467728083422832},"Median":{"confidence_interval":{"confidence_level":0.95,"lower_bound":687.01357687473,"upper_bound":687.1271947691448},"point_estimate":687.0829266442556,"standard_error":0.0317975167027775},"MedianAbsDev":{"confidence_interval":{"confidence_level":0.95,"lower_bound":0.16903629601915357,"upper_bound":0.326427615843151},"point_estimate":0.25691472066842175,"standard_error":0.04157570210586849},"Slope":{"confidence_interval":{"confidence_level":0.95,"lower_bound":687.045925194515,"upper_bound":687.2709642703568},"point_estimate":687.1483697336351,"standard_error":0.0575886248177424},"StdDev":{"confidence_interval":{"confidence_level":0.95,"lower_bound":0.3475854960137971,"upper_bound":0.9459493639818577},"point_estimate":0.6482188216790254,"standard_error":0.1664683971725821}}