{"Mean":{"confidence_interval":{"confidence_level":0.95,"lower_bound":18336.27416688719,"upper_bound":18345.905855506764},"point_estimate":18340.730417147457,"standard_error":2.4696344446798126},"Median":{"confidence_interval":{"confidence_level":0.95,"lower_bound":18331.459834710742,"upper_bound":18333.117940558303},"point_estimate":18332.37358609133,"standard_error":0.4359558355084009},"MedianAbsDev":{"confidence_interval":{"confidence_level":0.95,"lower_bound":4.627232362993503,"upper_bound":10.003460497199603},"point_estimate":7.787257172815681,"standard_error":1.4608964321648532},"Slope":{"confidence_interval":{"confidence_level":0.95,"lower_bound":18338.097266303128,"upper_bound":18351.469252260667},"point_estimate":18343.961263887584,"standard_error":3.441220636759216},"StdDev":{"confidence_interval":{"confidence_level":0.95,"lower_bound":15.963215477027507,"upper_bound":33.07852870628919},"point_estimate":24.83581720116052,"standard_error":4.425066763168011}}