{"Mean":{"confidence_interval":{"confidence_level":0.95,"lower_bound":1940537.7922052725,"upper_bound":1959723.35599127},"point_estimate":1948954.7738573235,"standard_error":4944.284029709154},"Median":{"confidence_interval":{"confidence_level":0.95,"lower_bound":1934504.4897959183,"upper_bound":1937560.5542168675},"point_estimate":1935570.3722222224,"standard_error":806.0250886809878},"MedianAbsDev":{"confidence_interval":{"confidence_level":0.95,"lower_bound":4374.889280100091,"upper_bound":8810.565076490251},"point_estimate":5421.757899229936,"standard_error":1183.0916240376478},"Slope":{"confidence_interval":{"confidence_level":0.95,"lower_bound":1934260.922100254,"upper_bound":1945773.6111323969},"point_estimate":1939049.1639869958,"standard_error":2998.1696033974054},"StdDev":{"confidence_interval":{"confidence_level":0.95,"lower_bound":19532.849718862224,"upper_bound":73755.15815414999},"point_estimate":49939.12509195741,"standard_error":13923.318859840883}}