{"Mean":{"confidence_interval":{"confidence_level":0.95,"lower_bound":56006.35585112446,"upper_bound":56010.19696974119},"point_estimate":56008.16737651835,"standard_error":0.9771571100623893},"Median":{"confidence_interval":{"confidence_level":0.95,"lower_bound":56006.064051532274,"upper_bound":56008.59259259259},"point_estimate":56007.16950073763,"standard_error":0.7216282933330406},"MedianAbsDev":{"confidence_interval":{"confidence_level":0.95,"lower_bound":4.09275973916859,"upper_bound":8.032813823980517},"point_estimate":5.833488322359969,"standard_error":0.988132545234911},"Slope":{"confidence_interval":{"confidence_level":0.95,"lower_bound":56008.88093953112,"upper_bound":56012.77137362731},"point_estimate":56010.69138843735,"standard_error":0.9967507351892622},"StdDev":{"confidence_interval":{"confidence_level":0.95,"lower_bound":6.6045400128982745,"upper_bound":13.315730114010098},"point_estimate":9.776112692083519,"standard_error":1.8364812729064637}}