{"Mean":{"confidence_interval":{"confidence_level":0.95,"lower_bound":53732.85310554107,"upper_bound":53893.566728927115},"point_estimate":53812.26123609338,"standard_error":40.8231786846579},"Median":{"confidence_interval":{"confidence_level":0.95,"lower_bound":53655.39753639418,"upper_bound":53912.91485789094},"point_estimate":53818.80112069471,"standard_error":67.44485299239439},"MedianAbsDev":{"confidence_interval":{"confidence_level":0.95,"lower_bound":365.126746127943,"upper_bound":567.8887161664647},"point_estimate":489.0136172661736,"standard_error":53.73081690288541},"Slope":{"confidence_interval":{"confidence_level":0.95,"lower_bound":53562.03753037772,"upper_bound":53713.67956236101},"point_estimate":53634.06815038927,"standard_error":38.714134520907535},"StdDev":{"confidence_interval":{"confidence_level":0.95,"lower_bound":351.13050545247887,"upper_bound":470.72424889188846},"point_estimate":409.8482466160077,"standard_error":30.845820653038913}}