{"Mean":{"confidence_interval":{"confidence_level":0.95,"lower_bound":6830.785036501351,"upper_bound":6833.768819734819},"point_estimate":6832.156836042501,"standard_error":0.7637010070985087},"Median":{"confidence_interval":{"confidence_level":0.95,"lower_bound":6829.2022209234365,"upper_bound":6830.383542724761},"point_estimate":6829.978809788654,"standard_error":0.2871534748995642},"MedianAbsDev":{"confidence_interval":{"confidence_level":0.95,"lower_bound":1.456229961215209,"upper_bound":2.790780623341901},"point_estimate":2.126860590834041,"standard_error":0.3568824528103783},"Slope":{"confidence_interval":{"confidence_level":0.95,"lower_bound":6828.97216144283,"upper_bound":6833.2970205148695},"point_estimate":6830.7331503493115,"standard_error":1.139134906338206},"StdDev":{"confidence_interval":{"confidence_level":0.95,"lower_bound":4.792039643861318,"upper_bound":10.101381560863253},"point_estimate":7.6700643896690766,"standard_error":1.3553688972360665}}