{"Mean":{"confidence_interval":{"confidence_level":0.95,"lower_bound":253.857937419521,"upper_bound":253.93889860418983},"point_estimate":253.89444366120367,"standard_error":0.020821174413664077},"Median":{"confidence_interval":{"confidence_level":0.95,"lower_bound":253.83043340476263,"upper_bound":253.84111065947906},"point_estimate":253.83384500457356,"standard_error":0.002722579235010962},"MedianAbsDev":{"confidence_interval":{"confidence_level":0.95,"lower_bound":0.015214141140735212,"upper_bound":0.02728589863886938},"point_estimate":0.021177491028385943,"standard_error":0.003130178619886664},"Slope":{"confidence_interval":{"confidence_level":0.95,"lower_bound":253.8518718965352,"upper_bound":253.93017586682495},"point_estimate":253.88711756939537,"standard_error":0.020133707455922703},"StdDev":{"confidence_interval":{"confidence_level":0.95,"lower_bound":0.10983723682651436,"upper_bound":0.29620474204621616},"point_estimate":0.20967925617412875,"standard_error":0.04832883938104788}}