{"Mean":{"confidence_interval":{"confidence_level":0.95,"lower_bound":950.714075918587,"upper_bound":951.4215533689957},"point_estimate":950.990914443206,"standard_error":0.18676507532205197},"Median":{"confidence_interval":{"confidence_level":0.95,"lower_bound":950.5422974584824,"upper_bound":950.6009606756961},"point_estimate":950.5624264945075,"standard_error":0.015912548035870624},"MedianAbsDev":{"confidence_interval":{"confidence_level":0.95,"lower_bound":0.05954077831817058,"upper_bound":0.1310614499853689},"point_estimate":0.08665601600704105,"standard_error":0.019950644968105623},"Slope":{"confidence_interval":{"confidence_level":0.95,"lower_bound":950.659592556998,"upper_bound":950.9280077690897},"point_estimate":950.7814840181284,"standard_error":0.0689746075719819},"StdDev":{"confidence_interval":{"confidence_level":0.95,"lower_bound":0.45321662909534277,"upper_bound":3.063495150821254},"point_estimate":1.8707421433274085,"standard_error":0.8032457574227856}}