{"Mean":{"confidence_interval":{"confidence_level":0.95,"lower_bound":2472.55998216803,"upper_bound":2474.6747108547693},"point_estimate":2473.4534269788473,"standard_error":0.5485448713496174},"Median":{"confidence_interval":{"confidence_level":0.95,"lower_bound":2472.1360025861272,"upper_bound":2472.1994256782286},"point_estimate":2472.165591237648,"standard_error":0.019022297889910195},"MedianAbsDev":{"confidence_interval":{"confidence_level":0.95,"lower_bound":0.08055299904705357,"upper_bound":0.16606918800959872},"point_estimate":0.11684086005584235,"standard_error":0.024776093628538727},"Slope":{"confidence_interval":{"confidence_level":0.95,"lower_bound":2472.352631759596,"upper_bound":2473.979347125539},"point_estimate":2472.9992964389676,"standard_error":0.43121372350793585},"StdDev":{"confidence_interval":{"confidence_level":0.95,"lower_bound":1.410550133240945,"upper_bound":8.67900493368993},"point_estimate":5.501932787916801,"standard_error":1.904311373789989}}