{"Mean":{"confidence_interval":{"confidence_level":0.95,"lower_bound":9956777.167882867,"upper_bound":9984769.154121328},"point_estimate":9969471.66803966,"standard_error":7195.107665311088},"Median":{"confidence_interval":{"confidence_level":0.95,"lower_bound":9943369.850746268,"upper_bound":9946733.531265032},"point_estimate":9945470.63189223,"standard_error":892.9350733912328},"MedianAbsDev":{"confidence_interval":{"confidence_level":0.95,"lower_bound":4632.0639468361605,"upper_bound":10141.955211277547},"point_estimate":7262.250086373437,"standard_error":1382.09215726199},"Slope":{"confidence_interval":{"confidence_level":0.95,"lower_bound":9952572.145176647,"upper_bound":9972503.162802711},"point_estimate":9961921.406277522,"standard_error":5097.1036172099575},"StdDev":{"confidence_interval":{"confidence_level":0.95,"lower_bound":40521.25248831122,"upper_bound":100208.65486296666},"point_estimate":72410.84635173004,"standard_error":15402.13192062878}}