{"Mean":{"confidence_interval":{"confidence_level":0.95,"lower_bound":138980.65160623292,"upper_bound":139066.7024024048},"point_estimate":139019.65253625214,"standard_error":22.062706171077643},"Median":{"confidence_interval":{"confidence_level":0.95,"lower_bound":138931.4784090909,"upper_bound":138947.80351027398},"point_estimate":138938.75969551282,"standard_error":4.515567592147496},"MedianAbsDev":{"confidence_interval":{"confidence_level":0.95,"lower_bound":17.641930861192456,"upper_bound":41.31050447915345},"point_estimate":28.682281446429858,"standard_error":6.591136745679117},"Slope":{"confidence_interval":{"confidence_level":0.95,"lower_bound":138938.5660273706,"upper_bound":139022.38090353142},"point_estimate":138972.30256612974,"standard_error":21.945257909806415},"StdDev":{"confidence_interval":{"confidence_level":0.95,"lower_bound":124.75896488763946,"upper_bound":308.5025561662564},"point_estimate":221.88046290994396,"standard_error":47.184580409813286}}