{"Mean":{"confidence_interval":{"confidence_level":0.95,"lower_bound":28188.551249722343,"upper_bound":28191.126397109347},"point_estimate":28189.714766519697,"standard_error":0.656173885526655},"Median":{"confidence_interval":{"confidence_level":0.95,"lower_bound":28188.51391353643,"upper_bound":28190.343137254902},"point_estimate":28189.35263242894,"standard_error":0.42508909190400795},"MedianAbsDev":{"confidence_interval":{"confidence_level":0.95,"lower_bound":3.1564114821600437,"upper_bound":5.665757817423698},"point_estimate":4.214083991712041,"standard_error":0.6510809826833418},"Slope":{"confidence_interval":{"confidence_level":0.95,"lower_bound":28190.585258951698,"upper_bound":28192.311972952743},"point_estimate":28191.42245193176,"standard_error":0.4398982183238177},"StdDev":{"confidence_interval":{"confidence_level":0.95,"lower_bound":3.9080555452876293,"upper_bound":9.727980035126144},"point_estimate":6.6124558147818595,"standard_error":1.7621884881182077}}