{"Mean":{"confidence_interval":{"confidence_level":0.95,"lower_bound":11553834.355923291,"upper_bound":11771631.774895133},"point_estimate":11660652.55799778,"standard_error":55377.45333449763},"Median":{"confidence_interval":{"confidence_level":0.95,"lower_bound":11523849.13235294,"upper_bound":11827913.192307692},"point_estimate":11651990.411005434,"standard_error":81751.17433677879},"MedianAbsDev":{"confidence_interval":{"confidence_level":0.95,"lower_bound":357622.2173253512,"upper_bound":592914.0006275048},"point_estimate":480996.4346168563,"standard_error":63745.079688367776},"Slope":{"confidence_interval":{"confidence_level":0.95,"lower_bound":11514162.087207226,"upper_bound":11689150.676661901},"point_estimate":11601857.325393822,"standard_error":44749.93665485897},"StdDev":{"confidence_interval":{"confidence_level":0.95,"lower_bound":448200.10626680695,"upper_bound":652392.1750897699},"point_estimate":555361.7073952159,"standard_error":52315.0775514611}}