{"Mean":{"confidence_interval":{"confidence_level":0.95,"lower_bound":12738.499377642735,"upper_bound":12743.243225055596},"point_estimate":12740.617515764821,"standard_error":1.215357215813206},"Median":{"confidence_interval":{"confidence_level":0.95,"lower_bound":12737.38603988604,"upper_bound":12737.863478863479},"point_estimate":12737.591610436348,"standard_error":0.13038662212812774},"MedianAbsDev":{"confidence_interval":{"confidence_level":0.95,"lower_bound":0.6900766938625889,"upper_bound":1.3679837699302644},"point_estimate":1.0140377384075643,"standard_error":0.17139689474232134},"Slope":{"confidence_interval":{"confidence_level":0.95,"lower_bound":12737.887847116277,"upper_bound":12746.65505298937},"point_estimate":12741.47650093023,"standard_error":2.2919439906657524},"StdDev":{"confidence_interval":{"confidence_level":0.95,"lower_bound":5.740898025814741,"upper_bound":17.4067917911196},"point_estimate":12.253660322451182,"standard_error":2.983440683741342}}