{"Mean":{"confidence_interval":{"confidence_level":0.95,"lower_bound":960107.8964677801,"upper_bound":980981.8165315428},"point_estimate":968296.8065575899,"standard_error":5524.83978271497},"Median":{"confidence_interval":{"confidence_level":0.95,"lower_bound":955936.7778409091,"upper_bound":957234.2647058824},"point_estimate":956339.0740686276,"standard_error":416.52208577568473},"MedianAbsDev":{"confidence_interval":{"confidence_level":0.95,"lower_bound":1909.4015691316506,"upper_bound":4071.8263082911894},"point_estimate":2805.200720229786,"standard_error":511.581582218856},"Slope":{"confidence_interval":{"confidence_level":0.95,"lower_bound":957315.577026337,"upper_bound":965134.1860982393},"point_estimate":960669.5069971923,"standard_error":2021.162290410122},"StdDev":{"confidence_interval":{"confidence_level":0.95,"lower_bound":12154.510256858573,"upper_bound":91306.13897395496},"point_estimate":55569.98563676823,"standard_error":24219.48333887055}}