{"Mean":{"confidence_interval":{"confidence_level":0.95,"lower_bound":2290938.3018289725,"upper_bound":2295350.7964450726},"point_estimate":2292860.057812691,"standard_error":1134.9230545022344},"Median":{"confidence_interval":{"confidence_level":0.95,"lower_bound":2290043.9830508474,"upper_bound":2291697.6900000004},"point_estimate":2290916.36,"standard_error":430.30087635720406},"MedianAbsDev":{"confidence_interval":{"confidence_level":0.95,"lower_bound":3053.972541408628,"upper_bound":5698.652909842684},"point_estimate":4408.42233588036,"standard_error":708.4143915966478},"Slope":{"confidence_interval":{"confidence_level":0.95,"lower_bound":2290328.572830632,"upper_bound":2294746.222189066},"point_estimate":2292117.9716240577,"standard_error":1160.0947234455552},"StdDev":{"confidence_interval":{"confidence_level":0.95,"lower_bound":4763.9724008802,"upper_bound":16452.359304209298},"point_estimate":11281.800981737486,"standard_error":3107.234906974043}}