{"Mean":{"confidence_interval":{"confidence_level":0.95,"lower_bound":457681.1945354061,"upper_bound":457933.2488595607},"point_estimate":457804.55298835196,"standard_error":64.0659183156501},"Median":{"confidence_interval":{"confidence_level":0.95,"lower_bound":457613.97316017316,"upper_bound":457791.6134680135},"point_estimate":457747.6619047619,"standard_error":42.69889697218744},"MedianAbsDev":{"confidence_interval":{"confidence_level":0.95,"lower_bound":244.1019154244486,"upper_bound":427.2317058563982},"point_estimate":345.95671678736966,"standard_error":49.061917412003524},"Slope":{"confidence_interval":{"confidence_level":0.95,"lower_bound":457665.14784917247,"upper_bound":457935.84509164246},"point_estimate":457783.6459839417,"standard_error":69.61405461581431},"StdDev":{"confidence_interval":{"confidence_level":0.95,"lower_bound":441.7240455587728,"upper_bound":822.7775927533144},"point_estimate":644.7019082016793,"standard_error":97.11536138117188}}