{"Mean":{"confidence_interval":{"confidence_level":0.95,"lower_bound":357146.1437184842,"upper_bound":357657.87470753596},"point_estimate":357379.378066293,"standard_error":130.91349940299514},"Median":{"confidence_interval":{"confidence_level":0.95,"lower_bound":356870.76764984604,"upper_bound":357085.06440631807},"point_estimate":356972.18217054266,"standard_error":45.47122014555119},"MedianAbsDev":{"confidence_interval":{"confidence_level":0.95,"lower_bound":334.40432564210425,"upper_bound":637.788345147605},"point_estimate":454.95186342299905,"standard_error":74.2060521073457},"Slope":{"confidence_interval":{"confidence_level":0.95,"lower_bound":356842.84815828427,"upper_bound":357136.74374994123},"point_estimate":356981.9577035614,"standard_error":75.69445930974703},"StdDev":{"confidence_interval":{"confidence_level":0.95,"lower_bound":768.5074387233722,"upper_bound":1879.3948404031378},"point_estimate":1333.435404275545,"standard_error":302.5569645640818}}