{"Mean":{"confidence_interval":{"confidence_level":0.95,"lower_bound":428476.90327677917,"upper_bound":429509.60133105464},"point_estimate":428906.4359844034,"standard_error":266.96077438789615},"Median":{"confidence_interval":{"confidence_level":0.95,"lower_bound":428232.10204081633,"upper_bound":428458.0570175439},"point_estimate":428346.11257763975,"standard_error":59.73234257623222},"MedianAbsDev":{"confidence_interval":{"confidence_level":0.95,"lower_bound":289.0625168681162,"upper_bound":503.96633869647127},"point_estimate":376.5196612819683,"standard_error":54.72950881715285},"Slope":{"confidence_interval":{"confidence_level":0.95,"lower_bound":428193.9368263436,"upper_bound":428445.87748415367},"point_estimate":428310.38333678147,"standard_error":63.8433952221331},"StdDev":{"confidence_interval":{"confidence_level":0.95,"lower_bound":759.6091094771818,"upper_bound":4316.288684358175},"point_estimate":2713.7803041706625,"standard_error":1009.1032017571263}}