{"Mean":{"confidence_interval":{"confidence_level":0.95,"lower_bound":151994.2440361755,"upper_bound":152033.63039988},"point_estimate":152011.9291528227,"standard_error":10.101929422390588},"Median":{"confidence_interval":{"confidence_level":0.95,"lower_bound":151979.5349378882,"upper_bound":151983.5462260744},"point_estimate":151980.54801090944,"standard_error":1.0372194658122231},"MedianAbsDev":{"confidence_interval":{"confidence_level":0.95,"lower_bound":5.689849000480038,"upper_bound":12.378311100983554},"point_estimate":8.224899853977812,"standard_error":1.7164218640666937},"Slope":{"confidence_interval":{"confidence_level":0.95,"lower_bound":151987.4363921331,"upper_bound":152030.89654164657},"point_estimate":152006.7112968397,"standard_error":11.15982004562193},"StdDev":{"confidence_interval":{"confidence_level":0.95,"lower_bound":52.54982758152159,"upper_bound":144.2796996861139},"point_estimate":101.53467912603622,"standard_error":23.84376444949099}}