{"Mean":{"confidence_interval":{"confidence_level":0.95,"lower_bound":9421928.726064544,"upper_bound":9528477.712998208},"point_estimate":9463031.171014767,"standard_error":28741.148102950272},"Median":{"confidence_interval":{"confidence_level":0.95,"lower_bound":9405499.545454545,"upper_bound":9463610.838709677},"point_estimate":9432632.268167317,"standard_error":14214.433136057658},"MedianAbsDev":{"confidence_interval":{"confidence_level":0.95,"lower_bound":82369.34472270649,"upper_bound":123221.58958043049},"point_estimate":95708.47837958476,"standard_error":10405.73052170045},"Slope":{"confidence_interval":{"confidence_level":0.95,"lower_bound":9469465.361199727,"upper_bound":9513262.301926823},"point_estimate":9490781.895983448,"standard_error":11131.72586130624},"StdDev":{"confidence_interval":{"confidence_level":0.95,"lower_bound":84208.42527470853,"upper_bound":480124.7990536786},"point_estimate":288955.3262097106,"standard_error":136198.52138421233}}