{"Mean":{"confidence_interval":{"confidence_level":0.95,"lower_bound":19013.08535708815,"upper_bound":19027.882348855765},"point_estimate":19019.070289313957,"standard_error":3.8716949148040416},"Median":{"confidence_interval":{"confidence_level":0.95,"lower_bound":19008.049056603773,"upper_bound":19012.84716981132},"point_estimate":19009.84994786937,"standard_error":1.1637343808429088},"MedianAbsDev":{"confidence_interval":{"confidence_level":0.95,"lower_bound":3.771506459934537,"upper_bound":8.194697145612984},"point_estimate":5.2647022004742565,"standard_error":1.0419101480920794},"Slope":{"confidence_interval":{"confidence_level":0.95,"lower_bound":19011.14060407425,"upper_bound":19016.644909044193},"point_estimate":19013.71423852157,"standard_error":1.4046811355405697},"StdDev":{"confidence_interval":{"confidence_level":0.95,"lower_bound":12.173837563620548,"upper_bound":62.983304025057265},"point_estimate":39.002531149243495,"standard_error":15.701222006450552}}