{"Mean":{"confidence_interval":{"confidence_level":0.95,"lower_bound":5515.197101880794,"upper_bound":5515.436318479017},"point_estimate":5515.3115259818915,"standard_error":0.06112876361492716},"Median":{"confidence_interval":{"confidence_level":0.95,"lower_bound":5515.0905555555555,"upper_bound":5515.3135658914725},"point_estimate":5515.152344926227,"standard_error":0.05336454632812064},"MedianAbsDev":{"confidence_interval":{"confidence_level":0.95,"lower_bound":0.30601711008033794,"upper_bound":0.5412582067618619},"point_estimate":0.37709188013661765,"standard_error":0.058579638660018696},"Slope":{"confidence_interval":{"confidence_level":0.95,"lower_bound":5515.025518669852,"upper_bound":5515.173960485117},"point_estimate":5515.0946250102625,"standard_error":0.037991199597241204},"StdDev":{"confidence_interval":{"confidence_level":0.95,"lower_bound":0.4378757329894519,"upper_bound":0.7756224197118049},"point_estimate":0.6128790384647326,"standard_error":0.08688788716939562}}