{"Mean":{"confidence_interval":{"confidence_level":0.95,"lower_bound":11109456.019416558,"upper_bound":11121957.670564389},"point_estimate":11115458.881614031,"standard_error":3187.7032731390163},"Median":{"confidence_interval":{"confidence_level":0.95,"lower_bound":11105191.42253521,"upper_bound":11112597.190491695},"point_estimate":11108229.508438818,"standard_error":1658.3510382914644},"MedianAbsDev":{"confidence_interval":{"confidence_level":0.95,"lower_bound":14977.296869892836,"upper_bound":29738.369282563206},"point_estimate":19946.810722146285,"standard_error":3921.4562982949474},"Slope":{"confidence_interval":{"confidence_level":0.95,"lower_bound":11102241.83671614,"upper_bound":11110745.09397445},"point_estimate":11106405.667917836,"standard_error":2176.064076491758},"StdDev":{"confidence_interval":{"confidence_level":0.95,"lower_bound":25117.223483051985,"upper_bound":38714.324941374856},"point_estimate":32066.594217301565,"standard_error":3496.547300827227}}