{"Mean":{"confidence_interval":{"confidence_level":0.95,"lower_bound":1096.7503755326227,"upper_bound":1097.7001901569608},"point_estimate":1097.1524110219905,"standard_error":0.2455831225341661},"Median":{"confidence_interval":{"confidence_level":0.95,"lower_bound":1096.5588680137066,"upper_bound":1096.579015304471},"point_estimate":1096.570249638317,"standard_error":0.0053534415905594135},"MedianAbsDev":{"confidence_interval":{"confidence_level":0.95,"lower_bound":0.041733061083193974,"upper_bound":0.08297651560851316},"point_estimate":0.06639098671583969,"standard_error":0.010429092466940168},"Slope":{"confidence_interval":{"confidence_level":0.95,"lower_bound":1096.6776851641664,"upper_bound":1097.2021039823505},"point_estimate":1096.8961620274213,"standard_error":0.13614874126960622},"StdDev":{"confidence_interval":{"confidence_level":0.95,"lower_bound":0.6127319850892825,"upper_bound":3.840761416654261},"point_estimate":2.4690021252174796,"standard_error":0.8315366682467461}}