{"Mean":{"confidence_interval":{"confidence_level":0.95,"lower_bound":13399950.451972906,"upper_bound":13445865.599705612},"point_estimate":13416109.80981717,"standard_error":13972.781063735603},"Median":{"confidence_interval":{"confidence_level":0.95,"lower_bound":13402482.611111112,"upper_bound":13407956.665266108},"point_estimate":13406374.600406505,"standard_error":1327.5025042706698},"MedianAbsDev":{"confidence_interval":{"confidence_level":0.95,"lower_bound":8184.185226922867,"upper_bound":17070.17331821396},"point_estimate":10064.873087862301,"standard_error":2314.838086220629},"Slope":{"confidence_interval":{"confidence_level":0.95,"lower_bound":13394372.157325298,"upper_bound":13403190.740305763},"point_estimate":13398748.27400325,"standard_error":2250.8487233097167},"StdDev":{"confidence_interval":{"confidence_level":0.95,"lower_bound":13333.059003431285,"upper_bound":239974.30832189703},"point_estimate":140279.71025004462,"standard_error":81311.0218138463}}