{"Mean":{"confidence_interval":{"confidence_level":0.95,"lower_bound":443.35765547067996,"upper_bound":443.69283043319706},"point_estimate":443.4949295958015,"standard_error":0.08781596410702451},"Median":{"confidence_interval":{"confidence_level":0.95,"lower_bound":443.28723570149066,"upper_bound":443.2948627726953},"point_estimate":443.28975303672064,"standard_error":0.0019775165994326133},"MedianAbsDev":{"confidence_interval":{"confidence_level":0.95,"lower_bound":0.012540523529873742,"upper_bound":0.026999158617757323},"point_estimate":0.017315522930966533,"standard_error":0.0038509739008713018},"Slope":{"confidence_interval":{"confidence_level":0.95,"lower_bound":443.3421344874336,"upper_bound":443.6426256641672},"point_estimate":443.4596727817771,"standard_error":0.07969962270314453},"StdDev":{"confidence_interval":{"confidence_level":0.95,"lower_bound":0.2309349225698865,"upper_bound":1.4173296443529917},"point_estimate":0.8822070598300594,"standard_error":0.33933433054853807}}