{"Mean":{"confidence_interval":{"confidence_level":0.95,"lower_bound":334517.4608494854,"upper_bound":337733.0351842319},"point_estimate":335925.7896034459,"standard_error":828.0182152716711},"Median":{"confidence_interval":{"confidence_level":0.95,"lower_bound":333589.5950874727,"upper_bound":333994.94444444444},"point_estimate":333696.3333333333,"standard_error":92.54193634769646},"MedianAbsDev":{"confidence_interval":{"confidence_level":0.95,"lower_bound":535.4744420197036,"upper_bound":1051.514616331833},"point_estimate":727.0666197842673,"standard_error":125.6706135050928},"Slope":{"confidence_interval":{"confidence_level":0.95,"lower_bound":333721.6183976001,"upper_bound":336306.81704733137},"point_estimate":334789.0141057091,"standard_error":667.8409436254185},"StdDev":{"confidence_interval":{"confidence_level":0.95,"lower_bound":3296.664403312863,"upper_bound":12211.535877850201},"point_estimate":8330.051075582016,"standard_error":2256.941064998725}}