{"Mean":{"confidence_interval":{"confidence_level":0.95,"lower_bound":335696.14503303706,"upper_bound":347936.03321041673},"point_estimate":340734.6024632368,"standard_error":3190.87871649634},"Median":{"confidence_interval":{"confidence_level":0.95,"lower_bound":333889.09375,"upper_bound":334349.9431764981},"point_estimate":334117.984331116,"standard_error":134.88456741777077},"MedianAbsDev":{"confidence_interval":{"confidence_level":0.95,"lower_bound":688.3441044461584,"upper_bound":1367.223865710346},"point_estimate":983.1747091430964,"standard_error":179.0585263885504},"Slope":{"confidence_interval":{"confidence_level":0.95,"lower_bound":334264.94952784624,"upper_bound":340661.82888597745},"point_estimate":336842.8995113541,"standard_error":1681.2226657134097},"StdDev":{"confidence_interval":{"confidence_level":0.95,"lower_bound":6950.909562806432,"upper_bound":51377.99056289105},"point_estimate":32118.54218543056,"standard_error":11997.85424402932}}