{"Mean":{"confidence_interval":{"confidence_level":0.95,"lower_bound":4139681.321914765,"upper_bound":4189530.7874146374},"point_estimate":4162475.43032396,"standard_error":12776.357858502319},"Median":{"confidence_interval":{"confidence_level":0.95,"lower_bound":4114809.5375,"upper_bound":4118694.523888889},"point_estimate":4116709.847311396,"standard_error":959.33147742786},"MedianAbsDev":{"confidence_interval":{"confidence_level":0.95,"lower_bound":5622.986266324421,"upper_bound":13065.672101855389},"point_estimate":9071.903232256456,"standard_error":2004.6202674285494},"Slope":{"confidence_interval":{"confidence_level":0.95,"lower_bound":4123314.080785837,"upper_bound":4142815.546988198},"point_estimate":4132152.732135363,"standard_error":4989.852028189},"StdDev":{"confidence_interval":{"confidence_level":0.95,"lower_bound":73007.28985622551,"upper_bound":172727.43404117602},"point_estimate":128474.91708082108,"standard_error":25428.2794511204}}