{"Mean":{"confidence_interval":{"confidence_level":0.95,"lower_bound":3725.017807094505,"upper_bound":3726.4444353982603},"point_estimate":3725.644823551329,"standard_error":0.3656569805950184},"Median":{"confidence_interval":{"confidence_level":0.95,"lower_bound":3724.5822890559734,"upper_bound":3724.8033841720053},"point_estimate":3724.6824747052815,"standard_error":0.05602764610949141},"MedianAbsDev":{"confidence_interval":{"confidence_level":0.95,"lower_bound":0.34634194617152164,"upper_bound":0.5545423679985721},"point_estimate":0.47105470316623116,"standard_error":0.05314941620710703},"Slope":{"confidence_interval":{"confidence_level":0.95,"lower_bound":3724.9743991715463,"upper_bound":3727.4498116575237},"point_estimate":3725.9838434974686,"standard_error":0.6482386356261935},"StdDev":{"confidence_interval":{"confidence_level":0.95,"lower_bound":1.7063870371152623,"upper_bound":5.457263687535309},"point_estimate":3.67880312974944,"standard_error":0.993424904661529}}