{"Mean":{"confidence_interval":{"confidence_level":0.95,"lower_bound":22285.826877600717,"upper_bound":22297.304458925973},"point_estimate":22290.932391648326,"standard_error":2.950464656755921},"Median":{"confidence_interval":{"confidence_level":0.95,"lower_bound":22279.06388888889,"upper_bound":22289.934814814816},"point_estimate":22284.33826232247,"standard_error":2.5078752786934073},"MedianAbsDev":{"confidence_interval":{"confidence_level":0.95,"lower_bound":9.494865261366288,"upper_bound":17.57248106682379},"point_estimate":14.774869641862647,"standard_error":2.120027390949658},"Slope":{"confidence_interval":{"confidence_level":0.95,"lower_bound":22281.15203569973,"upper_bound":22293.729509536173},"point_estimate":22286.6217894685,"standard_error":3.233966369495644},"StdDev":{"confidence_interval":{"confidence_level":0.95,"lower_bound":14.834376950465343,"upper_bound":43.74590632657134},"point_estimate":29.705227916109102,"standard_error":7.876246221490588}}