{"Mean":{"confidence_interval":{"confidence_level":0.95,"lower_bound":700817.024871476,"upper_bound":704972.1332466829},"point_estimate":702663.2930126733,"standard_error":1068.0534458944567},"Median":{"confidence_interval":{"confidence_level":0.95,"lower_bound":699108.5434782609,"upper_bound":700267.7053571428},"point_estimate":699534.4391711231,"standard_error":339.3550756131421},"MedianAbsDev":{"confidence_interval":{"confidence_level":0.95,"lower_bound":1259.3507435511694,"upper_bound":2391.713931996993},"point_estimate":1592.8140273253764,"standard_error":313.0131459172097},"Slope":{"confidence_interval":{"confidence_level":0.95,"lower_bound":699360.5651181078,"upper_bound":702470.0017410358},"point_estimate":700597.709120733,"standard_error":815.6685358373865},"StdDev":{"confidence_interval":{"confidence_level":0.95,"lower_bound":4911.8998905504395,"upper_bound":15593.692812758667},"point_estimate":10763.218681296208,"standard_error":2753.326192152892}}