{"Mean":{"confidence_interval":{"confidence_level":0.95,"lower_bound":1963042.793638853,"upper_bound":2010075.6442445153},"point_estimate":1986102.3127547307,"standard_error":11951.658653629587},"Median":{"confidence_interval":{"confidence_level":0.95,"lower_bound":1966166.1739130435,"upper_bound":2001631.4835815197},"point_estimate":1989221.9826604556,"standard_error":10013.65820021849},"MedianAbsDev":{"confidence_interval":{"confidence_level":0.95,"lower_bound":58398.26390835153,"upper_bound":98048.84694348031},"point_estimate":80962.17038998705,"standard_error":10598.275791216469},"Slope":{"confidence_interval":{"confidence_level":0.95,"lower_bound":1966657.6078281887,"upper_bound":1994310.9210878771},"point_estimate":1980819.699840402,"standard_error":7039.06294749836},"StdDev":{"confidence_interval":{"confidence_level":0.95,"lower_bound":84880.18333782874,"upper_bound":154501.13193666935},"point_estimate":120590.45876611589,"standard_error":17845.07438708604}}