{"Mean":{"confidence_interval":{"confidence_level":0.95,"lower_bound":96320.26235164504,"upper_bound":97076.47953788542},"point_estimate":96651.28101219621,"standard_error":194.73564748622817},"Median":{"confidence_interval":{"confidence_level":0.95,"lower_bound":96123.73569023568,"upper_bound":96216.90437993378},"point_estimate":96167.97885645245,"standard_error":20.51558582395928},"MedianAbsDev":{"confidence_interval":{"confidence_level":0.95,"lower_bound":129.24278551287705,"upper_bound":245.97573861252224},"point_estimate":195.94882369688062,"standard_error":27.71535168522321},"Slope":{"confidence_interval":{"confidence_level":0.95,"lower_bound":96119.9458857924,"upper_bound":97136.65228355608},"point_estimate":96451.21661001921,"standard_error":299.2278845494201},"StdDev":{"confidence_interval":{"confidence_level":0.95,"lower_bound":752.0304017559822,"upper_bound":2852.9543469515615},"point_estimate":1958.235381844302,"standard_error":530.7865041363282}}