{"Mean":{"confidence_interval":{"confidence_level":0.95,"lower_bound":762.3547220824772,"upper_bound":763.0112390483846},"point_estimate":762.6324887500278,"standard_error":0.16994879181767505},"Median":{"confidence_interval":{"confidence_level":0.95,"lower_bound":762.1671902001001,"upper_bound":762.4081563679379},"point_estimate":762.3632783452869,"standard_error":0.06530293573031842},"MedianAbsDev":{"confidence_interval":{"confidence_level":0.95,"lower_bound":0.21079031374336665,"upper_bound":0.44677383570279944},"point_estimate":0.3699274148656197,"standard_error":0.06343613237694529},"Slope":{"confidence_interval":{"confidence_level":0.95,"lower_bound":762.3348867340676,"upper_bound":762.6172769540505},"point_estimate":762.4629467620852,"standard_error":0.07219739148572797},"StdDev":{"confidence_interval":{"confidence_level":0.95,"lower_bound":0.4117544735237165,"upper_bound":2.634898849151979},"point_estimate":1.7035986789511612,"standard_error":0.5781054947340245}}