{"Mean":{"confidence_interval":{"confidence_level":0.95,"lower_bound":30063.937985974026,"upper_bound":30383.937609496323},"point_estimate":30200.8680296171,"standard_error":82.6493007060499},"Median":{"confidence_interval":{"confidence_level":0.95,"lower_bound":29993.10988325426,"upper_bound":30026.601976284586},"point_estimate":30009.639712248536,"standard_error":10.05163659936503},"MedianAbsDev":{"confidence_interval":{"confidence_level":0.95,"lower_bound":45.06106515489228,"upper_bound":93.1384188157137},"point_estimate":61.55802561038705,"standard_error":12.98767926086931},"Slope":{"confidence_interval":{"confidence_level":0.95,"lower_bound":29996.376389698486,"upper_bound":30125.805618048627},"point_estimate":30042.742330471854,"standard_error":34.765527630092215},"StdDev":{"confidence_interval":{"confidence_level":0.95,"lower_bound":246.16250696293415,"upper_bound":1261.6602845290033},"point_estimate":828.4184933587892,"standard_error":265.1772732225331}}