{"Mean":{"confidence_interval":{"confidence_level":0.95,"lower_bound":60385.46817729576,"upper_bound":62459.36514360782},"point_estimate":61268.41553242332,"standard_error":536.62269090018},"Median":{"confidence_interval":{"confidence_level":0.95,"lower_bound":59660.818347338936,"upper_bound":59757.99616368287},"point_estimate":59703.68875266619,"standard_error":21.195443931937525},"MedianAbsDev":{"confidence_interval":{"confidence_level":0.95,"lower_bound":116.47502083577555,"upper_bound":235.8483772644687},"point_estimate":171.64169504930558,"standard_error":30.8204170775155},"Slope":{"confidence_interval":{"confidence_level":0.95,"lower_bound":59734.50638405803,"upper_bound":60599.24477152157},"point_estimate":60064.394123905804,"standard_error":231.05357463766396},"StdDev":{"confidence_interval":{"confidence_level":0.95,"lower_bound":2186.7526547761354,"upper_bound":8365.818367200503},"point_estimate":5394.861333032731,"standard_error":1793.9815685825226}}