{"Mean":{"confidence_interval":{"confidence_level":0.95,"lower_bound":4213.0946360681,"upper_bound":4215.244254361347},"point_estimate":4214.057156389528,"standard_error":0.5536130125456804},"Median":{"confidence_interval":{"confidence_level":0.95,"lower_bound":4212.459150722452,"upper_bound":4212.673908174692},"point_estimate":4212.555761653633,"standard_error":0.04870503259021041},"MedianAbsDev":{"confidence_interval":{"confidence_level":0.95,"lower_bound":0.42986121389541465,"upper_bound":0.7601047482831235},"point_estimate":0.5932462537277134,"standard_error":0.08547612122129816},"Slope":{"confidence_interval":{"confidence_level":0.95,"lower_bound":4212.659505715157,"upper_bound":4215.353846160946},"point_estimate":4213.757867599018,"standard_error":0.7026387821473907},"StdDev":{"confidence_interval":{"confidence_level":0.95,"lower_bound":2.572495281078846,"upper_bound":7.871907588343746},"point_estimate":5.556131815290221,"standard_error":1.3608263844668191}}