{"Mean":{"confidence_interval":{"confidence_level":0.95,"lower_bound":32396.6490018063,"upper_bound":32409.171094069003},"point_estimate":32402.26834756616,"standard_error":3.2083486050735},"Median":{"confidence_interval":{"confidence_level":0.95,"lower_bound":32392.30376344086,"upper_bound":32395.28873458712},"point_estimate":32393.524410605758,"standard_error":0.7561138393289841},"MedianAbsDev":{"confidence_interval":{"confidence_level":0.95,"lower_bound":4.383335629113512,"upper_bound":8.143041805504646},"point_estimate":6.232690704421279,"standard_error":0.9137549266454875},"Slope":{"confidence_interval":{"confidence_level":0.95,"lower_bound":32395.541593416496,"upper_bound":32419.868359350443},"point_estimate":32405.394318919614,"standard_error":6.416916898787179},"StdDev":{"confidence_interval":{"confidence_level":0.95,"lower_bound":15.967264697494626,"upper_bound":45.954267448790354},"point_estimate":32.33709390043747,"standard_error":7.673837346427745}}