{"Mean":{"confidence_interval":{"confidence_level":0.95,"lower_bound":2227802.0248984233,"upper_bound":2418925.1431963476},"point_estimate":2297144.6062263856,"standard_error":54377.84200722491},"Median":{"confidence_interval":{"confidence_level":0.95,"lower_bound":2216875.9615384615,"upper_bound":2218880.544117647},"point_estimate":2217727.726579521,"standard_error":513.3316308210824},"MedianAbsDev":{"confidence_interval":{"confidence_level":0.95,"lower_bound":3565.078134320555,"upper_bound":6530.499884060435},"point_estimate":4838.629851625971,"standard_error":770.8752129028666},"Slope":{"confidence_interval":{"confidence_level":0.95,"lower_bound":2219190.075578356,"upper_bound":2236041.92682052},"point_estimate":2225988.444643121,"standard_error":4410.994772044098},"StdDev":{"confidence_interval":{"confidence_level":0.95,"lower_bound":33612.41656139101,"upper_bound":932515.0503606106},"point_estimate":550162.39508373,"standard_error":293428.41631198}}