{"Mean":{"confidence_interval":{"confidence_level":0.95,"lower_bound":2224758.4161989214,"upper_bound":2244320.699528083},"point_estimate":2233373.485462082,"standard_error":5022.536848287875},"Median":{"confidence_interval":{"confidence_level":0.95,"lower_bound":2217812.0166666666,"upper_bound":2221176.408333333},"point_estimate":2218870.591666667,"standard_error":947.462773540121},"MedianAbsDev":{"confidence_interval":{"confidence_level":0.95,"lower_bound":2688.1336810051635,"upper_bound":6359.003000230218},"point_estimate":4384.281102163372,"standard_error":974.4208273191501},"Slope":{"confidence_interval":{"confidence_level":0.95,"lower_bound":2219565.9208995043,"upper_bound":2236923.8065490145},"point_estimate":2226395.612422048,"standard_error":4557.797786348394},"StdDev":{"confidence_interval":{"confidence_level":0.95,"lower_bound":22674.19277918035,"upper_bound":73714.00601815438},"point_estimate":50466.25560622003,"standard_error":13222.705957984019}}