{"Mean":{"confidence_interval":{"confidence_level":0.95,"lower_bound":499146.2045539823,"upper_bound":499524.2277881224},"point_estimate":499314.2270691725,"standard_error":96.99897392359615},"Median":{"confidence_interval":{"confidence_level":0.95,"lower_bound":499028.0449438202,"upper_bound":499163.2111111111},"point_estimate":499130.95543731295,"standard_error":37.96320597965448},"MedianAbsDev":{"confidence_interval":{"confidence_level":0.95,"lower_bound":204.69257928137247,"upper_bound":452.99259695717393},"point_estimate":354.4884770398973,"standard_error":67.72306418624667},"Slope":{"confidence_interval":{"confidence_level":0.95,"lower_bound":499131.43260589486,"upper_bound":499420.2960622856},"point_estimate":499261.9003265849,"standard_error":73.44834865587667},"StdDev":{"confidence_interval":{"confidence_level":0.95,"lower_bound":465.1776732449702,"upper_bound":1422.4520366622742},"point_estimate":974.3742192913721,"standard_error":253.58155157651697}}