{"Mean":{"confidence_interval":{"confidence_level":0.95,"lower_bound":1218099.0195356335,"upper_bound":1227621.7211249121},"point_estimate":1222478.0299263422,"standard_error":2436.7502694435043},"Median":{"confidence_interval":{"confidence_level":0.95,"lower_bound":1213856.6703296704,"upper_bound":1215136.73436432},"point_estimate":1214579.312806874,"standard_error":293.19543998792636},"MedianAbsDev":{"confidence_interval":{"confidence_level":0.95,"lower_bound":2137.4172117542817,"upper_bound":4004.8008569492854},"point_estimate":2928.6875755916953,"standard_error":469.80874676155133},"Slope":{"confidence_interval":{"confidence_level":0.95,"lower_bound":1213981.1341884008,"upper_bound":1223698.266534845},"point_estimate":1217863.4867119847,"standard_error":2591.0334170820197},"StdDev":{"confidence_interval":{"confidence_level":0.95,"lower_bound":14632.581226362041,"upper_bound":32582.607693851427},"point_estimate":24562.8000732092,"standard_error":4566.842932596417}}