{"Mean":{"confidence_interval":{"confidence_level":0.95,"lower_bound":5435578.229076124,"upper_bound":5442404.055319118},"point_estimate":5438944.993233724,"standard_error":1735.5720521456144},"Median":{"confidence_interval":{"confidence_level":0.95,"lower_bound":5432466.84375,"upper_bound":5440862.5344827585},"point_estimate":5437456.897260274,"standard_error":1936.11624995387},"MedianAbsDev":{"confidence_interval":{"confidence_level":0.95,"lower_bound":11096.792998580071,"upper_bound":17326.282431893855},"point_estimate":13853.275425055044,"standard_error":1525.3048147347297},"Slope":{"confidence_interval":{"confidence_level":0.95,"lower_bound":5431816.02981042,"upper_bound":5437027.872229079},"point_estimate":5434406.749732525,"standard_error":1323.9656674680407},"StdDev":{"confidence_interval":{"confidence_level":0.95,"lower_bound":13708.76001281596,"upper_bound":21208.403038563298},"point_estimate":17468.34040169658,"standard_error":1932.5772546453072}}