{"Mean":{"confidence_interval":{"confidence_level":0.95,"lower_bound":12583.965453121487,"upper_bound":12588.086116469154},"point_estimate":12585.852433321816,"standard_error":1.0567235181407197},"Median":{"confidence_interval":{"confidence_level":0.95,"lower_bound":12581.440830144245,"upper_bound":12582.115732368897},"point_estimate":12581.745883937736,"standard_error":0.1633071921328572},"MedianAbsDev":{"confidence_interval":{"confidence_level":0.95,"lower_bound":0.695011363409856,"upper_bound":1.5540386457544075},"point_estimate":1.0023976559705978,"standard_error":0.22777458664945555},"Slope":{"confidence_interval":{"confidence_level":0.95,"lower_bound":12582.339802422553,"upper_bound":12586.475698852517},"point_estimate":12584.20223115529,"standard_error":1.0620773541391295},"StdDev":{"confidence_interval":{"confidence_level":0.95,"lower_bound":6.446138187076091,"upper_bound":14.399031924896759},"point_estimate":10.648304010854213,"standard_error":2.0480975128319434}}