{"Mean":{"confidence_interval":{"confidence_level":0.95,"lower_bound":96122130.7655582,"upper_bound":97963746.845652},"point_estimate":97040874.87343758,"standard_error":468617.35327428643},"Median":{"confidence_interval":{"confidence_level":0.95,"lower_bound":95721204.60465117,"upper_bound":98621005.02061856},"point_estimate":96780007.1494253,"standard_error":774311.6769292874},"MedianAbsDev":{"confidence_interval":{"confidence_level":0.95,"lower_bound":3958398.3330091266,"upper_bound":6178381.278714808},"point_estimate":4803168.825444064,"standard_error":559537.7865007039},"Slope":{"confidence_interval":{"confidence_level":0.95,"lower_bound":97420810.31550968,"upper_bound":98707214.73351611},"point_estimate":98060172.97530073,"standard_error":328725.5137240862},"StdDev":{"confidence_interval":{"confidence_level":0.95,"lower_bound":4157417.7149798367,"upper_bound":5192683.767018766},"point_estimate":4702558.739913079,"standard_error":265671.307045872}}