{"Mean":{"confidence_interval":{"confidence_level":0.95,"lower_bound":15749.410684283212,"upper_bound":15759.18654744342},"point_estimate":15753.814250301015,"standard_error":2.5094787522166353},"Median":{"confidence_interval":{"confidence_level":0.95,"lower_bound":15745.239065951584,"upper_bound":15746.598894176144},"point_estimate":15745.86950195736,"standard_error":0.39190750866838375},"MedianAbsDev":{"confidence_interval":{"confidence_level":0.95,"lower_bound":2.3713108193333334,"upper_bound":6.303650382075671},"point_estimate":3.7179442262305717,"standard_error":1.035115796782365},"Slope":{"confidence_interval":{"confidence_level":0.95,"lower_bound":15745.553481713341,"upper_bound":15756.632643842366},"point_estimate":15750.01756671616,"standard_error":2.926570440857413},"StdDev":{"confidence_interval":{"confidence_level":0.95,"lower_bound":13.7982899379809,"upper_bound":35.541059196370995},"point_estimate":25.182743939290564,"standard_error":5.6631733353819165}}