{"Mean":{"confidence_interval":{"confidence_level":0.95,"lower_bound":27980.189549730003,"upper_bound":29349.36642216312},"point_estimate":28450.641222061935,"standard_error":430.6459226122712},"Median":{"confidence_interval":{"confidence_level":0.95,"lower_bound":27931.335446859903,"upper_bound":27965.156988285635},"point_estimate":27943.9311552247,"standard_error":9.485709996582006},"MedianAbsDev":{"confidence_interval":{"confidence_level":0.95,"lower_bound":46.90298702792863,"upper_bound":83.64357122314854},"point_estimate":62.801326271093366,"standard_error":9.360668699464538},"Slope":{"confidence_interval":{"confidence_level":0.95,"lower_bound":27939.11675467982,"upper_bound":27994.810956501955},"point_estimate":27961.278759174424,"standard_error":14.490138148839495},"StdDev":{"confidence_interval":{"confidence_level":0.95,"lower_bound":168.3110352042666,"upper_bound":7410.735689398069},"point_estimate":4326.414487234426,"standard_error":2595.602765729759}}