{"Mean":{"confidence_interval":{"confidence_level":0.95,"lower_bound":253.796495414117,"upper_bound":253.91038704356265},"point_estimate":253.84580100582764,"standard_error":0.029448411629485836},"Median":{"confidence_interval":{"confidence_level":0.95,"lower_bound":253.76259152421653,"upper_bound":253.77164487179488},"point_estimate":253.7677873875096,"standard_error":0.002483619555439561},"MedianAbsDev":{"confidence_interval":{"confidence_level":0.95,"lower_bound":0.014544931027025039,"upper_bound":0.0291040348679157},"point_estimate":0.023127932356729733,"standard_error":0.003914231371993992},"Slope":{"confidence_interval":{"confidence_level":0.95,"lower_bound":253.7786088390392,"upper_bound":253.85566313810065},"point_estimate":253.8127967625695,"standard_error":0.01982545002035689},"StdDev":{"confidence_interval":{"confidence_level":0.95,"lower_bound":0.12804497560611613,"upper_bound":0.45151605971961306},"point_estimate":0.2961218360711127,"standard_error":0.09265651195267487}}