{"Mean":{"confidence_interval":{"confidence_level":0.95,"lower_bound":6820.612984802749,"upper_bound":6821.906462795818},"point_estimate":6821.149290563157,"standard_error":0.33563001339061005},"Median":{"confidence_interval":{"confidence_level":0.95,"lower_bound":6820.314832309872,"upper_bound":6820.693624868282},"point_estimate":6820.496842887049,"standard_error":0.09720834118682009},"MedianAbsDev":{"confidence_interval":{"confidence_level":0.95,"lower_bound":0.5620655394928591,"upper_bound":1.0249817818563292},"point_estimate":0.7911793695160247,"standard_error":0.11355849824213811},"Slope":{"confidence_interval":{"confidence_level":0.95,"lower_bound":6820.368493345246,"upper_bound":6822.932447882764},"point_estimate":6821.262633165382,"standard_error":0.7313551654574999},"StdDev":{"confidence_interval":{"confidence_level":0.95,"lower_bound":1.1657364782259239,"upper_bound":5.360337903282009},"point_estimate":3.368081422948572,"standard_error":1.2357681378808927}}