{"Mean":{"confidence_interval":{"confidence_level":0.95,"lower_bound":36067.74642328108,"upper_bound":36281.381332366465},"point_estimate":36162.50729071207,"standard_error":55.49180536624428},"Median":{"confidence_interval":{"confidence_level":0.95,"lower_bound":35943.295328282824,"upper_bound":36042.84103535353},"point_estimate":35966.678029436436,"standard_error":26.681280497479246},"MedianAbsDev":{"confidence_interval":{"confidence_level":0.95,"lower_bound":97.33189607176332,"upper_bound":213.12818676092854},"point_estimate":138.31415306400442,"standard_error":28.795248034084842},"Slope":{"confidence_interval":{"confidence_level":0.95,"lower_bound":35951.0820422729,"upper_bound":36080.158854700676},"point_estimate":36008.834461466045,"standard_error":33.28001574508894},"StdDev":{"confidence_interval":{"confidence_level":0.95,"lower_bound":287.1945978158213,"upper_bound":840.3982160857552},"point_estimate":559.5161615275848,"standard_error":169.04280327479037}}