{"Mean":{"confidence_interval":{"confidence_level":0.95,"lower_bound":264.67848930094766,"upper_bound":264.90982266524617},"point_estimate":264.78602386305386,"standard_error":0.058867074085714274},"Median":{"confidence_interval":{"confidence_level":0.95,"lower_bound":264.6610447561497,"upper_bound":264.85066666399405},"point_estimate":264.7641723800758,"standard_error":0.054135124527229274},"MedianAbsDev":{"confidence_interval":{"confidence_level":0.95,"lower_bound":0.24761448889902085,"upper_bound":0.38002711023164776},"point_estimate":0.3024022175614923,"standard_error":0.03481156272715826},"Slope":{"confidence_interval":{"confidence_level":0.95,"lower_bound":264.78310657089094,"upper_bound":264.9975090863764},"point_estimate":264.8813090633807,"standard_error":0.05482525871972418},"StdDev":{"confidence_interval":{"confidence_level":0.95,"lower_bound":0.34410116784669453,"upper_bound":0.8544863007354303},"point_estimate":0.5918756465624935,"standard_error":0.1409706607261847}}