{"Mean":{"confidence_interval":{"confidence_level":0.95,"lower_bound":15547.519171393335,"upper_bound":15551.586449804505},"point_estimate":15549.342434111002,"standard_error":1.0434872884665933},"Median":{"confidence_interval":{"confidence_level":0.95,"lower_bound":15546.187413194444,"upper_bound":15546.908958333333},"point_estimate":15546.60672283026,"standard_error":0.18264927792533656},"MedianAbsDev":{"confidence_interval":{"confidence_level":0.95,"lower_bound":0.8987010144510165,"upper_bound":2.056113089970498},"point_estimate":1.3428479405624565,"standard_error":0.28909675988684264},"Slope":{"confidence_interval":{"confidence_level":0.95,"lower_bound":15546.727668057223,"upper_bound":15551.076505085766},"point_estimate":15548.634137681025,"standard_error":1.1185716070750977},"StdDev":{"confidence_interval":{"confidence_level":0.95,"lower_bound":5.238136412243792,"upper_bound":14.594477415488505},"point_estimate":10.465922386875633,"standard_error":2.3740343875009913}}