{"Mean":{"confidence_interval":{"confidence_level":0.95,"lower_bound":1396760.7599212886,"upper_bound":1401765.2571282056},"point_estimate":1399122.4967727647,"standard_error":1280.0834923456587},"Median":{"confidence_interval":{"confidence_level":0.95,"lower_bound":1393065.9420289856,"upper_bound":1395429.298670669},"point_estimate":1394310.5794871794,"standard_error":713.1934633063078},"MedianAbsDev":{"confidence_interval":{"confidence_level":0.95,"lower_bound":3315.8802639253568,"upper_bound":7216.555162118308},"point_estimate":5514.868283576679,"standard_error":1087.9129449486995},"Slope":{"confidence_interval":{"confidence_level":0.95,"lower_bound":1392925.0794753234,"upper_bound":1395666.9501637802},"point_estimate":1394162.6595152947,"standard_error":703.0592890589998},"StdDev":{"confidence_interval":{"confidence_level":0.95,"lower_bound":9220.011498927095,"upper_bound":16061.874461766445},"point_estimate":12827.720134909849,"standard_error":1753.344401488765}}