{"Mean":{"confidence_interval":{"confidence_level":0.95,"lower_bound":136.08099599432757,"upper_bound":136.14862377896458},"point_estimate":136.10984312967508,"standard_error":0.017508532509499537},"Median":{"confidence_interval":{"confidence_level":0.95,"lower_bound":136.0591541081819,"upper_bound":136.08246800289785},"point_estimate":136.07493902350762,"standard_error":0.005985600770113592},"MedianAbsDev":{"confidence_interval":{"confidence_level":0.95,"lower_bound":0.029615066383677585,"upper_bound":0.04950025713493375},"point_estimate":0.03760755162139017,"standard_error":0.004829656320622167},"Slope":{"confidence_interval":{"confidence_level":0.95,"lower_bound":136.06227926201257,"upper_bound":136.11097637033885},"point_estimate":136.08447197523802,"standard_error":0.012479263918454954},"StdDev":{"confidence_interval":{"confidence_level":0.95,"lower_bound":0.07224805887010316,"upper_bound":0.2724091780424146},"point_estimate":0.17587144350220096,"standard_error":0.05888250185607797}}