{"Mean":{"confidence_interval":{"confidence_level":0.95,"lower_bound":761.1871203672674,"upper_bound":761.7607651355548},"point_estimate":761.4131169900684,"standard_error":0.15089249191887122},"Median":{"confidence_interval":{"confidence_level":0.95,"lower_bound":761.079125188537,"upper_bound":761.2635593220339},"point_estimate":761.2391733735748,"standard_error":0.04777024651872153},"MedianAbsDev":{"confidence_interval":{"confidence_level":0.95,"lower_bound":0.15902821362006925,"upper_bound":0.4185737756482276},"point_estimate":0.2766175360497094,"standard_error":0.06720026524533157},"Slope":{"confidence_interval":{"confidence_level":0.95,"lower_bound":761.1695252460385,"upper_bound":761.3718148892564},"point_estimate":761.2631275715861,"standard_error":0.05184901314404891},"StdDev":{"confidence_interval":{"confidence_level":0.95,"lower_bound":0.3534333581607464,"upper_bound":2.478739654380573},"point_estimate":1.5140993145861856,"standard_error":0.6425819601360708}}