{"Mean":{"confidence_interval":{"confidence_level":0.95,"lower_bound":4209.557927819374,"upper_bound":4210.89084358229},"point_estimate":4210.152244811365,"standard_error":0.3429023002164261},"Median":{"confidence_interval":{"confidence_level":0.95,"lower_bound":4209.164350282485,"upper_bound":4209.296004842615},"point_estimate":4209.208170995671,"standard_error":0.03528694822334405},"MedianAbsDev":{"confidence_interval":{"confidence_level":0.95,"lower_bound":0.21696341773307798,"upper_bound":0.3957332833205312},"point_estimate":0.30123527328523253,"standard_error":0.04480679295803834},"Slope":{"confidence_interval":{"confidence_level":0.95,"lower_bound":4209.380679433034,"upper_bound":4210.717746605109},"point_estimate":4209.977435648574,"standard_error":0.34450151894085046},"StdDev":{"confidence_interval":{"confidence_level":0.95,"lower_bound":1.7534120314522448,"upper_bound":4.890330103883753},"point_estimate":3.4280966425208064,"standard_error":0.8144242025326995}}