{"Mean":{"confidence_interval":{"confidence_level":0.95,"lower_bound":2577.8411542942913,"upper_bound":2579.8425609518627},"point_estimate":2578.663862776405,"standard_error":0.5223225435067359},"Median":{"confidence_interval":{"confidence_level":0.95,"lower_bound":2577.4233766233765,"upper_bound":2577.4929039174103},"point_estimate":2577.450105664944,"standard_error":0.01757991643304516},"MedianAbsDev":{"confidence_interval":{"confidence_level":0.95,"lower_bound":0.08758992858348193,"upper_bound":0.19420052266440405},"point_estimate":0.1191561259571287,"standard_error":0.02736750687827268},"Slope":{"confidence_interval":{"confidence_level":0.95,"lower_bound":2577.7070567034593,"upper_bound":2579.1461472291085},"point_estimate":2578.2920209880263,"standard_error":0.37684335107200884},"StdDev":{"confidence_interval":{"confidence_level":0.95,"lower_bound":1.3400540317466327,"upper_bound":8.410226721718809},"point_estimate":5.257160570851892,"standard_error":1.989426307645041}}