{"Mean":{"confidence_interval":{"confidence_level":0.95,"lower_bound":69097.42107931645,"upper_bound":69150.8355147864},"point_estimate":69118.19188219175,"standard_error":14.183402502525935},"Median":{"confidence_interval":{"confidence_level":0.95,"lower_bound":69084.8049382716,"upper_bound":69093.61635220126},"point_estimate":69088.30028153153,"standard_error":2.078901678183792},"MedianAbsDev":{"confidence_interval":{"confidence_level":0.95,"lower_bound":10.231914325016335,"upper_bound":19.063809979138004},"point_estimate":12.656461775303175,"standard_error":2.2776912020210647},"Slope":{"confidence_interval":{"confidence_level":0.95,"lower_bound":69096.25296939295,"upper_bound":69135.49405841345},"point_estimate":69112.97050844786,"standard_error":10.225740971461297},"StdDev":{"confidence_interval":{"confidence_level":0.95,"lower_bound":33.99287197183209,"upper_bound":233.5555213274737},"point_estimate":141.8730145031175,"standard_error":62.72423102489996}}