{"Mean":{"confidence_interval":{"confidence_level":0.95,"lower_bound":44349.53741745903,"upper_bound":44363.34933663558},"point_estimate":44355.72596440244,"standard_error":3.5337806476319513},"Median":{"confidence_interval":{"confidence_level":0.95,"lower_bound":44345.15853658537,"upper_bound":44347.1872909699},"point_estimate":44346.172080626355,"standard_error":0.507777751928697},"MedianAbsDev":{"confidence_interval":{"confidence_level":0.95,"lower_bound":2.8285507012153848,"upper_bound":5.6860960118336825},"point_estimate":3.8998825394579586,"standard_error":0.7177530798902615},"Slope":{"confidence_interval":{"confidence_level":0.95,"lower_bound":44347.969148077646,"upper_bound":44362.63398123715},"point_estimate":44354.66073785185,"standard_error":3.767288663322681},"StdDev":{"confidence_interval":{"confidence_level":0.95,"lower_bound":18.657737248369962,"upper_bound":50.415046496081075},"point_estimate":35.49049405546793,"standard_error":8.24539387806272}}