{"Mean":{"confidence_interval":{"confidence_level":0.95,"lower_bound":28161.013512805886,"upper_bound":28175.23995830225},"point_estimate":28167.12726694251,"standard_error":3.6690373795953612},"Median":{"confidence_interval":{"confidence_level":0.95,"lower_bound":28153.41176470588,"upper_bound":28162.21736111111},"point_estimate":28155.94341130604,"standard_error":2.4622257923244315},"MedianAbsDev":{"confidence_interval":{"confidence_level":0.95,"lower_bound":5.628362789384177,"upper_bound":14.240783978415024},"point_estimate":9.468205804790305,"standard_error":2.3004133277588648},"Slope":{"confidence_interval":{"confidence_level":0.95,"lower_bound":28155.757552398667,"upper_bound":28166.18130591143},"point_estimate":28160.433698750472,"standard_error":2.678122132078001},"StdDev":{"confidence_interval":{"confidence_level":0.95,"lower_bound":15.622105284460188,"upper_bound":56.65869160864232},"point_estimate":36.82078377750922,"standard_error":11.771294938256387}}