{"Mean":{"confidence_interval":{"confidence_level":0.95,"lower_bound":340.5726280181823,"upper_bound":340.69330804716753},"point_estimate":340.6262732584645,"standard_error":0.03104802963065764},"Median":{"confidence_interval":{"confidence_level":0.95,"lower_bound":340.51688876405666,"upper_bound":340.5794082823655},"point_estimate":340.5514289913566,"standard_error":0.01273709095125036},"MedianAbsDev":{"confidence_interval":{"confidence_level":0.95,"lower_bound":0.06567932375466921,"upper_bound":0.11056893559861927},"point_estimate":0.08956191633855956,"standard_error":0.010754384752074238},"Slope":{"confidence_interval":{"confidence_level":0.95,"lower_bound":340.5541602609508,"upper_bound":340.7862065612574},"point_estimate":340.6472718288015,"standard_error":0.06161802166982255},"StdDev":{"confidence_interval":{"confidence_level":0.95,"lower_bound":0.14817239159115003,"upper_bound":0.44299017523358847},"point_estimate":0.31171235019972127,"standard_error":0.07519714147628957}}