{"Mean":{"confidence_interval":{"confidence_level":0.95,"lower_bound":20215.199104281503,"upper_bound":20836.804547797932},"point_estimate":20437.05897783552,"standard_error":181.43367528355753},"Median":{"confidence_interval":{"confidence_level":0.95,"lower_bound":20179.079139123613,"upper_bound":20201.45571145125},"point_estimate":20194.80583717358,"standard_error":6.612550486828257},"MedianAbsDev":{"confidence_interval":{"confidence_level":0.95,"lower_bound":30.4163313327522,"upper_bound":55.199155805639045},"point_estimate":42.38569268841302,"standard_error":6.136222865655221},"Slope":{"confidence_interval":{"confidence_level":0.95,"lower_bound":20185.601571223804,"upper_bound":20435.783562329714},"point_estimate":20276.554226603897,"standard_error":68.76605488512},"StdDev":{"confidence_interval":{"confidence_level":0.95,"lower_bound":121.28095627261665,"upper_bound":3106.6479260044325},"point_estimate":1825.3634502539276,"standard_error":1011.2201456336614}}