{"Mean":{"confidence_interval":{"confidence_level":0.95,"lower_bound":179471.9555154167,"upper_bound":179537.40008954468},"point_estimate":179500.57106085782,"standard_error":16.8267431377796},"Median":{"confidence_interval":{"confidence_level":0.95,"lower_bound":179454.36885499558,"upper_bound":179459.45982142858},"point_estimate":179456.3226877289,"standard_error":1.4525563883612547},"MedianAbsDev":{"confidence_interval":{"confidence_level":0.95,"lower_bound":11.635158477651151,"upper_bound":23.92985146701009},"point_estimate":18.464626907499998,"standard_error":3.558924536450057},"Slope":{"confidence_interval":{"confidence_level":0.95,"lower_bound":179464.00668763692,"upper_bound":179518.69131293267},"point_estimate":179488.6000625585,"standard_error":14.006770221006242},"StdDev":{"confidence_interval":{"confidence_level":0.95,"lower_bound":74.88462567769288,"upper_bound":251.50497953317725},"point_estimate":168.96824217497712,"standard_error":46.89598046257134}}