{"Mean":{"confidence_interval":{"confidence_level":0.95,"lower_bound":105344.20412990477,"upper_bound":105372.95209441023},"point_estimate":105357.44365964306,"standard_error":7.327232532016771},"Median":{"confidence_interval":{"confidence_level":0.95,"lower_bound":105344.92848275862,"upper_bound":105356.79861471862},"point_estimate":105351.11626126681,"standard_error":3.083964915815142},"MedianAbsDev":{"confidence_interval":{"confidence_level":0.95,"lower_bound":18.67007391898418,"upper_bound":30.963624419844308},"point_estimate":25.39079132770212,"standard_error":3.218072738755651},"Slope":{"confidence_interval":{"confidence_level":0.95,"lower_bound":105323.07796815246,"upper_bound":105374.04780476291},"point_estimate":105347.1647436087,"standard_error":12.90524277455345},"StdDev":{"confidence_interval":{"confidence_level":0.95,"lower_bound":37.97544863478267,"upper_bound":108.59680032660526},"point_estimate":73.69811566243446,"standard_error":19.052957393768562}}