{"Mean":{"confidence_interval":{"confidence_level":0.95,"lower_bound":11608.246982151413,"upper_bound":11613.669809061821},"point_estimate":11610.952563559298,"standard_error":1.3822942062967056},"Median":{"confidence_interval":{"confidence_level":0.95,"lower_bound":11609.818919573645,"upper_bound":11615.6420998632},"point_estimate":11610.912805379376,"standard_error":1.9824482958411818},"MedianAbsDev":{"confidence_interval":{"confidence_level":0.95,"lower_bound":4.877728278857977,"upper_bound":8.814966230670219},"point_estimate":7.598581917239801,"standard_error":1.0471308208680388},"Slope":{"confidence_interval":{"confidence_level":0.95,"lower_bound":11605.4313467684,"upper_bound":11613.418768448448},"point_estimate":11609.562530130834,"standard_error":2.039998234033237},"StdDev":{"confidence_interval":{"confidence_level":0.95,"lower_bound":10.019339865723019,"upper_bound":17.410464427708536},"point_estimate":13.8743847699475,"standard_error":1.888554195975854}}