{"Mean":{"confidence_interval":{"confidence_level":0.95,"lower_bound":1673.6207498092267,"upper_bound":1675.6071649579492},"point_estimate":1674.444019507789,"standard_error":0.519201325386216},"Median":{"confidence_interval":{"confidence_level":0.95,"lower_bound":1672.8728501228502,"upper_bound":1673.622489677177},"point_estimate":1673.2688282794988,"standard_error":0.16468637296190414},"MedianAbsDev":{"confidence_interval":{"confidence_level":0.95,"lower_bound":1.045560376988758,"upper_bound":2.053040258724425},"point_estimate":1.4931280517141468,"standard_error":0.24984966809795014},"Slope":{"confidence_interval":{"confidence_level":0.95,"lower_bound":1673.304124119624,"upper_bound":1674.3006594435221},"point_estimate":1673.7624952122583,"standard_error":0.2543417436062394},"StdDev":{"confidence_interval":{"confidence_level":0.95,"lower_bound":1.8852824236157295,"upper_bound":8.312707453718907},"point_estimate":5.2165989388431,"standard_error":1.963799451999816}}