{"Mean":{"confidence_interval":{"confidence_level":0.95,"lower_bound":1092.3143168067113,"upper_bound":1093.1230471003719},"point_estimate":1092.6424453037346,"standard_error":0.2122063493131692},"Median":{"confidence_interval":{"confidence_level":0.95,"lower_bound":1092.053472987872,"upper_bound":1092.3000413450936},"point_estimate":1092.2322032314005,"standard_error":0.08075588954112493},"MedianAbsDev":{"confidence_interval":{"confidence_level":0.95,"lower_bound":0.24089233309936173,"upper_bound":0.45535752715210664},"point_estimate":0.3596124046658699,"standard_error":0.059482481104824986},"Slope":{"confidence_interval":{"confidence_level":0.95,"lower_bound":1092.2707806778565,"upper_bound":1092.8664032810748},"point_estimate":1092.5220535548594,"standard_error":0.1548733568062284},"StdDev":{"confidence_interval":{"confidence_level":0.95,"lower_bound":0.6402235768292813,"upper_bound":3.4387517282935103},"point_estimate":2.125815655212832,"standard_error":0.8582201777911679}}