{"Mean":{"confidence_interval":{"confidence_level":0.95,"lower_bound":5194097.311571894,"upper_bound":5214185.148859084},"point_estimate":5203119.598795498,"standard_error":5139.187743628321},"Median":{"confidence_interval":{"confidence_level":0.95,"lower_bound":5185490.911764706,"upper_bound":5189038.444444444},"point_estimate":5186777.421532397,"standard_error":855.9132917128167},"MedianAbsDev":{"confidence_interval":{"confidence_level":0.95,"lower_bound":4772.420860297412,"upper_bound":8878.1150915878},"point_estimate":6808.141593063549,"standard_error":1032.0127800839007},"Slope":{"confidence_interval":{"confidence_level":0.95,"lower_bound":5189236.721139356,"upper_bound":5206710.901395417},"point_estimate":5197024.605692331,"standard_error":4503.878066129193},"StdDev":{"confidence_interval":{"confidence_level":0.95,"lower_bound":27241.2922878225,"upper_bound":71992.34904937408},"point_estimate":51553.379062731525,"standard_error":11475.776252137717}}