{"Mean":{"confidence_interval":{"confidence_level":0.95,"lower_bound":5183378.511520532,"upper_bound":5263770.2634225},"point_estimate":5213250.437268841,"standard_error":22446.70563619299},"Median":{"confidence_interval":{"confidence_level":0.95,"lower_bound":5165186.435483871,"upper_bound":5175431.2727272725},"point_estimate":5168226.73,"standard_error":2506.5878575241904},"MedianAbsDev":{"confidence_interval":{"confidence_level":0.95,"lower_bound":10876.316389076399,"upper_bound":24088.363042494475},"point_estimate":15342.775924073245,"standard_error":3400.6020064405384},"Slope":{"confidence_interval":{"confidence_level":0.95,"lower_bound":5176438.69588467,"upper_bound":5198238.268938466},"point_estimate":5186564.74606177,"standard_error":5572.699252666583},"StdDev":{"confidence_interval":{"confidence_level":0.95,"lower_bound":42823.63633699088,"upper_bound":380688.6213290801},"point_estimate":226227.06969343434,"standard_error":115650.34713813405}}