{"Mean":{"confidence_interval":{"confidence_level":0.95,"lower_bound":754432.7481654661,"upper_bound":755040.3624741902},"point_estimate":754661.1874762145,"standard_error":165.84115758373383},"Median":{"confidence_interval":{"confidence_level":0.95,"lower_bound":754311.4588888888,"upper_bound":754344.9264705882},"point_estimate":754333.8213166145,"standard_error":9.471321274677207},"MedianAbsDev":{"confidence_interval":{"confidence_level":0.95,"lower_bound":47.55708456577941,"upper_bound":99.17696049875161},"point_estimate":71.47853048301535,"standard_error":13.229132685676193},"Slope":{"confidence_interval":{"confidence_level":0.95,"lower_bound":754427.4244475339,"upper_bound":754742.5707988986},"point_estimate":754563.8569218265,"standard_error":81.2583552217314},"StdDev":{"confidence_interval":{"confidence_level":0.95,"lower_bound":344.0794446902469,"upper_bound":2777.095535312252},"point_estimate":1661.3086223695227,"standard_error":810.8475671397712}}