{"Mean":{"confidence_interval":{"confidence_level":0.95,"lower_bound":46690532.141329944,"upper_bound":50633217.42965901},"point_estimate":48453087.422757216,"standard_error":1011520.7260296419},"Median":{"confidence_interval":{"confidence_level":0.95,"lower_bound":45842241.93075843,"upper_bound":45920026.1974307},"point_estimate":45881571.50030927,"standard_error":21214.29793130253},"MedianAbsDev":{"confidence_interval":{"confidence_level":0.95,"lower_bound":106521.99003131248,"upper_bound":188034.39341875285},"point_estimate":137868.76602208742,"standard_error":21433.01089411993},"Slope":{"confidence_interval":{"confidence_level":0.95,"lower_bound":45911277.43418054,"upper_bound":46160713.37003136},"point_estimate":46009932.00102261,"standard_error":64479.825429561824},"StdDev":{"confidence_interval":{"confidence_level":0.95,"lower_bound":4889864.2957349755,"upper_bound":14166201.29439907},"point_estimate":10184121.425614353,"standard_error":2387524.4988446347}}