{"Mean":{"confidence_interval":{"confidence_level":0.95,"lower_bound":19543.772439238935,"upper_bound":19569.442280012154},"point_estimate":19554.206467935594,"standard_error":6.767067461609119},"Median":{"confidence_interval":{"confidence_level":0.95,"lower_bound":19539.430042016807,"upper_bound":19540.83694348328},"point_estimate":19540.275106564368,"standard_error":0.41608215238441737},"MedianAbsDev":{"confidence_interval":{"confidence_level":0.95,"lower_bound":1.6780794881817231,"upper_bound":3.4103637365454915},"point_estimate":2.493177677225927,"standard_error":0.44596720487134406},"Slope":{"confidence_interval":{"confidence_level":0.95,"lower_bound":19541.0022507788,"upper_bound":19546.79079963641},"point_estimate":19543.664348090646,"standard_error":1.4897482149252932},"StdDev":{"confidence_interval":{"confidence_level":0.95,"lower_bound":10.859231756910425,"upper_bound":109.43589953623946},"point_estimate":68.0566978942685,"standard_error":27.277966564855628}}