{"Mean":{"confidence_interval":{"confidence_level":0.95,"lower_bound":352733.64109356067,"upper_bound":354572.14938021475},"point_estimate":353574.0593277613,"standard_error":471.05124229657366},"Median":{"confidence_interval":{"confidence_level":0.95,"lower_bound":351673.5438596491,"upper_bound":352253.7},"point_estimate":351932.5113655218,"standard_error":153.25948077881043},"MedianAbsDev":{"confidence_interval":{"confidence_level":0.95,"lower_bound":853.4647130059097,"upper_bound":1660.9100792133925},"point_estimate":1221.6086555771412,"standard_error":215.69256144165806},"Slope":{"confidence_interval":{"confidence_level":0.95,"lower_bound":351443.938277717,"upper_bound":351907.8614133618},"point_estimate":351652.04705285456,"standard_error":118.4818373036508},"StdDev":{"confidence_interval":{"confidence_level":0.95,"lower_bound":2664.28682869527,"upper_bound":6486.851537809186},"point_estimate":4744.355392226466,"standard_error":976.481484251206}}