{"Mean":{"confidence_interval":{"confidence_level":0.95,"lower_bound":162.59123379467636,"upper_bound":162.7250091743733},"point_estimate":162.64806879613013,"standard_error":0.03462544645737595},"Median":{"confidence_interval":{"confidence_level":0.95,"lower_bound":162.56166631692724,"upper_bound":162.5678291999077},"point_estimate":162.56521170413612,"standard_error":0.0013278750303041458},"MedianAbsDev":{"confidence_interval":{"confidence_level":0.95,"lower_bound":0.008382121124463219,"upper_bound":0.01640525377452287},"point_estimate":0.011491026308113697,"standard_error":0.0020736272337945295},"Slope":{"confidence_interval":{"confidence_level":0.95,"lower_bound":162.5747160558431,"upper_bound":162.65607058614913},"point_estimate":162.6092873687092,"standard_error":0.020957441562174006},"StdDev":{"confidence_interval":{"confidence_level":0.95,"lower_bound":0.1265806400591516,"upper_bound":0.5399527722663144},"point_estimate":0.34680579818580365,"standard_error":0.11507604829493995}}