{"Mean":{"confidence_interval":{"confidence_level":0.95,"lower_bound":160333.1937218054,"upper_bound":163613.71144358534},"point_estimate":161532.92458986182,"standard_error":926.1164204746011},"Median":{"confidence_interval":{"confidence_level":0.95,"lower_bound":159960.6386554622,"upper_bound":160114.01298701297},"point_estimate":160029.76403061225,"standard_error":39.63580486459746},"MedianAbsDev":{"confidence_interval":{"confidence_level":0.95,"lower_bound":282.53747563529794,"upper_bound":513.71421073131},"point_estimate":399.4503263644125,"standard_error":62.68127329557956},"Slope":{"confidence_interval":{"confidence_level":0.95,"lower_bound":159999.7929979726,"upper_bound":160700.19213724261},"point_estimate":160294.94638265533,"standard_error":180.39963291698604},"StdDev":{"confidence_interval":{"confidence_level":0.95,"lower_bound":1325.4214346828608,"upper_bound":15662.361504483579},"point_estimate":9276.601484085322,"standard_error":4845.776458385766}}