{"Mean":{"confidence_interval":{"confidence_level":0.95,"lower_bound":3996.925882806999,"upper_bound":4042.2231842957153},"point_estimate":4017.4687406022404,"standard_error":11.652960782212201},"Median":{"confidence_interval":{"confidence_level":0.95,"lower_bound":3982.2148910411624,"upper_bound":3987.144419642857},"point_estimate":3985.641704096089,"standard_error":1.1874788597090924},"MedianAbsDev":{"confidence_interval":{"confidence_level":0.95,"lower_bound":8.545459793866318,"upper_bound":14.828806871958655},"point_estimate":10.693865517866517,"standard_error":1.5243018329242755},"Slope":{"confidence_interval":{"confidence_level":0.95,"lower_bound":3990.1435771573015,"upper_bound":4065.0948909811978},"point_estimate":4022.4795821898288,"standard_error":19.347654929135874},"StdDev":{"confidence_interval":{"confidence_level":0.95,"lower_bound":64.47401568419444,"upper_bound":157.99996269095337},"point_estimate":117.07829900236445,"standard_error":23.873657096888753}}