{"Mean":{"confidence_interval":{"confidence_level":0.95,"lower_bound":523.6134024401624,"upper_bound":524.0172753959752},"point_estimate":523.7849698550751,"standard_error":0.10418676739343345},"Median":{"confidence_interval":{"confidence_level":0.95,"lower_bound":523.5320646897717,"upper_bound":523.6519939397072},"point_estimate":523.6152961396087,"standard_error":0.03004587899214744},"MedianAbsDev":{"confidence_interval":{"confidence_level":0.95,"lower_bound":0.28442138847331644,"upper_bound":0.5414929786452073},"point_estimate":0.48205270837866704,"standard_error":0.06888691991650339},"Slope":{"confidence_interval":{"confidence_level":0.95,"lower_bound":523.5977535051671,"upper_bound":523.850426078378},"point_estimate":523.7139156545393,"standard_error":0.06465210396550944},"StdDev":{"confidence_interval":{"confidence_level":0.95,"lower_bound":0.4156904971907233,"upper_bound":1.625933943316901},"point_estimate":1.043591648849151,"standard_error":0.3519398249138685}}