{"Mean":{"confidence_interval":{"confidence_level":0.95,"lower_bound":1250512.8531649078,"upper_bound":1251447.5916844916},"point_estimate":1250979.7256528318,"standard_error":236.19261255559826},"Median":{"confidence_interval":{"confidence_level":0.95,"lower_bound":1250828.0588235294,"upper_bound":1250984.3541666665},"point_estimate":1250922.480867347,"standard_error":45.280320688895415},"MedianAbsDev":{"confidence_interval":{"confidence_level":0.95,"lower_bound":224.24213025466773,"upper_bound":441.45856511044997},"point_estimate":274.8818326426592,"standard_error":58.813255592017356},"Slope":{"confidence_interval":{"confidence_level":0.95,"lower_bound":1251117.7915176027,"upper_bound":1251796.7547488976},"point_estimate":1251411.5533619034,"standard_error":175.6195296217022},"StdDev":{"confidence_interval":{"confidence_level":0.95,"lower_bound":1085.4050935263235,"upper_bound":3406.387188797498},"point_estimate":2379.7528732314677,"standard_error":586.9152957938079}}