{"Mean":{"confidence_interval":{"confidence_level":0.95,"lower_bound":4871904.797958973,"upper_bound":4888744.842918744},"point_estimate":4879579.606012198,"standard_error":4264.447309776096},"Median":{"confidence_interval":{"confidence_level":0.95,"lower_bound":4862418.0,"upper_bound":4871022.605263158},"point_estimate":4866389.31271777,"standard_error":2013.3880124286927},"MedianAbsDev":{"confidence_interval":{"confidence_level":0.95,"lower_bound":11192.673384269305,"upper_bound":20292.247505065978},"point_estimate":14936.382834826263,"standard_error":2305.915434758334},"Slope":{"confidence_interval":{"confidence_level":0.95,"lower_bound":4857826.06032433,"upper_bound":4862223.388005734},"point_estimate":4859905.334943106,"standard_error":1127.6613760060297},"StdDev":{"confidence_interval":{"confidence_level":0.95,"lower_bound":24818.014729983104,"upper_bound":59663.25202125775},"point_estimate":43148.67488946166,"standard_error":8990.083838436918}}