{"Mean":{"confidence_interval":{"confidence_level":0.95,"lower_bound":11783827.15383701,"upper_bound":11965727.831302714},"point_estimate":11876315.989797825,"standard_error":46213.14268370644},"Median":{"confidence_interval":{"confidence_level":0.95,"lower_bound":11762524.92857143,"upper_bound":11990025.193796068},"point_estimate":11881700.362373738,"standard_error":55700.127899865},"MedianAbsDev":{"confidence_interval":{"confidence_level":0.95,"lower_bound":410240.37288589496,"upper_bound":613985.0563999886},"point_estimate":531219.7929089323,"standard_error":53164.6010201212},"Slope":{"confidence_interval":{"confidence_level":0.95,"lower_bound":11864595.984172734,"upper_bound":12101363.477598045},"point_estimate":11988820.608375942,"standard_error":60644.328294753876},"StdDev":{"confidence_interval":{"confidence_level":0.95,"lower_bound":404992.93838093214,"upper_bound":514758.82491354935},"point_estimate":463272.8955136442,"standard_error":27954.734737482162}}