{"Mean":{"confidence_interval":{"confidence_level":0.95,"lower_bound":1166.1967017816667,"upper_bound":1166.718067661992},"point_estimate":1166.4466504180768,"standard_error":0.13298310440291788},"Median":{"confidence_interval":{"confidence_level":0.95,"lower_bound":1165.9973338523887,"upper_bound":1166.5857011265139},"point_estimate":1166.368835162641,"standard_error":0.13872535371849484},"MedianAbsDev":{"confidence_interval":{"confidence_level":0.95,"lower_bound":0.807424035405284,"upper_bound":1.239274617980787},"point_estimate":0.961244422106322,"standard_error":0.11160618291314343},"Slope":{"confidence_interval":{"confidence_level":0.95,"lower_bound":1166.24513182726,"upper_bound":1166.8097947554804},"point_estimate":1166.5175586539192,"standard_error":0.14412482866656642},"StdDev":{"confidence_interval":{"confidence_level":0.95,"lower_bound":0.9972493835986853,"upper_bound":1.6646408643180943},"point_estimate":1.337770839318094,"standard_error":0.17195379885853904}}