{"Mean":{"confidence_interval":{"confidence_level":0.95,"lower_bound":19226.071325755263,"upper_bound":19418.44572185316},"point_estimate":19314.25170336925,"standard_error":49.31528626637512},"Median":{"confidence_interval":{"confidence_level":0.95,"lower_bound":19145.84738134206,"upper_bound":19177.56641748131},"point_estimate":19157.946576281684,"standard_error":9.990103378476592},"MedianAbsDev":{"confidence_interval":{"confidence_level":0.95,"lower_bound":41.32434707097891,"upper_bound":84.08440090026467},"point_estimate":58.759751028735444,"standard_error":12.320333246228452},"Slope":{"confidence_interval":{"confidence_level":0.95,"lower_bound":19194.330418382982,"upper_bound":19506.813392842272},"point_estimate":19334.169426157605,"standard_error":80.50993668457001},"StdDev":{"confidence_interval":{"confidence_level":0.95,"lower_bound":284.06592525803114,"upper_bound":652.6642209779768},"point_estimate":492.89416566719905,"standard_error":93.48071416167667}}