{"Mean":{"confidence_interval":{"confidence_level":0.95,"lower_bound":2125000.9049120056,"upper_bound":2127577.757959648},"point_estimate":2126238.1978154536,"standard_error":658.4174318275138},"Median":{"confidence_interval":{"confidence_level":0.95,"lower_bound":2124760.873996432,"upper_bound":2126642.666941581},"point_estimate":2125644.9276901004,"standard_error":561.2845435406357},"MedianAbsDev":{"confidence_interval":{"confidence_level":0.95,"lower_bound":2981.207655430555,"upper_bound":4969.310164084806},"point_estimate":3834.9106272076097,"standard_error":515.9936313141847},"Slope":{"confidence_interval":{"confidence_level":0.95,"lower_bound":2124774.3563019773,"upper_bound":2126339.7528170096},"point_estimate":2125517.3277257276,"standard_error":400.15982983878206},"StdDev":{"confidence_interval":{"confidence_level":0.95,"lower_bound":4294.62822040429,"upper_bound":9054.111644310153},"point_estimate":6641.488920778398,"standard_error":1253.8263989039633}}