{"Mean":{"confidence_interval":{"confidence_level":0.95,"lower_bound":43685.236830280184,"upper_bound":43812.66270954937},"point_estimate":43739.35064085835,"standard_error":32.97437301401654},"Median":{"confidence_interval":{"confidence_level":0.95,"lower_bound":43637.26782608696,"upper_bound":43689.16489925769},"point_estimate":43662.186252771615,"standard_error":11.530351885878387},"MedianAbsDev":{"confidence_interval":{"confidence_level":0.95,"lower_bound":72.74813160700964,"upper_bound":122.915947823147},"point_estimate":95.89453812015068,"standard_error":12.223151213058138},"Slope":{"confidence_interval":{"confidence_level":0.95,"lower_bound":43633.02360131439,"upper_bound":43667.19308741327},"point_estimate":43648.92337250467,"standard_error":8.703009735126992},"StdDev":{"confidence_interval":{"confidence_level":0.95,"lower_bound":133.06152714440813,"upper_bound":515.8358999034323},"point_estimate":331.0582496545667,"standard_error":109.49591802942511}}