{"Mean":{"confidence_interval":{"confidence_level":0.95,"lower_bound":44290.10697899965,"upper_bound":45796.443526027055},"point_estimate":44956.852281659114,"standard_error":386.3671964375441},"Median":{"confidence_interval":{"confidence_level":0.95,"lower_bound":43697.174791392186,"upper_bound":43755.017857142855},"point_estimate":43722.67472667176,"standard_error":12.406289232425879},"MedianAbsDev":{"confidence_interval":{"confidence_level":0.95,"lower_bound":79.3551721690834,"upper_bound":162.64522724499912},"point_estimate":104.04005413954188,"standard_error":21.103131133815207},"Slope":{"confidence_interval":{"confidence_level":0.95,"lower_bound":43733.81770980521,"upper_bound":44324.95335072238},"point_estimate":43957.74193753574,"standard_error":158.65961948092783},"StdDev":{"confidence_interval":{"confidence_level":0.95,"lower_bound":1912.4940416643785,"upper_bound":5721.854468130081},"point_estimate":3879.877020135712,"standard_error":1040.4049771975876}}