{"Mean":{"confidence_interval":{"confidence_level":0.95,"lower_bound":1383.4913608843708,"upper_bound":1383.960639337515},"point_estimate":1383.697475141767,"standard_error":0.12117805833544837},"Median":{"confidence_interval":{"confidence_level":0.95,"lower_bound":1383.3759354906715,"upper_bound":1383.4027001862198},"point_estimate":1383.3926986741476,"standard_error":0.0057344737218791},"MedianAbsDev":{"confidence_interval":{"confidence_level":0.95,"lower_bound":0.051117208069711643,"upper_bound":0.09141040014626256},"point_estimate":0.06911495340656232,"standard_error":0.01003388496166214},"Slope":{"confidence_interval":{"confidence_level":0.95,"lower_bound":1383.4827375331345,"upper_bound":1384.4020554798808},"point_estimate":1383.8531189893774,"standard_error":0.24194722662597748},"StdDev":{"confidence_interval":{"confidence_level":0.95,"lower_bound":0.5106899569927947,"upper_bound":1.8222360328459997},"point_estimate":1.2167915783812755,"standard_error":0.3485041406860995}}