{"Mean":{"confidence_interval":{"confidence_level":0.95,"lower_bound":28047.400578954803,"upper_bound":28998.992377263126},"point_estimate":28448.81584466853,"standard_error":247.54806990514467},"Median":{"confidence_interval":{"confidence_level":0.95,"lower_bound":27758.816073172566,"upper_bound":27815.953112687155},"point_estimate":27778.721725414212,"standard_error":14.620851665671992},"MedianAbsDev":{"confidence_interval":{"confidence_level":0.95,"lower_bound":68.28110746832138,"upper_bound":138.94775947762793},"point_estimate":100.07566982052359,"standard_error":18.455352695918133},"Slope":{"confidence_interval":{"confidence_level":0.95,"lower_bound":27773.617547415055,"upper_bound":27972.231658325974},"point_estimate":27857.988308621905,"standard_error":51.39782081269202},"StdDev":{"confidence_interval":{"confidence_level":0.95,"lower_bound":889.7646040047993,"upper_bound":3921.9410471024576},"point_estimate":2498.8899048837884,"standard_error":871.8381753621555}}