{"Mean":{"confidence_interval":{"confidence_level":0.95,"lower_bound":427064.4822256199,"upper_bound":427344.8519467568},"point_estimate":427172.56855658034,"standard_error":75.42537475105675},"Median":{"confidence_interval":{"confidence_level":0.95,"lower_bound":427005.66376262624,"upper_bound":427058.7927927928},"point_estimate":427038.4443580775,"standard_error":13.884844057007133},"MedianAbsDev":{"confidence_interval":{"confidence_level":0.95,"lower_bound":72.79341234401569,"upper_bound":121.9011813647547},"point_estimate":98.0771508678312,"standard_error":12.535769548657672},"Slope":{"confidence_interval":{"confidence_level":0.95,"lower_bound":427044.780833986,"upper_bound":427152.70341501496},"point_estimate":427094.9872597409,"standard_error":27.675287164367674},"StdDev":{"confidence_interval":{"confidence_level":0.95,"lower_bound":201.58756621090166,"upper_bound":1255.6032824840845},"point_estimate":759.0569015434925,"standard_error":351.82966482850316}}