{"Mean":{"confidence_interval":{"confidence_level":0.95,"lower_bound":7712.75965645847,"upper_bound":7719.323552566012},"point_estimate":7715.471878685161,"standard_error":1.7069214214813642},"Median":{"confidence_interval":{"confidence_level":0.95,"lower_bound":7710.609208725487,"upper_bound":7712.069582871908},"point_estimate":7711.245157044955,"standard_error":0.3742395604235949},"MedianAbsDev":{"confidence_interval":{"confidence_level":0.95,"lower_bound":1.7259704024213645,"upper_bound":3.439157527682166},"point_estimate":2.414786642737983,"standard_error":0.4315303868993298},"Slope":{"confidence_interval":{"confidence_level":0.95,"lower_bound":7711.168167919027,"upper_bound":7716.200758731752},"point_estimate":7713.2918541760455,"standard_error":1.31327392334238},"StdDev":{"confidence_interval":{"confidence_level":0.95,"lower_bound":5.402079011811387,"upper_bound":27.411638504759924},"point_estimate":17.171724457257767,"standard_error":6.461530733931901}}