{"Mean":{"confidence_interval":{"confidence_level":0.95,"lower_bound":1340037.753453611,"upper_bound":1348956.7926411482},"point_estimate":1344089.839278747,"standard_error":2288.4181029215356},"Median":{"confidence_interval":{"confidence_level":0.95,"lower_bound":1337201.0657894737,"upper_bound":1338195.0909090908},"point_estimate":1337542.0375695731,"standard_error":274.17474621244094},"MedianAbsDev":{"confidence_interval":{"confidence_level":0.95,"lower_bound":1729.7823359569297,"upper_bound":3543.8278196686},"point_estimate":2407.434188091497,"standard_error":482.8206977160631},"Slope":{"confidence_interval":{"confidence_level":0.95,"lower_bound":1337197.2743872101,"upper_bound":1346181.952468337},"point_estimate":1340532.6089700016,"standard_error":2417.8819707657008},"StdDev":{"confidence_interval":{"confidence_level":0.95,"lower_bound":12469.22904136772,"upper_bound":31026.098241668045},"point_estimate":23018.138451624854,"standard_error":4743.1281389521855}}