{"Mean":{"confidence_interval":{"confidence_level":0.95,"lower_bound":3129041.350869471,"upper_bound":3164945.5240931273},"point_estimate":3146533.1426684116,"standard_error":9200.244765954654},"Median":{"confidence_interval":{"confidence_level":0.95,"lower_bound":3102906.15625,"upper_bound":3147062.6276901},"point_estimate":3120057.397664835,"standard_error":11668.59874841416},"MedianAbsDev":{"confidence_interval":{"confidence_level":0.95,"lower_bound":61686.53956466421,"upper_bound":105014.13886455714},"point_estimate":82847.62795340366,"standard_error":11319.75914250636},"Slope":{"confidence_interval":{"confidence_level":0.95,"lower_bound":3069854.2087658886,"upper_bound":3088375.4385191314},"point_estimate":3078301.3630530518,"standard_error":4725.7876384439805},"StdDev":{"confidence_interval":{"confidence_level":0.95,"lower_bound":77681.06535319074,"upper_bound":103416.23321171627},"point_estimate":91649.01667953478,"standard_error":6568.352120716682}}