{"Mean":{"confidence_interval":{"confidence_level":0.95,"lower_bound":13770.230246843194,"upper_bound":13813.755576318154},"point_estimate":13792.091126295087,"standard_error":11.078479065500456},"Median":{"confidence_interval":{"confidence_level":0.95,"lower_bound":13778.30960360236,"upper_bound":13820.876003647401},"point_estimate":13796.263460339724,"standard_error":12.182468879864691},"MedianAbsDev":{"confidence_interval":{"confidence_level":0.95,"lower_bound":73.28070056154087,"upper_bound":128.76501106648786},"point_estimate":103.95876215008965,"standard_error":14.339342767970907},"Slope":{"confidence_interval":{"confidence_level":0.95,"lower_bound":13814.810840575958,"upper_bound":13847.943669819068},"point_estimate":13832.025254092574,"standard_error":8.441330944797205},"StdDev":{"confidence_interval":{"confidence_level":0.95,"lower_bound":93.56973596818425,"upper_bound":127.52540853255205},"point_estimate":111.27883302598866,"standard_error":8.66986630720631}}