{"Mean":{"confidence_interval":{"confidence_level":0.95,"lower_bound":14312.61322016635,"upper_bound":14313.273505284653},"point_estimate":14312.938177098758,"standard_error":0.1686664094809134},"Median":{"confidence_interval":{"confidence_level":0.95,"lower_bound":14312.508857142857,"upper_bound":14313.34761904762},"point_estimate":14312.849523809524,"standard_error":0.22067673637381158},"MedianAbsDev":{"confidence_interval":{"confidence_level":0.95,"lower_bound":1.3882563804746426,"upper_bound":2.1776719312416692},"point_estimate":1.8206011778877442,"standard_error":0.1994039047971045},"Slope":{"confidence_interval":{"confidence_level":0.95,"lower_bound":14311.846965105668,"upper_bound":14312.544292869776},"point_estimate":14312.173757858514,"standard_error":0.1782024844006797},"StdDev":{"confidence_interval":{"confidence_level":0.95,"lower_bound":1.418272375335893,"upper_bound":1.9644920104805002},"point_estimate":1.6961747222160384,"standard_error":0.1401082766091443}}