{"Mean":{"confidence_interval":{"confidence_level":0.95,"lower_bound":175987.60871296754,"upper_bound":176985.8061108558},"point_estimate":176431.4937609627,"standard_error":257.33992308998876},"Median":{"confidence_interval":{"confidence_level":0.95,"lower_bound":175678.53535353535,"upper_bound":175888.44118589745},"point_estimate":175776.57143626182,"standard_error":47.22997783418924},"MedianAbsDev":{"confidence_interval":{"confidence_level":0.95,"lower_bound":283.6555627723247,"upper_bound":562.2752703955222},"point_estimate":388.63029259902686,"standard_error":69.91570058913547},"Slope":{"confidence_interval":{"confidence_level":0.95,"lower_bound":175770.49581582705,"upper_bound":176955.0574453654},"point_estimate":176203.0468632087,"standard_error":326.4725822547105},"StdDev":{"confidence_interval":{"confidence_level":0.95,"lower_bound":1189.1790308433444,"upper_bound":3650.5081196348265},"point_estimate":2592.1275175962164,"standard_error":625.3428845156443}}