{"Mean":{"confidence_interval":{"confidence_level":0.95,"lower_bound":5141.823568019382,"upper_bound":5144.5460868942955},"point_estimate":5143.020250588752,"standard_error":0.6983880170185738},"Median":{"confidence_interval":{"confidence_level":0.95,"lower_bound":5141.01540769021,"upper_bound":5141.230569948187},"point_estimate":5141.1124661446065,"standard_error":0.0497774649635051},"MedianAbsDev":{"confidence_interval":{"confidence_level":0.95,"lower_bound":0.3073412888007782,"upper_bound":0.6079108202971105},"point_estimate":0.4419886674379673,"standard_error":0.07995600871440253},"Slope":{"confidence_interval":{"confidence_level":0.95,"lower_bound":5141.502312678737,"upper_bound":5144.401901053286},"point_estimate":5142.703239188044,"standard_error":0.7529283692143877},"StdDev":{"confidence_interval":{"confidence_level":0.95,"lower_bound":3.0687992760788023,"upper_bound":10.129914023207526},"point_estimate":7.036918008992515,"standard_error":1.7867050837579586}}