{"Mean":{"confidence_interval":{"confidence_level":0.95,"lower_bound":24905.629429188128,"upper_bound":25209.30386343688},"point_estimate":25047.69260180307,"standard_error":77.79174864747347},"Median":{"confidence_interval":{"confidence_level":0.95,"lower_bound":24678.97198472412,"upper_bound":24863.93108974359},"point_estimate":24708.205470272904,"standard_error":39.47708110136768},"MedianAbsDev":{"confidence_interval":{"confidence_level":0.95,"lower_bound":124.46170295947762,"upper_bound":345.84798936435834},"point_estimate":187.23981415291402,"standard_error":56.225341920443554},"Slope":{"confidence_interval":{"confidence_level":0.95,"lower_bound":24738.529062583155,"upper_bound":25227.120560769352},"point_estimate":24957.894241252485,"standard_error":126.19859857158694},"StdDev":{"confidence_interval":{"confidence_level":0.95,"lower_bound":539.7900981331492,"upper_bound":984.7312480463922},"point_estimate":782.2415012058614,"standard_error":113.71789654284657}}