{"Mean":{"confidence_interval":{"confidence_level":0.95,"lower_bound":206070.84881333812,"upper_bound":207846.87382245448},"point_estimate":206807.21520543707,"standard_error":463.74470392111357},"Median":{"confidence_interval":{"confidence_level":0.95,"lower_bound":205643.2,"upper_bound":205844.65227272728},"point_estimate":205749.13922619048,"standard_error":51.3634395396136},"MedianAbsDev":{"confidence_interval":{"confidence_level":0.95,"lower_bound":354.26320938607114,"upper_bound":608.229686171468},"point_estimate":496.2904633435144,"standard_error":63.94816799682094},"Slope":{"confidence_interval":{"confidence_level":0.95,"lower_bound":205663.5370922973,"upper_bound":207335.54213785887},"point_estimate":206247.145354219,"standard_error":460.268891190836},"StdDev":{"confidence_interval":{"confidence_level":0.95,"lower_bound":1339.380559810635,"upper_bound":7435.925450737589},"point_estimate":4666.569064912526,"standard_error":1733.9663347684136}}