{"Mean":{"confidence_interval":{"confidence_level":0.95,"lower_bound":3137.1644455116666,"upper_bound":3140.041789134533},"point_estimate":3138.3338475201977,"standard_error":0.7507406355554695},"Median":{"confidence_interval":{"confidence_level":0.95,"lower_bound":3136.584651898734,"upper_bound":3136.659034438257},"point_estimate":3136.6186181434596,"standard_error":0.01952838382307364},"MedianAbsDev":{"confidence_interval":{"confidence_level":0.95,"lower_bound":0.133798811738136,"upper_bound":0.24099780948176422},"point_estimate":0.1931239641979408,"standard_error":0.02770785802208583},"Slope":{"confidence_interval":{"confidence_level":0.95,"lower_bound":3136.991091277616,"upper_bound":3139.061259659294},"point_estimate":3137.8555565635916,"standard_error":0.5401344234137725},"StdDev":{"confidence_interval":{"confidence_level":0.95,"lower_bound":2.1725652980340127,"upper_bound":12.17709962263932},"point_estimate":7.554604735237034,"standard_error":2.993894406655148}}