{"Mean":{"confidence_interval":{"confidence_level":0.95,"lower_bound":500062.644401898,"upper_bound":500878.26209544303},"point_estimate":500441.8107174039,"standard_error":211.13191121425274},"Median":{"confidence_interval":{"confidence_level":0.95,"lower_bound":499486.6777777778,"upper_bound":499925.0408163265},"point_estimate":499790.9636363636,"standard_error":131.7256673112005},"MedianAbsDev":{"confidence_interval":{"confidence_level":0.95,"lower_bound":529.6255538708971,"upper_bound":1049.7945134631439},"point_estimate":748.6058183391394,"standard_error":130.35765081846327},"Slope":{"confidence_interval":{"confidence_level":0.95,"lower_bound":499520.74981698714,"upper_bound":500073.24552378204},"point_estimate":499760.983382592,"standard_error":141.86796536733365},"StdDev":{"confidence_interval":{"confidence_level":0.95,"lower_bound":1474.9435818124105,"upper_bound":2728.1372235984672},"point_estimate":2122.833775152574,"standard_error":324.81403231450787}}