{"Mean":{"confidence_interval":{"confidence_level":0.95,"lower_bound":3148105.9112993204,"upper_bound":3172122.485862843},"point_estimate":3159987.2580566793,"standard_error":6130.278186252054},"Median":{"confidence_interval":{"confidence_level":0.95,"lower_bound":3119702.341666667,"upper_bound":3178630.0206185565},"point_estimate":3143343.2137254905,"standard_error":17758.259702064188},"MedianAbsDev":{"confidence_interval":{"confidence_level":0.95,"lower_bound":42714.3577550462,"upper_bound":85340.3244504943},"point_estimate":62683.35544499138,"standard_error":10910.64828072707},"Slope":{"confidence_interval":{"confidence_level":0.95,"lower_bound":3129353.6371569773,"upper_bound":3153872.7841387135},"point_estimate":3141577.9752120585,"standard_error":6262.967717495221},"StdDev":{"confidence_interval":{"confidence_level":0.95,"lower_bound":52756.1856543943,"upper_bound":71400.98048536816},"point_estimate":62079.35379328435,"standard_error":4797.301419790028}}