{"Mean":{"confidence_interval":{"confidence_level":0.95,"lower_bound":22738.396971683527,"upper_bound":22754.565700191648},"point_estimate":22744.654557480597,"standard_error":4.320451546064951},"Median":{"confidence_interval":{"confidence_level":0.95,"lower_bound":22735.03449380165,"upper_bound":22738.175489067893},"point_estimate":22736.40111098579,"standard_error":0.7651521908144288},"MedianAbsDev":{"confidence_interval":{"confidence_level":0.95,"lower_bound":3.948518869294853,"upper_bound":6.540464726301613},"point_estimate":4.679248170292437,"standard_error":0.6753653928817787},"Slope":{"confidence_interval":{"confidence_level":0.95,"lower_bound":22737.295267340385,"upper_bound":22743.912002276324},"point_estimate":22740.354697529456,"standard_error":1.6946241614206503},"StdDev":{"confidence_interval":{"confidence_level":0.95,"lower_bound":10.201232463766813,"upper_bound":71.9961574625174},"point_estimate":43.49995717901856,"standard_error":19.963893806397493}}