{"Mean":{"confidence_interval":{"confidence_level":0.95,"lower_bound":7415177.758983345,"upper_bound":7509243.26055855},"point_estimate":7450564.381535441,"standard_error":25941.689974817607},"Median":{"confidence_interval":{"confidence_level":0.95,"lower_bound":7386740.973166022,"upper_bound":7399721.0},"point_estimate":7390695.3125,"standard_error":3333.1474938347856},"MedianAbsDev":{"confidence_interval":{"confidence_level":0.95,"lower_bound":11788.851051828535,"upper_bound":33083.62288592785},"point_estimate":18245.04991998867,"standard_error":5306.3869850135125},"Slope":{"confidence_interval":{"confidence_level":0.95,"lower_bound":7402953.933605531,"upper_bound":7424971.482719999},"point_estimate":7413199.007294222,"standard_error":5632.55710785912},"StdDev":{"confidence_interval":{"confidence_level":0.95,"lower_bound":58781.69589602491,"upper_bound":437465.17880027},"point_estimate":261350.71905214325,"standard_error":129738.10859008023}}