{"Mean":{"confidence_interval":{"confidence_level":0.95,"lower_bound":24245944.04210682,"upper_bound":24282828.270160023},"point_estimate":24262594.693233155,"standard_error":9424.688377845947},"Median":{"confidence_interval":{"confidence_level":0.95,"lower_bound":24241522.73809524,"upper_bound":24268999.288825758},"point_estimate":24252983.126107227,"standard_error":8475.328094456367},"MedianAbsDev":{"confidence_interval":{"confidence_level":0.95,"lower_bound":40068.42636930783,"upper_bound":67588.68086332771},"point_estimate":48165.24638225194,"standard_error":7620.51604324734},"Slope":{"confidence_interval":{"confidence_level":0.95,"lower_bound":24236287.65294352,"upper_bound":24262448.31855125},"point_estimate":24248987.585789863,"standard_error":6691.368238094547},"StdDev":{"confidence_interval":{"confidence_level":0.95,"lower_bound":53814.915567103286,"upper_bound":140124.05798533393},"point_estimate":94578.02664043783,"standard_error":25789.395026623322}}