{"Mean":{"confidence_interval":{"confidence_level":0.95,"lower_bound":5677272.686187499,"upper_bound":5795405.174868893},"point_estimate":5735871.115065812,"standard_error":30024.293977270325},"Median":{"confidence_interval":{"confidence_level":0.95,"lower_bound":5688562.887931034,"upper_bound":5785765.436619719},"point_estimate":5731614.530325815,"standard_error":23289.502755377864},"MedianAbsDev":{"confidence_interval":{"confidence_level":0.95,"lower_bound":173186.66682767848,"upper_bound":275437.3557380482},"point_estimate":225227.0713909162,"standard_error":25791.197775375957},"Slope":{"confidence_interval":{"confidence_level":0.95,"lower_bound":5654623.995226811,"upper_bound":5748514.725304795},"point_estimate":5702040.237650362,"standard_error":24036.524173915914},"StdDev":{"confidence_interval":{"confidence_level":0.95,"lower_bound":237046.3408298723,"upper_bound":362950.69885919447},"point_estimate":302264.8901740733,"standard_error":32210.338574711972}}