{"Mean":{"confidence_interval":{"confidence_level":0.95,"lower_bound":35684.60239439939,"upper_bound":35703.283442225584},"point_estimate":35693.07791725928,"standard_error":4.804379151244561},"Median":{"confidence_interval":{"confidence_level":0.95,"lower_bound":35678.731421356424,"upper_bound":35684.77356950845},"point_estimate":35681.602746137214,"standard_error":1.2828273252703695},"MedianAbsDev":{"confidence_interval":{"confidence_level":0.95,"lower_bound":9.53649915335162,"upper_bound":16.72293345310997},"point_estimate":13.465888292400914,"standard_error":1.8591666365895982},"Slope":{"confidence_interval":{"confidence_level":0.95,"lower_bound":35680.57762538988,"upper_bound":35704.53197491828},"point_estimate":35690.344484261856,"standard_error":6.2484363759696615},"StdDev":{"confidence_interval":{"confidence_level":0.95,"lower_bound":24.36004638462441,"upper_bound":66.65005433416056},"point_estimate":48.32129795505035,"standard_error":10.658189997652524}}