{"Mean":{"confidence_interval":{"confidence_level":0.95,"lower_bound":13341.003401950056,"upper_bound":13345.834535055978},"point_estimate":13343.253057504571,"standard_error":1.2335014927146588},"Median":{"confidence_interval":{"confidence_level":0.95,"lower_bound":13338.52204826546,"upper_bound":13344.611666666668},"point_estimate":13343.233660130718,"standard_error":1.9189039114990838},"MedianAbsDev":{"confidence_interval":{"confidence_level":0.95,"lower_bound":5.778187605231333,"upper_bound":11.972017681872948},"point_estimate":9.466101316792141,"standard_error":1.4705840936762908},"Slope":{"confidence_interval":{"confidence_level":0.95,"lower_bound":13337.955224701187,"upper_bound":13342.836442157619},"point_estimate":13340.216852765874,"standard_error":1.24822848969299},"StdDev":{"confidence_interval":{"confidence_level":0.95,"lower_bound":7.809205050745929,"upper_bound":16.245282021373857},"point_estimate":12.375683049819061,"standard_error":2.1413665087714113}}