{"Mean":{"confidence_interval":{"confidence_level":0.95,"lower_bound":1455376.793546168,"upper_bound":1456347.385625131},"point_estimate":1455811.436009393,"standard_error":248.17745676834502},"Median":{"confidence_interval":{"confidence_level":0.95,"lower_bound":1455524.0980392157,"upper_bound":1455657.3998147575},"point_estimate":1455600.6919191917,"standard_error":36.5609256272723},"MedianAbsDev":{"confidence_interval":{"confidence_level":0.95,"lower_bound":228.64868594078285,"upper_bound":450.31907545981676},"point_estimate":290.70157106860324,"standard_error":59.47579595701579},"Slope":{"confidence_interval":{"confidence_level":0.95,"lower_bound":1455836.4222166683,"upper_bound":1456309.9802341629},"point_estimate":1456054.835823851,"standard_error":120.73548277851806},"StdDev":{"confidence_interval":{"confidence_level":0.95,"lower_bound":997.9158017424797,"upper_bound":3801.8677921964236},"point_estimate":2482.6583449281993,"standard_error":743.1535136731534}}