{"Mean":{"confidence_interval":{"confidence_level":0.95,"lower_bound":5612.423440842442,"upper_bound":5614.330213564219},"point_estimate":5613.308138136901,"standard_error":0.48619107120671395},"Median":{"confidence_interval":{"confidence_level":0.95,"lower_bound":5611.599075500771,"upper_bound":5612.806969754896},"point_estimate":5612.434386368155,"standard_error":0.2770690054085136},"MedianAbsDev":{"confidence_interval":{"confidence_level":0.95,"lower_bound":1.8845567333628312,"upper_bound":3.0357002285914945},"point_estimate":2.350940071257029,"standard_error":0.2980984544910891},"Slope":{"confidence_interval":{"confidence_level":0.95,"lower_bound":5611.983953413882,"upper_bound":5614.125379202963},"point_estimate":5612.997045666115,"standard_error":0.5478806063911983},"StdDev":{"confidence_interval":{"confidence_level":0.95,"lower_bound":3.0493856187214528,"upper_bound":6.5254349139196295},"point_estimate":4.874874713457199,"standard_error":0.8972812264032906}}