{"Mean":{"confidence_interval":{"confidence_level":0.95,"lower_bound":655.9451210092574,"upper_bound":656.3238454687688},"point_estimate":656.1160707920767,"standard_error":0.09706284581474844},"Median":{"confidence_interval":{"confidence_level":0.95,"lower_bound":655.8609885496865,"upper_bound":655.9832866926355},"point_estimate":655.941875394094,"standard_error":0.03341303993155917},"MedianAbsDev":{"confidence_interval":{"confidence_level":0.95,"lower_bound":0.2294634097680102,"upper_bound":0.48272832229150137},"point_estimate":0.30487358394580477,"standard_error":0.06620482361940344},"Slope":{"confidence_interval":{"confidence_level":0.95,"lower_bound":655.7391784083052,"upper_bound":655.9674220395591},"point_estimate":655.8447840795759,"standard_error":0.05840854294671417},"StdDev":{"confidence_interval":{"confidence_level":0.95,"lower_bound":0.5246511879662668,"upper_bound":1.396689968571754},"point_estimate":0.9768025834885689,"standard_error":0.22839736518667164}}