{"Mean":{"confidence_interval":{"confidence_level":0.95,"lower_bound":7442.589240264731,"upper_bound":7448.582209675245},"point_estimate":7445.127018778741,"standard_error":1.5547548687732367},"Median":{"confidence_interval":{"confidence_level":0.95,"lower_bound":7441.692717568726,"upper_bound":7442.144883192732},"point_estimate":7441.996078379139,"standard_error":0.12213440932460287},"MedianAbsDev":{"confidence_interval":{"confidence_level":0.95,"lower_bound":1.027588342744632,"upper_bound":2.0116054827936702},"point_estimate":1.5578736852386397,"standard_error":0.2559011189630261},"Slope":{"confidence_interval":{"confidence_level":0.95,"lower_bound":7441.313796916626,"upper_bound":7446.090641035943},"point_estimate":7443.135995668179,"standard_error":1.2664746327161447},"StdDev":{"confidence_interval":{"confidence_level":0.95,"lower_bound":4.053218990499754,"upper_bound":24.188928919516954},"point_estimate":15.645935820134902,"standard_error":5.347160754417383}}