{"Mean":{"confidence_interval":{"confidence_level":0.95,"lower_bound":1192873.4805355065,"upper_bound":1193621.2015998713},"point_estimate":1193240.1423918281,"standard_error":190.27984627404808},"Median":{"confidence_interval":{"confidence_level":0.95,"lower_bound":1193065.633802817,"upper_bound":1193412.7105263157},"point_estimate":1193228.0922077922,"standard_error":88.94434518152055},"MedianAbsDev":{"confidence_interval":{"confidence_level":0.95,"lower_bound":666.1303473963993,"upper_bound":1133.156734876535},"point_estimate":921.6692558593348,"standard_error":121.53428052909275},"Slope":{"confidence_interval":{"confidence_level":0.95,"lower_bound":1193303.0479534457,"upper_bound":1193884.0384113446},"point_estimate":1193567.5999704448,"standard_error":148.7167220989472},"StdDev":{"confidence_interval":{"confidence_level":0.95,"lower_bound":1206.6951917161323,"upper_bound":2531.6342655620233},"point_estimate":1908.8437342075044,"standard_error":335.9385473586723}}