{"Mean":{"confidence_interval":{"confidence_level":0.95,"lower_bound":107208.18701092989,"upper_bound":111742.23587208663},"point_estimate":109302.00066728788,"standard_error":1162.938446839685},"Median":{"confidence_interval":{"confidence_level":0.95,"lower_bound":103402.66666666667,"upper_bound":107099.03298611111},"point_estimate":105250.54449259661,"standard_error":1030.2291184617027},"MedianAbsDev":{"confidence_interval":{"confidence_level":0.95,"lower_bound":2517.121161750142,"upper_bound":7294.833068291795},"point_estimate":5019.750920777063,"standard_error":1305.981147783903},"Slope":{"confidence_interval":{"confidence_level":0.95,"lower_bound":106254.89936212618,"upper_bound":112914.39448246043},"point_estimate":109269.62826199038,"standard_error":1712.2125380133748},"StdDev":{"confidence_interval":{"confidence_level":0.95,"lower_bound":7229.404553396455,"upper_bound":15547.177430917685},"point_estimate":11707.300980359812,"standard_error":2142.9806602126346}}