{"Mean":{"confidence_interval":{"confidence_level":0.95,"lower_bound":899477.5430803336,"upper_bound":903604.7822176369},"point_estimate":901272.5018600184,"standard_error":1066.4012925870613},"Median":{"confidence_interval":{"confidence_level":0.95,"lower_bound":898182.2921052631,"upper_bound":898796.45},"point_estimate":898533.4916666667,"standard_error":161.60226599149507},"MedianAbsDev":{"confidence_interval":{"confidence_level":0.95,"lower_bound":915.4914392547342,"upper_bound":1804.1881714507056},"point_estimate":1306.5338138043812,"standard_error":223.56081284225806},"Slope":{"confidence_interval":{"confidence_level":0.95,"lower_bound":898394.9823842112,"upper_bound":903662.0399798065},"point_estimate":900364.3983375203,"standard_error":1415.4249894327113},"StdDev":{"confidence_interval":{"confidence_level":0.95,"lower_bound":4439.646935511809,"upper_bound":16246.449784348952},"point_estimate":10752.193375600187,"standard_error":3187.7564138047455}}