{"Mean":{"confidence_interval":{"confidence_level":0.95,"lower_bound":257056.97208853235,"upper_bound":259880.1435961966},"point_estimate":258292.32681990686,"standard_error":727.4901731724799},"Median":{"confidence_interval":{"confidence_level":0.95,"lower_bound":256454.86904761905,"upper_bound":256756.99576271186},"point_estimate":256560.6850490196,"standard_error":79.46710340232619},"MedianAbsDev":{"confidence_interval":{"confidence_level":0.95,"lower_bound":422.35898025701005,"upper_bound":738.0443360199158},"point_estimate":567.7565614629441,"standard_error":76.95554262992819},"Slope":{"confidence_interval":{"confidence_level":0.95,"lower_bound":256533.3051451603,"upper_bound":258515.88687146825},"point_estimate":257363.3290719669,"standard_error":514.2063329139387},"StdDev":{"confidence_interval":{"confidence_level":0.95,"lower_bound":2437.9441110153416,"upper_bound":10905.029063433278},"point_estimate":7326.52810979887,"standard_error":2131.8887132873706}}