{"Mean":{"confidence_interval":{"confidence_level":0.95,"lower_bound":1459.8990991524936,"upper_bound":1461.0426237238157},"point_estimate":1460.3592383292166,"standard_error":0.30094781602410065},"Median":{"confidence_interval":{"confidence_level":0.95,"lower_bound":1459.6012454812042,"upper_bound":1459.744474699342},"point_estimate":1459.6889533419671,"standard_error":0.03402042210668908},"MedianAbsDev":{"confidence_interval":{"confidence_level":0.95,"lower_bound":0.2623718502203079,"upper_bound":0.42300443725187464},"point_estimate":0.34323761666868263,"standard_error":0.04103859006866867},"Slope":{"confidence_interval":{"confidence_level":0.95,"lower_bound":1459.7593491645493,"upper_bound":1460.6090345011032},"point_estimate":1460.1208440361934,"standard_error":0.22062491823182978},"StdDev":{"confidence_interval":{"confidence_level":0.95,"lower_bound":0.9010533559482369,"upper_bound":4.910520435043022},"point_estimate":3.027109074293036,"standard_error":1.2495293967763925}}