{"Mean":{"confidence_interval":{"confidence_level":0.95,"lower_bound":2025454.6231209438,"upper_bound":2026290.907184727},"point_estimate":2025863.5156493303,"standard_error":213.03788607258358},"Median":{"confidence_interval":{"confidence_level":0.95,"lower_bound":2025746.2435897435,"upper_bound":2026244.7447616155},"point_estimate":2026048.3536778693,"standard_error":116.2567861618545},"MedianAbsDev":{"confidence_interval":{"confidence_level":0.95,"lower_bound":1079.7624322588174,"upper_bound":1666.3120813261212},"point_estimate":1351.6837485027327,"standard_error":155.29617047119535},"Slope":{"confidence_interval":{"confidence_level":0.95,"lower_bound":2024322.0661961369,"upper_bound":2025505.8610949088},"point_estimate":2024901.633290971,"standard_error":303.13504833297566},"StdDev":{"confidence_interval":{"confidence_level":0.95,"lower_bound":1647.7157378199092,"upper_bound":2652.6244148331125},"point_estimate":2141.3095690491455,"standard_error":260.33067135650737}}