{"Mean":{"confidence_interval":{"confidence_level":0.95,"lower_bound":101614.15327473242,"upper_bound":101636.48883870032},"point_estimate":101623.6747764396,"standard_error":5.764885334476664},"Median":{"confidence_interval":{"confidence_level":0.95,"lower_bound":101612.428,"upper_bound":101615.64305555556},"point_estimate":101614.51424512986,"standard_error":0.7966642120666432},"MedianAbsDev":{"confidence_interval":{"confidence_level":0.95,"lower_bound":6.564364920954002,"upper_bound":11.38128545716473},"point_estimate":9.268399438491672,"standard_error":1.2509134168519755},"Slope":{"confidence_interval":{"confidence_level":0.95,"lower_bound":101614.72646840288,"upper_bound":101654.85802306361},"point_estimate":101629.56910506872,"standard_error":10.990113758699723},"StdDev":{"confidence_interval":{"confidence_level":0.95,"lower_bound":15.367429238079572,"upper_bound":88.37280037590267},"point_estimate":57.98639597175649,"standard_error":18.732895467199512}}