{"Mean":{"confidence_interval":{"confidence_level":0.95,"lower_bound":30313.73754816368,"upper_bound":31311.391885160403},"point_estimate":30753.77008903546,"standard_error":256.5015721862891},"Median":{"confidence_interval":{"confidence_level":0.95,"lower_bound":29998.030932641785,"upper_bound":30036.273333333334},"point_estimate":30014.15835494709,"standard_error":8.315616281088822},"MedianAbsDev":{"confidence_interval":{"confidence_level":0.95,"lower_bound":50.26179907258928,"upper_bound":94.84646296260637},"point_estimate":71.43567467677936,"standard_error":11.981817082272574},"Slope":{"confidence_interval":{"confidence_level":0.95,"lower_bound":30025.73203622812,"upper_bound":30236.903010627142},"point_estimate":30113.340205811626,"standard_error":54.40066516389609},"StdDev":{"confidence_interval":{"confidence_level":0.95,"lower_bound":1189.6251223160425,"upper_bound":3833.0544996258695},"point_estimate":2588.2921337350076,"standard_error":705.4039370567284}}