{"Mean":{"confidence_interval":{"confidence_level":0.95,"lower_bound":4226130.355171254,"upper_bound":4289056.252208581},"point_estimate":4255657.391103598,"standard_error":16126.77783311286},"Median":{"confidence_interval":{"confidence_level":0.95,"lower_bound":4181933.238095238,"upper_bound":4186175.277777778},"point_estimate":4184282.8335365853,"standard_error":1033.1782608389221},"MedianAbsDev":{"confidence_interval":{"confidence_level":0.95,"lower_bound":5999.185750356174,"upper_bound":12892.082003623194},"point_estimate":8866.655516605808,"standard_error":1736.904126750851},"Slope":{"confidence_interval":{"confidence_level":0.95,"lower_bound":4190350.8028973807,"upper_bound":4214248.685822665},"point_estimate":4201011.139819713,"standard_error":6126.996597649501},"StdDev":{"confidence_interval":{"confidence_level":0.95,"lower_bound":117385.7147551478,"upper_bound":198167.4650334093},"point_estimate":161924.37677410286,"standard_error":20690.66870288813}}