{"Mean":{"confidence_interval":{"confidence_level":0.95,"lower_bound":89557.78590245087,"upper_bound":90424.40799376748},"point_estimate":89952.48672221355,"standard_error":221.68364559989166},"Median":{"confidence_interval":{"confidence_level":0.95,"lower_bound":89310.06534090909,"upper_bound":89701.26657657188},"point_estimate":89572.25182325755,"standard_error":102.51974959181695},"MedianAbsDev":{"confidence_interval":{"confidence_level":0.95,"lower_bound":612.8545726096389,"upper_bound":1014.5656256242281},"point_estimate":761.6745971822206,"standard_error":100.16049966253097},"Slope":{"confidence_interval":{"confidence_level":0.95,"lower_bound":90068.4384422834,"upper_bound":91968.79375559457},"point_estimate":90941.01788546018,"standard_error":488.1051267995297},"StdDev":{"confidence_interval":{"confidence_level":0.95,"lower_bound":1281.870931577832,"upper_bound":3155.2298700012147},"point_estimate":2235.8710150657466,"standard_error":497.4582405251898}}