{"Mean":{"confidence_interval":{"confidence_level":0.95,"lower_bound":112185.74898103303,"upper_bound":112250.25342638428},"point_estimate":112218.66435808774,"standard_error":16.449610009798278},"Median":{"confidence_interval":{"confidence_level":0.95,"lower_bound":112275.19898251192,"upper_bound":112303.59782945737},"point_estimate":112297.13725657255,"standard_error":8.742717231802626},"MedianAbsDev":{"confidence_interval":{"confidence_level":0.95,"lower_bound":47.00940958333305,"upper_bound":136.00904665434044},"point_estimate":70.33001781602397,"standard_error":23.98782189921855},"Slope":{"confidence_interval":{"confidence_level":0.95,"lower_bound":112274.51587083656,"upper_bound":112300.94314665816},"point_estimate":112289.09773459435,"standard_error":6.733349592863574},"StdDev":{"confidence_interval":{"confidence_level":0.95,"lower_bound":146.8407323125303,"upper_bound":180.82249299604916},"point_estimate":165.75466303274766,"standard_error":8.680002734810436}}