{"Mean":{"confidence_interval":{"confidence_level":0.95,"lower_bound":386407.0043400801,"upper_bound":389270.4141501327},"point_estimate":387702.07770655805,"standard_error":733.3882918580974},"Median":{"confidence_interval":{"confidence_level":0.95,"lower_bound":385282.100877193,"upper_bound":385824.1470337175},"point_estimate":385515.0178030303,"standard_error":139.29381159555177},"MedianAbsDev":{"confidence_interval":{"confidence_level":0.95,"lower_bound":658.0858926922908,"upper_bound":1302.4223586956016},"point_estimate":946.533885305369,"standard_error":153.59080654378803},"Slope":{"confidence_interval":{"confidence_level":0.95,"lower_bound":385351.21208683425,"upper_bound":388130.12531247985},"point_estimate":386361.4502162455,"standard_error":767.8933987039751},"StdDev":{"confidence_interval":{"confidence_level":0.95,"lower_bound":3797.348620312695,"upper_bound":10025.834770025338},"point_estimate":7352.041125734264,"standard_error":1551.1992048538411}}