{"Mean":{"confidence_interval":{"confidence_level":0.95,"lower_bound":2240.5834317812714,"upper_bound":2241.2016044858347},"point_estimate":2240.8472486244145,"standard_error":0.16081271843402434},"Median":{"confidence_interval":{"confidence_level":0.95,"lower_bound":2240.4698812217193,"upper_bound":2240.5321793645753},"point_estimate":2240.498262968851,"standard_error":0.018035352208748336},"MedianAbsDev":{"confidence_interval":{"confidence_level":0.95,"lower_bound":0.11264360408051366,"upper_bound":0.24890371954117835},"point_estimate":0.16262590472065425,"standard_error":0.03547532744436449},"Slope":{"confidence_interval":{"confidence_level":0.95,"lower_bound":2240.5295571270317,"upper_bound":2241.360833294022},"point_estimate":2240.8219147954505,"standard_error":0.23385308669231789},"StdDev":{"confidence_interval":{"confidence_level":0.95,"lower_bound":0.36900002445190067,"upper_bound":2.4906437272846365},"point_estimate":1.619352919822257,"standard_error":0.5515394544681358}}