{"Mean":{"confidence_interval":{"confidence_level":0.95,"lower_bound":310.60819366465176,"upper_bound":310.7064656841665},"point_estimate":310.651642378049,"standard_error":0.02527454802002776},"Median":{"confidence_interval":{"confidence_level":0.95,"lower_bound":310.5851309210975,"upper_bound":310.5939246467818},"point_estimate":310.58940039552283,"standard_error":0.0023321451249144914},"MedianAbsDev":{"confidence_interval":{"confidence_level":0.95,"lower_bound":0.013009745663868446,"upper_bound":0.023419486193740055},"point_estimate":0.01686865656531541,"standard_error":0.002644629356900884},"Slope":{"confidence_interval":{"confidence_level":0.95,"lower_bound":310.60476734951266,"upper_bound":310.7189654811989},"point_estimate":310.6562887955423,"standard_error":0.02947891126514161},"StdDev":{"confidence_interval":{"confidence_level":0.95,"lower_bound":0.11994017756376044,"upper_bound":0.37046375688124056},"point_estimate":0.25502054467679497,"standard_error":0.06506571131997926}}