{"Mean":{"confidence_interval":{"confidence_level":0.95,"lower_bound":1448.9805172697713,"upper_bound":1450.5750263171738},"point_estimate":1449.6754445582108,"standard_error":0.41126005618809386},"Median":{"confidence_interval":{"confidence_level":0.95,"lower_bound":1448.5087853607447,"upper_bound":1449.2224165457183},"point_estimate":1448.7246552975325,"standard_error":0.20746270911308853},"MedianAbsDev":{"confidence_interval":{"confidence_level":0.95,"lower_bound":1.5087744809862302,"upper_bound":2.2724164901753507},"point_estimate":1.8833365134918945,"standard_error":0.20991081688207008},"Slope":{"confidence_interval":{"confidence_level":0.95,"lower_bound":1448.4675025375172,"upper_bound":1449.2346017177713},"point_estimate":1448.8377599436178,"standard_error":0.19559497732443443},"StdDev":{"confidence_interval":{"confidence_level":0.95,"lower_bound":1.735796950259977,"upper_bound":6.300533623475117},"point_estimate":4.13301823170211,"standard_error":1.2614300062239165}}