{"Mean":{"confidence_interval":{"confidence_level":0.95,"lower_bound":5121868.373055926,"upper_bound":5160786.9200429255},"point_estimate":5141652.143631405,"standard_error":9955.631861604446},"Median":{"confidence_interval":{"confidence_level":0.95,"lower_bound":5173258.292682927,"upper_bound":5188041.123076923},"point_estimate":5181045.267902814,"standard_error":3759.660594794192},"MedianAbsDev":{"confidence_interval":{"confidence_level":0.95,"lower_bound":22968.10833609794,"upper_bound":55512.86619742768},"point_estimate":33154.61231143157,"standard_error":8358.402652168925},"Slope":{"confidence_interval":{"confidence_level":0.95,"lower_bound":5071105.090958663,"upper_bound":5127079.075262933},"point_estimate":5099137.002639279,"standard_error":14321.606671824207},"StdDev":{"confidence_interval":{"confidence_level":0.95,"lower_bound":85774.24289637242,"upper_bound":111423.09875193059},"point_estimate":100038.87406659908,"standard_error":6548.0709818553605}}