{"Mean":{"confidence_interval":{"confidence_level":0.95,"lower_bound":4015388.110284691,"upper_bound":4069773.1494774395},"point_estimate":4040294.7453743587,"standard_error":13930.380275751126},"Median":{"confidence_interval":{"confidence_level":0.95,"lower_bound":3986723.757142857,"upper_bound":3996747.533333333},"point_estimate":3993288.192886598,"standard_error":2321.314630691858},"MedianAbsDev":{"confidence_interval":{"confidence_level":0.95,"lower_bound":12306.700666941722,"upper_bound":25531.10379860656},"point_estimate":18538.49495888614,"standard_error":3384.3173740511716},"Slope":{"confidence_interval":{"confidence_level":0.95,"lower_bound":3994251.060259497,"upper_bound":4016608.996628001},"point_estimate":4004403.308751293,"standard_error":5746.82429883628},"StdDev":{"confidence_interval":{"confidence_level":0.95,"lower_bound":80881.90912079244,"upper_bound":188175.12442426887},"point_estimate":140009.95952615442,"standard_error":27337.35861530662}}