{"Mean":{"confidence_interval":{"confidence_level":0.95,"lower_bound":10615.370743344285,"upper_bound":10949.802056629142},"point_estimate":10759.157373985772,"standard_error":86.30395902523351},"Median":{"confidence_interval":{"confidence_level":0.95,"lower_bound":10511.195235693323,"upper_bound":10522.612111292963},"point_estimate":10515.629483432847,"standard_error":2.313696104074925},"MedianAbsDev":{"confidence_interval":{"confidence_level":0.95,"lower_bound":20.330057558311978,"upper_bound":39.04609288835515},"point_estimate":26.96639256023764,"standard_error":4.6026657824672945},"Slope":{"confidence_interval":{"confidence_level":0.95,"lower_bound":10519.679095771406,"upper_bound":10640.720566995764},"point_estimate":10566.071786391405,"standard_error":32.4809009608003},"StdDev":{"confidence_interval":{"confidence_level":0.95,"lower_bound":371.55848831142583,"upper_bound":1330.0278296967754},"point_estimate":870.0520344132368,"standard_error":272.7879551335352}}