{"Mean":{"confidence_interval":{"confidence_level":0.95,"lower_bound":35471.94030231984,"upper_bound":36788.29316372407},"point_estimate":36100.56022964669,"standard_error":336.07257469525445},"Median":{"confidence_interval":{"confidence_level":0.95,"lower_bound":34538.24,"upper_bound":35542.57636363636},"point_estimate":35091.26278787879,"standard_error":254.62435740018017},"MedianAbsDev":{"confidence_interval":{"confidence_level":0.95,"lower_bound":1564.8107088444845,"upper_bound":2662.805573887381},"point_estimate":2174.995660362009,"standard_error":288.810589412695},"Slope":{"confidence_interval":{"confidence_level":0.95,"lower_bound":34910.51430691628,"upper_bound":36369.92959449732},"point_estimate":35600.718501551644,"standard_error":374.0527947573165},"StdDev":{"confidence_interval":{"confidence_level":0.95,"lower_bound":2516.2899831675772,"upper_bound":4192.1063088465535},"point_estimate":3373.820198030265,"standard_error":433.8211190117994}}