{"Mean":{"confidence_interval":{"confidence_level":0.95,"lower_bound":1405448.132402439,"upper_bound":1432592.749047176},"point_estimate":1417125.332187003,"standard_error":6986.878242986774},"Median":{"confidence_interval":{"confidence_level":0.95,"lower_bound":1393019.0714285714,"upper_bound":1404959.0444444444},"point_estimate":1394531.0821078431,"standard_error":3350.720737899253},"MedianAbsDev":{"confidence_interval":{"confidence_level":0.95,"lower_bound":10189.006725853644,"upper_bound":26019.986122924518},"point_estimate":15419.96841040738,"standard_error":3991.4589114132514},"Slope":{"confidence_interval":{"confidence_level":0.95,"lower_bound":1399198.204333428,"upper_bound":1409258.203141815},"point_estimate":1403875.5513137283,"standard_error":2572.1694364209034},"StdDev":{"confidence_interval":{"confidence_level":0.95,"lower_bound":26384.043063224126,"upper_bound":106594.4183859277},"point_estimate":70176.78884566705,"standard_error":21719.19515241899}}