{"Mean":{"confidence_interval":{"confidence_level":0.95,"lower_bound":229337.37756860701,"upper_bound":230023.66088262273},"point_estimate":229680.99205638358,"standard_error":175.24011507989138},"Median":{"confidence_interval":{"confidence_level":0.95,"lower_bound":229323.48,"upper_bound":230167.67097620008},"point_estimate":229579.4307317073,"standard_error":224.24224979175915},"MedianAbsDev":{"confidence_interval":{"confidence_level":0.95,"lower_bound":1209.0941665342914,"upper_bound":2100.4352346734745},"point_estimate":1643.1332377516192,"standard_error":233.78260672865565},"Slope":{"confidence_interval":{"confidence_level":0.95,"lower_bound":228628.1555482269,"upper_bound":229475.5982387248},"point_estimate":229039.48205704152,"standard_error":216.93976720896856},"StdDev":{"confidence_interval":{"confidence_level":0.95,"lower_bound":1506.712955889873,"upper_bound":2002.9129592501133},"point_estimate":1766.8159175010544,"standard_error":126.84426690615727}}