{"Mean":{"confidence_interval":{"confidence_level":0.95,"lower_bound":1147.1698410683243,"upper_bound":1150.0765692151706},"point_estimate":1148.619500919139,"standard_error":0.7443654708652953},"Median":{"confidence_interval":{"confidence_level":0.95,"lower_bound":1147.249218939119,"upper_bound":1149.5050442233278},"point_estimate":1148.4789594764518,"standard_error":0.6410705882962683},"MedianAbsDev":{"confidence_interval":{"confidence_level":0.95,"lower_bound":4.104995238563319,"upper_bound":7.519891317112731},"point_estimate":5.486058232121119,"standard_error":0.8819793099486065},"Slope":{"confidence_interval":{"confidence_level":0.95,"lower_bound":1146.398960927278,"upper_bound":1148.953204318023},"point_estimate":1147.662835420669,"standard_error":0.6510047704465819},"StdDev":{"confidence_interval":{"confidence_level":0.95,"lower_bound":5.703966758107789,"upper_bound":9.185485239116868},"point_estimate":7.4624714741917515,"standard_error":0.8947632863257394}}