{"Mean":{"confidence_interval":{"confidence_level":0.95,"lower_bound":8339.316208773887,"upper_bound":8362.701516905934},"point_estimate":8350.8604676596,"standard_error":5.968713902302781},"Median":{"confidence_interval":{"confidence_level":0.95,"lower_bound":8333.030379798978,"upper_bound":8361.790654723427},"point_estimate":8348.893445378151,"standard_error":8.387513605197142},"MedianAbsDev":{"confidence_interval":{"confidence_level":0.95,"lower_bound":41.178189683048885,"upper_bound":68.79416424300494},"point_estimate":52.632942766096754,"standard_error":7.031264726668316},"Slope":{"confidence_interval":{"confidence_level":0.95,"lower_bound":8355.874414967879,"upper_bound":8379.291916682836},"point_estimate":8367.45827002768,"standard_error":6.002388291288377},"StdDev":{"confidence_interval":{"confidence_level":0.95,"lower_bound":49.44916963811589,"upper_bound":70.51460000141212},"point_estimate":59.92766172658319,"standard_error":5.406277919919929}}