{"Mean":{"confidence_interval":{"confidence_level":0.95,"lower_bound":45876605.48074326,"upper_bound":45935709.404473685},"point_estimate":45905462.736672916,"standard_error":15087.543645530763},"Median":{"confidence_interval":{"confidence_level":0.95,"lower_bound":45850812.33783784,"upper_bound":45920677.957446806},"point_estimate":45889236.65647958,"standard_error":17837.304053213138},"MedianAbsDev":{"confidence_interval":{"confidence_level":0.95,"lower_bound":92156.94407971804,"upper_bound":161066.53404739732},"point_estimate":116721.64340903895,"standard_error":17604.4991071241},"Slope":{"confidence_interval":{"confidence_level":0.95,"lower_bound":45883567.06207864,"upper_bound":45925837.555372894},"point_estimate":45904393.680014774,"standard_error":10778.420342028097},"StdDev":{"confidence_interval":{"confidence_level":0.95,"lower_bound":123971.86168807358,"upper_bound":176058.20601558904},"point_estimate":151436.19404849168,"standard_error":13321.409096732143}}