{"Mean":{"confidence_interval":{"confidence_level":0.95,"lower_bound":45779439.27405007,"upper_bound":45831075.5864767},"point_estimate":45803593.19470623,"standard_error":13225.493253086095},"Median":{"confidence_interval":{"confidence_level":0.95,"lower_bound":45731740.83880308,"upper_bound":45803124.974358976},"point_estimate":45751885.32608695,"standard_error":19010.77019318174},"MedianAbsDev":{"confidence_interval":{"confidence_level":0.95,"lower_bound":41302.726411389725,"upper_bound":115478.23096545861},"point_estimate":72430.65847111249,"standard_error":19252.436904809005},"Slope":{"confidence_interval":{"confidence_level":0.95,"lower_bound":45782226.863150455,"upper_bound":45817251.30298893},"point_estimate":45799746.49797547,"standard_error":8893.994758171615},"StdDev":{"confidence_interval":{"confidence_level":0.95,"lower_bound":89624.25224866794,"upper_bound":175292.54749496342},"point_estimate":132972.70714865928,"standard_error":22194.445372249993}}