{"Mean":{"confidence_interval":{"confidence_level":0.95,"lower_bound":1025579.4467771043,"upper_bound":1026482.7240133365},"point_estimate":1025952.4888467421,"standard_error":233.40816461050278},"Median":{"confidence_interval":{"confidence_level":0.95,"lower_bound":1025412.4967741936,"upper_bound":1025868.8793103448},"point_estimate":1025632.2557021831,"standard_error":110.55525235800066},"MedianAbsDev":{"confidence_interval":{"confidence_level":0.95,"lower_bound":611.8331379822171,"upper_bound":1116.0713247438473},"point_estimate":804.9289335048292,"standard_error":129.65096567712592},"Slope":{"confidence_interval":{"confidence_level":0.95,"lower_bound":1025677.4629136648,"upper_bound":1026129.3659961233},"point_estimate":1025898.0888074479,"standard_error":115.02493510620997},"StdDev":{"confidence_interval":{"confidence_level":0.95,"lower_bound":933.6864859733696,"upper_bound":3725.9157147816645},"point_estimate":2337.4260368925557,"standard_error":883.9604800212475}}