{"Mean":{"confidence_interval":{"confidence_level":0.95,"lower_bound":11005.358630621742,"upper_bound":11013.666439506507},"point_estimate":11008.849034610663,"standard_error":2.1557177283357585},"Median":{"confidence_interval":{"confidence_level":0.95,"lower_bound":11001.879452054794,"upper_bound":11002.883333333333},"point_estimate":11002.484449891068,"standard_error":0.22123310728699083},"MedianAbsDev":{"confidence_interval":{"confidence_level":0.95,"lower_bound":1.5545015842705916,"upper_bound":2.918327337427598},"point_estimate":2.1943938300650325,"standard_error":0.32202888011160086},"Slope":{"confidence_interval":{"confidence_level":0.95,"lower_bound":11004.313018296843,"upper_bound":11010.088203460948},"point_estimate":11006.98488074479,"standard_error":1.4847255114026026},"StdDev":{"confidence_interval":{"confidence_level":0.95,"lower_bound":8.67318025858708,"upper_bound":34.029821769837724},"point_estimate":21.677081865879913,"standard_error":7.658022244527585}}