{"Mean":{"confidence_interval":{"confidence_level":0.95,"lower_bound":179448.3130502825,"upper_bound":181081.9606261318},"point_estimate":180185.37245593744,"standard_error":419.8295589045179},"Median":{"confidence_interval":{"confidence_level":0.95,"lower_bound":178850.31531531533,"upper_bound":179117.24193548388},"point_estimate":178956.62470336971,"standard_error":61.64531163481721},"MedianAbsDev":{"confidence_interval":{"confidence_level":0.95,"lower_bound":295.87892122595423,"upper_bound":548.6658928090028},"point_estimate":462.7760400152111,"standard_error":64.2824635989852},"Slope":{"confidence_interval":{"confidence_level":0.95,"lower_bound":178918.40781516375,"upper_bound":180608.90438038995},"point_estimate":179680.07875917442,"standard_error":428.40132775564354},"StdDev":{"confidence_interval":{"confidence_level":0.95,"lower_bound":2084.490821879494,"upper_bound":5829.783672470325},"point_estimate":4201.764112708305,"standard_error":947.1206676897535}}