{"Mean":{"confidence_interval":{"confidence_level":0.95,"lower_bound":178720.74567823476,"upper_bound":179996.21029809883},"point_estimate":179265.38364471053,"standard_error":330.7013431645445},"Median":{"confidence_interval":{"confidence_level":0.95,"lower_bound":178377.89855072464,"upper_bound":178630.38282828283},"point_estimate":178494.0898919753,"standard_error":65.25445980490332},"MedianAbsDev":{"confidence_interval":{"confidence_level":0.95,"lower_bound":289.535748925322,"upper_bound":500.07337923149186},"point_estimate":399.7221904035304,"standard_error":54.127081208605546},"Slope":{"confidence_interval":{"confidence_level":0.95,"lower_bound":178419.61435908263,"upper_bound":179294.2455128886},"point_estimate":178755.82720949707,"standard_error":231.53385735768063},"StdDev":{"confidence_interval":{"confidence_level":0.95,"lower_bound":1017.6397294706002,"upper_bound":5163.901140412145},"point_estimate":3331.7727818942362,"standard_error":1090.3249808087814}}