{"Mean":{"confidence_interval":{"confidence_level":0.95,"lower_bound":386662.19865963195,"upper_bound":386869.9048689771},"point_estimate":386750.48158772016,"standard_error":53.8294689010832},"Median":{"confidence_interval":{"confidence_level":0.95,"lower_bound":386614.33637368714,"upper_bound":386649.876344086},"point_estimate":386635.633392751,"standard_error":9.662918689429565},"MedianAbsDev":{"confidence_interval":{"confidence_level":0.95,"lower_bound":56.5320578602095,"upper_bound":95.33484258850142},"point_estimate":78.24674058287883,"standard_error":10.22819332962883},"Slope":{"confidence_interval":{"confidence_level":0.95,"lower_bound":386625.8572177829,"upper_bound":386817.45556127705},"point_estimate":386701.31821092556,"standard_error":51.12096704765601},"StdDev":{"confidence_interval":{"confidence_level":0.95,"lower_bound":197.02530247893458,"upper_bound":845.6834018716435},"point_estimate":541.8926460760085,"standard_error":184.90184129970402}}