{"Mean":{"confidence_interval":{"confidence_level":0.95,"lower_bound":2249.5309886142636,"upper_bound":2251.1400244053743},"point_estimate":2250.198487355853,"standard_error":0.4195564896238832},"Median":{"confidence_interval":{"confidence_level":0.95,"lower_bound":2249.086540930305,"upper_bound":2249.360305525719},"point_estimate":2249.1515768288573,"standard_error":0.05875699316659247},"MedianAbsDev":{"confidence_interval":{"confidence_level":0.95,"lower_bound":0.2983726443631466,"upper_bound":0.7306480291326563},"point_estimate":0.43471547919767894,"standard_error":0.11349716193010878},"Slope":{"confidence_interval":{"confidence_level":0.95,"lower_bound":2249.4534515768214,"upper_bound":2250.908915424469},"point_estimate":2250.05144448164,"standard_error":0.3812550220731138},"StdDev":{"confidence_interval":{"confidence_level":0.95,"lower_bound":1.3491491857567246,"upper_bound":6.700521800918723},"point_estimate":4.219307705765179,"standard_error":1.5520606540565787}}