{"Mean":{"confidence_interval":{"confidence_level":0.95,"lower_bound":977247.93360819,"upper_bound":977623.9224185458},"point_estimate":977418.3287692117,"standard_error":96.42522572992667},"Median":{"confidence_interval":{"confidence_level":0.95,"lower_bound":977079.042972973,"upper_bound":977133.1994047619},"point_estimate":977104.37265625,"standard_error":14.180253271762101},"MedianAbsDev":{"confidence_interval":{"confidence_level":0.95,"lower_bound":86.8773687197947,"upper_bound":161.36759618730068},"point_estimate":115.72218215206149,"standard_error":19.40405618167415},"Slope":{"confidence_interval":{"confidence_level":0.95,"lower_bound":977193.3958051511,"upper_bound":977544.6697380248},"point_estimate":977347.4332702822,"standard_error":90.20354082548928},"StdDev":{"confidence_interval":{"confidence_level":0.95,"lower_bound":538.2247978906557,"upper_bound":1343.133649553679},"point_estimate":971.0938099537785,"standard_error":207.08488800525146}}