{"Mean":{"confidence_interval":{"confidence_level":0.95,"lower_bound":22638.187233936496,"upper_bound":22884.828895883016},"point_estimate":22747.315511459317,"standard_error":63.48518034961634},"Median":{"confidence_interval":{"confidence_level":0.95,"lower_bound":22561.154644268776,"upper_bound":22608.51203208556},"point_estimate":22576.84139037433,"standard_error":12.203973965385885},"MedianAbsDev":{"confidence_interval":{"confidence_level":0.95,"lower_bound":68.99060392404539,"upper_bound":140.93322846163971},"point_estimate":97.48584419002664,"standard_error":18.69853168820571},"Slope":{"confidence_interval":{"confidence_level":0.95,"lower_bound":22612.449000442564,"upper_bound":22885.927475022116},"point_estimate":22722.641035976732,"standard_error":71.80455282981744},"StdDev":{"confidence_interval":{"confidence_level":0.95,"lower_bound":283.2160985039849,"upper_bound":927.4242639480722},"point_estimate":639.5579604305624,"standard_error":164.6010656655801}}