{"Mean":{"confidence_interval":{"confidence_level":0.95,"lower_bound":40066118.84195842,"upper_bound":40111953.91067209},"point_estimate":40087976.90825251,"standard_error":11683.446275814786},"Median":{"confidence_interval":{"confidence_level":0.95,"lower_bound":40017579.40357143,"upper_bound":40087470.59550562},"point_estimate":40034772.93939394,"standard_error":19154.33899697698},"MedianAbsDev":{"confidence_interval":{"confidence_level":0.95,"lower_bound":40685.272850189496,"upper_bound":118850.53991119312},"point_estimate":67417.81427604603,"standard_error":21216.145634054454},"Slope":{"confidence_interval":{"confidence_level":0.95,"lower_bound":40071622.54893878,"upper_bound":40110930.13955517},"point_estimate":40090987.3090764,"standard_error":10016.644516322702},"StdDev":{"confidence_interval":{"confidence_level":0.95,"lower_bound":88311.19979597133,"upper_bound":145208.08547072907},"point_estimate":117604.70503744824,"standard_error":14642.054226056804}}