{"Mean":{"confidence_interval":{"confidence_level":0.95,"lower_bound":15811246.074741276,"upper_bound":15877565.008914791},"point_estimate":15839082.28519083,"standard_error":17228.433086888166},"Median":{"confidence_interval":{"confidence_level":0.95,"lower_bound":15794426.918604651,"upper_bound":15798877.369122807},"point_estimate":15797090.125186289,"standard_error":1164.8310896983369},"MedianAbsDev":{"confidence_interval":{"confidence_level":0.95,"lower_bound":6699.789856055545,"upper_bound":13395.866359824482},"point_estimate":9536.783851196955,"standard_error":1682.4901257625042},"Slope":{"confidence_interval":{"confidence_level":0.95,"lower_bound":15808642.491620325,"upper_bound":15835970.498478655},"point_estimate":15821489.287013447,"standard_error":6980.872369758511},"StdDev":{"confidence_interval":{"confidence_level":0.95,"lower_bound":48465.493333437385,"upper_bound":273879.57700942265},"point_estimate":173653.49243112965,"standard_error":62336.977160263625}}