{"Mean":{"confidence_interval":{"confidence_level":0.95,"lower_bound":662.621974138567,"upper_bound":664.4711674410801},"point_estimate":663.5470504573657,"standard_error":0.4726435027770872},"Median":{"confidence_interval":{"confidence_level":0.95,"lower_bound":662.1232090548592,"upper_bound":664.3342422518972},"point_estimate":662.980707857652,"standard_error":0.5995334476571613},"MedianAbsDev":{"confidence_interval":{"confidence_level":0.95,"lower_bound":3.2523098787644416,"upper_bound":6.1719243545137985},"point_estimate":4.716318664424064,"standard_error":0.737595538916373},"Slope":{"confidence_interval":{"confidence_level":0.95,"lower_bound":661.2469526748685,"upper_bound":662.6897210639296},"point_estimate":661.9306825770157,"standard_error":0.3679014249448843},"StdDev":{"confidence_interval":{"confidence_level":0.95,"lower_bound":4.062137299640892,"upper_bound":5.370900947756421},"point_estimate":4.747744754615612,"standard_error":0.33442499893293176}}