{"Mean":{"confidence_interval":{"confidence_level":0.95,"lower_bound":2795.0385319974234,"upper_bound":2795.9369788886447},"point_estimate":2795.441182050108,"standard_error":0.23136630628966467},"Median":{"confidence_interval":{"confidence_level":0.95,"lower_bound":2794.703129890454,"upper_bound":2794.7552571241404},"point_estimate":2794.730727649479,"standard_error":0.013064622780299844},"MedianAbsDev":{"confidence_interval":{"confidence_level":0.95,"lower_bound":0.08294424385755164,"upper_bound":0.17345712812591185},"point_estimate":0.12221001517295474,"standard_error":0.023511480280345422},"Slope":{"confidence_interval":{"confidence_level":0.95,"lower_bound":2794.9503423145834,"upper_bound":2795.8693829078093},"point_estimate":2795.367446069055,"standard_error":0.23604073713299514},"StdDev":{"confidence_interval":{"confidence_level":0.95,"lower_bound":1.2085931372059942,"upper_bound":3.346952265172444},"point_estimate":2.325219830193298,"standard_error":0.566430871905035}}