{"Mean":{"confidence_interval":{"confidence_level":0.95,"lower_bound":332733.0646516162,"upper_bound":332972.4308687001},"point_estimate":332847.6063194723,"standard_error":60.94598943319813},"Median":{"confidence_interval":{"confidence_level":0.95,"lower_bound":332569.7064935065,"upper_bound":333027.67579908675},"point_estimate":332754.8611111111,"standard_error":119.26126045909177},"MedianAbsDev":{"confidence_interval":{"confidence_level":0.95,"lower_bound":461.654176248447,"upper_bound":736.8540468880897},"point_estimate":654.008971722399,"standard_error":72.85636015209697},"Slope":{"confidence_interval":{"confidence_level":0.95,"lower_bound":333074.5465623962,"upper_bound":333284.46287658473},"point_estimate":333178.79259543866,"standard_error":53.38881217150209},"StdDev":{"confidence_interval":{"confidence_level":0.95,"lower_bound":465.2801854143736,"upper_bound":793.9429420508542},"point_estimate":612.3123179618494,"standard_error":93.15813303508043}}