{"Mean":{"confidence_interval":{"confidence_level":0.95,"lower_bound":102381.48754860347,"upper_bound":103293.29745351995},"point_estimate":102808.0243271607,"standard_error":233.45870836591848},"Median":{"confidence_interval":{"confidence_level":0.95,"lower_bound":101927.06,"upper_bound":102726.45416666666},"point_estimate":102219.28381818182,"standard_error":190.40807054868063},"MedianAbsDev":{"confidence_interval":{"confidence_level":0.95,"lower_bound":1026.2263695573126,"upper_bound":1773.8907128116582},"point_estimate":1220.883896193161,"standard_error":188.9817604268711},"Slope":{"confidence_interval":{"confidence_level":0.95,"lower_bound":101626.36708394976,"upper_bound":102137.69194547586},"point_estimate":101878.63599113344,"standard_error":129.9342309660123},"StdDev":{"confidence_interval":{"confidence_level":0.95,"lower_bound":1466.048679763368,"upper_bound":3214.009801447147},"point_estimate":2357.4006419441957,"standard_error":458.2637643261085}}