{"Mean":{"confidence_interval":{"confidence_level":0.95,"lower_bound":14255.982242072974,"upper_bound":14976.264685182718},"point_estimate":14599.67918077072,"standard_error":183.8432223044437},"Median":{"confidence_interval":{"confidence_level":0.95,"lower_bound":13636.840589569161,"upper_bound":14109.95913729833},"point_estimate":13837.094959978294,"standard_error":123.5664846863937},"MedianAbsDev":{"confidence_interval":{"confidence_level":0.95,"lower_bound":622.9049947041251,"upper_bound":1321.562689206991},"point_estimate":858.3051686509265,"standard_error":178.46363814013486},"Slope":{"confidence_interval":{"confidence_level":0.95,"lower_bound":14399.513122197972,"upper_bound":15691.349917417501},"point_estimate":14990.99009197295,"standard_error":331.30526802805764},"StdDev":{"confidence_interval":{"confidence_level":0.95,"lower_bound":1392.6851731765146,"upper_bound":2309.3053089957634},"point_estimate":1843.5416790850259,"standard_error":238.7507184706183}}