{"Mean":{"confidence_interval":{"confidence_level":0.95,"lower_bound":611.5238554935037,"upper_bound":612.1352573863678},"point_estimate":611.7842060961649,"standard_error":0.15841487963354217},"Median":{"confidence_interval":{"confidence_level":0.95,"lower_bound":611.4237112486032,"upper_bound":611.4588723197741},"point_estimate":611.4463509307368,"standard_error":0.009353668186186137},"MedianAbsDev":{"confidence_interval":{"confidence_level":0.95,"lower_bound":0.04480210185195209,"upper_bound":0.07981609566041782},"point_estimate":0.055055583806322146,"standard_error":0.009052238439097469},"Slope":{"confidence_interval":{"confidence_level":0.95,"lower_bound":611.4907079914076,"upper_bound":611.8219539894235},"point_estimate":611.630198508129,"standard_error":0.08598032810650373},"StdDev":{"confidence_interval":{"confidence_level":0.95,"lower_bound":0.35608345236452305,"upper_bound":2.441756787813815},"point_estimate":1.596545764891289,"standard_error":0.5421152883006162}}