{"Mean":{"confidence_interval":{"confidence_level":0.95,"lower_bound":10377.376339863064,"upper_bound":10379.051789575975},"point_estimate":10378.147658615033,"standard_error":0.43002917671025326},"Median":{"confidence_interval":{"confidence_level":0.95,"lower_bound":10376.732146909037,"upper_bound":10377.49031007752},"point_estimate":10377.041630385707,"standard_error":0.22069728908403194},"MedianAbsDev":{"confidence_interval":{"confidence_level":0.95,"lower_bound":1.0145949316768978,"upper_bound":2.087908553122335},"point_estimate":1.431709573400899,"standard_error":0.2885789629318},"Slope":{"confidence_interval":{"confidence_level":0.95,"lower_bound":10376.343654695876,"upper_bound":10377.276544997267},"point_estimate":10376.86121828974,"standard_error":0.23868711561271494},"StdDev":{"confidence_interval":{"confidence_level":0.95,"lower_bound":2.4618636936913516,"upper_bound":6.049418152450429},"point_estimate":4.34192462738276,"standard_error":0.9333004801076283}}