{"Mean":{"confidence_interval":{"confidence_level":0.95,"lower_bound":567.2962884789938,"upper_bound":567.4639549997593},"point_estimate":567.3657645051024,"standard_error":0.04363020995583516},"Median":{"confidence_interval":{"confidence_level":0.95,"lower_bound":567.2684517340184,"upper_bound":567.317101980914},"point_estimate":567.2876741654809,"standard_error":0.01268105738743147},"MedianAbsDev":{"confidence_interval":{"confidence_level":0.95,"lower_bound":0.11371946006176005,"upper_bound":0.18934356397193308},"point_estimate":0.152602862030389,"standard_error":0.019924323554277944},"Slope":{"confidence_interval":{"confidence_level":0.95,"lower_bound":567.2127247015686,"upper_bound":567.3780896796357},"point_estimate":567.2761337097315,"standard_error":0.043440883700243293},"StdDev":{"confidence_interval":{"confidence_level":0.95,"lower_bound":0.1656939982178099,"upper_bound":0.6953594752048171},"point_estimate":0.43799615637893713,"standard_error":0.1625768273907251}}