{"Mean":{"confidence_interval":{"confidence_level":0.95,"lower_bound":567.882428805236,"upper_bound":568.4353834708324},"point_estimate":568.0753834099742,"standard_error":0.17044001312073914},"Median":{"confidence_interval":{"confidence_level":0.95,"lower_bound":567.8623288672899,"upper_bound":567.9056588993335},"point_estimate":567.8834835942409,"standard_error":0.012316303714929052},"MedianAbsDev":{"confidence_interval":{"confidence_level":0.95,"lower_bound":0.05533462265664511,"upper_bound":0.09918183283749402},"point_estimate":0.07407043365061447,"standard_error":0.011234802058704833},"Slope":{"confidence_interval":{"confidence_level":0.95,"lower_bound":567.8318605116432,"upper_bound":567.8925820562923},"point_estimate":567.8618025395932,"standard_error":0.015490012047844314},"StdDev":{"confidence_interval":{"confidence_level":0.95,"lower_bound":0.10818355607091265,"upper_bound":2.938919799202862},"point_estimate":1.7167017576676475,"standard_error":1.0083737778039643}}