{"Mean":{"confidence_interval":{"confidence_level":0.95,"lower_bound":32360.248733218454,"upper_bound":32618.3674632416},"point_estimate":32472.31863137868,"standard_error":66.52358728538039},"Median":{"confidence_interval":{"confidence_level":0.95,"lower_bound":32273.870967741936,"upper_bound":32315.88888888889},"point_estimate":32293.850526894355,"standard_error":10.480935614269775},"MedianAbsDev":{"confidence_interval":{"confidence_level":0.95,"lower_bound":49.84177926588443,"upper_bound":95.33204020241087},"point_estimate":70.88641121008459,"standard_error":11.547871033150267},"Slope":{"confidence_interval":{"confidence_level":0.95,"lower_bound":32302.208434611508,"upper_bound":32634.87691514114},"point_estimate":32429.135766933457,"standard_error":89.15269580617958},"StdDev":{"confidence_interval":{"confidence_level":0.95,"lower_bound":277.25487119272793,"upper_bound":1013.4701866493973},"point_estimate":669.0936721087224,"standard_error":198.8835480943778}}