{"Mean":{"confidence_interval":{"confidence_level":0.95,"lower_bound":32349.906786773317,"upper_bound":32782.85210186021},"point_estimate":32529.962035965586,"standard_error":113.2575937598107},"Median":{"confidence_interval":{"confidence_level":0.95,"lower_bound":32293.53992781412,"upper_bound":32336.926686217008},"point_estimate":32314.32767402377,"standard_error":11.204745300450265},"MedianAbsDev":{"confidence_interval":{"confidence_level":0.95,"lower_bound":49.70910305742265,"upper_bound":96.46606556112725},"point_estimate":74.06049781402483,"standard_error":11.568056003677318},"Slope":{"confidence_interval":{"confidence_level":0.95,"lower_bound":32308.51579783698,"upper_bound":32524.425958089065},"point_estimate":32383.3470349943,"standard_error":59.29506135909581},"StdDev":{"confidence_interval":{"confidence_level":0.95,"lower_bound":166.43912061535033,"upper_bound":1776.3406240629454},"point_estimate":1139.9828027213557,"standard_error":423.5546450279539}}