{"Mean":{"confidence_interval":{"confidence_level":0.95,"lower_bound":7162007.632044953,"upper_bound":7217673.375777709},"point_estimate":7184508.298763778,"standard_error":14607.50582345978},"Median":{"confidence_interval":{"confidence_level":0.95,"lower_bound":7136840.208211144,"upper_bound":7154049.846153846},"point_estimate":7142603.807146754,"standard_error":3810.771162677748},"MedianAbsDev":{"confidence_interval":{"confidence_level":0.95,"lower_bound":11279.273233369566,"upper_bound":33443.622406786824},"point_estimate":19605.069458207894,"standard_error":5150.6357718084455},"Slope":{"confidence_interval":{"confidence_level":0.95,"lower_bound":7156385.598471828,"upper_bound":7187227.350376453},"point_estimate":7170713.401557559,"standard_error":7943.834552275131},"StdDev":{"confidence_interval":{"confidence_level":0.95,"lower_bound":51967.10168663208,"upper_bound":236508.80582345888},"point_estimate":146694.23399602599,"standard_error":60181.39738765048}}