{"Mean":{"confidence_interval":{"confidence_level":0.95,"lower_bound":362.23242909049367,"upper_bound":362.53305308988115},"point_estimate":362.3581118291901,"standard_error":0.07796549394475487},"Median":{"confidence_interval":{"confidence_level":0.95,"lower_bound":362.1600178737807,"upper_bound":362.1808259126803},"point_estimate":362.1688361031911,"standard_error":0.005055528137860859},"MedianAbsDev":{"confidence_interval":{"confidence_level":0.95,"lower_bound":0.027646026495062957,"upper_bound":0.047880529297261984},"point_estimate":0.036389771913543416,"standard_error":0.005349439233286431},"Slope":{"confidence_interval":{"confidence_level":0.95,"lower_bound":362.199474069749,"upper_bound":362.3956481841048},"point_estimate":362.28054471240046,"standard_error":0.050874498450301},"StdDev":{"confidence_interval":{"confidence_level":0.95,"lower_bound":0.268817745032125,"upper_bound":1.2337969040679495},"point_estimate":0.7829705509271225,"standard_error":0.2792115715150323}}