{"Mean":{"confidence_interval":{"confidence_level":0.95,"lower_bound":588.3358514954116,"upper_bound":588.8977775485115},"point_estimate":588.5653835896308,"standard_error":0.14743765852755916},"Median":{"confidence_interval":{"confidence_level":0.95,"lower_bound":588.2645685370144,"upper_bound":588.2850069320658},"point_estimate":588.2757931337222,"standard_error":0.0049779655848409135},"MedianAbsDev":{"confidence_interval":{"confidence_level":0.95,"lower_bound":0.05439479257253772,"upper_bound":0.11410100807529144},"point_estimate":0.07478782980427193,"standard_error":0.014839116080342668},"Slope":{"confidence_interval":{"confidence_level":0.95,"lower_bound":588.3011508070128,"upper_bound":588.6509980040987},"point_estimate":588.4468943382486,"standard_error":0.09109063536253054},"StdDev":{"confidence_interval":{"confidence_level":0.95,"lower_bound":0.3815053252159467,"upper_bound":2.391231037439158},"point_estimate":1.4824391283390566,"standard_error":0.5811430468853549}}