{"Mean":{"confidence_interval":{"confidence_level":0.95,"lower_bound":60056940.92560595,"upper_bound":60151000.75969293},"point_estimate":60100664.14285511,"standard_error":24010.215297168805},"Median":{"confidence_interval":{"confidence_level":0.95,"lower_bound":60043179.8,"upper_bound":60080548.1344697},"point_estimate":60058948.02659574,"standard_error":9516.604703954414},"MedianAbsDev":{"confidence_interval":{"confidence_level":0.95,"lower_bound":78191.93924005936,"upper_bound":169438.17089737576},"point_estimate":126003.9496160582,"standard_error":24240.315528693525},"Slope":{"confidence_interval":{"confidence_level":0.95,"lower_bound":60059441.382383205,"upper_bound":60118820.360951014},"point_estimate":60085965.400212795,"standard_error":15158.708799160802},"StdDev":{"confidence_interval":{"confidence_level":0.95,"lower_bound":159967.86877827664,"upper_bound":322391.6542774048},"point_estimate":240069.93468265352,"standard_error":43069.36684397496}}