{"Mean":{"confidence_interval":{"confidence_level":0.95,"lower_bound":2194.1652963187453,"upper_bound":2194.34434642859},"point_estimate":2194.2514408261472,"standard_error":0.04563660870748692},"Median":{"confidence_interval":{"confidence_level":0.95,"lower_bound":2194.091815363947,"upper_bound":2194.216621908954},"point_estimate":2194.1519550571384,"standard_error":0.03117493683640009},"MedianAbsDev":{"confidence_interval":{"confidence_level":0.95,"lower_bound":0.24151218372741817,"upper_bound":0.4312420403181283},"point_estimate":0.32682157791439176,"standard_error":0.04861030604260336},"Slope":{"confidence_interval":{"confidence_level":0.95,"lower_bound":2194.2613209857727,"upper_bound":2194.4705544158574},"point_estimate":2194.360946395331,"standard_error":0.053332707606000854},"StdDev":{"confidence_interval":{"confidence_level":0.95,"lower_bound":0.3323989036966141,"upper_bound":0.5807912043354718},"point_estimate":0.45957141098952325,"standard_error":0.063870118972878}}