{"Mean":{"confidence_interval":{"confidence_level":0.95,"lower_bound":2162.8052498815446,"upper_bound":2170.3290843823315},"point_estimate":2166.507149530075,"standard_error":1.9223404062315033},"Median":{"confidence_interval":{"confidence_level":0.95,"lower_bound":2163.5244987556935,"upper_bound":2171.934649172462},"point_estimate":2170.7180041473166,"standard_error":2.4955052427660775},"MedianAbsDev":{"confidence_interval":{"confidence_level":0.95,"lower_bound":9.840079161649742,"upper_bound":17.449203470815476},"point_estimate":13.03630338345791,"standard_error":1.8792892932125378},"Slope":{"confidence_interval":{"confidence_level":0.95,"lower_bound":2167.7973163746683,"upper_bound":2171.994717579121},"point_estimate":2169.962940070713,"standard_error":1.0680513189114789},"StdDev":{"confidence_interval":{"confidence_level":0.95,"lower_bound":15.029917920671794,"upper_bound":23.404813925499813},"point_estimate":19.29960792212269,"standard_error":2.152993799230108}}