{"Mean":{"confidence_interval":{"confidence_level":0.95,"lower_bound":309375.68383881106,"upper_bound":309853.4132780052},"point_estimate":309594.16608226055,"standard_error":122.69279345979247},"Median":{"confidence_interval":{"confidence_level":0.95,"lower_bound":309206.03979375993,"upper_bound":309354.9166666667},"point_estimate":309261.5832093254,"standard_error":42.46065213648679},"MedianAbsDev":{"confidence_interval":{"confidence_level":0.95,"lower_bound":256.2481107916051,"upper_bound":455.8230209601499},"point_estimate":353.65693498533426,"standard_error":50.01589066246064},"Slope":{"confidence_interval":{"confidence_level":0.95,"lower_bound":309250.77791066817,"upper_bound":309497.8933383851},"point_estimate":309362.3222920053,"standard_error":63.238790383469095},"StdDev":{"confidence_interval":{"confidence_level":0.95,"lower_bound":686.619382689848,"upper_bound":1729.617397212426},"point_estimate":1239.258930864581,"standard_error":269.5506604112939}}