{"Mean":{"confidence_interval":{"confidence_level":0.95,"lower_bound":69826.76870128849,"upper_bound":69903.32043727016},"point_estimate":69855.93706839083,"standard_error":20.658815643967962},"Median":{"confidence_interval":{"confidence_level":0.95,"lower_bound":69816.54395424837,"upper_bound":69825.14606219123},"point_estimate":69820.69814814813,"standard_error":2.446139912769783},"MedianAbsDev":{"confidence_interval":{"confidence_level":0.95,"lower_bound":10.834785696535516,"upper_bound":20.221032764551406},"point_estimate":15.624765768376399,"standard_error":2.231860233138044},"Slope":{"confidence_interval":{"confidence_level":0.95,"lower_bound":69824.27997534782,"upper_bound":69874.61764757845},"point_estimate":69844.8342509236,"standard_error":13.286535027651071},"StdDev":{"confidence_interval":{"confidence_level":0.95,"lower_bound":42.478776094882065,"upper_bound":346.87825298258787},"point_estimate":208.47452419981605,"standard_error":98.21581562656573}}