{"Mean":{"confidence_interval":{"confidence_level":0.95,"lower_bound":33000.65247576351,"upper_bound":33542.553142995224},"point_estimate":33258.54119002767,"standard_error":137.87292745369996},"Median":{"confidence_interval":{"confidence_level":0.95,"lower_bound":32795.653958944284,"upper_bound":33187.0394265233},"point_estimate":32971.292308483826,"standard_error":101.01621505484438},"MedianAbsDev":{"confidence_interval":{"confidence_level":0.95,"lower_bound":681.0159922627088,"upper_bound":1140.10710774127},"point_estimate":899.9156781574546,"standard_error":118.66553358225038},"Slope":{"confidence_interval":{"confidence_level":0.95,"lower_bound":32627.02062073421,"upper_bound":33067.081970158666},"point_estimate":32843.18832798638,"standard_error":112.90973665333392},"StdDev":{"confidence_interval":{"confidence_level":0.95,"lower_bound":1002.2834365899647,"upper_bound":1737.089661459761},"point_estimate":1394.256605752738,"standard_error":188.19802061445932}}