{"Mean":{"confidence_interval":{"confidence_level":0.95,"lower_bound":1935472.9655575408,"upper_bound":2029700.9928492846},"point_estimate":1971498.6858294457,"standard_error":25352.38713608536},"Median":{"confidence_interval":{"confidence_level":0.95,"lower_bound":1926871.28,"upper_bound":1929506.7216494845},"point_estimate":1928037.957137889,"standard_error":578.8325831886773},"MedianAbsDev":{"confidence_interval":{"confidence_level":0.95,"lower_bound":3325.9422617797068,"upper_bound":6256.190344911163},"point_estimate":4546.654517289951,"standard_error":715.2425559859897},"Slope":{"confidence_interval":{"confidence_level":0.95,"lower_bound":1929257.7762970612,"upper_bound":1943153.718506649},"point_estimate":1935037.100768435,"standard_error":3623.8195391376235},"StdDev":{"confidence_interval":{"confidence_level":0.95,"lower_bound":25890.857204707983,"upper_bound":423056.41728011006},"point_estimate":255155.84196286806,"standard_error":118048.7975505407}}