{"Mean":{"confidence_interval":{"confidence_level":0.95,"lower_bound":150704.20582090694,"upper_bound":150791.39741525738},"point_estimate":150744.79640533455,"standard_error":22.303862499981356},"Median":{"confidence_interval":{"confidence_level":0.95,"lower_bound":150677.03829273646,"upper_bound":150724.83428996598},"point_estimate":150703.0001227295,"standard_error":12.408311927717302},"MedianAbsDev":{"confidence_interval":{"confidence_level":0.95,"lower_bound":88.70894856715034,"upper_bound":154.21997745128442},"point_estimate":117.06703374944665,"standard_error":17.06128317708568},"Slope":{"confidence_interval":{"confidence_level":0.95,"lower_bound":150700.04324189882,"upper_bound":150802.65808345945},"point_estimate":150745.32497456143,"standard_error":26.373590837155692},"StdDev":{"confidence_interval":{"confidence_level":0.95,"lower_bound":144.14761995656718,"upper_bound":293.8183233746958},"point_estimate":224.21042366156132,"standard_error":38.1280017405366}}