{"Mean":{"confidence_interval":{"confidence_level":0.95,"lower_bound":6515.965576742561,"upper_bound":6517.538077898604},"point_estimate":6516.68381788003,"standard_error":0.40316976677502525},"Median":{"confidence_interval":{"confidence_level":0.95,"lower_bound":6515.265990497076,"upper_bound":6515.824903786146},"point_estimate":6515.54977701164,"standard_error":0.143758305492973},"MedianAbsDev":{"confidence_interval":{"confidence_level":0.95,"lower_bound":0.6471500967985857,"upper_bound":1.1113669521121432},"point_estimate":0.8145329032256995,"standard_error":0.115390804082216},"Slope":{"confidence_interval":{"confidence_level":0.95,"lower_bound":6515.680747848882,"upper_bound":6517.5538047788505},"point_estimate":6516.508472735333,"standard_error":0.48284346427383235},"StdDev":{"confidence_interval":{"confidence_level":0.95,"lower_bound":2.3252572185188596,"upper_bound":5.481842354154618},"point_estimate":4.039626838318287,"standard_error":0.8098356975231482}}