{"Mean":{"confidence_interval":{"confidence_level":0.95,"lower_bound":202649.71254151597,"upper_bound":202972.15171652418},"point_estimate":202766.52835335847,"standard_error":93.32786597362222},"Median":{"confidence_interval":{"confidence_level":0.95,"lower_bound":202625.20666666667,"upper_bound":202631.88888888888},"point_estimate":202628.65916892502,"standard_error":1.4620324878563988},"MedianAbsDev":{"confidence_interval":{"confidence_level":0.95,"lower_bound":9.982323237386934,"upper_bound":17.93513864516803},"point_estimate":12.849170701294542,"standard_error":2.0315633614881614},"Slope":{"confidence_interval":{"confidence_level":0.95,"lower_bound":202640.88870966728,"upper_bound":202713.36294863606},"point_estimate":202673.5843954485,"standard_error":18.66124852235045},"StdDev":{"confidence_interval":{"confidence_level":0.95,"lower_bound":98.67367387122137,"upper_bound":1594.7379310480947},"point_estimate":939.4252301510433,"standard_error":510.6854062252193}}