{"Mean":{"confidence_interval":{"confidence_level":0.95,"lower_bound":88685.90183792816,"upper_bound":88716.94238123647},"point_estimate":88699.51526678128,"standard_error":8.006742815911778},"Median":{"confidence_interval":{"confidence_level":0.95,"lower_bound":88678.18820382882,"upper_bound":88679.25980392157},"point_estimate":88678.52192982456,"standard_error":0.24446381072648823},"MedianAbsDev":{"confidence_interval":{"confidence_level":0.95,"lower_bound":2.344210010826161,"upper_bound":4.343664922877958},"point_estimate":3.145516160380305,"standard_error":0.49004530035729144},"Slope":{"confidence_interval":{"confidence_level":0.95,"lower_bound":88685.09624829615,"upper_bound":88714.29741258772},"point_estimate":88698.4091012758,"standard_error":7.527339829275079},"StdDev":{"confidence_interval":{"confidence_level":0.95,"lower_bound":33.131795294885634,"upper_bound":121.24296046789898},"point_estimate":80.6998600394418,"standard_error":23.264877409310945}}