{"Mean":{"confidence_interval":{"confidence_level":0.95,"lower_bound":1286724.609406822,"upper_bound":1288689.1802298739},"point_estimate":1287618.764351432,"standard_error":502.61001784193735},"Median":{"confidence_interval":{"confidence_level":0.95,"lower_bound":1286116.2116666667,"upper_bound":1287414.3373493976},"point_estimate":1286905.2355182925,"standard_error":292.8162266174903},"MedianAbsDev":{"confidence_interval":{"confidence_level":0.95,"lower_bound":1848.4462049458236,"upper_bound":2932.1558501453515},"point_estimate":2450.554045823448,"standard_error":265.6994080438158},"Slope":{"confidence_interval":{"confidence_level":0.95,"lower_bound":1285900.8914728302,"upper_bound":1287068.9672261542},"point_estimate":1286496.1779932023,"standard_error":297.9117484606626},"StdDev":{"confidence_interval":{"confidence_level":0.95,"lower_bound":2839.1146672882132,"upper_bound":6972.90220796688},"point_estimate":5046.7066444673155,"standard_error":1062.7903846199447}}