{"Mean":{"confidence_interval":{"confidence_level":0.95,"lower_bound":10729.909315210152,"upper_bound":10736.982795672215},"point_estimate":10733.094191693326,"standard_error":1.8226180574091464},"Median":{"confidence_interval":{"confidence_level":0.95,"lower_bound":10727.936702634284,"upper_bound":10729.147676031911},"point_estimate":10728.537480798772,"standard_error":0.35331424446403015},"MedianAbsDev":{"confidence_interval":{"confidence_level":0.95,"lower_bound":1.9988751303209737,"upper_bound":5.048075096482891},"point_estimate":3.399793663979933,"standard_error":0.7756232782045998},"Slope":{"confidence_interval":{"confidence_level":0.95,"lower_bound":10726.055650078832,"upper_bound":10733.24246710569},"point_estimate":10729.067115460704,"standard_error":1.871002474777305},"StdDev":{"confidence_interval":{"confidence_level":0.95,"lower_bound":9.829907109574988,"upper_bound":26.13903326231177},"point_estimate":18.2771895163268,"standard_error":4.29864666975513}}