{"Mean":{"confidence_interval":{"confidence_level":0.95,"lower_bound":4627.232961194951,"upper_bound":4672.44769170138},"point_estimate":4646.652505182991,"standard_error":11.659915982609096},"Median":{"confidence_interval":{"confidence_level":0.95,"lower_bound":4617.247886070316,"upper_bound":4620.909279818726},"point_estimate":4619.303946073104,"standard_error":1.000591870787321},"MedianAbsDev":{"confidence_interval":{"confidence_level":0.95,"lower_bound":6.604148600824495,"upper_bound":12.261715992797138},"point_estimate":9.074476271021089,"standard_error":1.5335710886951042},"Slope":{"confidence_interval":{"confidence_level":0.95,"lower_bound":4618.9080825314495,"upper_bound":4645.841453321712},"point_estimate":4629.992582958254,"standard_error":6.9945940375776905},"StdDev":{"confidence_interval":{"confidence_level":0.95,"lower_bound":39.23694691624281,"upper_bound":178.0586451426846},"point_estimate":117.2556051677664,"standard_error":36.6104610130587}}