{"Mean":{"confidence_interval":{"confidence_level":0.95,"lower_bound":627.3913465206195,"upper_bound":627.8581608679392},"point_estimate":627.5716810416627,"standard_error":0.12413320979330647},"Median":{"confidence_interval":{"confidence_level":0.95,"lower_bound":627.3826341002341,"upper_bound":627.4241027192072},"point_estimate":627.4154742241082,"standard_error":0.014641664786381443},"MedianAbsDev":{"confidence_interval":{"confidence_level":0.95,"lower_bound":0.10019193961719128,"upper_bound":0.33411919284632696},"point_estimate":0.2247495640256291,"standard_error":0.06837494365147528},"Slope":{"confidence_interval":{"confidence_level":0.95,"lower_bound":627.3568839828583,"upper_bound":627.5480941703534},"point_estimate":627.4462401522486,"standard_error":0.048963808804594014},"StdDev":{"confidence_interval":{"confidence_level":0.95,"lower_bound":0.3032663667734053,"upper_bound":2.058484787415644},"point_estimate":1.2458115557140843,"standard_error":0.5679454456184173}}