{"Mean":{"confidence_interval":{"confidence_level":0.95,"lower_bound":1998566.8545826233,"upper_bound":1999444.4156102282},"point_estimate":1998997.6006835876,"standard_error":224.40569601880742},"Median":{"confidence_interval":{"confidence_level":0.95,"lower_bound":1998529.0909090908,"upper_bound":1999136.4406842971},"point_estimate":1998835.7379032257,"standard_error":151.31354448011476},"MedianAbsDev":{"confidence_interval":{"confidence_level":0.95,"lower_bound":890.0636880443735,"upper_bound":1519.6930096272574},"point_estimate":1162.7940194405712,"standard_error":157.54383829215888},"Slope":{"confidence_interval":{"confidence_level":0.95,"lower_bound":1998814.7232543563,"upper_bound":1999756.1037109585},"point_estimate":1999266.765577065,"standard_error":240.980068883965},"StdDev":{"confidence_interval":{"confidence_level":0.95,"lower_bound":1665.718209980832,"upper_bound":2804.7178800778606},"point_estimate":2253.8715511304426,"standard_error":290.98070196026276}}