{"Mean":{"confidence_interval":{"confidence_level":0.95,"lower_bound":8195.248206461192,"upper_bound":8200.942686959283},"point_estimate":8197.813504048987,"standard_error":1.459847182759076},"Median":{"confidence_interval":{"confidence_level":0.95,"lower_bound":8192.807639208953,"upper_bound":8194.195878416751},"point_estimate":8193.274023336739,"standard_error":0.3757336389718589},"MedianAbsDev":{"confidence_interval":{"confidence_level":0.95,"lower_bound":2.5720751091877823,"upper_bound":4.614295016743637},"point_estimate":3.1888948418307317,"standard_error":0.5095705110603383},"Slope":{"confidence_interval":{"confidence_level":0.95,"lower_bound":8192.096437167022,"upper_bound":8194.511826368147},"point_estimate":8193.173829925734,"standard_error":0.621114917386295},"StdDev":{"confidence_interval":{"confidence_level":0.95,"lower_bound":7.958772731680239,"upper_bound":21.030769748132233},"point_estimate":14.741608642758772,"standard_error":3.4608420624712646}}