{"Mean":{"confidence_interval":{"confidence_level":0.95,"lower_bound":1547054.5237553436,"upper_bound":1548174.5171609696},"point_estimate":1547633.1481447793,"standard_error":286.4595681072954},"Median":{"confidence_interval":{"confidence_level":0.95,"lower_bound":1547751.6101694915,"upper_bound":1547888.1134020619},"point_estimate":1547825.3092948718,"standard_error":35.036526355999804},"MedianAbsDev":{"confidence_interval":{"confidence_level":0.95,"lower_bound":334.54762792204343,"upper_bound":683.1220803203648},"point_estimate":537.4474995200137,"standard_error":94.54033745529885},"Slope":{"confidence_interval":{"confidence_level":0.95,"lower_bound":1548317.072141309,"upper_bound":1549197.7807756553},"point_estimate":1548738.567270578,"standard_error":225.31869266777866},"StdDev":{"confidence_interval":{"confidence_level":0.95,"lower_bound":2155.366802135383,"upper_bound":3491.37294309825},"point_estimate":2884.9151183296626,"standard_error":340.50813207111247}}