{"Mean":{"confidence_interval":{"confidence_level":0.95,"lower_bound":1547218.8966844676,"upper_bound":1547417.9971992928},"point_estimate":1547316.381492639,"standard_error":50.81943543296116},"Median":{"confidence_interval":{"confidence_level":0.95,"lower_bound":1547210.562937063,"upper_bound":1547323.3911064425},"point_estimate":1547252.425,"standard_error":30.655595854049857},"MedianAbsDev":{"confidence_interval":{"confidence_level":0.95,"lower_bound":259.3711114477322,"upper_bound":450.73600054337754},"point_estimate":364.42549081280794,"standard_error":48.801399421942406},"Slope":{"confidence_interval":{"confidence_level":0.95,"lower_bound":1547173.4150696206,"upper_bound":1547340.4206530536},"point_estimate":1547256.5291916654,"standard_error":42.32314476009424},"StdDev":{"confidence_interval":{"confidence_level":0.95,"lower_bound":378.8903163253164,"upper_bound":631.1736391078847},"point_estimate":509.3618266100863,"standard_error":64.64960003373221}}