{"Mean":{"confidence_interval":{"confidence_level":0.95,"lower_bound":203997.06884564503,"upper_bound":206428.08948649885},"point_estimate":205028.59070190773,"standard_error":628.8245028669821},"Median":{"confidence_interval":{"confidence_level":0.95,"lower_bound":203412.10142382537,"upper_bound":203619.575},"point_estimate":203492.0834224599,"standard_error":49.980490914695416},"MedianAbsDev":{"confidence_interval":{"confidence_level":0.95,"lower_bound":248.1181132209132,"upper_bound":571.0748590280693},"point_estimate":354.4257163467158,"standard_error":76.00956610605084},"Slope":{"confidence_interval":{"confidence_level":0.95,"lower_bound":203417.21266320863,"upper_bound":204569.022086281},"point_estimate":203791.21897147925,"standard_error":330.10030735449317},"StdDev":{"confidence_interval":{"confidence_level":0.95,"lower_bound":1933.2239540226494,"upper_bound":9858.61065232942},"point_estimate":6310.067525931978,"standard_error":2145.9315003769566}}