{"Mean":{"confidence_interval":{"confidence_level":0.95,"lower_bound":324565.6001779185,"upper_bound":324960.4537823607},"point_estimate":324737.91119887657,"standard_error":101.77722493942876},"Median":{"confidence_interval":{"confidence_level":0.95,"lower_bound":324479.853561828,"upper_bound":324568.8371794872},"point_estimate":324537.15277777775,"standard_error":22.434125508345122},"MedianAbsDev":{"confidence_interval":{"confidence_level":0.95,"lower_bound":131.77533891048554,"upper_bound":215.4958357753126},"point_estimate":170.03094401677433,"standard_error":22.43246976318908},"Slope":{"confidence_interval":{"confidence_level":0.95,"lower_bound":324525.3219664014,"upper_bound":324619.9567419086},"point_estimate":324569.88723363384,"standard_error":24.19698656696294},"StdDev":{"confidence_interval":{"confidence_level":0.95,"lower_bound":232.55565469358774,"upper_bound":1508.304728468851},"point_estimate":1022.117161371456,"standard_error":307.48467471505455}}