{"Mean":{"confidence_interval":{"confidence_level":0.95,"lower_bound":417.935607586763,"upper_bound":418.67589984932096},"point_estimate":418.1995342458497,"standard_error":0.21614978865883305},"Median":{"confidence_interval":{"confidence_level":0.95,"lower_bound":417.8785050675676,"upper_bound":417.91949647257553},"point_estimate":417.8944948095278,"standard_error":0.012315092046412887},"MedianAbsDev":{"confidence_interval":{"confidence_level":0.95,"lower_bound":0.06449581967576558,"upper_bound":0.11134359967174642},"point_estimate":0.089297882118443,"standard_error":0.011511612888977741},"Slope":{"confidence_interval":{"confidence_level":0.95,"lower_bound":417.92220235157146,"upper_bound":418.1670227976627},"point_estimate":418.02418764527977,"standard_error":0.0639204882221403},"StdDev":{"confidence_interval":{"confidence_level":0.95,"lower_bound":0.1953494629644143,"upper_bound":3.684142638249241},"point_estimate":2.1659310597048282,"standard_error":1.1979750173777894}}