{"Mean":{"confidence_interval":{"confidence_level":0.95,"lower_bound":1568564.7039074067,"upper_bound":1581176.8417506681},"point_estimate":1574681.565548162,"standard_error":3220.3253312378147},"Median":{"confidence_interval":{"confidence_level":0.95,"lower_bound":1552733.0661538462,"upper_bound":1572349.705128205},"point_estimate":1555827.251552795,"standard_error":5245.40360356794},"MedianAbsDev":{"confidence_interval":{"confidence_level":0.95,"lower_bound":9711.736136148524,"upper_bound":39263.72273320219},"point_estimate":16380.143541751173,"standard_error":7175.374230128076},"Slope":{"confidence_interval":{"confidence_level":0.95,"lower_bound":1561533.423396533,"upper_bound":1577674.7850192278},"point_estimate":1569302.7541864933,"standard_error":4155.429842521419},"StdDev":{"confidence_interval":{"confidence_level":0.95,"lower_bound":27944.067910380298,"upper_bound":36537.844719126464},"point_estimate":32330.051281947144,"standard_error":2191.3098080293585}}