{"Mean":{"confidence_interval":{"confidence_level":0.95,"lower_bound":203341.47168576115,"upper_bound":203480.37297679487},"point_estimate":203408.13236838902,"standard_error":35.48138619306117},"Median":{"confidence_interval":{"confidence_level":0.95,"lower_bound":203214.5846153846,"upper_bound":203239.8},"point_estimate":203218.6504024145,"standard_error":5.877964525349168},"MedianAbsDev":{"confidence_interval":{"confidence_level":0.95,"lower_bound":19.626410549296796,"upper_bound":57.09734526197188},"point_estimate":30.504893006799357,"standard_error":9.299990231557773},"Slope":{"confidence_interval":{"confidence_level":0.95,"lower_bound":203400.3901708725,"upper_bound":203583.43367347235},"point_estimate":203491.73902290527,"standard_error":46.7484902121726},"StdDev":{"confidence_interval":{"confidence_level":0.95,"lower_bound":285.93631431065177,"upper_bound":413.96994298718573},"point_estimate":356.5555032710947,"standard_error":32.60286622615933}}