{"Mean":{"confidence_interval":{"confidence_level":0.95,"lower_bound":162891.60351541286,"upper_bound":167009.31680878167},"point_estimate":164430.55275361822,"standard_error":1135.044789709144},"Median":{"confidence_interval":{"confidence_level":0.95,"lower_bound":162235.5,"upper_bound":162500.3806122449},"point_estimate":162397.07463330458,"standard_error":69.29879702459918},"MedianAbsDev":{"confidence_interval":{"confidence_level":0.95,"lower_bound":274.27498059005904,"upper_bound":577.1475743892523},"point_estimate":421.5970930825528,"standard_error":80.28706125006113},"Slope":{"confidence_interval":{"confidence_level":0.95,"lower_bound":162448.49946521202,"upper_bound":163744.0438307525},"point_estimate":163012.01303848508,"standard_error":333.8696730620978},"StdDev":{"confidence_interval":{"confidence_level":0.95,"lower_bound":2060.105073440281,"upper_bound":19102.16386591372},"point_estimate":11396.871519892555,"standard_error":5664.416435266344}}