{"Mean":{"confidence_interval":{"confidence_level":0.95,"lower_bound":14503.498610184182,"upper_bound":14514.393363974808},"point_estimate":14508.05651524791,"standard_error":2.822288130556914},"Median":{"confidence_interval":{"confidence_level":0.95,"lower_bound":14499.018445322794,"upper_bound":14500.715068373072},"point_estimate":14499.786094534433,"standard_error":0.5160194570546384},"MedianAbsDev":{"confidence_interval":{"confidence_level":0.95,"lower_bound":2.2501693173858643,"upper_bound":4.741699135718314},"point_estimate":3.2567522803981594,"standard_error":0.7003036003298548},"Slope":{"confidence_interval":{"confidence_level":0.95,"lower_bound":14499.100012163763,"upper_bound":14503.601362991638},"point_estimate":14501.126119081733,"standard_error":1.1558883714122883},"StdDev":{"confidence_interval":{"confidence_level":0.95,"lower_bound":11.120393338032503,"upper_bound":44.491768629605495},"point_estimate":28.351647312889597,"standard_error":10.09381468910478}}