{"Mean":{"confidence_interval":{"confidence_level":0.95,"lower_bound":39660.386042458194,"upper_bound":39693.43879903108},"point_estimate":39674.271639388106,"standard_error":8.582148110984757},"Median":{"confidence_interval":{"confidence_level":0.95,"lower_bound":39653.92952380952,"upper_bound":39660.53318681318},"point_estimate":39656.8085721519,"standard_error":1.6772604863118228},"MedianAbsDev":{"confidence_interval":{"confidence_level":0.95,"lower_bound":10.564673517839909,"upper_bound":19.358126441132335},"point_estimate":14.570193480402294,"standard_error":2.2830954181185},"Slope":{"confidence_interval":{"confidence_level":0.95,"lower_bound":39654.366843781216,"upper_bound":39680.02832945218},"point_estimate":39664.7233695286,"standard_error":6.729540873344598},"StdDev":{"confidence_interval":{"confidence_level":0.95,"lower_bound":28.961939655035124,"upper_bound":136.40728965964996},"point_estimate":86.63312181525141,"standard_error":30.55443629509989}}