{"Mean":{"confidence_interval":{"confidence_level":0.95,"lower_bound":508229.71758320805,"upper_bound":510087.51809339336},"point_estimate":509142.2811079389,"standard_error":473.4554420217153},"Median":{"confidence_interval":{"confidence_level":0.95,"lower_bound":507546.7444444444,"upper_bound":509667.6640625},"point_estimate":508155.2162790698,"standard_error":560.0666632472137},"MedianAbsDev":{"confidence_interval":{"confidence_level":0.95,"lower_bound":2887.6557608715225,"upper_bound":4965.969438807334},"point_estimate":3819.2728421943675,"standard_error":550.8883980131232},"Slope":{"confidence_interval":{"confidence_level":0.95,"lower_bound":507335.0866267741,"upper_bound":508840.5422248177},"point_estimate":508061.2501196985,"standard_error":385.4058100372946},"StdDev":{"confidence_interval":{"confidence_level":0.95,"lower_bound":3844.2249087958676,"upper_bound":5580.703894563223},"point_estimate":4740.330306820796,"standard_error":444.0869078022958}}