{"Mean":{"confidence_interval":{"confidence_level":0.95,"lower_bound":854101.6659505339,"upper_bound":854708.4731121775},"point_estimate":854349.9379827753,"standard_error":158.43068856110963},"Median":{"confidence_interval":{"confidence_level":0.95,"lower_bound":853909.1111111111,"upper_bound":854078.3298969072},"point_estimate":854019.3722462627,"standard_error":43.68244520316728},"MedianAbsDev":{"confidence_interval":{"confidence_level":0.95,"lower_bound":202.0171261432248,"upper_bound":361.12893271279574},"point_estimate":284.1222276481188,"standard_error":39.55411571966387},"Slope":{"confidence_interval":{"confidence_level":0.95,"lower_bound":854040.397362066,"upper_bound":854335.7184571727},"point_estimate":854173.4434136249,"standard_error":75.99179625060901},"StdDev":{"confidence_interval":{"confidence_level":0.95,"lower_bound":551.670261534758,"upper_bound":2561.715859311752},"point_estimate":1597.4902853229185,"standard_error":629.0782144054649}}