{"Mean":{"confidence_interval":{"confidence_level":0.95,"lower_bound":2211.434798499988,"upper_bound":2211.575828279762},"point_estimate":2211.492687634929,"standard_error":0.03676618953815385},"Median":{"confidence_interval":{"confidence_level":0.95,"lower_bound":2211.3940529336733,"upper_bound":2211.474157444668},"point_estimate":2211.4346790910513,"standard_error":0.021963115074718154},"MedianAbsDev":{"confidence_interval":{"confidence_level":0.95,"lower_bound":0.11591137119523844,"upper_bound":0.19046970246572384},"point_estimate":0.16786167971242127,"standard_error":0.018407576412544327},"Slope":{"confidence_interval":{"confidence_level":0.95,"lower_bound":2211.421646995223,"upper_bound":2211.470585723579},"point_estimate":2211.44539454865,"standard_error":0.012503622388517082},"StdDev":{"confidence_interval":{"confidence_level":0.95,"lower_bound":0.149943670301903,"upper_bound":0.5904141343144562},"point_estimate":0.3692047586642479,"standard_error":0.14411990560658772}}