{"Mean":{"confidence_interval":{"confidence_level":0.95,"lower_bound":3066.4679774245064,"upper_bound":3067.8846446970592},"point_estimate":3067.066652795165,"standard_error":0.36647895618672577},"Median":{"confidence_interval":{"confidence_level":0.95,"lower_bound":3066.0650154798764,"upper_bound":3066.1980994152045},"point_estimate":3066.1445415730796,"standard_error":0.03433674182952374},"MedianAbsDev":{"confidence_interval":{"confidence_level":0.95,"lower_bound":0.16570408867079295,"upper_bound":0.40063322446505334},"point_estimate":0.2952624992265432,"standard_error":0.06377571607436083},"Slope":{"confidence_interval":{"confidence_level":0.95,"lower_bound":3066.3349929211645,"upper_bound":3067.4343183538954},"point_estimate":3066.8337096664245,"standard_error":0.2822110676765108},"StdDev":{"confidence_interval":{"confidence_level":0.95,"lower_bound":1.3888585782338252,"upper_bound":5.746091763889471},"point_estimate":3.6841966112474585,"standard_error":1.2448725929815323}}