{"Mean":{"confidence_interval":{"confidence_level":0.95,"lower_bound":8299.9721962468,"upper_bound":8301.980004998124},"point_estimate":8300.738679940669,"standard_error":0.552042384833014},"Median":{"confidence_interval":{"confidence_level":0.95,"lower_bound":8299.93023989899,"upper_bound":8300.184523809523},"point_estimate":8300.05897363818,"standard_error":0.05591130750308548},"MedianAbsDev":{"confidence_interval":{"confidence_level":0.95,"lower_bound":0.48205800868072723,"upper_bound":0.7843123805805516},"point_estimate":0.6560894358989897,"standard_error":0.07509707008922804},"Slope":{"confidence_interval":{"confidence_level":0.95,"lower_bound":8299.925318201911,"upper_bound":8300.209193801484},"point_estimate":8300.062222008768,"standard_error":0.07244766371094065},"StdDev":{"confidence_interval":{"confidence_level":0.95,"lower_bound":1.0240668960998294,"upper_bound":9.396994166126673},"point_estimate":5.587338297333357,"standard_error":2.7752367928035113}}