{"Mean":{"confidence_interval":{"confidence_level":0.95,"lower_bound":12543.463133531668,"upper_bound":12547.788821777813},"point_estimate":12545.347597812737,"standard_error":1.1138092966752167},"Median":{"confidence_interval":{"confidence_level":0.95,"lower_bound":12542.392088607596,"upper_bound":12542.805577531646},"point_estimate":12542.617942210381,"standard_error":0.11112294503376878},"MedianAbsDev":{"confidence_interval":{"confidence_level":0.95,"lower_bound":0.4995665635013415,"upper_bound":0.9046918812280882},"point_estimate":0.6605199112227297,"standard_error":0.10466303741775075},"Slope":{"confidence_interval":{"confidence_level":0.95,"lower_bound":12542.998871929518,"upper_bound":12547.004637949873},"point_estimate":12544.801916897528,"standard_error":1.0247379821847025},"StdDev":{"confidence_interval":{"confidence_level":0.95,"lower_bound":4.8354613778069755,"upper_bound":16.57621445967452},"point_estimate":11.124434019340793,"standard_error":3.0918662867763778}}