{"Mean":{"confidence_interval":{"confidence_level":0.95,"lower_bound":5537.156610553804,"upper_bound":5606.988749633268},"point_estimate":5568.493982662967,"standard_error":17.95779799676905},"Median":{"confidence_interval":{"confidence_level":0.95,"lower_bound":5512.952762143006,"upper_bound":5528.266551856104},"point_estimate":5519.47052849777,"standard_error":4.0736264273629486},"MedianAbsDev":{"confidence_interval":{"confidence_level":0.95,"lower_bound":23.07473086170913,"upper_bound":39.63743322998096},"point_estimate":29.740342041932966,"standard_error":4.1486176633141385},"Slope":{"confidence_interval":{"confidence_level":0.95,"lower_bound":5523.168216988061,"upper_bound":5611.821355130797},"point_estimate":5562.728178016998,"standard_error":22.766185203419756},"StdDev":{"confidence_interval":{"confidence_level":0.95,"lower_bound":86.57219004863757,"upper_bound":253.47076256880487},"point_estimate":180.12314822114539,"standard_error":43.231005892032265}}