{"Mean":{"confidence_interval":{"confidence_level":0.95,"lower_bound":5506.047014882112,"upper_bound":5510.096154101424},"point_estimate":5507.727592451757,"standard_error":1.0520510567057735},"Median":{"confidence_interval":{"confidence_level":0.95,"lower_bound":5504.948148148148,"upper_bound":5505.426224038538},"point_estimate":5505.232334563585,"standard_error":0.12032312149046384},"MedianAbsDev":{"confidence_interval":{"confidence_level":0.95,"lower_bound":0.549554393796265,"upper_bound":1.0593387981572937},"point_estimate":0.7992989944824318,"standard_error":0.13356136803144816},"Slope":{"confidence_interval":{"confidence_level":0.95,"lower_bound":5505.54631384211,"upper_bound":5507.963029918525},"point_estimate":5506.619780585521,"standard_error":0.6199299316187072},"StdDev":{"confidence_interval":{"confidence_level":0.95,"lower_bound":3.2997789136098756,"upper_bound":16.79591536988347},"point_estimate":10.562694998243725,"standard_error":3.893455182585301}}