{"Mean":{"confidence_interval":{"confidence_level":0.95,"lower_bound":22948.125120120763,"upper_bound":22955.104775362644},"point_estimate":22951.307379116653,"standard_error":1.7967020209552018},"Median":{"confidence_interval":{"confidence_level":0.95,"lower_bound":22945.520707070707,"upper_bound":22946.174242424244},"point_estimate":22945.92874536178,"standard_error":0.19032845069618587},"MedianAbsDev":{"confidence_interval":{"confidence_level":0.95,"lower_bound":1.2223427055709353,"upper_bound":2.5199617170032966},"point_estimate":1.78024315021312,"standard_error":0.33310797952806},"Slope":{"confidence_interval":{"confidence_level":0.95,"lower_bound":22947.69492726807,"upper_bound":22955.059492115695},"point_estimate":22951.017389403118,"standard_error":1.894233015815422},"StdDev":{"confidence_interval":{"confidence_level":0.95,"lower_bound":10.622781619914035,"upper_bound":24.273507880626006},"point_estimate":18.052368893234608,"standard_error":3.490834070837059}}