{"Mean":{"confidence_interval":{"confidence_level":0.95,"lower_bound":18462.403516356146,"upper_bound":18470.457969590676},"point_estimate":18465.976746638826,"standard_error":2.07118819280309},"Median":{"confidence_interval":{"confidence_level":0.95,"lower_bound":18457.75321239607,"upper_bound":18460.51815666241},"point_estimate":18458.154022836192,"standard_error":0.9225359658172186},"MedianAbsDev":{"confidence_interval":{"confidence_level":0.95,"lower_bound":3.361104693414216,"upper_bound":8.797949584547693},"point_estimate":4.4306705134042215,"standard_error":1.5506922937412428},"Slope":{"confidence_interval":{"confidence_level":0.95,"lower_bound":18457.068399433676,"upper_bound":18463.465927342786},"point_estimate":18460.014402027267,"standard_error":1.6358687426823628},"StdDev":{"confidence_interval":{"confidence_level":0.95,"lower_bound":11.127974449332585,"upper_bound":30.58596104194945},"point_estimate":20.783915511567333,"standard_error":5.538938001149075}}