{"Mean":{"confidence_interval":{"confidence_level":0.95,"lower_bound":2179905.9200433516,"upper_bound":2198272.6019537915},"point_estimate":2188186.4515469964,"standard_error":4719.464762264057},"Median":{"confidence_interval":{"confidence_level":0.95,"lower_bound":2171369.0178372352,"upper_bound":2174062.826923077},"point_estimate":2172828.9684745762,"standard_error":838.0114306521782},"MedianAbsDev":{"confidence_interval":{"confidence_level":0.95,"lower_bound":3580.560022667506,"upper_bound":7600.9572108061775},"point_estimate":5501.557198598434,"standard_error":1072.855332651341},"Slope":{"confidence_interval":{"confidence_level":0.95,"lower_bound":2173444.6382266856,"upper_bound":2190237.1721574957},"point_estimate":2179994.6087483377,"standard_error":4464.912353596757},"StdDev":{"confidence_interval":{"confidence_level":0.95,"lower_bound":25300.594537829216,"upper_bound":66792.22365655094},"point_estimate":47435.48463202294,"standard_error":10755.072619701026}}