{"Mean":{"confidence_interval":{"confidence_level":0.95,"lower_bound":2181177.7767079053,"upper_bound":2243260.1130881915},"point_estimate":2209353.614987536,"standard_error":15933.743883817298},"Median":{"confidence_interval":{"confidence_level":0.95,"lower_bound":2151187.1295470144,"upper_bound":2154761.7974193553},"point_estimate":2153077.6560784313,"standard_error":1012.5102607852692},"MedianAbsDev":{"confidence_interval":{"confidence_level":0.95,"lower_bound":5832.189533465684,"upper_bound":10689.13641060838},"point_estimate":8369.03112566592,"standard_error":1345.1355475133541},"Slope":{"confidence_interval":{"confidence_level":0.95,"lower_bound":2154107.6122480137,"upper_bound":2166289.5581743005},"point_estimate":2159573.9489227133,"standard_error":3120.2395710504798},"StdDev":{"confidence_interval":{"confidence_level":0.95,"lower_bound":90208.89279085453,"upper_bound":220075.36444404672},"point_estimate":159763.89289802997,"standard_error":33351.83918350074}}