{"Mean":{"confidence_interval":{"confidence_level":0.95,"lower_bound":18479915.926564645,"upper_bound":18652910.726505358},"point_estimate":18566255.782494023,"standard_error":44124.23049856019},"Median":{"confidence_interval":{"confidence_level":0.95,"lower_bound":18406592.31707317,"upper_bound":18695943.5859375},"point_estimate":18553903.113703705,"standard_error":64912.49669926496},"MedianAbsDev":{"confidence_interval":{"confidence_level":0.95,"lower_bound":444328.68992870185,"upper_bound":650568.1381126052},"point_estimate":566777.3865611572,"standard_error":52857.141928291785},"Slope":{"confidence_interval":{"confidence_level":0.95,"lower_bound":18828249.583851144,"upper_bound":18982468.776022788},"point_estimate":18909885.45079947,"standard_error":39331.45580734233},"StdDev":{"confidence_interval":{"confidence_level":0.95,"lower_bound":398691.038615472,"upper_bound":481800.9916897645},"point_estimate":443080.6074653505,"standard_error":21160.186361941505}}