{"Mean":{"confidence_interval":{"confidence_level":0.95,"lower_bound":200.76314643947285,"upper_bound":200.9003079537644},"point_estimate":200.82609382084866,"standard_error":0.03504182441405549},"Median":{"confidence_interval":{"confidence_level":0.95,"lower_bound":200.72903793128071,"upper_bound":200.80914692952945},"point_estimate":200.75110198101362,"standard_error":0.02453203582207948},"MedianAbsDev":{"confidence_interval":{"confidence_level":0.95,"lower_bound":0.11126344906677073,"upper_bound":0.20966307677967044},"point_estimate":0.17545002954291236,"standard_error":0.02661263056116242},"Slope":{"confidence_interval":{"confidence_level":0.95,"lower_bound":200.68785854268884,"upper_bound":200.77512848356037},"point_estimate":200.72990316288903,"standard_error":0.022170156486640377},"StdDev":{"confidence_interval":{"confidence_level":0.95,"lower_bound":0.20259000180160158,"upper_bound":0.49209674845360796},"point_estimate":0.35338301499385866,"standard_error":0.0752686644048369}}