{"Mean":{"confidence_interval":{"confidence_level":0.95,"lower_bound":128.1620412119667,"upper_bound":128.2649915924688},"point_estimate":128.20314146004338,"standard_error":0.02693491233758856},"Median":{"confidence_interval":{"confidence_level":0.95,"lower_bound":128.14633301426684,"upper_bound":128.14994786048183},"point_estimate":128.14798754748838,"standard_error":0.0009588355318055038},"MedianAbsDev":{"confidence_interval":{"confidence_level":0.95,"lower_bound":0.005847402103183005,"upper_bound":0.01224137997199765},"point_estimate":0.00847472637059683,"standard_error":0.001747003068733553},"Slope":{"confidence_interval":{"confidence_level":0.95,"lower_bound":128.15753046135924,"upper_bound":128.23210237709247},"point_estimate":128.18909754371467,"standard_error":0.019329908318096858},"StdDev":{"confidence_interval":{"confidence_level":0.95,"lower_bound":0.05921823826813262,"upper_bound":0.43854684224119495},"point_estimate":0.2693452984630376,"standard_error":0.11000940790157877}}