{"Mean":{"confidence_interval":{"confidence_level":0.95,"lower_bound":1430714.3612119935,"upper_bound":1433741.7006330723},"point_estimate":1432039.529524411,"standard_error":784.4972190464608},"Median":{"confidence_interval":{"confidence_level":0.95,"lower_bound":1429825.291285403,"upper_bound":1430867.571880391},"point_estimate":1430133.9121621621,"standard_error":251.6284155915798},"MedianAbsDev":{"confidence_interval":{"confidence_level":0.95,"lower_bound":1588.8860377150115,"upper_bound":2780.9570560826473},"point_estimate":2069.591384996581,"standard_error":289.4393685696202},"Slope":{"confidence_interval":{"confidence_level":0.95,"lower_bound":1429953.2272772326,"upper_bound":1431116.32208592},"point_estimate":1430504.998338998,"standard_error":294.75630605757016},"StdDev":{"confidence_interval":{"confidence_level":0.95,"lower_bound":2789.7653232099633,"upper_bound":11918.034990885339},"point_estimate":7877.808749212211,"standard_error":2339.233794435559}}