{"Mean":{"confidence_interval":{"confidence_level":0.95,"lower_bound":816.4473887769229,"upper_bound":816.8339949434456},"point_estimate":816.6121834828314,"standard_error":0.09985978980482119},"Median":{"confidence_interval":{"confidence_level":0.95,"lower_bound":816.309186532535,"upper_bound":816.3650419381142},"point_estimate":816.3246621549592,"standard_error":0.01548243697768808},"MedianAbsDev":{"confidence_interval":{"confidence_level":0.95,"lower_bound":0.09157822865722799,"upper_bound":0.1797376675560733},"point_estimate":0.12280683425219907,"standard_error":0.023194494286073633},"Slope":{"confidence_interval":{"confidence_level":0.95,"lower_bound":816.4538079182042,"upper_bound":817.026299266017},"point_estimate":816.67704668807,"standard_error":0.15148416312402863},"StdDev":{"confidence_interval":{"confidence_level":0.95,"lower_bound":0.372751434647285,"upper_bound":1.5619585579088089},"point_estimate":1.0072829510518257,"standard_error":0.3317245816356941}}