{"Mean":{"confidence_interval":{"confidence_level":0.95,"lower_bound":112648.31965064573,"upper_bound":112738.14408934941},"point_estimate":112689.37661133807,"standard_error":22.98794126471117},"Median":{"confidence_interval":{"confidence_level":0.95,"lower_bound":112674.42885192885,"upper_bound":112725.77895981088},"point_estimate":112700.00324203755,"standard_error":14.200146066146198},"MedianAbsDev":{"confidence_interval":{"confidence_level":0.95,"lower_bound":109.83074839260104,"upper_bound":182.69798983755572},"point_estimate":151.9104329072803,"standard_error":18.68898937009134},"Slope":{"confidence_interval":{"confidence_level":0.95,"lower_bound":112719.03399989595,"upper_bound":112774.5802022701},"point_estimate":112748.02789583436,"standard_error":14.11891960556272},"StdDev":{"confidence_interval":{"confidence_level":0.95,"lower_bound":143.08024705746945,"upper_bound":331.6367548477017},"point_estimate":230.16546759745833,"standard_error":56.2943595895943}}