{"Mean":{"confidence_interval":{"confidence_level":0.95,"lower_bound":84300.84308625592,"upper_bound":84331.23696553377},"point_estimate":84314.88322209427,"standard_error":7.781178133200786},"Median":{"confidence_interval":{"confidence_level":0.95,"lower_bound":84296.51644736843,"upper_bound":84304.42252604166},"point_estimate":84301.34566942719,"standard_error":2.0071074963015474},"MedianAbsDev":{"confidence_interval":{"confidence_level":0.95,"lower_bound":15.247834729298772,"upper_bound":33.6729903112742},"point_estimate":23.23837400978616,"standard_error":4.763985577901221},"Slope":{"confidence_interval":{"confidence_level":0.95,"lower_bound":84300.35449885801,"upper_bound":84332.2264262693},"point_estimate":84314.93168932565,"standard_error":8.1817227856414},"StdDev":{"confidence_interval":{"confidence_level":0.95,"lower_bound":46.953740247934746,"upper_bound":104.08014096608561},"point_estimate":78.21483777105111,"standard_error":14.553598751479079}}