{"Mean":{"confidence_interval":{"confidence_level":0.95,"lower_bound":17229344.38688925,"upper_bound":17247277.79230168},"point_estimate":17238198.60047868,"standard_error":4578.145924454798},"Median":{"confidence_interval":{"confidence_level":0.95,"lower_bound":17227401.958897486,"upper_bound":17241988.898550726},"point_estimate":17233407.073863637,"standard_error":3987.8399802863537},"MedianAbsDev":{"confidence_interval":{"confidence_level":0.95,"lower_bound":25308.87276916651,"upper_bound":44077.216607591814},"point_estimate":33513.43099008715,"standard_error":4792.111230517678},"Slope":{"confidence_interval":{"confidence_level":0.95,"lower_bound":17226134.40505991,"upper_bound":17243951.562018953},"point_estimate":17234195.734239694,"standard_error":4560.201599814263},"StdDev":{"confidence_interval":{"confidence_level":0.95,"lower_bound":36593.89878499308,"upper_bound":55037.35732201775},"point_estimate":45964.03512554356,"standard_error":4734.615122412122}}