{"Mean":{"confidence_interval":{"confidence_level":0.95,"lower_bound":25186.80570126339,"upper_bound":25199.491050419347},"point_estimate":25193.080266570603,"standard_error":3.2133798482098093},"Median":{"confidence_interval":{"confidence_level":0.95,"lower_bound":25184.960483870967,"upper_bound":25193.7462134009},"point_estimate":25189.97859083851,"standard_error":2.4468745249247683},"MedianAbsDev":{"confidence_interval":{"confidence_level":0.95,"lower_bound":13.111986075693894,"upper_bound":21.958389550380225},"point_estimate":16.346834932079116,"standard_error":2.2033661263029263},"Slope":{"confidence_interval":{"confidence_level":0.95,"lower_bound":25180.19934189983,"upper_bound":25188.136783421658},"point_estimate":25183.824564430324,"standard_error":2.0169980926576985},"StdDev":{"confidence_interval":{"confidence_level":0.95,"lower_bound":21.858631499895722,"upper_bound":41.32171123662339},"point_estimate":32.24015688035864,"standard_error":4.96119312562483}}