{"Mean":{"confidence_interval":{"confidence_level":0.95,"lower_bound":25125.53599099736,"upper_bound":25132.75868524029},"point_estimate":25128.641609292,"standard_error":1.8669810488548784},"Median":{"confidence_interval":{"confidence_level":0.95,"lower_bound":25121.72653846154,"upper_bound":25125.814655172413},"point_estimate":25122.70467679795,"standard_error":1.0335959453488044},"MedianAbsDev":{"confidence_interval":{"confidence_level":0.95,"lower_bound":4.446537596664527,"upper_bound":9.188906120268557},"point_estimate":5.702744306433573,"standard_error":1.2149370586975905},"Slope":{"confidence_interval":{"confidence_level":0.95,"lower_bound":25121.15727543641,"upper_bound":25122.90211126875},"point_estimate":25121.997462760453,"standard_error":0.44504968756671415},"StdDev":{"confidence_interval":{"confidence_level":0.95,"lower_bound":8.950100858798947,"upper_bound":28.97789053278066},"point_estimate":18.836902689960777,"standard_error":6.2338472824797835}}