{"Mean":{"confidence_interval":{"confidence_level":0.95,"lower_bound":154.38668582326372,"upper_bound":154.45237518446856},"point_estimate":154.41557953291954,"standard_error":0.016909572138141756},"Median":{"confidence_interval":{"confidence_level":0.95,"lower_bound":154.36877276678123,"upper_bound":154.37558670143417},"point_estimate":154.3716658538509,"standard_error":0.0016496265474235548},"MedianAbsDev":{"confidence_interval":{"confidence_level":0.95,"lower_bound":0.010417830205018177,"upper_bound":0.017521416395111976},"point_estimate":0.014134135507474492,"standard_error":0.00179527191196764},"Slope":{"confidence_interval":{"confidence_level":0.95,"lower_bound":154.3806931911362,"upper_bound":154.42962983591795},"point_estimate":154.40271854460934,"standard_error":0.012572694162246984},"StdDev":{"confidence_interval":{"confidence_level":0.95,"lower_bound":0.07172099760983743,"upper_bound":0.24532588958356372},"point_estimate":0.16958094550237263,"standard_error":0.04430444681271096}}