{"Mean":{"confidence_interval":{"confidence_level":0.95,"lower_bound":236004.12331111185,"upper_bound":237433.0804688805},"point_estimate":236658.48145917282,"standard_error":366.25284672640055},"Median":{"confidence_interval":{"confidence_level":0.95,"lower_bound":235403.56585365854,"upper_bound":235721.82765957445},"point_estimate":235571.74161290325,"standard_error":83.26546324618333},"MedianAbsDev":{"confidence_interval":{"confidence_level":0.95,"lower_bound":439.69372939975585,"upper_bound":810.3396070362122},"point_estimate":637.0581122533988,"standard_error":96.3467293627677},"Slope":{"confidence_interval":{"confidence_level":0.95,"lower_bound":235404.16496581124,"upper_bound":236797.3833107904},"point_estimate":235887.6051845722,"standard_error":390.8424402194696},"StdDev":{"confidence_interval":{"confidence_level":0.95,"lower_bound":2115.973977169095,"upper_bound":4887.540160529164},"point_estimate":3674.965415862751,"standard_error":704.9627714108188}}