{"Mean":{"confidence_interval":{"confidence_level":0.95,"lower_bound":845.9577880727597,"upper_bound":846.1810593318024},"point_estimate":846.0583120874547,"standard_error":0.05739414312996729},"Median":{"confidence_interval":{"confidence_level":0.95,"lower_bound":845.8402849002849,"upper_bound":845.9147346866098},"point_estimate":845.8559074912016,"standard_error":0.025006104404339907},"MedianAbsDev":{"confidence_interval":{"confidence_level":0.95,"lower_bound":0.07187923401591258,"upper_bound":0.21803005047980947},"point_estimate":0.09490494358349727,"standard_error":0.038817282089151806},"Slope":{"confidence_interval":{"confidence_level":0.95,"lower_bound":846.0127531520648,"upper_bound":846.2392816234869},"point_estimate":846.1156471539232,"standard_error":0.05822416167789076},"StdDev":{"confidence_interval":{"confidence_level":0.95,"lower_bound":0.29990279767608524,"upper_bound":0.8024777970912235},"point_estimate":0.5777637554487639,"standard_error":0.12793613862418346}}