{"Mean":{"confidence_interval":{"confidence_level":0.95,"lower_bound":69680.74457938097,"upper_bound":69738.70435685529},"point_estimate":69704.38689336415,"standard_error":15.170385691671727},"Median":{"confidence_interval":{"confidence_level":0.95,"lower_bound":69670.1695652174,"upper_bound":69676.36862745098},"point_estimate":69672.68260869566,"standard_error":1.7553615457948688},"MedianAbsDev":{"confidence_interval":{"confidence_level":0.95,"lower_bound":10.166399819513405,"upper_bound":18.74555031399321},"point_estimate":14.683065170351073,"standard_error":2.2354161217778272},"Slope":{"confidence_interval":{"confidence_level":0.95,"lower_bound":69672.92078055878,"upper_bound":69718.69332110684},"point_estimate":69690.307521994,"standard_error":12.346033950844351},"StdDev":{"confidence_interval":{"confidence_level":0.95,"lower_bound":35.54777081220868,"upper_bound":246.00226674821826},"point_estimate":152.26518432158173,"standard_error":59.870143738237786}}