{"Mean":{"confidence_interval":{"confidence_level":0.95,"lower_bound":10667.659887597205,"upper_bound":10824.526163721508},"point_estimate":10731.586468911913,"standard_error":41.04184439044393},"Median":{"confidence_interval":{"confidence_level":0.95,"lower_bound":10654.768832735386,"upper_bound":10665.851081540268},"point_estimate":10659.298688882125,"standard_error":3.015228827820025},"MedianAbsDev":{"confidence_interval":{"confidence_level":0.95,"lower_bound":15.293344966629304,"upper_bound":25.084843429842667},"point_estimate":20.662287118985276,"standard_error":2.5515161665478416},"Slope":{"confidence_interval":{"confidence_level":0.95,"lower_bound":10655.025408012081,"upper_bound":10683.512328317074},"point_estimate":10665.312246496676,"standard_error":7.761134283922675},"StdDev":{"confidence_interval":{"confidence_level":0.95,"lower_bound":55.85071584996709,"upper_bound":659.7314834453884},"point_estimate":411.00948200966417,"standard_error":161.2351152781224}}