{"Mean":{"confidence_interval":{"confidence_level":0.95,"lower_bound":3898443.3390571973,"upper_bound":3914496.3342601173},"point_estimate":3905778.34492319,"standard_error":4121.6561772001405},"Median":{"confidence_interval":{"confidence_level":0.95,"lower_bound":3892014.4,"upper_bound":3894688.7976190476},"point_estimate":3892684.6044344017,"standard_error":729.2154720037865},"MedianAbsDev":{"confidence_interval":{"confidence_level":0.95,"lower_bound":4284.672856119692,"upper_bound":8484.968944563605},"point_estimate":5621.616928642126,"standard_error":1088.5827590802642},"Slope":{"confidence_interval":{"confidence_level":0.95,"lower_bound":3891705.4057836807,"upper_bound":3901695.120573956},"point_estimate":3895892.8020540862,"standard_error":2589.98936091797},"StdDev":{"confidence_interval":{"confidence_level":0.95,"lower_bound":23372.261609299607,"upper_bound":55331.39652696464},"point_estimate":41422.73253613282,"standard_error":8189.854810014491}}