{"Mean":{"confidence_interval":{"confidence_level":0.95,"lower_bound":256360.80456298523,"upper_bound":258441.51054907485},"point_estimate":257273.08810659786,"standard_error":536.130320241299},"Median":{"confidence_interval":{"confidence_level":0.95,"lower_bound":255869.77022800647,"upper_bound":256148.81099232455},"point_estimate":255945.30319472618,"standard_error":77.31044098234032},"MedianAbsDev":{"confidence_interval":{"confidence_level":0.95,"lower_bound":406.2703001736318,"upper_bound":755.8371683993997},"point_estimate":531.5368005633296,"standard_error":90.18422360783187},"Slope":{"confidence_interval":{"confidence_level":0.95,"lower_bound":255901.52935620514,"upper_bound":258731.84857695404},"point_estimate":256873.30926777006,"standard_error":805.3276627150996},"StdDev":{"confidence_interval":{"confidence_level":0.95,"lower_bound":1720.7797333402902,"upper_bound":7878.303653864889},"point_estimate":5382.02740634595,"standard_error":1519.3563010651146}}