{"Mean":{"confidence_interval":{"confidence_level":0.95,"lower_bound":978103.9123604409,"upper_bound":978714.5221848266},"point_estimate":978446.5465579298,"standard_error":156.8365377023588},"Median":{"confidence_interval":{"confidence_level":0.95,"lower_bound":978528.422543629,"upper_bound":978657.1643518519},"point_estimate":978570.48324515,"standard_error":34.429492883117625},"MedianAbsDev":{"confidence_interval":{"confidence_level":0.95,"lower_bound":272.2823922248786,"upper_bound":500.5412531516359},"point_estimate":411.045826386683,"standard_error":62.867277921014136},"Slope":{"confidence_interval":{"confidence_level":0.95,"lower_bound":978362.0976481753,"upper_bound":979043.6906770574},"point_estimate":978740.3694975617,"standard_error":173.211661466238},"StdDev":{"confidence_interval":{"confidence_level":0.95,"lower_bound":640.6457461890689,"upper_bound":2378.5488509697157},"point_estimate":1578.739263097887,"standard_error":462.70310127613095}}