{"Mean":{"confidence_interval":{"confidence_level":0.95,"lower_bound":15904587.241044927,"upper_bound":15992706.481840434},"point_estimate":15946830.260950394,"standard_error":22540.67625598799},"Median":{"confidence_interval":{"confidence_level":0.95,"lower_bound":15880222.92,"upper_bound":15955489.48319783},"point_estimate":15923342.339366514,"standard_error":21836.25790876935},"MedianAbsDev":{"confidence_interval":{"confidence_level":0.95,"lower_bound":111811.50177147011,"upper_bound":208871.07153452456},"point_estimate":154359.28782254987,"standard_error":25032.69216463731},"Slope":{"confidence_interval":{"confidence_level":0.95,"lower_bound":15943988.659872938,"upper_bound":16069837.792410616},"point_estimate":16007457.69001921,"standard_error":32030.089684968076},"StdDev":{"confidence_interval":{"confidence_level":0.95,"lower_bound":164957.08645811645,"upper_bound":290309.1809029593},"point_estimate":226940.7115832333,"standard_error":32722.555871490782}}