{"Mean":{"confidence_interval":{"confidence_level":0.95,"lower_bound":989240.6901581141,"upper_bound":1007940.9009855351},"point_estimate":997804.5753005949,"standard_error":4774.714591046579},"Median":{"confidence_interval":{"confidence_level":0.95,"lower_bound":985910.6513157894,"upper_bound":995376.6560716139},"point_estimate":990506.9710344004,"standard_error":2242.0925603708924},"MedianAbsDev":{"confidence_interval":{"confidence_level":0.95,"lower_bound":19056.165712695474,"upper_bound":35661.647437409236},"point_estimate":28103.537679377056,"standard_error":4232.919473164829},"Slope":{"confidence_interval":{"confidence_level":0.95,"lower_bound":984088.6531034928,"upper_bound":995772.4941460154},"point_estimate":989698.3550081276,"standard_error":2976.5270764812963},"StdDev":{"confidence_interval":{"confidence_level":0.95,"lower_bound":29984.786639564652,"upper_bound":68242.86231416381},"point_estimate":48196.53480407273,"standard_error":10956.328511711725}}