{"Mean":{"confidence_interval":{"confidence_level":0.95,"lower_bound":213788.3883651816,"upper_bound":213946.405352317},"point_estimate":213852.119662436,"standard_error":41.5858028653432},"Median":{"confidence_interval":{"confidence_level":0.95,"lower_bound":213761.71041509433,"upper_bound":213779.25550767573},"point_estimate":213771.83393829403,"standard_error":4.905792072683354},"MedianAbsDev":{"confidence_interval":{"confidence_level":0.95,"lower_bound":30.707651648384424,"upper_bound":53.0055507997082},"point_estimate":39.546407042483025,"standard_error":5.599801234808334},"Slope":{"confidence_interval":{"confidence_level":0.95,"lower_bound":213783.06556198496,"upper_bound":213872.04048442462},"point_estimate":213820.86965095316,"standard_error":23.076803044899364},"StdDev":{"confidence_interval":{"confidence_level":0.95,"lower_bound":102.21194402013604,"upper_bound":677.7799304551519},"point_estimate":417.4881856989478,"standard_error":170.59063996786716}}