{"Mean":{"confidence_interval":{"confidence_level":0.95,"lower_bound":28027.386160491802,"upper_bound":28183.85335413065},"point_estimate":28096.559738839445,"standard_error":40.37773575923449},"Median":{"confidence_interval":{"confidence_level":0.95,"lower_bound":27972.33314333485,"upper_bound":28001.278897849465},"point_estimate":27989.131738616838,"standard_error":7.905495501475332},"MedianAbsDev":{"confidence_interval":{"confidence_level":0.95,"lower_bound":45.64338326139554,"upper_bound":90.31344396493213},"point_estimate":75.22072710845373,"standard_error":12.174000820650392},"Slope":{"confidence_interval":{"confidence_level":0.95,"lower_bound":28005.45896687451,"upper_bound":28321.718557829787},"point_estimate":28140.477264256275,"standard_error":82.66726748581485},"StdDev":{"confidence_interval":{"confidence_level":0.95,"lower_bound":165.42619696992355,"upper_bound":595.311155837299},"point_estimate":406.00047135530195,"standard_error":109.73869509850726}}