{"Mean":{"confidence_interval":{"confidence_level":0.95,"lower_bound":2237.8160669618096,"upper_bound":2239.468156923849},"point_estimate":2238.4701701708987,"standard_error":0.4377830879564287},"Median":{"confidence_interval":{"confidence_level":0.95,"lower_bound":2237.3173636687657,"upper_bound":2237.422416331338},"point_estimate":2237.379189095329,"standard_error":0.02675948481257865},"MedianAbsDev":{"confidence_interval":{"confidence_level":0.95,"lower_bound":0.1602924179427818,"upper_bound":0.47856303379392484},"point_estimate":0.3062088933983317,"standard_error":0.08280975096281072},"Slope":{"confidence_interval":{"confidence_level":0.95,"lower_bound":2237.584311481836,"upper_bound":2238.400587450627},"point_estimate":2237.9613480771277,"standard_error":0.20875352783196124},"StdDev":{"confidence_interval":{"confidence_level":0.95,"lower_bound":1.272603679071487,"upper_bound":7.208631584410849},"point_estimate":4.405997768838663,"standard_error":1.9159100680534975}}