{"Mean":{"confidence_interval":{"confidence_level":0.95,"lower_bound":80915.08817203352,"upper_bound":83288.1490900264},"point_estimate":81922.5113074179,"standard_error":612.9278516422297},"Median":{"confidence_interval":{"confidence_level":0.95,"lower_bound":80118.05613539385,"upper_bound":80231.24332515514},"point_estimate":80176.3480942481,"standard_error":31.970170086860364},"MedianAbsDev":{"confidence_interval":{"confidence_level":0.95,"lower_bound":129.7257870045976,"upper_bound":310.54956321572604},"point_estimate":217.45800951571465,"standard_error":46.1709879603084},"Slope":{"confidence_interval":{"confidence_level":0.95,"lower_bound":80287.94505321179,"upper_bound":81597.80421098696},"point_estimate":80807.67561673734,"standard_error":346.65515895448755},"StdDev":{"confidence_interval":{"confidence_level":0.95,"lower_bound":2507.5468992106444,"upper_bound":9575.636523687994},"point_estimate":6195.444128942844,"standard_error":2047.0728732275425}}