{"Mean":{"confidence_interval":{"confidence_level":0.95,"lower_bound":4688489.772173631,"upper_bound":4708576.681057719},"point_estimate":4698231.893693635,"standard_error":5140.892225185034},"Median":{"confidence_interval":{"confidence_level":0.95,"lower_bound":4678366.794871795,"upper_bound":4695183.13076923},"point_estimate":4686559.6389842145,"standard_error":4114.427652502456},"MedianAbsDev":{"confidence_interval":{"confidence_level":0.95,"lower_bound":25693.628039741187,"upper_bound":41689.762141349966},"point_estimate":33794.563694493765,"standard_error":4227.6664353783135},"Slope":{"confidence_interval":{"confidence_level":0.95,"lower_bound":4688897.0294491,"upper_bound":4718322.5322554475},"point_estimate":4703072.191514703,"standard_error":7504.063962032949},"StdDev":{"confidence_interval":{"confidence_level":0.95,"lower_bound":42041.41957708826,"upper_bound":59984.06220645893},"point_estimate":51850.610736712704,"standard_error":4569.822946684368}}