{"Mean":{"confidence_interval":{"confidence_level":0.95,"lower_bound":12723.92609490056,"upper_bound":12727.076127652721},"point_estimate":12725.33896837351,"standard_error":0.8083931653111933},"Median":{"confidence_interval":{"confidence_level":0.95,"lower_bound":12723.40926412935,"upper_bound":12723.897435897436},"point_estimate":12723.686616635398,"standard_error":0.10964657420565518},"MedianAbsDev":{"confidence_interval":{"confidence_level":0.95,"lower_bound":0.8274639238393251,"upper_bound":1.7064551524963492},"point_estimate":1.2556426370092366,"standard_error":0.2505796550508757},"Slope":{"confidence_interval":{"confidence_level":0.95,"lower_bound":12723.73316712107,"upper_bound":12728.514113652278},"point_estimate":12725.34390037626,"standard_error":1.3659086677474133},"StdDev":{"confidence_interval":{"confidence_level":0.95,"lower_bound":3.680287962186565,"upper_bound":11.612417681853971},"point_estimate":8.102767345930367,"standard_error":2.0068285815063716}}