{"Mean":{"confidence_interval":{"confidence_level":0.95,"lower_bound":7247.198114891109,"upper_bound":7253.843879988665},"point_estimate":7250.0285499282045,"standard_error":1.7185087570271365},"Median":{"confidence_interval":{"confidence_level":0.95,"lower_bound":7245.106664799243,"upper_bound":7250.3657431984075},"point_estimate":7245.469312282297,"standard_error":1.7098773309927053},"MedianAbsDev":{"confidence_interval":{"confidence_level":0.95,"lower_bound":5.611662929137249,"upper_bound":9.885205822998072},"point_estimate":9.161120671434093,"standard_error":1.2936520921831687},"Slope":{"confidence_interval":{"confidence_level":0.95,"lower_bound":7243.207654641338,"upper_bound":7245.372420383583},"point_estimate":7244.194935749812,"standard_error":0.5534260723384604},"StdDev":{"confidence_interval":{"confidence_level":0.95,"lower_bound":6.18075242991522,"upper_bound":26.928510038855595},"point_estimate":17.31491592195434,"standard_error":5.732895756548657}}