{"Mean":{"confidence_interval":{"confidence_level":0.95,"lower_bound":1723960.1654976949,"upper_bound":1724228.7036566494},"point_estimate":1724087.115286749,"standard_error":68.55270120947968},"Median":{"confidence_interval":{"confidence_level":0.95,"lower_bound":1723794.00877193,"upper_bound":1724035.7714285713},"point_estimate":1723845.6191847585,"standard_error":65.04976524847696},"MedianAbsDev":{"confidence_interval":{"confidence_level":0.95,"lower_bound":289.97991169037437,"upper_bound":510.35410045920673},"point_estimate":414.4091438648723,"standard_error":58.32644695693112},"Slope":{"confidence_interval":{"confidence_level":0.95,"lower_bound":1723762.2487377732,"upper_bound":1723908.6900471523},"point_estimate":1723832.6815339145,"standard_error":37.31077291094779},"StdDev":{"confidence_interval":{"confidence_level":0.95,"lower_bound":481.104284883543,"upper_bound":884.2454409465836},"point_estimate":687.832437245761,"standard_error":103.71553739089224}}