{"Mean":{"confidence_interval":{"confidence_level":0.95,"lower_bound":718715.5904693126,"upper_bound":721528.4897681009},"point_estimate":719990.0091665274,"standard_error":723.8514002455446},"Median":{"confidence_interval":{"confidence_level":0.95,"lower_bound":717352.3210466005,"upper_bound":718177.06},"point_estimate":717501.965501792,"standard_error":214.0226910588436},"MedianAbsDev":{"confidence_interval":{"confidence_level":0.95,"lower_bound":1203.7001093992953,"upper_bound":2417.020572517266},"point_estimate":1680.845216570234,"standard_error":296.5314615453387},"Slope":{"confidence_interval":{"confidence_level":0.95,"lower_bound":717121.8769583319,"upper_bound":717902.0766659081},"point_estimate":717481.7377212945,"standard_error":200.36713056283583},"StdDev":{"confidence_interval":{"confidence_level":0.95,"lower_bound":3861.973511508747,"upper_bound":10416.066271794978},"point_estimate":7304.131058301984,"standard_error":1717.5376569746609}}