{"Mean":{"confidence_interval":{"confidence_level":0.95,"lower_bound":12467.892009531352,"upper_bound":12480.44891542845},"point_estimate":12473.390463553003,"standard_error":3.2354765476427945},"Median":{"confidence_interval":{"confidence_level":0.95,"lower_bound":12462.841310853379,"upper_bound":12468.936395074224},"point_estimate":12466.808097339304,"standard_error":1.9404664229271815},"MedianAbsDev":{"confidence_interval":{"confidence_level":0.95,"lower_bound":8.058870060546802,"upper_bound":13.522875378361976},"point_estimate":10.176146799600614,"standard_error":1.4052016094036512},"Slope":{"confidence_interval":{"confidence_level":0.95,"lower_bound":12462.391350403763,"upper_bound":12470.669578600555},"point_estimate":12465.812695987883,"standard_error":2.1676097476800877},"StdDev":{"confidence_interval":{"confidence_level":0.95,"lower_bound":13.391517604595904,"upper_bound":48.26793212276488},"point_estimate":32.44387244974989,"standard_error":9.187897310596295}}