{"Mean":{"confidence_interval":{"confidence_level":0.95,"lower_bound":10411.2257494851,"upper_bound":10466.892096097437},"point_estimate":10435.590300534885,"standard_error":14.380897077014815},"Median":{"confidence_interval":{"confidence_level":0.95,"lower_bound":10397.063270475654,"upper_bound":10410.400948833063},"point_estimate":10404.747233082708,"standard_error":3.4105551537196543},"MedianAbsDev":{"confidence_interval":{"confidence_level":0.95,"lower_bound":20.337195530490337,"upper_bound":33.49849515910772},"point_estimate":25.579190780314207,"standard_error":3.417513458968514},"Slope":{"confidence_interval":{"confidence_level":0.95,"lower_bound":10399.421184064084,"upper_bound":10493.896642525793},"point_estimate":10434.414784845963,"standard_error":26.057248331150596},"StdDev":{"confidence_interval":{"confidence_level":0.95,"lower_bound":52.96052754082395,"upper_bound":211.36994496602205},"point_estimate":144.88306366575387,"standard_error":40.70558636423268}}