{"Mean":{"confidence_interval":{"confidence_level":0.95,"lower_bound":57553.594562306855,"upper_bound":57593.98560674957},"point_estimate":57570.08500518763,"standard_error":10.547945997500694},"Median":{"confidence_interval":{"confidence_level":0.95,"lower_bound":57543.326595744686,"upper_bound":57550.15056360709},"point_estimate":57547.127763842436,"standard_error":1.749674531760998},"MedianAbsDev":{"confidence_interval":{"confidence_level":0.95,"lower_bound":9.750840226272155,"upper_bound":18.45145479670762},"point_estimate":13.405049964034546,"standard_error":2.246173775900689},"Slope":{"confidence_interval":{"confidence_level":0.95,"lower_bound":57549.96890490903,"upper_bound":57573.14394076609},"point_estimate":57560.248334728996,"standard_error":5.944616549805207},"StdDev":{"confidence_interval":{"confidence_level":0.95,"lower_bound":34.4778288314538,"upper_bound":170.34283957742386},"point_estimate":105.97234704601657,"standard_error":41.23847706131095}}