{"Mean":{"confidence_interval":{"confidence_level":0.95,"lower_bound":3590771.5004223473,"upper_bound":3593867.450977916},"point_estimate":3592271.8199466895,"standard_error":789.2274610654977},"Median":{"confidence_interval":{"confidence_level":0.95,"lower_bound":3590070.282967033,"upper_bound":3592930.75},"point_estimate":3590776.8753681886,"standard_error":686.1664154899787},"MedianAbsDev":{"confidence_interval":{"confidence_level":0.95,"lower_bound":4300.726702670368,"upper_bound":7844.71791489188},"point_estimate":5839.82163110521,"standard_error":913.0628953843008},"Slope":{"confidence_interval":{"confidence_level":0.95,"lower_bound":3589559.142011485,"upper_bound":3594265.707662904},"point_estimate":3591595.0422107284,"standard_error":1216.8553917716833},"StdDev":{"confidence_interval":{"confidence_level":0.95,"lower_bound":6144.737775763766,"upper_bound":9734.423915411337},"point_estimate":7966.00559498286,"standard_error":923.599092313047}}