{"Mean":{"confidence_interval":{"confidence_level":0.95,"lower_bound":1911394.908132593,"upper_bound":1991105.8844574124},"point_estimate":1941893.853349933,"standard_error":21549.03912827177},"Median":{"confidence_interval":{"confidence_level":0.95,"lower_bound":1895645.8835956918,"upper_bound":1898502.836734694},"point_estimate":1897144.112745098,"standard_error":696.5949034642738},"MedianAbsDev":{"confidence_interval":{"confidence_level":0.95,"lower_bound":2441.2098916988084,"upper_bound":5857.417076247211},"point_estimate":3858.553323804676,"standard_error":838.2770642803245},"Slope":{"confidence_interval":{"confidence_level":0.95,"lower_bound":1898877.1099758632,"upper_bound":1913857.8478966926},"point_estimate":1905249.9261977242,"standard_error":3882.280718147543},"StdDev":{"confidence_interval":{"confidence_level":0.95,"lower_bound":48098.74852014614,"upper_bound":360059.57896275894},"point_estimate":216757.4455765392,"standard_error":102129.04451123753}}