{"Mean":{"confidence_interval":{"confidence_level":0.95,"lower_bound":51473.2602915495,"upper_bound":51494.505269244226},"point_estimate":51482.65893186047,"standard_error":5.48339274722436},"Median":{"confidence_interval":{"confidence_level":0.95,"lower_bound":51465.88,"upper_bound":51469.80757575758},"point_estimate":51467.76984210526,"standard_error":0.8994622860965994},"MedianAbsDev":{"confidence_interval":{"confidence_level":0.95,"lower_bound":6.340174054104159,"upper_bound":10.996850755896626},"point_estimate":8.745363044740524,"standard_error":1.2269447197324477},"Slope":{"confidence_interval":{"confidence_level":0.95,"lower_bound":51471.723055833216,"upper_bound":51503.4883551868},"point_estimate":51484.92326156347,"standard_error":8.280759475337714},"StdDev":{"confidence_interval":{"confidence_level":0.95,"lower_bound":26.529680286760772,"upper_bound":81.5434756364646},"point_estimate":55.17161785959197,"standard_error":14.895301865879285}}