{"Mean":{"confidence_interval":{"confidence_level":0.95,"lower_bound":31697563.567482058,"upper_bound":31751179.03245315},"point_estimate":31722648.679001346,"standard_error":13684.696287136094},"Median":{"confidence_interval":{"confidence_level":0.95,"lower_bound":31648087.945945945,"upper_bound":31676094.784090906},"point_estimate":31652324.564827587,"standard_error":7518.647579326367},"MedianAbsDev":{"confidence_interval":{"confidence_level":0.95,"lower_bound":11910.157083605252,"upper_bound":55109.73902524401},"point_estimate":18989.303075223026,"standard_error":11468.285418069801},"Slope":{"confidence_interval":{"confidence_level":0.95,"lower_bound":31696075.092774376,"upper_bound":31742014.812932115},"point_estimate":31718383.153104775,"standard_error":11733.959456768109},"StdDev":{"confidence_interval":{"confidence_level":0.95,"lower_bound":89865.60756429753,"upper_bound":179963.89251613288},"point_estimate":137481.7887638231,"standard_error":23093.45534659609}}