{"Mean":{"confidence_interval":{"confidence_level":0.95,"lower_bound":34322637.10584909,"upper_bound":34389135.34902837},"point_estimate":34352900.94065866,"standard_error":17036.032310230607},"Median":{"confidence_interval":{"confidence_level":0.95,"lower_bound":34293503.87026569,"upper_bound":34326913.81818182},"point_estimate":34309475.38954249,"standard_error":8664.659088567683},"MedianAbsDev":{"confidence_interval":{"confidence_level":0.95,"lower_bound":55252.24408252415,"upper_bound":99246.60128802246},"point_estimate":79282.63653560542,"standard_error":11387.801590889258},"Slope":{"confidence_interval":{"confidence_level":0.95,"lower_bound":34313506.591390304,"upper_bound":34347205.71865571},"point_estimate":34329858.14036057,"standard_error":8588.274717503251},"StdDev":{"confidence_interval":{"confidence_level":0.95,"lower_bound":96756.42627937012,"upper_bound":244704.07275079412},"point_estimate":171042.11584533166,"standard_error":39950.66468973063}}