{"Mean":{"confidence_interval":{"confidence_level":0.95,"lower_bound":39043714.28299649,"upper_bound":39119241.22389023},"point_estimate":39078669.37188769,"standard_error":19217.784252746693},"Median":{"confidence_interval":{"confidence_level":0.95,"lower_bound":39000214.25,"upper_bound":39058611.078431375},"point_estimate":39034206.47959184,"standard_error":17828.536397757245},"MedianAbsDev":{"confidence_interval":{"confidence_level":0.95,"lower_bound":78344.86555409181,"upper_bound":158749.35686610153},"point_estimate":118310.13904471774,"standard_error":20462.21525776384},"Slope":{"confidence_interval":{"confidence_level":0.95,"lower_bound":39042952.762929216,"upper_bound":39103566.21447215},"point_estimate":39072472.39247525,"standard_error":15468.225615958156},"StdDev":{"confidence_interval":{"confidence_level":0.95,"lower_bound":125298.03331107179,"upper_bound":267257.00138957927},"point_estimate":193284.52744708493,"standard_error":39224.25957766281}}