{"Mean":{"confidence_interval":{"confidence_level":0.95,"lower_bound":42704300.99443169,"upper_bound":42858361.038090184},"point_estimate":42764851.638875835,"standard_error":40698.05664715629},"Median":{"confidence_interval":{"confidence_level":0.95,"lower_bound":42663440.733333334,"upper_bound":42712505.245421246},"point_estimate":42683829.86645299,"standard_error":12440.205013619694},"MedianAbsDev":{"confidence_interval":{"confidence_level":0.95,"lower_bound":50507.39997045898,"upper_bound":92384.05401217833},"point_estimate":67146.72695275662,"standard_error":10352.80428530836},"Slope":{"confidence_interval":{"confidence_level":0.95,"lower_bound":42693725.77696092,"upper_bound":42734252.77486656},"point_estimate":42712705.95943549,"standard_error":10313.401655626883},"StdDev":{"confidence_interval":{"confidence_level":0.95,"lower_bound":105772.51699743984,"upper_bound":670582.5312194318},"point_estimate":409000.4011141198,"standard_error":177271.41226061413}}