{"Mean":{"confidence_interval":{"confidence_level":0.95,"lower_bound":42833321.443554014,"upper_bound":43083980.725029536},"point_estimate":42940698.30905459,"standard_error":64937.55949348772},"Median":{"confidence_interval":{"confidence_level":0.95,"lower_bound":42755385.98856314,"upper_bound":42855931.999251395},"point_estimate":42815672.51960784,"standard_error":27892.679288579762},"MedianAbsDev":{"confidence_interval":{"confidence_level":0.95,"lower_bound":123244.44573870127,"upper_bound":195786.8528598239},"point_estimate":168692.82858254184,"standard_error":18546.443228795302},"Slope":{"confidence_interval":{"confidence_level":0.95,"lower_bound":42800209.136581235,"upper_bound":42848105.93776856},"point_estimate":42824205.48906458,"standard_error":12238.877736287424},"StdDev":{"confidence_interval":{"confidence_level":0.95,"lower_bound":207417.69409421217,"upper_bound":991094.8687262824},"point_estimate":651104.959002659,"standard_error":205549.09283247445}}