{"Mean":{"confidence_interval":{"confidence_level":0.95,"lower_bound":200255.417124437,"upper_bound":202125.8233640816},"point_estimate":201077.35353950268,"standard_error":482.9786086659034},"Median":{"confidence_interval":{"confidence_level":0.95,"lower_bound":199746.9088607595,"upper_bound":200042.40742857143},"point_estimate":199881.49038461538,"standard_error":83.60854376761897},"MedianAbsDev":{"confidence_interval":{"confidence_level":0.95,"lower_bound":417.66629648982547,"upper_bound":744.5838920635995},"point_estimate":535.6615413082927,"standard_error":84.06967798331654},"Slope":{"confidence_interval":{"confidence_level":0.95,"lower_bound":199693.72157422078,"upper_bound":200510.14150435332},"point_estimate":199973.2047914881,"standard_error":227.00832274658683},"StdDev":{"confidence_interval":{"confidence_level":0.95,"lower_bound":1990.9855052941275,"upper_bound":7151.002953913911},"point_estimate":4854.035424322075,"standard_error":1336.8620261191347}}