{"Mean":{"confidence_interval":{"confidence_level":0.95,"lower_bound":564053.5769242363,"upper_bound":574647.4425212411},"point_estimate":569195.5585179242,"standard_error":2698.1528886664146},"Median":{"confidence_interval":{"confidence_level":0.95,"lower_bound":563860.5334595959,"upper_bound":571009.4418604651},"point_estimate":567398.0309364549,"standard_error":2059.5539747709167},"MedianAbsDev":{"confidence_interval":{"confidence_level":0.95,"lower_bound":10072.373581566062,"upper_bound":15734.921770649302},"point_estimate":12863.193814814505,"standard_error":1446.4191588262813},"Slope":{"confidence_interval":{"confidence_level":0.95,"lower_bound":565509.0845374189,"upper_bound":571629.5951746466},"point_estimate":568524.7191162996,"standard_error":1561.4626278189685},"StdDev":{"confidence_interval":{"confidence_level":0.95,"lower_bound":18440.85816534569,"upper_bound":35026.8683205232},"point_estimate":27167.771550829544,"standard_error":4254.664785925061}}