{"Mean":{"confidence_interval":{"confidence_level":0.95,"lower_bound":2174.794255262651,"upper_bound":2175.521203705259},"point_estimate":2175.124955493072,"standard_error":0.1862417273453665},"Median":{"confidence_interval":{"confidence_level":0.95,"lower_bound":2174.478267144827,"upper_bound":2174.752819548872},"point_estimate":2174.5550073099416,"standard_error":0.07333954705835842},"MedianAbsDev":{"confidence_interval":{"confidence_level":0.95,"lower_bound":0.4421349157325799,"upper_bound":0.9325254672712346},"point_estimate":0.7500143326599669,"standard_error":0.11833280587552174},"Slope":{"confidence_interval":{"confidence_level":0.95,"lower_bound":2174.465321748312,"upper_bound":2175.204180873545},"point_estimate":2174.801964221363,"standard_error":0.18908643353984136},"StdDev":{"confidence_interval":{"confidence_level":0.95,"lower_bound":1.0823327428896161,"upper_bound":2.573564985340167},"point_estimate":1.8698768946481017,"standard_error":0.3842583308985323}}