{"Mean":{"confidence_interval":{"confidence_level":0.95,"lower_bound":373549.41013083747,"upper_bound":378397.39425904705},"point_estimate":375718.6349680208,"standard_error":1233.6983243642453},"Median":{"confidence_interval":{"confidence_level":0.95,"lower_bound":373358.93859649124,"upper_bound":374697.9209758138},"point_estimate":374128.4610805861,"standard_error":339.27176168786417},"MedianAbsDev":{"confidence_interval":{"confidence_level":0.95,"lower_bound":3049.9007607337444,"upper_bound":7831.583870870184},"point_estimate":4500.380526251556,"standard_error":1471.383654708648},"Slope":{"confidence_interval":{"confidence_level":0.95,"lower_bound":369863.90433967876,"upper_bound":373050.5730253535},"point_estimate":371435.10773853504,"standard_error":820.8793215793},"StdDev":{"confidence_interval":{"confidence_level":0.95,"lower_bound":7329.372043322982,"upper_bound":17603.64949856617},"point_estimate":12303.576118933666,"standard_error":2800.065932279872}}