{"Mean":{"confidence_interval":{"confidence_level":0.95,"lower_bound":4859.85598539506,"upper_bound":4862.414559536533},"point_estimate":4861.006751972442,"standard_error":0.6571009418877276},"Median":{"confidence_interval":{"confidence_level":0.95,"lower_bound":4858.69427244582,"upper_bound":4859.096131425544},"point_estimate":4858.8857760877045,"standard_error":0.10389559121980964},"MedianAbsDev":{"confidence_interval":{"confidence_level":0.95,"lower_bound":0.6200008119932372,"upper_bound":1.0812892956010172},"point_estimate":0.8400963642196451,"standard_error":0.11805998535415457},"Slope":{"confidence_interval":{"confidence_level":0.95,"lower_bound":4860.384680495027,"upper_bound":4863.553980684411},"point_estimate":4861.846589547892,"standard_error":0.8127080604033535},"StdDev":{"confidence_interval":{"confidence_level":0.95,"lower_bound":3.244909602316311,"upper_bound":9.438298017863026},"point_estimate":6.621577440862582,"standard_error":1.6001426625971018}}