{"Mean":{"confidence_interval":{"confidence_level":0.95,"lower_bound":1848.4573469480072,"upper_bound":1848.9143211247283},"point_estimate":1848.6651896077933,"standard_error":0.11652656328349688},"Median":{"confidence_interval":{"confidence_level":0.95,"lower_bound":1848.373139398118,"upper_bound":1848.7455825395814},"point_estimate":1848.5212157119806,"standard_error":0.10223645695263779},"MedianAbsDev":{"confidence_interval":{"confidence_level":0.95,"lower_bound":0.45891073343220573,"upper_bound":0.6943705539267052},"point_estimate":0.5685387824867323,"standard_error":0.0598623751478166},"Slope":{"confidence_interval":{"confidence_level":0.95,"lower_bound":1848.5226855439203,"upper_bound":1848.7371374006514},"point_estimate":1848.6324303743584,"standard_error":0.05471499795965647},"StdDev":{"confidence_interval":{"confidence_level":0.95,"lower_bound":0.5752721929607512,"upper_bound":1.7350893481600789},"point_estimate":1.172570603862543,"standard_error":0.30976536272713145}}