{"Mean":{"confidence_interval":{"confidence_level":0.95,"lower_bound":1017.7333730399185,"upper_bound":1019.6628724657081},"point_estimate":1018.6942061443848,"standard_error":0.49223366363641596},"Median":{"confidence_interval":{"confidence_level":0.95,"lower_bound":1015.3963039014374,"upper_bound":1023.2754340115737},"point_estimate":1018.7227339046294,"standard_error":2.057015602618634},"MedianAbsDev":{"confidence_interval":{"confidence_level":0.95,"lower_bound":2.821471884760538,"upper_bound":7.671150810631798},"point_estimate":7.238667212821146,"standard_error":1.2863254315385488},"Slope":{"confidence_interval":{"confidence_level":0.95,"lower_bound":1017.2340525220956,"upper_bound":1019.7040054528671},"point_estimate":1018.4651321714966,"standard_error":0.6299100060388031},"StdDev":{"confidence_interval":{"confidence_level":0.95,"lower_bound":4.645814556896431,"upper_bound":5.195759513358697},"point_estimate":4.948927543661912,"standard_error":0.13991970512339016}}