{"Mean":{"confidence_interval":{"confidence_level":0.95,"lower_bound":9926025.162174772,"upper_bound":9953911.065341042},"point_estimate":9938878.425940925,"standard_error":7171.698042737917},"Median":{"confidence_interval":{"confidence_level":0.95,"lower_bound":9909819.885416666,"upper_bound":9916318.672863485},"point_estimate":9912318.251190476,"standard_error":1514.1476398049372},"MedianAbsDev":{"confidence_interval":{"confidence_level":0.95,"lower_bound":7993.823009446172,"upper_bound":16382.296481883084},"point_estimate":10943.18671935958,"standard_error":2035.9943488169995},"Slope":{"confidence_interval":{"confidence_level":0.95,"lower_bound":9919275.116246102,"upper_bound":9944322.818906177},"point_estimate":9930822.608612383,"standard_error":6406.845322287744},"StdDev":{"confidence_interval":{"confidence_level":0.95,"lower_bound":43546.83658752242,"upper_bound":97473.1933346618},"point_estimate":72194.52888964397,"standard_error":13936.281482755061}}