{"Mean":{"confidence_interval":{"confidence_level":0.95,"lower_bound":10037299.46387523,"upper_bound":10292749.664717572},"point_estimate":10154149.86885425,"standard_error":65627.77920587009},"Median":{"confidence_interval":{"confidence_level":0.95,"lower_bound":9945073.060526315,"upper_bound":9950843.529625013},"point_estimate":9947277.303497469,"standard_error":1433.7692442096932},"MedianAbsDev":{"confidence_interval":{"confidence_level":0.95,"lower_bound":7445.87277466416,"upper_bound":15946.844845350972},"point_estimate":9988.093202838154,"standard_error":2181.7409869938792},"Slope":{"confidence_interval":{"confidence_level":0.95,"lower_bound":9963107.601078501,"upper_bound":9993047.973144246},"point_estimate":9976647.548068568,"standard_error":7640.8465457187995},"StdDev":{"confidence_interval":{"confidence_level":0.95,"lower_bound":391417.1411631594,"upper_bound":864604.3040756807},"point_estimate":659542.0428342237,"standard_error":122219.09053196941}}