{"Mean":{"confidence_interval":{"confidence_level":0.95,"lower_bound":6956.388234911184,"upper_bound":7137.16780946711},"point_estimate":7040.9061632428275,"standard_error":46.230221864018276},"Median":{"confidence_interval":{"confidence_level":0.95,"lower_bound":6849.966382412491,"upper_bound":6915.986007094994},"point_estimate":6877.006594570684,"standard_error":15.77463837290593},"MedianAbsDev":{"confidence_interval":{"confidence_level":0.95,"lower_bound":93.67304808979499,"upper_bound":161.07253706755935},"point_estimate":124.70295362281077,"standard_error":16.469485897250134},"Slope":{"confidence_interval":{"confidence_level":0.95,"lower_bound":6896.352538863366,"upper_bound":7133.809773197012},"point_estimate":7003.999491224862,"standard_error":60.78157281932218},"StdDev":{"confidence_interval":{"confidence_level":0.95,"lower_bound":324.05647231512626,"upper_bound":583.582452154491},"point_estimate":465.1845778089546,"standard_error":66.16877311418894}}