{"Mean":{"confidence_interval":{"confidence_level":0.95,"lower_bound":915.3685584099331,"upper_bound":916.0959037813751},"point_estimate":915.6625486367695,"standard_error":0.1908232249669287},"Median":{"confidence_interval":{"confidence_level":0.95,"lower_bound":915.1417774730189,"upper_bound":915.4011090573013},"point_estimate":915.188541926124,"standard_error":0.06770561418085086},"MedianAbsDev":{"confidence_interval":{"confidence_level":0.95,"lower_bound":0.10683507647066845,"upper_bound":0.3894090073842994},"point_estimate":0.21187244218387702,"standard_error":0.07506010980115756},"Slope":{"confidence_interval":{"confidence_level":0.95,"lower_bound":915.3929651220216,"upper_bound":915.9211754420522},"point_estimate":915.6147469001874,"standard_error":0.13749494235657453},"StdDev":{"confidence_interval":{"confidence_level":0.95,"lower_bound":0.47885268359705624,"upper_bound":3.109891789534291},"point_estimate":1.921598933783882,"standard_error":0.7728468697641186}}