{"Mean":{"confidence_interval":{"confidence_level":0.95,"lower_bound":426.76860866129863,"upper_bound":426.91997393025684},"point_estimate":426.8409167993015,"standard_error":0.03857473203077183},"Median":{"confidence_interval":{"confidence_level":0.95,"lower_bound":426.67095267156293,"upper_bound":426.8445107389375},"point_estimate":426.7822496303737,"standard_error":0.042490408267630835},"MedianAbsDev":{"confidence_interval":{"confidence_level":0.95,"lower_bound":0.23007056321485908,"upper_bound":0.39684530903147636},"point_estimate":0.3206632348880453,"standard_error":0.044639511348571886},"Slope":{"confidence_interval":{"confidence_level":0.95,"lower_bound":426.8029450679733,"upper_bound":426.94286885879063},"point_estimate":426.86523276118066,"standard_error":0.03578021655311923},"StdDev":{"confidence_interval":{"confidence_level":0.95,"lower_bound":0.2851849576223192,"upper_bound":0.495287391093807},"point_estimate":0.3883945255089893,"standard_error":0.05467383343527982}}