{"Mean":{"confidence_interval":{"confidence_level":0.95,"lower_bound":3197625.5403508907,"upper_bound":3241763.506211683},"point_estimate":3213681.277654056,"standard_error":12777.810509469551},"Median":{"confidence_interval":{"confidence_level":0.95,"lower_bound":3193499.853932584,"upper_bound":3199835.0765789477},"point_estimate":3197190.9171747966,"standard_error":1872.8803724454879},"MedianAbsDev":{"confidence_interval":{"confidence_level":0.95,"lower_bound":8978.546015598846,"upper_bound":15358.553394240547},"point_estimate":11500.018766495974,"standard_error":1599.7361776050182},"Slope":{"confidence_interval":{"confidence_level":0.95,"lower_bound":3200741.4599426812,"upper_bound":3218468.796560047},"point_estimate":3208246.044049062,"standard_error":4554.84310381611},"StdDev":{"confidence_interval":{"confidence_level":0.95,"lower_bound":19255.606126510247,"upper_bound":217924.7021919498},"point_estimate":128334.20433292427,"standard_error":69671.51267652286}}