{"Mean":{"confidence_interval":{"confidence_level":0.95,"lower_bound":14294.388809855625,"upper_bound":14784.926111883018},"point_estimate":14528.491503689382,"standard_error":125.21576872395616},"Median":{"confidence_interval":{"confidence_level":0.95,"lower_bound":13843.226592455165,"upper_bound":14576.011904761905},"point_estimate":14131.66912993921,"standard_error":186.97182735429078},"MedianAbsDev":{"confidence_interval":{"confidence_level":0.95,"lower_bound":630.0045519104226,"upper_bound":1353.0085735247515},"point_estimate":936.8840269684634,"standard_error":174.9836804870774},"Slope":{"confidence_interval":{"confidence_level":0.95,"lower_bound":14137.812853194479,"upper_bound":14686.34859565393},"point_estimate":14399.273123899597,"standard_error":141.5986951649649},"StdDev":{"confidence_interval":{"confidence_level":0.95,"lower_bound":979.4549334466069,"upper_bound":1573.49410837587},"point_estimate":1260.7264200131192,"standard_error":155.7733335466913}}