{"Mean":{"confidence_interval":{"confidence_level":0.95,"lower_bound":2911.2757980391953,"upper_bound":2912.789930738063},"point_estimate":2911.943914175104,"standard_error":0.389802594465459},"Median":{"confidence_interval":{"confidence_level":0.95,"lower_bound":2911.0582363872686,"upper_bound":2911.400941247241},"point_estimate":2911.138529595063,"standard_error":0.0879735908820128},"MedianAbsDev":{"confidence_interval":{"confidence_level":0.95,"lower_bound":0.449536222357672,"upper_bound":0.8449829517628218},"point_estimate":0.6389165258300504,"standard_error":0.10499695142917119},"Slope":{"confidence_interval":{"confidence_level":0.95,"lower_bound":2910.761483781076,"upper_bound":2912.6474460286895},"point_estimate":2911.5458816396804,"standard_error":0.4882960083202427},"StdDev":{"confidence_interval":{"confidence_level":0.95,"lower_bound":1.6402268708248529,"upper_bound":5.669545320390624},"point_estimate":3.9212388809010763,"standard_error":1.0404080450686022}}