{"Mean":{"confidence_interval":{"confidence_level":0.95,"lower_bound":31061043.746528316,"upper_bound":31153401.43506689},"point_estimate":31106975.645381607,"standard_error":23529.54415137966},"Median":{"confidence_interval":{"confidence_level":0.95,"lower_bound":31042033.243185796,"upper_bound":31125243.116666667},"point_estimate":31070918.196553163,"standard_error":23157.272731932146},"MedianAbsDev":{"confidence_interval":{"confidence_level":0.95,"lower_bound":131977.13078683763,"upper_bound":222069.11522053185},"point_estimate":164017.06176089495,"standard_error":22708.781921854737},"Slope":{"confidence_interval":{"confidence_level":0.95,"lower_bound":31070923.80088967,"upper_bound":31142935.839003116},"point_estimate":31104976.32754544,"standard_error":18353.899053413228},"StdDev":{"confidence_interval":{"confidence_level":0.95,"lower_bound":199875.6317140846,"upper_bound":270065.9710235252},"point_estimate":237420.12192892216,"standard_error":17880.786546973}}