{"Mean":{"confidence_interval":{"confidence_level":0.95,"lower_bound":48621335.14912446,"upper_bound":49274274.76554489},"point_estimate":48950515.05267176,"standard_error":166917.50124793188},"Median":{"confidence_interval":{"confidence_level":0.95,"lower_bound":48796782.09615385,"upper_bound":49712324.291666664},"point_estimate":49208605.60277778,"standard_error":239214.77858607707},"MedianAbsDev":{"confidence_interval":{"confidence_level":0.95,"lower_bound":1230202.8027475805,"upper_bound":2150178.5382981864},"point_estimate":1716551.0832031935,"standard_error":239988.86040432946},"Slope":{"confidence_interval":{"confidence_level":0.95,"lower_bound":49550272.92901678,"upper_bound":50038177.84070653},"point_estimate":49795388.11513817,"standard_error":124511.9864135589},"StdDev":{"confidence_interval":{"confidence_level":0.95,"lower_bound":1483015.4494854712,"upper_bound":1835149.664385614},"point_estimate":1675142.7342328778,"standard_error":89405.14591860927}}