{"Mean":{"confidence_interval":{"confidence_level":0.95,"lower_bound":3740.0278380200443,"upper_bound":3742.7496784578298},"point_estimate":3741.1268612191757,"standard_error":0.7150203196693296},"Median":{"confidence_interval":{"confidence_level":0.95,"lower_bound":3739.4740203193032,"upper_bound":3741.221886792453},"point_estimate":3740.9594444444447,"standard_error":0.46530808545640645},"MedianAbsDev":{"confidence_interval":{"confidence_level":0.95,"lower_bound":1.50119579825883,"upper_bound":4.694841842833768},"point_estimate":3.2389389542899947,"standard_error":0.9041912946323267},"Slope":{"confidence_interval":{"confidence_level":0.95,"lower_bound":3739.4471684024015,"upper_bound":3740.933472834442},"point_estimate":3740.1675895508447,"standard_error":0.3784115684232287},"StdDev":{"confidence_interval":{"confidence_level":0.95,"lower_bound":2.5872389011249344,"upper_bound":11.53646610932243},"point_estimate":7.150689710936526,"standard_error":2.9222518454474824}}