{"Mean":{"confidence_interval":{"confidence_level":0.95,"lower_bound":23215.579046918905,"upper_bound":23443.531551066695},"point_estimate":23316.250847953386,"standard_error":58.66078566839485},"Median":{"confidence_interval":{"confidence_level":0.95,"lower_bound":23160.339534883722,"upper_bound":23192.40693202147},"point_estimate":23173.81169837914,"standard_error":9.464480091787168},"MedianAbsDev":{"confidence_interval":{"confidence_level":0.95,"lower_bound":50.310195535892184,"upper_bound":89.8138924007945},"point_estimate":67.11605377281087,"standard_error":10.63219413288183},"Slope":{"confidence_interval":{"confidence_level":0.95,"lower_bound":23153.05630675673,"upper_bound":23286.09801296908},"point_estimate":23203.72516102426,"standard_error":35.245368955053564},"StdDev":{"confidence_interval":{"confidence_level":0.95,"lower_bound":219.7952170878882,"upper_bound":841.4087836178031},"point_estimate":589.7585845202789,"standard_error":151.40946583192544}}