{"Mean":{"confidence_interval":{"confidence_level":0.95,"lower_bound":22981.23064825538,"upper_bound":23164.66090485188},"point_estimate":23055.454214528323,"standard_error":47.99996391528128},"Median":{"confidence_interval":{"confidence_level":0.95,"lower_bound":22968.106019151848,"upper_bound":23008.977138352384},"point_estimate":22988.105288657687,"standard_error":9.8386140597628},"MedianAbsDev":{"confidence_interval":{"confidence_level":0.95,"lower_bound":60.216099820561894,"upper_bound":108.64430354890379},"point_estimate":83.39386826186434,"standard_error":13.103063505025084},"Slope":{"confidence_interval":{"confidence_level":0.95,"lower_bound":22998.489494094592,"upper_bound":23327.236044920923},"point_estimate":23106.529214347327,"standard_error":97.5659898515968},"StdDev":{"confidence_interval":{"confidence_level":0.95,"lower_bound":129.46810307716578,"upper_bound":780.8758436252889},"point_estimate":482.41731572435367,"standard_error":192.35050878020593}}