{"Mean":{"confidence_interval":{"confidence_level":0.95,"lower_bound":23578.15018282673,"upper_bound":23609.01891021503},"point_estimate":23591.36680874649,"standard_error":7.957728773624628},"Median":{"confidence_interval":{"confidence_level":0.95,"lower_bound":23573.37952371675,"upper_bound":23576.32304516703},"point_estimate":23574.480003627326,"standard_error":0.7328871517039067},"MedianAbsDev":{"confidence_interval":{"confidence_level":0.95,"lower_bound":4.614928709656708,"upper_bound":7.61953582963817},"point_estimate":6.3842135770565065,"standard_error":0.7526566802945672},"Slope":{"confidence_interval":{"confidence_level":0.95,"lower_bound":23576.030573600045,"upper_bound":23582.709627003176},"point_estimate":23579.080194430957,"standard_error":1.7111359700287347},"StdDev":{"confidence_interval":{"confidence_level":0.95,"lower_bound":14.978683511008631,"upper_bound":122.11538362184027},"point_estimate":80.06613174718407,"standard_error":26.613355453672245}}