{"Mean":{"confidence_interval":{"confidence_level":0.95,"lower_bound":59711.68816448525,"upper_bound":60195.57681478835},"point_estimate":59923.21348823389,"standard_error":124.9757291293043},"Median":{"confidence_interval":{"confidence_level":0.95,"lower_bound":59598.1689612015,"upper_bound":59641.07334785766},"point_estimate":59624.058303752536,"standard_error":12.560294133303673},"MedianAbsDev":{"confidence_interval":{"confidence_level":0.95,"lower_bound":110.51937702536613,"upper_bound":178.44647206011123},"point_estimate":151.7745894065284,"standard_error":18.065661212976817},"Slope":{"confidence_interval":{"confidence_level":0.95,"lower_bound":59596.620459621714,"upper_bound":60138.79182846887},"point_estimate":59806.119844922156,"standard_error":146.80074818095616},"StdDev":{"confidence_interval":{"confidence_level":0.95,"lower_bound":516.6523193841384,"upper_bound":1912.9403611002836},"point_estimate":1261.1822972649652,"standard_error":379.6749755671971}}