{"Mean":{"confidence_interval":{"confidence_level":0.95,"lower_bound":1276980.4197768024,"upper_bound":1280314.3182949515},"point_estimate":1278638.641957076,"standard_error":851.9393715456445},"Median":{"confidence_interval":{"confidence_level":0.95,"lower_bound":1276787.1710526317,"upper_bound":1281706.5102040817},"point_estimate":1278936.1763833992,"standard_error":1202.8692225207812},"MedianAbsDev":{"confidence_interval":{"confidence_level":0.95,"lower_bound":7514.018871977515,"upper_bound":11398.99199375016},"point_estimate":9649.8835574271,"standard_error":971.9290736215686},"Slope":{"confidence_interval":{"confidence_level":0.95,"lower_bound":1273593.4602905174,"upper_bound":1277206.6157976678},"point_estimate":1275298.8206295257,"standard_error":919.2128142008377},"StdDev":{"confidence_interval":{"confidence_level":0.95,"lower_bound":7418.575831786028,"upper_bound":9565.325048422717},"point_estimate":8527.910829062654,"standard_error":548.253992480807}}