{"Mean":{"confidence_interval":{"confidence_level":0.95,"lower_bound":32093.38791357676,"upper_bound":32107.85614460422},"point_estimate":32102.039900486612,"standard_error":3.7963852573514036},"Median":{"confidence_interval":{"confidence_level":0.95,"lower_bound":32102.483305036785,"upper_bound":32104.442876344085},"point_estimate":32103.608397130964,"standard_error":0.49456510040297813},"MedianAbsDev":{"confidence_interval":{"confidence_level":0.95,"lower_bound":2.5212454632569914,"upper_bound":4.395698500627767},"point_estimate":3.126327363852394,"standard_error":0.47886387543442765},"Slope":{"confidence_interval":{"confidence_level":0.95,"lower_bound":32069.79549322639,"upper_bound":32110.353620331163},"point_estimate":32094.277544535387,"standard_error":10.723351390032166},"StdDev":{"confidence_interval":{"confidence_level":0.95,"lower_bound":5.576861961281087,"upper_bound":64.145777397846},"point_estimate":38.22936310270159,"standard_error":17.624514177456515}}