{"Mean":{"confidence_interval":{"confidence_level":0.95,"lower_bound":32090.65072301387,"upper_bound":32096.345232088188},"point_estimate":32093.001533275703,"standard_error":1.4808998063694647},"Median":{"confidence_interval":{"confidence_level":0.95,"lower_bound":32089.910529519173,"upper_bound":32091.754737672192},"point_estimate":32090.542396313365,"standard_error":0.4392297524004768},"MedianAbsDev":{"confidence_interval":{"confidence_level":0.95,"lower_bound":3.4279741697665567,"upper_bound":5.639792331164881},"point_estimate":4.422864241590054,"standard_error":0.5743036791314408},"Slope":{"confidence_interval":{"confidence_level":0.95,"lower_bound":32089.64886646214,"upper_bound":32091.932710365963},"point_estimate":32090.75420346368,"standard_error":0.5853520205542153},"StdDev":{"confidence_interval":{"confidence_level":0.95,"lower_bound":5.275066507999585,"upper_bound":23.81614492288886},"point_estimate":14.897910591012703,"standard_error":5.626303019394774}}