{"Mean":{"confidence_interval":{"confidence_level":0.95,"lower_bound":196.2431030455223,"upper_bound":196.34857328337088},"point_estimate":196.288791434748,"standard_error":0.02721277015582135},"Median":{"confidence_interval":{"confidence_level":0.95,"lower_bound":196.23352579267257,"upper_bound":196.25451826498625},"point_estimate":196.24753184983862,"standard_error":0.0049199625841673065},"MedianAbsDev":{"confidence_interval":{"confidence_level":0.95,"lower_bound":0.03246715391749423,"upper_bound":0.057436255003959324},"point_estimate":0.04426214290073254,"standard_error":0.006620439978975604},"Slope":{"confidence_interval":{"confidence_level":0.95,"lower_bound":196.25850541943257,"upper_bound":196.3424056202247},"point_estimate":196.29511056044947,"standard_error":0.021526697156643806},"StdDev":{"confidence_interval":{"confidence_level":0.95,"lower_bound":0.09839718684010372,"upper_bound":0.4112062330907734},"point_estimate":0.27355689735971567,"standard_error":0.0821838492307867}}