{"Mean":{"confidence_interval":{"confidence_level":0.95,"lower_bound":1446.6945344842013,"upper_bound":1447.9362684029725},"point_estimate":1447.2126367255635,"standard_error":0.3222390775958516},"Median":{"confidence_interval":{"confidence_level":0.95,"lower_bound":1446.542548127241,"upper_bound":1446.6052422030525},"point_estimate":1446.5832073275533,"standard_error":0.01814389037531554},"MedianAbsDev":{"confidence_interval":{"confidence_level":0.95,"lower_bound":0.1701622102372261,"upper_bound":0.4766857853088968},"point_estimate":0.34487053730659206,"standard_error":0.08651575980986383},"Slope":{"confidence_interval":{"confidence_level":0.95,"lower_bound":1446.520347580458,"upper_bound":1447.2570937154264},"point_estimate":1446.830442894295,"standard_error":0.19022699787219932},"StdDev":{"confidence_interval":{"confidence_level":0.95,"lower_bound":0.9748665619978331,"upper_bound":5.114747005640034},"point_estimate":3.2333628581018674,"standard_error":1.1519515032694039}}