{"Mean":{"confidence_interval":{"confidence_level":0.95,"lower_bound":741291.8090566588,"upper_bound":742031.0856877372},"point_estimate":741618.809302308,"standard_error":189.91800725272233},"Median":{"confidence_interval":{"confidence_level":0.95,"lower_bound":741032.4322602281,"upper_bound":741313.6738614801},"point_estimate":741112.3768761726,"standard_error":80.74512754677093},"MedianAbsDev":{"confidence_interval":{"confidence_level":0.95,"lower_bound":401.23933541736704,"upper_bound":685.1050442635316},"point_estimate":501.83456337521784,"standard_error":76.35627033742342},"Slope":{"confidence_interval":{"confidence_level":0.95,"lower_bound":740960.0897321751,"upper_bound":741314.5693410764},"point_estimate":741114.9568952268,"standard_error":91.18656827264306},"StdDev":{"confidence_interval":{"confidence_level":0.95,"lower_bound":710.8865602537023,"upper_bound":2756.583976729563},"point_estimate":1909.6246059539176,"standard_error":502.8036587927606}}