{"Mean":{"confidence_interval":{"confidence_level":0.95,"lower_bound":1620403.8551272918,"upper_bound":1698666.773746054},"point_estimate":1650913.791212612,"standard_error":20908.203529390204},"Median":{"confidence_interval":{"confidence_level":0.95,"lower_bound":1610935.834920635,"upper_bound":1614242.975},"point_estimate":1612309.4271561773,"standard_error":789.4935825323618},"MedianAbsDev":{"confidence_interval":{"confidence_level":0.95,"lower_bound":3886.1989549910522,"upper_bound":8530.222643719488},"point_estimate":5467.927949834682,"standard_error":1147.659798891009},"Slope":{"confidence_interval":{"confidence_level":0.95,"lower_bound":1614269.7853920008,"upper_bound":1628503.2654644905},"point_estimate":1620140.2259080834,"standard_error":3710.179114599853},"StdDev":{"confidence_interval":{"confidence_level":0.95,"lower_bound":24700.990241643973,"upper_bound":347231.4691532997},"point_estimate":210727.6370450281,"standard_error":94214.96638903393}}