{"Mean":{"confidence_interval":{"confidence_level":0.95,"lower_bound":114756.00476713198,"upper_bound":115973.37719657626},"point_estimate":115327.39162812287,"standard_error":310.5966852033643},"Median":{"confidence_interval":{"confidence_level":0.95,"lower_bound":113907.52,"upper_bound":114187.94444444444},"point_estimate":114026.61776620371,"standard_error":78.09438112284433},"MedianAbsDev":{"confidence_interval":{"confidence_level":0.95,"lower_bound":416.1139396866923,"upper_bound":918.2135470172348},"point_estimate":607.4245553619038,"standard_error":129.02467947844212},"Slope":{"confidence_interval":{"confidence_level":0.95,"lower_bound":113984.08067161962,"upper_bound":114541.6493780636},"point_estimate":114235.47805756696,"standard_error":143.12336295622487},"StdDev":{"confidence_interval":{"confidence_level":0.95,"lower_bound":2173.0794595540574,"upper_bound":3900.0373677940265},"point_estimate":3124.610221486818,"standard_error":441.05833449383863}}