{"Mean":{"confidence_interval":{"confidence_level":0.95,"lower_bound":555776.6274507383,"upper_bound":556115.312950843},"point_estimate":555928.8022689546,"standard_error":87.21147539707601},"Median":{"confidence_interval":{"confidence_level":0.95,"lower_bound":555619.5814393939,"upper_bound":555700.8879310344},"point_estimate":555656.9246794872,"standard_error":19.971571623868368},"MedianAbsDev":{"confidence_interval":{"confidence_level":0.95,"lower_bound":96.24051387134281,"upper_bound":199.2687719518872},"point_estimate":157.9178773850439,"standard_error":26.95010771905522},"Slope":{"confidence_interval":{"confidence_level":0.95,"lower_bound":555629.3259019941,"upper_bound":555803.1924636241},"point_estimate":555708.0421412739,"standard_error":44.69239408637903},"StdDev":{"confidence_interval":{"confidence_level":0.95,"lower_bound":432.0498263427078,"upper_bound":1258.4499800784533},"point_estimate":878.7105786855604,"standard_error":213.3297177255345}}