{"Mean":{"confidence_interval":{"confidence_level":0.95,"lower_bound":699238.8558278923,"upper_bound":701915.4811383758},"point_estimate":700388.5007631091,"standard_error":691.6236740407106},"Median":{"confidence_interval":{"confidence_level":0.95,"lower_bound":698338.7333333333,"upper_bound":699287.619047619},"point_estimate":698747.3311931514,"standard_error":265.052138909821},"MedianAbsDev":{"confidence_interval":{"confidence_level":0.95,"lower_bound":1223.9007745095118,"upper_bound":2171.1012184353112},"point_estimate":1646.5700694994352,"standard_error":254.01341676256277},"Slope":{"confidence_interval":{"confidence_level":0.95,"lower_bound":698619.2700067781,"upper_bound":699436.9051296982},"point_estimate":699027.2257041525,"standard_error":208.27207906620953},"StdDev":{"confidence_interval":{"confidence_level":0.95,"lower_bound":2473.304037615356,"upper_bound":10653.634084755076},"point_estimate":6951.658902033998,"standard_error":2168.6090691528802}}