{"Mean":{"confidence_interval":{"confidence_level":0.95,"lower_bound":22202.328615876748,"upper_bound":22213.90279135238},"point_estimate":22207.37173686213,"standard_error":2.9861126666127324},"Median":{"confidence_interval":{"confidence_level":0.95,"lower_bound":22198.958599695587,"upper_bound":22201.81920795254},"point_estimate":22200.357114245908,"standard_error":0.6545374011395033},"MedianAbsDev":{"confidence_interval":{"confidence_level":0.95,"lower_bound":4.114366635551458,"upper_bound":6.596628549552573},"point_estimate":5.342898353421937,"standard_error":0.59023989644732},"Slope":{"confidence_interval":{"confidence_level":0.95,"lower_bound":22201.257455835716,"upper_bound":22212.865788387677},"point_estimate":22206.29037860204,"standard_error":2.9897410319451714},"StdDev":{"confidence_interval":{"confidence_level":0.95,"lower_bound":11.59018030705418,"upper_bound":45.196450349563364},"point_estimate":30.04772717054348,"standard_error":8.794114893115532}}