{"Mean":{"confidence_interval":{"confidence_level":0.95,"lower_bound":826192.3467140493,"upper_bound":828228.5706142423},"point_estimate":827226.0973604933,"standard_error":517.9688947747737},"Median":{"confidence_interval":{"confidence_level":0.95,"lower_bound":826454.0338203463,"upper_bound":828189.5739942528},"point_estimate":827380.0015328873,"standard_error":427.88330571875065},"MedianAbsDev":{"confidence_interval":{"confidence_level":0.95,"lower_bound":3244.9468735113464,"upper_bound":5574.026323619772},"point_estimate":4493.1041980405125,"standard_error":577.7111283303625},"Slope":{"confidence_interval":{"confidence_level":0.95,"lower_bound":825880.3479696555,"upper_bound":828032.6267424506},"point_estimate":826919.2149903945,"standard_error":547.9696223480378},"StdDev":{"confidence_interval":{"confidence_level":0.95,"lower_bound":4201.913242938706,"upper_bound":6138.465158779139},"point_estimate":5198.704169825634,"standard_error":496.13769202976346}}