{"Mean":{"confidence_interval":{"confidence_level":0.95,"lower_bound":10131.707803823354,"upper_bound":10906.625323069618},"point_estimate":10495.119781473362,"standard_error":198.1959396618344},"Median":{"confidence_interval":{"confidence_level":0.95,"lower_bound":9572.158980750588,"upper_bound":10078.313253012047},"point_estimate":9815.246622855057,"standard_error":117.08006326877499},"MedianAbsDev":{"confidence_interval":{"confidence_level":0.95,"lower_bound":527.5102564180827,"upper_bound":1096.4772645596588},"point_estimate":767.4731298162654,"standard_error":141.09097260763986},"Slope":{"confidence_interval":{"confidence_level":0.95,"lower_bound":10016.316530961105,"upper_bound":11216.267381214757},"point_estimate":10570.58624237752,"standard_error":307.04613300378844},"StdDev":{"confidence_interval":{"confidence_level":0.95,"lower_bound":1367.7384035659586,"upper_bound":2550.374841930634},"point_estimate":1995.488540602528,"standard_error":302.40967666607514}}