{"Mean":{"confidence_interval":{"confidence_level":0.95,"lower_bound":1973.4975152448544,"upper_bound":1974.5621968311898},"point_estimate":1973.9659081451362,"standard_error":0.274750857123521},"Median":{"confidence_interval":{"confidence_level":0.95,"lower_bound":1973.1942755233306,"upper_bound":1973.2456528435023},"point_estimate":1973.2245795497288,"standard_error":0.012363450001583237},"MedianAbsDev":{"confidence_interval":{"confidence_level":0.95,"lower_bound":0.06949884428930564,"upper_bound":0.15962829296487877},"point_estimate":0.11129441816984424,"standard_error":0.0223259651915645},"Slope":{"confidence_interval":{"confidence_level":0.95,"lower_bound":1973.4476195629172,"upper_bound":1974.8643916947199},"point_estimate":1974.0335683137762,"standard_error":0.3710422574686056},"StdDev":{"confidence_interval":{"confidence_level":0.95,"lower_bound":1.1365451393094925,"upper_bound":4.1840254622112845},"point_estimate":2.7769407418161656,"standard_error":0.8081189436713674}}