{"Mean":{"confidence_interval":{"confidence_level":0.95,"lower_bound":4726.335204748881,"upper_bound":4730.1974415108625},"point_estimate":4727.841486113255,"standard_error":1.0288189530949676},"Median":{"confidence_interval":{"confidence_level":0.95,"lower_bound":4725.539757045675,"upper_bound":4726.239047619048},"point_estimate":4726.028798733841,"standard_error":0.2164264620835987},"MedianAbsDev":{"confidence_interval":{"confidence_level":0.95,"lower_bound":0.804252354762919,"upper_bound":1.3930791181645332},"point_estimate":1.1078383021969758,"standard_error":0.15722829828845603},"Slope":{"confidence_interval":{"confidence_level":0.95,"lower_bound":4726.285346117359,"upper_bound":4729.26733948696},"point_estimate":4727.498132913931,"standard_error":0.7794989387276042},"StdDev":{"confidence_interval":{"confidence_level":0.95,"lower_bound":2.224278745535203,"upper_bound":17.04616965001255},"point_estimate":10.334003470030902,"standard_error":4.614194697761597}}