{"Mean":{"confidence_interval":{"confidence_level":0.95,"lower_bound":20230.639082942904,"upper_bound":20248.59084120107},"point_estimate":20238.067246282688,"standard_error":4.677351506993019},"Median":{"confidence_interval":{"confidence_level":0.95,"lower_bound":20225.988416988417,"upper_bound":20233.146908763505},"point_estimate":20230.179749757044,"standard_error":2.100407453362799},"MedianAbsDev":{"confidence_interval":{"confidence_level":0.95,"lower_bound":8.355950858271504,"upper_bound":13.565076817590878},"point_estimate":11.662106855415736,"standard_error":1.3087425036514386},"Slope":{"confidence_interval":{"confidence_level":0.95,"lower_bound":20226.286482864136,"upper_bound":20232.112922475393},"point_estimate":20228.98582997319,"standard_error":1.4888324411494627},"StdDev":{"confidence_interval":{"confidence_level":0.95,"lower_bound":11.106267714553313,"upper_bound":75.34590402101803},"point_estimate":46.997972755985764,"standard_error":17.653791331867605}}