{"Mean":{"confidence_interval":{"confidence_level":0.95,"lower_bound":28087859.92325528,"upper_bound":28169780.436702944},"point_estimate":28125433.993676122,"standard_error":20967.266079621248},"Median":{"confidence_interval":{"confidence_level":0.95,"lower_bound":28038381.058441557,"upper_bound":28082075.364411026},"point_estimate":28064466.145833336,"standard_error":12953.500072842964},"MedianAbsDev":{"confidence_interval":{"confidence_level":0.95,"lower_bound":66774.54019429031,"upper_bound":129384.34026383955},"point_estimate":101754.64189096345,"standard_error":15865.642588208117},"Slope":{"confidence_interval":{"confidence_level":0.95,"lower_bound":28082374.80371978,"upper_bound":28127417.364870004},"point_estimate":28104193.62575144,"standard_error":11504.827217052461},"StdDev":{"confidence_interval":{"confidence_level":0.95,"lower_bound":129373.39483755596,"upper_bound":288065.2799790408},"point_estimate":210865.5479116096,"standard_error":41321.50093490536}}