{"Mean":{"confidence_interval":{"confidence_level":0.95,"lower_bound":262.4134758256099,"upper_bound":262.60266467878284},"point_estimate":262.4898372627612,"standard_error":0.04970419160774553},"Median":{"confidence_interval":{"confidence_level":0.95,"lower_bound":262.3749867409175,"upper_bound":262.38230555354664},"point_estimate":262.37818802938835,"standard_error":0.0018642839674564992},"MedianAbsDev":{"confidence_interval":{"confidence_level":0.95,"lower_bound":0.013965531552924666,"upper_bound":0.029737651818926184},"point_estimate":0.021974730526354187,"standard_error":0.004371031170740983},"Slope":{"confidence_interval":{"confidence_level":0.95,"lower_bound":262.3995816559385,"upper_bound":262.530134050122},"point_estimate":262.4535468071083,"standard_error":0.03387122339334975},"StdDev":{"confidence_interval":{"confidence_level":0.95,"lower_bound":0.1273120167568071,"upper_bound":0.8137059985397959},"point_estimate":0.5020072491510834,"standard_error":0.203717616206907}}