{"Mean":{"confidence_interval":{"confidence_level":0.95,"lower_bound":51454.052303638266,"upper_bound":51512.68125979827},"point_estimate":51477.9989429598,"standard_error":15.356153870684652},"Median":{"confidence_interval":{"confidence_level":0.95,"lower_bound":51447.20030769231,"upper_bound":51451.395348837206},"point_estimate":51448.61172043011,"standard_error":1.1635824975134386},"MedianAbsDev":{"confidence_interval":{"confidence_level":0.95,"lower_bound":6.208306894462016,"upper_bound":10.982894957518528},"point_estimate":8.477905811024883,"standard_error":1.2173614086938933},"Slope":{"confidence_interval":{"confidence_level":0.95,"lower_bound":51445.76992582616,"upper_bound":51463.92251856006},"point_estimate":51453.48177065169,"standard_error":4.687536203964278},"StdDev":{"confidence_interval":{"confidence_level":0.95,"lower_bound":25.98972470293763,"upper_bound":244.21427703919335},"point_estimate":153.34022952418735,"standard_error":59.44546563903635}}