{"Mean":{"confidence_interval":{"confidence_level":0.95,"lower_bound":666281.8358463182,"upper_bound":666566.9408268352},"point_estimate":666409.6563614057,"standard_error":73.07445752340459},"Median":{"confidence_interval":{"confidence_level":0.95,"lower_bound":666156.7857142857,"upper_bound":666249.0272234541},"point_estimate":666211.7587719299,"standard_error":24.20650392836459},"MedianAbsDev":{"confidence_interval":{"confidence_level":0.95,"lower_bound":136.41037508881757,"upper_bound":250.10094986752873},"point_estimate":199.45886853244906,"standard_error":29.222592192638253},"Slope":{"confidence_interval":{"confidence_level":0.95,"lower_bound":666241.8056620084,"upper_bound":666438.1610819808},"point_estimate":666333.4186138614,"standard_error":50.262470640693635},"StdDev":{"confidence_interval":{"confidence_level":0.95,"lower_bound":395.35819716577356,"upper_bound":1079.9061708386837},"point_estimate":739.2384981454223,"standard_error":192.21446565474486}}