{"Mean":{"confidence_interval":{"confidence_level":0.95,"lower_bound":2162.9256366924965,"upper_bound":2164.710264345489},"point_estimate":2163.6172915450265,"standard_error":0.47558526277626334},"Median":{"confidence_interval":{"confidence_level":0.95,"lower_bound":2162.669840621533,"upper_bound":2162.7025789410814},"point_estimate":2162.679954593334,"standard_error":0.008720620973994024},"MedianAbsDev":{"confidence_interval":{"confidence_level":0.95,"lower_bound":0.0788949736004478,"upper_bound":0.13952891620834879},"point_estimate":0.10713675760361055,"standard_error":0.015591303215207315},"Slope":{"confidence_interval":{"confidence_level":0.95,"lower_bound":2162.8727200294425,"upper_bound":2163.812144064669},"point_estimate":2163.297006155611,"standard_error":0.24287549650520332},"StdDev":{"confidence_interval":{"confidence_level":0.95,"lower_bound":1.0856006688364495,"upper_bound":7.86554827975371},"point_estimate":4.768849251575173,"standard_error":2.138472328840407}}