{"Mean":{"confidence_interval":{"confidence_level":0.95,"lower_bound":17061.67626776162,"upper_bound":17095.264122143566},"point_estimate":17078.562740218546,"standard_error":8.62794105533326},"Median":{"confidence_interval":{"confidence_level":0.95,"lower_bound":17135.149519502545,"upper_bound":17136.657783801933},"point_estimate":17136.17995689655,"standard_error":1.5645871130118316},"MedianAbsDev":{"confidence_interval":{"confidence_level":0.95,"lower_bound":2.596372742134786,"upper_bound":7.031028499491381},"point_estimate":4.156944248300421,"standard_error":1.6791093938473747},"Slope":{"confidence_interval":{"confidence_level":0.95,"lower_bound":16993.858984584836,"upper_bound":17032.5446872904},"point_estimate":17011.037641444535,"standard_error":9.845544555429697},"StdDev":{"confidence_interval":{"confidence_level":0.95,"lower_bound":78.3440459305025,"upper_bound":91.69489383612162},"point_estimate":86.87140322435064,"standard_error":3.450858327996565}}