{"Mean":{"confidence_interval":{"confidence_level":0.95,"lower_bound":72229.9910686868,"upper_bound":72695.39054757023},"point_estimate":72424.16522759842,"standard_error":120.97777573524304},"Median":{"confidence_interval":{"confidence_level":0.95,"lower_bound":72138.34018517887,"upper_bound":72202.2513562387},"point_estimate":72175.31727875481,"standard_error":17.812940006719884},"MedianAbsDev":{"confidence_interval":{"confidence_level":0.95,"lower_bound":117.52466557109783,"upper_bound":226.90073426717169},"point_estimate":153.55393827387167,"standard_error":26.3469808937704},"Slope":{"confidence_interval":{"confidence_level":0.95,"lower_bound":72144.52911335643,"upper_bound":72496.8492662392},"point_estimate":72268.29262851232,"standard_error":96.32757325430232},"StdDev":{"confidence_interval":{"confidence_level":0.95,"lower_bound":317.0425559214749,"upper_bound":1925.6152590798572},"point_estimate":1213.4374623842284,"standard_error":435.385935924407}}