{"Mean":{"confidence_interval":{"confidence_level":0.95,"lower_bound":1002364.8523571029,"upper_bound":1003680.6807259936},"point_estimate":1002983.9974921426,"standard_error":336.0825273744521},"Median":{"confidence_interval":{"confidence_level":0.95,"lower_bound":1001716.9444444445,"upper_bound":1003033.4164329126},"point_estimate":1002312.9612440192,"standard_error":300.4607061497652},"MedianAbsDev":{"confidence_interval":{"confidence_level":0.95,"lower_bound":1409.0435169906766,"upper_bound":2290.7106326953785},"point_estimate":1786.2630590567585,"standard_error":212.0704279506635},"Slope":{"confidence_interval":{"confidence_level":0.95,"lower_bound":1001613.663452439,"upper_bound":1002448.6967481098},"point_estimate":1001996.9622993941,"standard_error":211.82217396107507},"StdDev":{"confidence_interval":{"confidence_level":0.95,"lower_bound":2385.9769306453386,"upper_bound":4110.744737687357},"point_estimate":3329.2057158805205,"standard_error":439.8582678992928}}