{"Mean":{"confidence_interval":{"confidence_level":0.95,"lower_bound":1134.5580036047174,"upper_bound":1134.852750933353},"point_estimate":1134.6821592556023,"standard_error":0.07607617883898557},"Median":{"confidence_interval":{"confidence_level":0.95,"lower_bound":1134.4738397003111,"upper_bound":1134.5331710576556},"point_estimate":1134.494549675042,"standard_error":0.015381223095098503},"MedianAbsDev":{"confidence_interval":{"confidence_level":0.95,"lower_bound":0.09313054870985801,"upper_bound":0.17000067731180016},"point_estimate":0.1294097507651365,"standard_error":0.020155832759574097},"Slope":{"confidence_interval":{"confidence_level":0.95,"lower_bound":1134.4881392443276,"upper_bound":1134.5536857501434},"point_estimate":1134.517641725705,"standard_error":0.016857182792635376},"StdDev":{"confidence_interval":{"confidence_level":0.95,"lower_bound":0.2620667024094109,"upper_bound":1.1978546806430999},"point_estimate":0.7646917019990302,"standard_error":0.2594748462487833}}