{"Mean":{"confidence_interval":{"confidence_level":0.95,"lower_bound":47575.65359917513,"upper_bound":47853.61969435957},"point_estimate":47694.58547711954,"standard_error":71.83456901414972},"Median":{"confidence_interval":{"confidence_level":0.95,"lower_bound":47496.93989071038,"upper_bound":47549.454545454544},"point_estimate":47520.380302120844,"standard_error":11.349160281796378},"MedianAbsDev":{"confidence_interval":{"confidence_level":0.95,"lower_bound":78.40129860809589,"upper_bound":138.46558693507208},"point_estimate":103.34043435285771,"standard_error":15.275142602730284},"Slope":{"confidence_interval":{"confidence_level":0.95,"lower_bound":47494.85620594405,"upper_bound":48066.23336700193},"point_estimate":47690.11557530593,"standard_error":162.80534205258934},"StdDev":{"confidence_interval":{"confidence_level":0.95,"lower_bound":259.1567319817727,"upper_bound":1108.6746315966163},"point_estimate":718.6435877475394,"standard_error":228.0161615829652}}