{"Mean":{"confidence_interval":{"confidence_level":0.95,"lower_bound":20761.90688798191,"upper_bound":20775.843333937617},"point_estimate":20768.230796496613,"standard_error":3.575499066661295},"Median":{"confidence_interval":{"confidence_level":0.95,"lower_bound":20755.39595992477,"upper_bound":20759.924268018018},"point_estimate":20757.45156930828,"standard_error":1.0944958365439037},"MedianAbsDev":{"confidence_interval":{"confidence_level":0.95,"lower_bound":5.675952539459221,"upper_bound":9.559511028978735},"point_estimate":7.337647173113997,"standard_error":0.960668469742908},"Slope":{"confidence_interval":{"confidence_level":0.95,"lower_bound":20754.706868056637,"upper_bound":20766.745068915643},"point_estimate":20759.53823469287,"standard_error":3.1769390269573856},"StdDev":{"confidence_interval":{"confidence_level":0.95,"lower_bound":19.76371305496419,"upper_bound":49.57403507803609},"point_estimate":35.95990957433972,"standard_error":7.635254957973752}}