{"Mean":{"confidence_interval":{"confidence_level":0.95,"lower_bound":11174327.05458172,"upper_bound":11197777.171578415},"point_estimate":11185709.223280933,"standard_error":5995.570710854927},"Median":{"confidence_interval":{"confidence_level":0.95,"lower_bound":11160580.28,"upper_bound":11186401.627906976},"point_estimate":11168609.771284271,"standard_error":6722.986203967775},"MedianAbsDev":{"confidence_interval":{"confidence_level":0.95,"lower_bound":39378.46334100067,"upper_bound":67499.58930409914},"point_estimate":55677.39703152862,"standard_error":7094.518214235269},"Slope":{"confidence_interval":{"confidence_level":0.95,"lower_bound":11179310.851961162,"upper_bound":11213480.429330736},"point_estimate":11195338.919781292,"standard_error":8748.82927503564},"StdDev":{"confidence_interval":{"confidence_level":0.95,"lower_bound":49313.01224147014,"upper_bound":70922.5121437744},"point_estimate":60224.35160976165,"standard_error":5577.736522766701}}