{"Mean":{"confidence_interval":{"confidence_level":0.95,"lower_bound":4767.452787520441,"upper_bound":4768.68035606975},"point_estimate":4768.005597432637,"standard_error":0.31595291526812436},"Median":{"confidence_interval":{"confidence_level":0.95,"lower_bound":4767.137075134168,"upper_bound":4767.310576923077},"point_estimate":4767.183083278072,"standard_error":0.03987893796835293},"MedianAbsDev":{"confidence_interval":{"confidence_level":0.95,"lower_bound":0.38451354018186534,"upper_bound":0.6573188862591767},"point_estimate":0.5176682382791379,"standard_error":0.07668488493080508},"Slope":{"confidence_interval":{"confidence_level":0.95,"lower_bound":4767.243571795917,"upper_bound":4768.588226199842},"point_estimate":4767.831716986279,"standard_error":0.3465736098524978},"StdDev":{"confidence_interval":{"confidence_level":0.95,"lower_bound":1.6130846763060183,"upper_bound":4.389952824940474},"point_estimate":3.169990232956751,"standard_error":0.710314584210432}}