{"Mean":{"confidence_interval":{"confidence_level":0.95,"lower_bound":176662.37284383667,"upper_bound":176762.6989889871},"point_estimate":176709.06281845,"standard_error":25.59696146761694},"Median":{"confidence_interval":{"confidence_level":0.95,"lower_bound":176658.22514619882,"upper_bound":176710.73416385136},"point_estimate":176685.8713888889,"standard_error":14.933257820785185},"MedianAbsDev":{"confidence_interval":{"confidence_level":0.95,"lower_bound":91.00069637294767,"upper_bound":198.1523003285856},"point_estimate":130.89425784772186,"standard_error":27.897003441464086},"Slope":{"confidence_interval":{"confidence_level":0.95,"lower_bound":176653.1376480911,"upper_bound":176725.3163483642},"point_estimate":176687.678685779,"standard_error":18.48108869047321},"StdDev":{"confidence_interval":{"confidence_level":0.95,"lower_bound":158.51359128036782,"upper_bound":348.65671138179425},"point_estimate":257.0503124836735,"standard_error":49.40268029093599}}