{"Mean":{"confidence_interval":{"confidence_level":0.95,"lower_bound":68652604.19704199,"upper_bound":68710180.68568046},"point_estimate":68679789.4808821,"standard_error":14719.700713339333},"Median":{"confidence_interval":{"confidence_level":0.95,"lower_bound":68630592.59240448,"upper_bound":68681686.01754385},"point_estimate":68657857.67518692,"standard_error":13319.550838679435},"MedianAbsDev":{"confidence_interval":{"confidence_level":0.95,"lower_bound":87112.86084073967,"upper_bound":134449.8629532914},"point_estimate":110491.7617923058,"standard_error":12144.584277431217},"Slope":{"confidence_interval":{"confidence_level":0.95,"lower_bound":68659639.9831083,"upper_bound":68705187.2963176},"point_estimate":68680371.85378455,"standard_error":11717.722583334471},"StdDev":{"confidence_interval":{"confidence_level":0.95,"lower_bound":103255.94191181085,"upper_bound":192360.9416352189},"point_estimate":147596.87172593427,"standard_error":23292.77473385988}}