{"Mean":{"confidence_interval":{"confidence_level":0.95,"lower_bound":1408226.9224119007,"upper_bound":1414945.0023250084},"point_estimate":1411215.554295722,"standard_error":1728.7298880317055},"Median":{"confidence_interval":{"confidence_level":0.95,"lower_bound":1404839.2,"upper_bound":1407427.4496336998},"point_estimate":1405686.85,"standard_error":808.1579888026763},"MedianAbsDev":{"confidence_interval":{"confidence_level":0.95,"lower_bound":3522.404561494724,"upper_bound":6441.198363302145},"point_estimate":4635.725458002377,"standard_error":754.798135978001},"Slope":{"confidence_interval":{"confidence_level":0.95,"lower_bound":1405171.9464874687,"upper_bound":1409261.4795163504},"point_estimate":1407079.1303856953,"standard_error":1049.5037465360356},"StdDev":{"confidence_interval":{"confidence_level":0.95,"lower_bound":8609.586349682442,"upper_bound":25478.064692218406},"point_estimate":17326.38390263777,"standard_error":4474.883001379729}}