{"Mean":{"confidence_interval":{"confidence_level":0.95,"lower_bound":443667.6111194267,"upper_bound":444105.37026043213},"point_estimate":443873.9693233384,"standard_error":111.12503510246027},"Median":{"confidence_interval":{"confidence_level":0.95,"lower_bound":444060.64197530865,"upper_bound":444131.3888888889},"point_estimate":444091.7819232276,"standard_error":20.68903119814166},"MedianAbsDev":{"confidence_interval":{"confidence_level":0.95,"lower_bound":98.98947848949086,"upper_bound":196.89889882100005},"point_estimate":130.31711682513983,"standard_error":28.374543746582074},"Slope":{"confidence_interval":{"confidence_level":0.95,"lower_bound":444136.2127735211,"upper_bound":444278.27633560705},"point_estimate":444203.66534554947,"standard_error":36.30143697132587},"StdDev":{"confidence_interval":{"confidence_level":0.95,"lower_bound":732.3131858496953,"upper_bound":1567.5482584267254},"point_estimate":1113.5169093971315,"standard_error":239.7323820431446}}