{"Mean":{"confidence_interval":{"confidence_level":0.95,"lower_bound":25277.9530362809,"upper_bound":25325.629005902076},"point_estimate":25301.367895965785,"standard_error":12.124770719248097},"Median":{"confidence_interval":{"confidence_level":0.95,"lower_bound":25280.9525,"upper_bound":25331.85206617061},"point_estimate":25314.301490617436,"standard_error":15.233242418587475},"MedianAbsDev":{"confidence_interval":{"confidence_level":0.95,"lower_bound":67.7427045888352,"upper_bound":110.27612614807133},"point_estimate":88.42409575273743,"standard_error":10.447373446291843},"Slope":{"confidence_interval":{"confidence_level":0.95,"lower_bound":25258.40318326017,"upper_bound":25300.246507319007},"point_estimate":25280.165494015073,"standard_error":10.646855222228838},"StdDev":{"confidence_interval":{"confidence_level":0.95,"lower_bound":92.93214327153429,"upper_bound":148.3659822440741},"point_estimate":121.393620742573,"standard_error":14.221863600005014}}