{"Mean":{"confidence_interval":{"confidence_level":0.95,"lower_bound":21054.58137698693,"upper_bound":21063.650412214178},"point_estimate":21058.656150330487,"standard_error":2.329642678839881},"Median":{"confidence_interval":{"confidence_level":0.95,"lower_bound":21052.269707207208,"upper_bound":21055.229166666668},"point_estimate":21053.887307098765,"standard_error":0.7831277233052534},"MedianAbsDev":{"confidence_interval":{"confidence_level":0.95,"lower_bound":6.350395753828719,"upper_bound":12.414213145284894},"point_estimate":9.597624253627872,"standard_error":1.5333965651290067},"Slope":{"confidence_interval":{"confidence_level":0.95,"lower_bound":21049.703847539524,"upper_bound":21057.329764561942},"point_estimate":21053.125872863406,"standard_error":1.9500686548726673},"StdDev":{"confidence_interval":{"confidence_level":0.95,"lower_bound":11.0978040593808,"upper_bound":33.20364252973759},"point_estimate":23.45887838681197,"standard_error":5.56549346391721}}