{"Mean":{"confidence_interval":{"confidence_level":0.95,"lower_bound":438051.2038678459,"upper_bound":495312.4807624973},"point_estimate":460374.84309337864,"standard_error":15341.483807778553},"Median":{"confidence_interval":{"confidence_level":0.95,"lower_bound":432806.1475694445,"upper_bound":433462.1223628692},"point_estimate":433032.1101046699,"standard_error":148.49996355802472},"MedianAbsDev":{"confidence_interval":{"confidence_level":0.95,"lower_bound":795.7274328135613,"upper_bound":1714.8479468907144},"point_estimate":1094.2510880444543,"standard_error":239.4959944699747},"Slope":{"confidence_interval":{"confidence_level":0.95,"lower_bound":433394.3747592847,"upper_bound":436887.574664468},"point_estimate":434871.6682192995,"standard_error":901.4478535591464},"StdDev":{"confidence_interval":{"confidence_level":0.95,"lower_bound":16844.030295416298,"upper_bound":253790.7455793252},"point_estimate":154148.1610664385,"standard_error":69188.58306998016}}