{"Mean":{"confidence_interval":{"confidence_level":0.95,"lower_bound":463116.1063341905,"upper_bound":463349.9917410129},"point_estimate":463223.1831447523,"standard_error":60.15809140331153},"Median":{"confidence_interval":{"confidence_level":0.95,"lower_bound":462995.0316350316,"upper_bound":463034.7894736842},"point_estimate":463010.5921077327,"standard_error":10.459245372954594},"MedianAbsDev":{"confidence_interval":{"confidence_level":0.95,"lower_bound":63.25140279554244,"upper_bound":128.04414214280482},"point_estimate":85.90527627438318,"standard_error":17.331038270418247},"Slope":{"confidence_interval":{"confidence_level":0.95,"lower_bound":463008.663740394,"upper_bound":463136.23173842335},"point_estimate":463067.8460164524,"standard_error":32.70542250937577},"StdDev":{"confidence_interval":{"confidence_level":0.95,"lower_bound":323.22718205367437,"upper_bound":826.3220977653415},"point_estimate":606.8122315456212,"standard_error":126.09920113015727}}