{"Mean":{"confidence_interval":{"confidence_level":0.95,"lower_bound":975.512122132731,"upper_bound":977.6712415483833},"point_estimate":976.613868809195,"standard_error":0.5505044721731545},"Median":{"confidence_interval":{"confidence_level":0.95,"lower_bound":976.7450915983434,"upper_bound":978.6150612343406},"point_estimate":977.4213848416082,"standard_error":0.5113014151230602},"MedianAbsDev":{"confidence_interval":{"confidence_level":0.95,"lower_bound":2.968169774318915,"upper_bound":4.801082920080128},"point_estimate":4.001318741603482,"standard_error":0.46671015562253765},"Slope":{"confidence_interval":{"confidence_level":0.95,"lower_bound":972.9551221620709,"upper_bound":976.6159625133496},"point_estimate":974.7701553571413,"standard_error":0.9362624515863509},"StdDev":{"confidence_interval":{"confidence_level":0.95,"lower_bound":4.367811315322493,"upper_bound":6.643479179398444},"point_estimate":5.556841557177386,"standard_error":0.581294999085371}}