{"Mean":{"confidence_interval":{"confidence_level":0.95,"lower_bound":3768.6372253750906,"upper_bound":3770.1457210232566},"point_estimate":3769.311059981664,"standard_error":0.38676266920379004},"Median":{"confidence_interval":{"confidence_level":0.95,"lower_bound":3768.1872623574145,"upper_bound":3768.338138994508},"point_estimate":3768.2571870573324,"standard_error":0.03965557947385587},"MedianAbsDev":{"confidence_interval":{"confidence_level":0.95,"lower_bound":0.2011481037496287,"upper_bound":0.4431690432379259},"point_estimate":0.34097773005812687,"standard_error":0.062011380548019274},"Slope":{"confidence_interval":{"confidence_level":0.95,"lower_bound":3768.5602270065074,"upper_bound":3771.0922878834317},"point_estimate":3769.600749982722,"standard_error":0.6634922788389955},"StdDev":{"confidence_interval":{"confidence_level":0.95,"lower_bound":1.9330499930713945,"upper_bound":5.580867217339261},"point_estimate":3.8799076284255856,"standard_error":0.9527247916127948}}