{"Mean":{"confidence_interval":{"confidence_level":0.95,"lower_bound":341757.64660948736,"upper_bound":342002.3436911641},"point_estimate":341851.7113474674,"standard_error":65.70818661936394},"Median":{"confidence_interval":{"confidence_level":0.95,"lower_bound":341722.7774758383,"upper_bound":341746.53700082947},"point_estimate":341733.9468690702,"standard_error":7.088416835740394},"MedianAbsDev":{"confidence_interval":{"confidence_level":0.95,"lower_bound":47.98590646676921,"upper_bound":87.21426313958438},"point_estimate":62.58668283426157,"standard_error":9.822056346173342},"Slope":{"confidence_interval":{"confidence_level":0.95,"lower_bound":341742.17457558116,"upper_bound":341847.23011448584},"point_estimate":341790.39464656916,"standard_error":26.832942851173176},"StdDev":{"confidence_interval":{"confidence_level":0.95,"lower_bound":166.05975071569696,"upper_bound":1093.8066375818971},"point_estimate":660.1720989978592,"standard_error":307.75864177174685}}