{"Mean":{"confidence_interval":{"confidence_level":0.95,"lower_bound":122119.68073679901,"upper_bound":122149.28089938572},"point_estimate":122133.21396859051,"standard_error":7.598801497879489},"Median":{"confidence_interval":{"confidence_level":0.95,"lower_bound":122108.97468354431,"upper_bound":122111.52269170579},"point_estimate":122110.29588014982,"standard_error":0.5907472676935305},"MedianAbsDev":{"confidence_interval":{"confidence_level":0.95,"lower_bound":5.268611103211114,"upper_bound":9.633305076236503},"point_estimate":7.264414251234142,"standard_error":1.083185439747207},"Slope":{"confidence_interval":{"confidence_level":0.95,"lower_bound":122119.4169622897,"upper_bound":122155.3619014783},"point_estimate":122135.79812390194,"standard_error":9.229133149157908},"StdDev":{"confidence_interval":{"confidence_level":0.95,"lower_bound":44.35516632509897,"upper_bound":104.00276830937668},"point_estimate":76.45338462267996,"standard_error":15.31843547825322}}