{"Mean":{"confidence_interval":{"confidence_level":0.95,"lower_bound":88625.64315774332,"upper_bound":88718.53237331},"point_estimate":88673.13803091248,"standard_error":23.79569358072817},"Median":{"confidence_interval":{"confidence_level":0.95,"lower_bound":88765.55208333333,"upper_bound":88768.15709242619},"point_estimate":88766.6807983683,"standard_error":0.6929107222847081},"MedianAbsDev":{"confidence_interval":{"confidence_level":0.95,"lower_bound":5.117715464698983,"upper_bound":11.009866150687198},"point_estimate":7.769303075441338,"standard_error":1.596221653080519},"Slope":{"confidence_interval":{"confidence_level":0.95,"lower_bound":88444.00804719178,"upper_bound":88595.16911504795},"point_estimate":88513.39892098912,"standard_error":38.591498764255576},"StdDev":{"confidence_interval":{"confidence_level":0.95,"lower_bound":201.11336419346722,"upper_bound":269.9650640289842},"point_estimate":239.1551206843373,"standard_error":17.506977172988762}}