{"Mean":{"confidence_interval":{"confidence_level":0.95,"lower_bound":1402.4694300429198,"upper_bound":1402.8745049648612},"point_estimate":1402.6516755710127,"standard_error":0.10373355584774326},"Median":{"confidence_interval":{"confidence_level":0.95,"lower_bound":1402.317773124769,"upper_bound":1402.378595835402},"point_estimate":1402.3616168138644,"standard_error":0.017216554492539487},"MedianAbsDev":{"confidence_interval":{"confidence_level":0.95,"lower_bound":0.08670125892794277,"upper_bound":0.15809999719341977},"point_estimate":0.13183087435649365,"standard_error":0.01967854398171946},"Slope":{"confidence_interval":{"confidence_level":0.95,"lower_bound":1402.418951389387,"upper_bound":1402.86347836944},"point_estimate":1402.6186556656596,"standard_error":0.11460432600573002},"StdDev":{"confidence_interval":{"confidence_level":0.95,"lower_bound":0.5330385302332118,"upper_bound":1.482903037670144},"point_estimate":1.045430077972907,"standard_error":0.24381407977234018}}