{"Mean":{"confidence_interval":{"confidence_level":0.95,"lower_bound":21075.000730504005,"upper_bound":21082.289969273064},"point_estimate":21078.48412836045,"standard_error":1.8616560909941344},"Median":{"confidence_interval":{"confidence_level":0.95,"lower_bound":21070.37655560016,"upper_bound":21079.028631468347},"point_estimate":21074.846509016035,"standard_error":2.844929166453793},"MedianAbsDev":{"confidence_interval":{"confidence_level":0.95,"lower_bound":11.152497198419976,"upper_bound":20.630150966481875},"point_estimate":15.04940663371553,"standard_error":2.4353729853466257},"Slope":{"confidence_interval":{"confidence_level":0.95,"lower_bound":21066.902473564835,"upper_bound":21074.80385772732},"point_estimate":21070.47191369883,"standard_error":2.0186829444160406},"StdDev":{"confidence_interval":{"confidence_level":0.95,"lower_bound":13.882037929945863,"upper_bound":24.031489786574458},"point_estimate":18.6739484512827,"standard_error":2.725937946995545}}