{"Mean":{"confidence_interval":{"confidence_level":0.95,"lower_bound":289958.0034129348,"upper_bound":291228.9345898161},"point_estimate":290478.4130386254,"standard_error":333.9649961419465},"Median":{"confidence_interval":{"confidence_level":0.95,"lower_bound":289367.7527006173,"upper_bound":289796.6471125731},"point_estimate":289545.9797297297,"standard_error":112.25570302047403},"MedianAbsDev":{"confidence_interval":{"confidence_level":0.95,"lower_bound":421.4480539695705,"upper_bound":987.430612660137},"point_estimate":655.9057771319058,"standard_error":142.87620453934778},"Slope":{"confidence_interval":{"confidence_level":0.95,"lower_bound":289463.73747997463,"upper_bound":289970.1538281739},"point_estimate":289701.05108763115,"standard_error":129.69846688038191},"StdDev":{"confidence_interval":{"confidence_level":0.95,"lower_bound":1234.2559201904207,"upper_bound":5405.003834256783},"point_estimate":3367.0070144886654,"standard_error":1349.7985444588567}}