{"Mean":{"confidence_interval":{"confidence_level":0.95,"lower_bound":12739.50569856161,"upper_bound":12920.048563956827},"point_estimate":12820.687522356784,"standard_error":46.3372954437126},"Median":{"confidence_interval":{"confidence_level":0.95,"lower_bound":12684.499566476166,"upper_bound":12721.805344718532},"point_estimate":12706.498666158537,"standard_error":9.240570913695452},"MedianAbsDev":{"confidence_interval":{"confidence_level":0.95,"lower_bound":63.75032401095226,"upper_bound":96.22766851220597},"point_estimate":81.56079602861134,"standard_error":8.043834162794122},"Slope":{"confidence_interval":{"confidence_level":0.95,"lower_bound":12744.029674536474,"upper_bound":13004.206090454392},"point_estimate":12860.367379540852,"standard_error":66.85251323587484},"StdDev":{"confidence_interval":{"confidence_level":0.95,"lower_bound":238.83509576473807,"upper_bound":645.1192834954022},"point_estimate":463.48346714422917,"standard_error":103.64515239005142}}