{"Mean":{"confidence_interval":{"confidence_level":0.95,"lower_bound":9516.29340952075,"upper_bound":9525.119748419987},"point_estimate":9519.584153502334,"standard_error":2.448813951771808},"Median":{"confidence_interval":{"confidence_level":0.95,"lower_bound":9515.215330444204,"upper_bound":9515.91781025465},"point_estimate":9515.431895032052,"standard_error":0.17350666448806748},"MedianAbsDev":{"confidence_interval":{"confidence_level":0.95,"lower_bound":1.0245024127759728,"upper_bound":1.8757136030623685},"point_estimate":1.4080957610597256,"standard_error":0.21409905201070217},"Slope":{"confidence_interval":{"confidence_level":0.95,"lower_bound":9515.771588434325,"upper_bound":9518.729966132109},"point_estimate":9517.099462692251,"standard_error":0.758767375999411},"StdDev":{"confidence_interval":{"confidence_level":0.95,"lower_bound":4.365962151521255,"upper_bound":41.23972628336984},"point_estimate":24.575647127673083,"standard_error":12.34086536339504}}