{"Mean":{"confidence_interval":{"confidence_level":0.95,"lower_bound":3618675.280362058,"upper_bound":3655608.626170496},"point_estimate":3634500.414365125,"standard_error":9522.943298491082},"Median":{"confidence_interval":{"confidence_level":0.95,"lower_bound":3601154.3333333335,"upper_bound":3610318.4857142856},"point_estimate":3604941.1157142855,"standard_error":2481.78617785759},"MedianAbsDev":{"confidence_interval":{"confidence_level":0.95,"lower_bound":8680.482272134037,"upper_bound":20516.653296435063},"point_estimate":12774.662036141546,"standard_error":3236.439662814974},"Slope":{"confidence_interval":{"confidence_level":0.95,"lower_bound":3607314.444859937,"upper_bound":3621968.375171938},"point_estimate":3613937.661031476,"standard_error":3757.496618094596},"StdDev":{"confidence_interval":{"confidence_level":0.95,"lower_bound":39766.63485825528,"upper_bound":148019.40471018586},"point_estimate":95993.06201513173,"standard_error":30912.481141868495}}