{"Mean":{"confidence_interval":{"confidence_level":0.95,"lower_bound":21126173.01172754,"upper_bound":21161293.434873927},"point_estimate":21142624.095875587,"standard_error":8967.354079320949},"Median":{"confidence_interval":{"confidence_level":0.95,"lower_bound":21096418.222222224,"upper_bound":21107462.09375},"point_estimate":21101009.46388889,"standard_error":2659.5037335882344},"MedianAbsDev":{"confidence_interval":{"confidence_level":0.95,"lower_bound":9442.069707772456,"upper_bound":26097.81300796535},"point_estimate":15336.758390913705,"standard_error":4031.506541548073},"Slope":{"confidence_interval":{"confidence_level":0.95,"lower_bound":21124706.27974191,"upper_bound":21162005.602009475},"point_estimate":21142501.77693808,"standard_error":9526.139241874354},"StdDev":{"confidence_interval":{"confidence_level":0.95,"lower_bound":62980.05150565703,"upper_bound":114581.03944821286},"point_estimate":90197.94287655473,"standard_error":13207.861552582193}}