{"Mean":{"confidence_interval":{"confidence_level":0.95,"lower_bound":1727808.7942328076,"upper_bound":1761616.1032069998},"point_estimate":1743616.2309141848,"standard_error":8646.259648106226},"Median":{"confidence_interval":{"confidence_level":0.95,"lower_bound":1705639.3378378379,"upper_bound":1710032.9154929577},"point_estimate":1706443.971264368,"standard_error":1169.8385694686888},"MedianAbsDev":{"confidence_interval":{"confidence_level":0.95,"lower_bound":4994.446679725483,"upper_bound":10754.76820420644},"point_estimate":6479.508419938706,"standard_error":1464.5441480096247},"Slope":{"confidence_interval":{"confidence_level":0.95,"lower_bound":1709408.6281168668,"upper_bound":1725534.9644240278},"point_estimate":1716750.8740682725,"standard_error":4135.98462105647},"StdDev":{"confidence_interval":{"confidence_level":0.95,"lower_bound":60450.02902813756,"upper_bound":108814.51821138037},"point_estimate":86953.98451197623,"standard_error":12300.183779435501}}