{"Mean":{"confidence_interval":{"confidence_level":0.95,"lower_bound":2023878.1798538007,"upper_bound":2028160.193882775},"point_estimate":2025749.0332056622,"standard_error":1099.406796639944},"Median":{"confidence_interval":{"confidence_level":0.95,"lower_bound":2022956.1020408163,"upper_bound":2024503.4090909092},"point_estimate":2023817.3833333333,"standard_error":412.3086433458221},"MedianAbsDev":{"confidence_interval":{"confidence_level":0.95,"lower_bound":2371.8288608551006,"upper_bound":5605.204585474741},"point_estimate":3319.5205206036467,"standard_error":847.8711923268985},"Slope":{"confidence_interval":{"confidence_level":0.95,"lower_bound":2022443.5422022068,"upper_bound":2024324.1455563433},"point_estimate":2023360.7600916212,"standard_error":483.7021011962458},"StdDev":{"confidence_interval":{"confidence_level":0.95,"lower_bound":4705.287145646762,"upper_bound":16867.958257986535},"point_estimate":11111.810863849272,"standard_error":3342.6246762513733}}