{"Mean":{"confidence_interval":{"confidence_level":0.95,"lower_bound":852.5310032657458,"upper_bound":853.407090779964},"point_estimate":852.9460183284369,"standard_error":0.2239096784387096},"Median":{"confidence_interval":{"confidence_level":0.95,"lower_bound":852.2646767970807,"upper_bound":853.3066539013488},"point_estimate":852.9703735713565,"standard_error":0.2627168966102704},"MedianAbsDev":{"confidence_interval":{"confidence_level":0.95,"lower_bound":0.8388830930465928,"upper_bound":1.7367569327142942},"point_estimate":1.2453248633325347,"standard_error":0.2297680631532072},"Slope":{"confidence_interval":{"confidence_level":0.95,"lower_bound":852.2367339484679,"upper_bound":852.9600602017613},"point_estimate":852.5869445842618,"standard_error":0.18414676745400485},"StdDev":{"confidence_interval":{"confidence_level":0.95,"lower_bound":1.5389461831322673,"upper_bound":2.8657590508980237},"point_estimate":2.251235229434342,"standard_error":0.340027043512398}}