{"Mean":{"confidence_interval":{"confidence_level":0.95,"lower_bound":192768.39462429492,"upper_bound":192943.8560869102},"point_estimate":192845.84464940504,"standard_error":45.08060340624046},"Median":{"confidence_interval":{"confidence_level":0.95,"lower_bound":192735.79968479119,"upper_bound":192924.25308641975},"point_estimate":192851.39273504273,"standard_error":54.35764850326285},"MedianAbsDev":{"confidence_interval":{"confidence_level":0.95,"lower_bound":219.01486560471926,"upper_bound":347.1225746430281},"point_estimate":284.6507248079927,"standard_error":31.28246259662126},"Slope":{"confidence_interval":{"confidence_level":0.95,"lower_bound":192783.74705532653,"upper_bound":192910.32945560283},"point_estimate":192847.63362592977,"standard_error":32.3208349601445},"StdDev":{"confidence_interval":{"confidence_level":0.95,"lower_bound":241.4918571619695,"upper_bound":689.1766519671942},"point_estimate":455.1857797667119,"standard_error":138.0488173680933}}