{"Mean":{"confidence_interval":{"confidence_level":0.95,"lower_bound":1901.2727971987022,"upper_bound":1902.421007203321},"point_estimate":1901.8275903969013,"standard_error":0.2929664139972485},"Median":{"confidence_interval":{"confidence_level":0.95,"lower_bound":1899.8581787161443,"upper_bound":1903.2127719129878},"point_estimate":1902.6952284967806,"standard_error":1.1712473449878888},"MedianAbsDev":{"confidence_interval":{"confidence_level":0.95,"lower_bound":1.3757405940985066,"upper_bound":4.658607316525274},"point_estimate":3.9331882618789424,"standard_error":0.9200652100096773},"Slope":{"confidence_interval":{"confidence_level":0.95,"lower_bound":1900.7161616045241,"upper_bound":1901.9372508100587},"point_estimate":1901.312574657357,"standard_error":0.3118915070713288},"StdDev":{"confidence_interval":{"confidence_level":0.95,"lower_bound":2.330973519835999,"upper_bound":3.6713427291107297},"point_estimate":2.9473800347599806,"standard_error":0.35750185930002926}}