{"Mean":{"confidence_interval":{"confidence_level":0.95,"lower_bound":215400.8959734869,"upper_bound":215425.3990463745},"point_estimate":215410.31011800934,"standard_error":6.524395401343714},"Median":{"confidence_interval":{"confidence_level":0.95,"lower_bound":215397.2243902439,"upper_bound":215402.1},"point_estimate":215399.99258373206,"standard_error":1.1718552282222894},"MedianAbsDev":{"confidence_interval":{"confidence_level":0.95,"lower_bound":7.074967074390083,"upper_bound":12.723656696122067},"point_estimate":9.130612593322644,"standard_error":1.3818782057721828},"Slope":{"confidence_interval":{"confidence_level":0.95,"lower_bound":215396.9624927253,"upper_bound":215401.10607361177},"point_estimate":215398.91723718043,"standard_error":1.058732675298243},"StdDev":{"confidence_interval":{"confidence_level":0.95,"lower_bound":14.835346060231826,"upper_bound":108.37365317438811},"point_estimate":65.34707902798358,"standard_error":29.6917065353741}}