{"Mean":{"confidence_interval":{"confidence_level":0.95,"lower_bound":14364390.28111464,"upper_bound":14416436.022170711},"point_estimate":14386001.691635616,"standard_error":13568.985007523828},"Median":{"confidence_interval":{"confidence_level":0.95,"lower_bound":14345707.774169877,"upper_bound":14355010.066666666},"point_estimate":14349098.581896551,"standard_error":2481.3402837807575},"MedianAbsDev":{"confidence_interval":{"confidence_level":0.95,"lower_bound":13265.679962132728,"upper_bound":25374.47652986218},"point_estimate":17281.823844972216,"standard_error":2951.651017697147},"Slope":{"confidence_interval":{"confidence_level":0.95,"lower_bound":14364013.951428123,"upper_bound":14393709.510755144},"point_estimate":14378045.825715974,"standard_error":7575.648138757148},"StdDev":{"confidence_interval":{"confidence_level":0.95,"lower_bound":50088.82710679036,"upper_bound":215881.85080611779},"point_estimate":135896.51853942452,"standard_error":50561.67692903688}}