{"Mean":{"confidence_interval":{"confidence_level":0.95,"lower_bound":14012759.894755835,"upper_bound":14045302.140478194},"point_estimate":14027690.052508669,"standard_error":8351.306464868021},"Median":{"confidence_interval":{"confidence_level":0.95,"lower_bound":13994122.514935065,"upper_bound":14004167.583333334},"point_estimate":13997814.661220044,"standard_error":3060.1034901656985},"MedianAbsDev":{"confidence_interval":{"confidence_level":0.95,"lower_bound":12952.260687323263,"upper_bound":27252.863697088364},"point_estimate":18140.711983403373,"standard_error":3687.019063210559},"Slope":{"confidence_interval":{"confidence_level":0.95,"lower_bound":14007823.392257912,"upper_bound":14033335.88374335},"point_estimate":14019878.2926378,"standard_error":6527.0889418652105},"StdDev":{"confidence_interval":{"confidence_level":0.95,"lower_bound":48554.26962281004,"upper_bound":112772.4268172609},"point_estimate":83982.93064211805,"standard_error":16203.487247833937}}