{"Mean":{"confidence_interval":{"confidence_level":0.95,"lower_bound":67028.63521865132,"upper_bound":67032.3584183963},"point_estimate":67030.39317772636,"standard_error":0.9543370480155928},"Median":{"confidence_interval":{"confidence_level":0.95,"lower_bound":67027.70354609929,"upper_bound":67029.67058134083},"point_estimate":67028.38301445579,"standard_error":0.531843359705277},"MedianAbsDev":{"confidence_interval":{"confidence_level":0.95,"lower_bound":3.550509803278007,"upper_bound":7.247020218077097},"point_estimate":4.724593884627573,"standard_error":1.03843720467319},"Slope":{"confidence_interval":{"confidence_level":0.95,"lower_bound":67026.7972710449,"upper_bound":67028.7825573813},"point_estimate":67027.76262036353,"standard_error":0.5061042451905384},"StdDev":{"confidence_interval":{"confidence_level":0.95,"lower_bound":6.274868921614175,"upper_bound":12.836609373664738},"point_estimate":9.624219576123656,"standard_error":1.7079988396748498}}