{"Mean":{"confidence_interval":{"confidence_level":0.95,"lower_bound":16335.236166243463,"upper_bound":16346.561536617504},"point_estimate":16339.660125946293,"standard_error":3.004218152121315},"Median":{"confidence_interval":{"confidence_level":0.95,"lower_bound":16332.896423248882,"upper_bound":16334.06985032074},"point_estimate":16333.551426105148,"standard_error":0.2700609545418028},"MedianAbsDev":{"confidence_interval":{"confidence_level":0.95,"lower_bound":1.5749445297967648,"upper_bound":2.6351805358512155},"point_estimate":2.135373130011752,"standard_error":0.27019260582570037},"Slope":{"confidence_interval":{"confidence_level":0.95,"lower_bound":16333.861015392753,"upper_bound":16338.318275826627},"point_estimate":16335.906805010816,"standard_error":1.1449528010923478},"StdDev":{"confidence_interval":{"confidence_level":0.95,"lower_bound":7.554473071066143,"upper_bound":49.791485285536524},"point_estimate":30.26309591200945,"standard_error":13.429154122356065}}