{"Mean":{"confidence_interval":{"confidence_level":0.95,"lower_bound":993.9684656847356,"upper_bound":994.6805914531399},"point_estimate":994.2948084669816,"standard_error":0.18224913046656427},"Median":{"confidence_interval":{"confidence_level":0.95,"lower_bound":993.7159679286916,"upper_bound":994.2808349900596},"point_estimate":994.0998852247341,"standard_error":0.16796612226466187},"MedianAbsDev":{"confidence_interval":{"confidence_level":0.95,"lower_bound":0.7577765057581408,"upper_bound":1.3032537241193396},"point_estimate":1.009341139709023,"standard_error":0.137984774938926},"Slope":{"confidence_interval":{"confidence_level":0.95,"lower_bound":993.5559616010612,"upper_bound":994.4155489359714},"point_estimate":993.932140371896,"standard_error":0.2220032122981653},"StdDev":{"confidence_interval":{"confidence_level":0.95,"lower_bound":1.0665917952625543,"upper_bound":2.513317846954287},"point_estimate":1.8243864356352437,"standard_error":0.37390546837270344}}