{"Mean":{"confidence_interval":{"confidence_level":0.95,"lower_bound":856.7793766137937,"upper_bound":857.6239677153598},"point_estimate":857.1806807509198,"standard_error":0.21590431783549902},"Median":{"confidence_interval":{"confidence_level":0.95,"lower_bound":856.7394354148845,"upper_bound":857.426005132592},"point_estimate":857.021083343517,"standard_error":0.14169252499658633},"MedianAbsDev":{"confidence_interval":{"confidence_level":0.95,"lower_bound":1.076407006014931,"upper_bound":1.8485205717795086},"point_estimate":1.4310078358350817,"standard_error":0.20006873312664317},"Slope":{"confidence_interval":{"confidence_level":0.95,"lower_bound":856.4899764925719,"upper_bound":857.3272084130441},"point_estimate":856.8987549450909,"standard_error":0.21422501003054234},"StdDev":{"confidence_interval":{"confidence_level":0.95,"lower_bound":1.4951479913827854,"upper_bound":2.801420582064855},"point_estimate":2.177352687132816,"standard_error":0.33498066453776404}}