{"Mean":{"confidence_interval":{"confidence_level":0.95,"lower_bound":313013.79595796583,"upper_bound":313350.3177307935},"point_estimate":313166.63200234325,"standard_error":86.49106452658715},"Median":{"confidence_interval":{"confidence_level":0.95,"lower_bound":312916.125,"upper_bound":313055.23913043475},"point_estimate":312965.18765356264,"standard_error":30.28815604179559},"MedianAbsDev":{"confidence_interval":{"confidence_level":0.95,"lower_bound":227.41115730014567,"upper_bound":484.3545447391639},"point_estimate":319.8492395918465,"standard_error":70.21705359737373},"Slope":{"confidence_interval":{"confidence_level":0.95,"lower_bound":312839.31991578493,"upper_bound":313039.00893401494},"point_estimate":312936.0765841584,"standard_error":50.983402024226336},"StdDev":{"confidence_interval":{"confidence_level":0.95,"lower_bound":479.04539628340206,"upper_bound":1226.516904638302},"point_estimate":866.2489416850835,"standard_error":195.56563335225883}}