{"Mean":{"confidence_interval":{"confidence_level":0.95,"lower_bound":1710.7958893387497,"upper_bound":1712.157980553036},"point_estimate":1711.369787021337,"standard_error":0.35220619784198004},"Median":{"confidence_interval":{"confidence_level":0.95,"lower_bound":1710.426762069249,"upper_bound":1710.4716713100129},"point_estimate":1710.4421358983905,"standard_error":0.01124098443531661},"MedianAbsDev":{"confidence_interval":{"confidence_level":0.95,"lower_bound":0.058445680658234495,"upper_bound":0.13238648313611134},"point_estimate":0.08986726083001019,"standard_error":0.019027264978609345},"Slope":{"confidence_interval":{"confidence_level":0.95,"lower_bound":1710.636897766647,"upper_bound":1711.575912176816},"point_estimate":1711.0242131975938,"standard_error":0.24497178588589708},"StdDev":{"confidence_interval":{"confidence_level":0.95,"lower_bound":1.052126480625102,"upper_bound":5.570463690885558},"point_estimate":3.545317816404092,"standard_error":1.2151535208530562}}