{"Mean":{"confidence_interval":{"confidence_level":0.95,"lower_bound":27670.76331135624,"upper_bound":27865.79071400333},"point_estimate":27759.032754349442,"standard_error":50.0547501487097},"Median":{"confidence_interval":{"confidence_level":0.95,"lower_bound":27627.266247379455,"upper_bound":27685.324305555554},"point_estimate":27647.69943019943,"standard_error":16.600870533904214},"MedianAbsDev":{"confidence_interval":{"confidence_level":0.95,"lower_bound":92.64006088141491,"upper_bound":183.5266578528608},"point_estimate":130.12941573469317,"standard_error":23.9389245658477},"Slope":{"confidence_interval":{"confidence_level":0.95,"lower_bound":27643.462339725036,"upper_bound":27878.280511184297},"point_estimate":27729.60277285191,"standard_error":64.82249287701137},"StdDev":{"confidence_interval":{"confidence_level":0.95,"lower_bound":255.04244807191205,"upper_bound":711.2014214353164},"point_estimate":501.84495480018455,"standard_error":117.2853345475162}}