{"Mean":{"confidence_interval":{"confidence_level":0.95,"lower_bound":309.997925821963,"upper_bound":310.2975262622758},"point_estimate":310.1389217838231,"standard_error":0.07671613515075013},"Median":{"confidence_interval":{"confidence_level":0.95,"lower_bound":309.7347724364102,"upper_bound":309.8523556189857},"point_estimate":309.7748136102317,"standard_error":0.02871691229476155},"MedianAbsDev":{"confidence_interval":{"confidence_level":0.95,"lower_bound":0.08688145992374713,"upper_bound":0.2524928076381122},"point_estimate":0.14135891597047975,"standard_error":0.0385250135240581},"Slope":{"confidence_interval":{"confidence_level":0.95,"lower_bound":310.02986951963226,"upper_bound":310.3162134270817},"point_estimate":310.17084242396294,"standard_error":0.07336635247701287},"StdDev":{"confidence_interval":{"confidence_level":0.95,"lower_bound":0.5435440179230473,"upper_bound":0.9839380919538624},"point_estimate":0.7714861021215054,"standard_error":0.11367041748676956}}