{"Mean":{"confidence_interval":{"confidence_level":0.95,"lower_bound":128.0708658103758,"upper_bound":128.1688279902942},"point_estimate":128.111009602634,"standard_error":0.02561340389469777},"Median":{"confidence_interval":{"confidence_level":0.95,"lower_bound":128.0492353539087,"upper_bound":128.0517723156533},"point_estimate":128.0503165044031,"standard_error":0.000690928167683426},"MedianAbsDev":{"confidence_interval":{"confidence_level":0.95,"lower_bound":0.005829005824418484,"upper_bound":0.012404097757752329},"point_estimate":0.008891193498141634,"standard_error":0.0017140115253653002},"Slope":{"confidence_interval":{"confidence_level":0.95,"lower_bound":128.06451727699763,"upper_bound":128.14929712052677},"point_estimate":128.0984685813564,"standard_error":0.022277780033924898},"StdDev":{"confidence_interval":{"confidence_level":0.95,"lower_bound":0.07502238316060465,"upper_bound":0.4150909010033875},"point_estimate":0.2582909064480019,"standard_error":0.10057355515261428}}