{"Mean":{"confidence_interval":{"confidence_level":0.95,"lower_bound":4556211.789853307,"upper_bound":4579183.989889784},"point_estimate":4565405.471123618,"standard_error":6034.313507267537},"Median":{"confidence_interval":{"confidence_level":0.95,"lower_bound":4549937.413793104,"upper_bound":4554674.20967742},"point_estimate":4552105.673199153,"standard_error":1089.0602410245247},"MedianAbsDev":{"confidence_interval":{"confidence_level":0.95,"lower_bound":4961.67915496052,"upper_bound":10300.989646635591},"point_estimate":7653.0404127246065,"standard_error":1467.6350445113242},"Slope":{"confidence_interval":{"confidence_level":0.95,"lower_bound":4551374.160219376,"upper_bound":4564411.796026793},"point_estimate":4557029.589779814,"standard_error":3348.9031102751496},"StdDev":{"confidence_interval":{"confidence_level":0.95,"lower_bound":18317.976837773207,"upper_bound":98574.87765734909},"point_estimate":60779.09060399057,"standard_error":25201.123631138194}}