{"Mean":{"confidence_interval":{"confidence_level":0.95,"lower_bound":4546677.136156473,"upper_bound":4578085.738971273},"point_estimate":4561003.841462946,"standard_error":8050.887165939083},"Median":{"confidence_interval":{"confidence_level":0.95,"lower_bound":4531408.484959647,"upper_bound":4535185.545490196},"point_estimate":4533618.076923077,"standard_error":1044.3803470080563},"MedianAbsDev":{"confidence_interval":{"confidence_level":0.95,"lower_bound":5291.983226882256,"upper_bound":10200.181621868533},"point_estimate":8312.782949649227,"standard_error":1287.9964277734414},"Slope":{"confidence_interval":{"confidence_level":0.95,"lower_bound":4537525.954889175,"upper_bound":4562427.604064687},"point_estimate":4548781.21601596,"standard_error":6393.75193464353},"StdDev":{"confidence_interval":{"confidence_level":0.95,"lower_bound":46976.12237397469,"upper_bound":111528.23556908697},"point_estimate":80938.86987772271,"standard_error":16698.490997572895}}