{"Mean":{"confidence_interval":{"confidence_level":0.95,"lower_bound":3240.884207103449,"upper_bound":3246.774712127368},"point_estimate":3242.9659392097365,"standard_error":1.770832653380603},"Median":{"confidence_interval":{"confidence_level":0.95,"lower_bound":3240.133689839572,"upper_bound":3240.3905949541368},"point_estimate":3240.243839043108,"standard_error":0.06506672576165634},"MedianAbsDev":{"confidence_interval":{"confidence_level":0.95,"lower_bound":0.3062083319540422,"upper_bound":0.6542001084738097},"point_estimate":0.4295381214591767,"standard_error":0.090999724436161},"Slope":{"confidence_interval":{"confidence_level":0.95,"lower_bound":3240.821153933089,"upper_bound":3242.2170112344725},"point_estimate":3241.472079362458,"standard_error":0.35800877548893606},"StdDev":{"confidence_interval":{"confidence_level":0.95,"lower_bound":1.689692615292678,"upper_bound":30.245066108419447},"point_estimate":17.722534192529107,"standard_error":10.10790867750201}}