{"Mean":{"confidence_interval":{"confidence_level":0.95,"lower_bound":309.7273016681648,"upper_bound":309.9342679132503},"point_estimate":309.80200605626146,"standard_error":0.05994974407577656},"Median":{"confidence_interval":{"confidence_level":0.95,"lower_bound":309.7148911789087,"upper_bound":309.7344147857235},"point_estimate":309.72788014551156,"standard_error":0.005388228355253138},"MedianAbsDev":{"confidence_interval":{"confidence_level":0.95,"lower_bound":0.02688142626493903,"upper_bound":0.04229507131035191},"point_estimate":0.03598723089217426,"standard_error":0.004192065842082463},"Slope":{"confidence_interval":{"confidence_level":0.95,"lower_bound":309.720602741355,"upper_bound":310.1376162494291},"point_estimate":309.85522437349186,"standard_error":0.12248537639190116},"StdDev":{"confidence_interval":{"confidence_level":0.95,"lower_bound":0.0582011202701123,"upper_bound":1.0231713585979079},"point_estimate":0.6020982809357667,"standard_error":0.3275810255914156}}