{"Mean":{"confidence_interval":{"confidence_level":0.95,"lower_bound":18728837.533182353,"upper_bound":18762042.676692735},"point_estimate":18744504.823983785,"standard_error":8502.322561199677},"Median":{"confidence_interval":{"confidence_level":0.95,"lower_bound":18706897.152941175,"upper_bound":18716963.666666668},"point_estimate":18709662.073870573,"standard_error":2614.4260366545163},"MedianAbsDev":{"confidence_interval":{"confidence_level":0.95,"lower_bound":14298.436494228294,"upper_bound":25524.27035714963},"point_estimate":17402.11477889656,"standard_error":2723.095550581505},"Slope":{"confidence_interval":{"confidence_level":0.95,"lower_bound":18721456.646682717,"upper_bound":18751926.82844942},"point_estimate":18736014.391021132,"standard_error":7790.794451086597},"StdDev":{"confidence_interval":{"confidence_level":0.95,"lower_bound":61459.067601028764,"upper_bound":105753.8709895398},"point_estimate":85261.1002604302,"standard_error":11322.450118321474}}