{"Mean":{"confidence_interval":{"confidence_level":0.95,"lower_bound":2713.2860856920834,"upper_bound":2714.2891998566743},"point_estimate":2713.718737009716,"standard_error":0.2589566220535765},"Median":{"confidence_interval":{"confidence_level":0.95,"lower_bound":2713.017551945787,"upper_bound":2713.0913348946137},"point_estimate":2713.048784690448,"standard_error":0.02110262000665129},"MedianAbsDev":{"confidence_interval":{"confidence_level":0.95,"lower_bound":0.09687751972994647,"upper_bound":0.2039110438567917},"point_estimate":0.15391595423451007,"standard_error":0.028401623182133063},"Slope":{"confidence_interval":{"confidence_level":0.95,"lower_bound":2713.200860762712,"upper_bound":2714.903466714125},"point_estimate":2713.8871602545623,"standard_error":0.44881042810862587},"StdDev":{"confidence_interval":{"confidence_level":0.95,"lower_bound":1.0329952821462287,"upper_bound":3.9806960824297684},"point_estimate":2.602646956822939,"standard_error":0.8000726898905979}}