{"Mean":{"confidence_interval":{"confidence_level":0.95,"lower_bound":505103.1438963113,"upper_bound":508167.18125998735},"point_estimate":506475.16208921396,"standard_error":787.8570870948867},"Median":{"confidence_interval":{"confidence_level":0.95,"lower_bound":503877.73322422255,"upper_bound":504629.96},"point_estimate":504062.3125,"standard_error":199.73606776274946},"MedianAbsDev":{"confidence_interval":{"confidence_level":0.95,"lower_bound":945.8694400824836,"upper_bound":1769.0155441618817},"point_estimate":1249.6824971832607,"standard_error":207.54350326207066},"Slope":{"confidence_interval":{"confidence_level":0.95,"lower_bound":503944.15853358933,"upper_bound":506304.418145153},"point_estimate":504837.06315797253,"standard_error":637.8945422783004},"StdDev":{"confidence_interval":{"confidence_level":0.95,"lower_bound":3988.1737590582948,"upper_bound":10957.117988882055},"point_estimate":7919.421513587003,"standard_error":1767.505456252091}}