{"Mean":{"confidence_interval":{"confidence_level":0.95,"lower_bound":12182483.276209814,"upper_bound":12191712.180037634},"point_estimate":12186667.115760472,"standard_error":2345.3395701174536},"Median":{"confidence_interval":{"confidence_level":0.95,"lower_bound":12179627.075,"upper_bound":12186688.448275862},"point_estimate":12182441.470516432,"standard_error":1606.0045807104093},"MedianAbsDev":{"confidence_interval":{"confidence_level":0.95,"lower_bound":9886.935953881615,"upper_bound":16705.319868510567},"point_estimate":12712.759390970225,"standard_error":1756.9288271456683},"Slope":{"confidence_interval":{"confidence_level":0.95,"lower_bound":12179551.190029174,"upper_bound":12188965.426670516},"point_estimate":12183717.303289494,"standard_error":2396.358216367978},"StdDev":{"confidence_interval":{"confidence_level":0.95,"lower_bound":14172.5430492832,"upper_bound":34079.81904066},"point_estimate":23550.884432893014,"standard_error":5925.302602904197}}