{"Mean":{"confidence_interval":{"confidence_level":0.95,"lower_bound":53876650.40040348,"upper_bound":53891759.029924385},"point_estimate":53884081.3658945,"standard_error":3856.602586370436},"Median":{"confidence_interval":{"confidence_level":0.95,"lower_bound":53862176.20833333,"upper_bound":53874789.26923077},"point_estimate":53869040.60340909,"standard_error":3434.803007209194},"MedianAbsDev":{"confidence_interval":{"confidence_level":0.95,"lower_bound":17098.243759365992,"upper_bound":40515.78634812262},"point_estimate":25789.726418502905,"standard_error":6173.450653431107},"Slope":{"confidence_interval":{"confidence_level":0.95,"lower_bound":53884798.28533191,"upper_bound":53904545.92883491},"point_estimate":53894769.68946062,"standard_error":5040.364110061895},"StdDev":{"confidence_interval":{"confidence_level":0.95,"lower_bound":34559.90560012508,"upper_bound":42114.49412142653},"point_estimate":38832.32584538525,"standard_error":1924.3595075404965}}