{"Mean":{"confidence_interval":{"confidence_level":0.95,"lower_bound":887966.4327506379,"upper_bound":888086.7534460297},"point_estimate":888027.299213799,"standard_error":30.537054849437464},"Median":{"confidence_interval":{"confidence_level":0.95,"lower_bound":887942.4011243386,"upper_bound":888044.9489514652},"point_estimate":888001.6445668694,"standard_error":26.900184013533476},"MedianAbsDev":{"confidence_interval":{"confidence_level":0.95,"lower_bound":165.288412296915,"upper_bound":265.4938301269862},"point_estimate":202.60397562247496,"standard_error":25.202947315233157},"Slope":{"confidence_interval":{"confidence_level":0.95,"lower_bound":887933.7473020776,"upper_bound":888011.0883496149},"point_estimate":887971.4005689375,"standard_error":19.675227631706694},"StdDev":{"confidence_interval":{"confidence_level":0.95,"lower_bound":227.69051768079646,"upper_bound":390.61018996672277},"point_estimate":307.0643747513337,"standard_error":42.29241883414526}}