{"Mean":{"confidence_interval":{"confidence_level":0.95,"lower_bound":857467.4228480369,"upper_bound":864263.150160191},"point_estimate":860615.3170705513,"standard_error":1743.9263453474096},"Median":{"confidence_interval":{"confidence_level":0.95,"lower_bound":855254.65758547,"upper_bound":859581.485609103},"point_estimate":857849.9118852459,"standard_error":1006.6592413952284},"MedianAbsDev":{"confidence_interval":{"confidence_level":0.95,"lower_bound":6817.873119458598,"upper_bound":12038.588636953142},"point_estimate":9640.920974476847,"standard_error":1380.416732466488},"Slope":{"confidence_interval":{"confidence_level":0.95,"lower_bound":860064.8268861477,"upper_bound":874827.8512716221},"point_estimate":866790.5193896852,"standard_error":3797.9308018627007},"StdDev":{"confidence_interval":{"confidence_level":0.95,"lower_bound":11053.797556167703,"upper_bound":23920.84312839961},"point_estimate":17488.2630367878,"standard_error":3390.3874069751496}}