{"Mean":{"confidence_interval":{"confidence_level":0.95,"lower_bound":1112794.4618321399,"upper_bound":1137114.8879956752},"point_estimate":1122089.9671321833,"standard_error":6569.319991873043},"Median":{"confidence_interval":{"confidence_level":0.95,"lower_bound":1108533.5303030303,"upper_bound":1109964.9214492752},"point_estimate":1109201.8979166667,"standard_error":349.2510021542645},"MedianAbsDev":{"confidence_interval":{"confidence_level":0.95,"lower_bound":2065.2392645549203,"upper_bound":4217.861155795072},"point_estimate":3196.3669352532056,"standard_error":549.7399911046557},"Slope":{"confidence_interval":{"confidence_level":0.95,"lower_bound":1108849.6374535665,"upper_bound":1118770.136371828},"point_estimate":1112877.2510063543,"standard_error":2629.9283072078424},"StdDev":{"confidence_interval":{"confidence_level":0.95,"lower_bound":14536.568077607863,"upper_bound":109838.69710841106},"point_estimate":66101.17674758405,"standard_error":31273.851823626286}}