{"Mean":{"confidence_interval":{"confidence_level":0.95,"lower_bound":2966696.6014530915,"upper_bound":2970215.008871709},"point_estimate":2968387.564538986,"standard_error":896.520360265823},"Median":{"confidence_interval":{"confidence_level":0.95,"lower_bound":2964532.4109589043,"upper_bound":2968540.7073170734},"point_estimate":2966491.461100569,"standard_error":963.3920235285957},"MedianAbsDev":{"confidence_interval":{"confidence_level":0.95,"lower_bound":4964.569036077542,"upper_bound":7973.8771075657905},"point_estimate":6529.557964135995,"standard_error":758.192047222393},"Slope":{"confidence_interval":{"confidence_level":0.95,"lower_bound":2964355.229511524,"upper_bound":2966462.5613699034},"point_estimate":2965382.61081129,"standard_error":537.4782902262632},"StdDev":{"confidence_interval":{"confidence_level":0.95,"lower_bound":6827.823604022635,"upper_bound":11059.149943010956},"point_estimate":8998.542709224828,"standard_error":1086.4118959710875}}