{"Mean":{"confidence_interval":{"confidence_level":0.95,"lower_bound":25018143.775244858,"upper_bound":25044067.49529436},"point_estimate":25030159.282484684,"standard_error":6626.1867078378},"Median":{"confidence_interval":{"confidence_level":0.95,"lower_bound":25014034.214285713,"upper_bound":25033575.19404762},"point_estimate":25027052.50436022,"standard_error":4809.529879426151},"MedianAbsDev":{"confidence_interval":{"confidence_level":0.95,"lower_bound":24637.459562270902,"upper_bound":40197.95207488279},"point_estimate":30149.18587952367,"standard_error":3916.5531050532736},"Slope":{"confidence_interval":{"confidence_level":0.95,"lower_bound":25023427.36857181,"upper_bound":25053599.570966274},"point_estimate":25036266.01629378,"standard_error":7778.556894893214},"StdDev":{"confidence_interval":{"confidence_level":0.95,"lower_bound":39127.22983085908,"upper_bound":92985.63991508869},"point_estimate":66802.7439851337,"standard_error":14198.97236083771}}