{"Mean":{"confidence_interval":{"confidence_level":0.95,"lower_bound":1998.593562888178,"upper_bound":1999.4875999362657},"point_estimate":1998.964145175196,"standard_error":0.23176563276334944},"Median":{"confidence_interval":{"confidence_level":0.95,"lower_bound":1998.4258012727869,"upper_bound":1998.4644001325673},"point_estimate":1998.4453655258326,"standard_error":0.011660929445473136},"MedianAbsDev":{"confidence_interval":{"confidence_level":0.95,"lower_bound":0.10782538539327857,"upper_bound":0.2793204778224366},"point_estimate":0.24092015668111577,"standard_error":0.042305316233830166},"Slope":{"confidence_interval":{"confidence_level":0.95,"lower_bound":1998.5603269646924,"upper_bound":1999.1524749058128},"point_estimate":1998.821778126296,"standard_error":0.15233488450694202},"StdDev":{"confidence_interval":{"confidence_level":0.95,"lower_bound":0.8219633604743596,"upper_bound":3.6749645879886086},"point_estimate":2.3211201878567076,"standard_error":0.8472342982443268}}