{"Mean":{"confidence_interval":{"confidence_level":0.95,"lower_bound":624296.9126463155,"upper_bound":633272.2293358125},"point_estimate":627895.7868959124,"standard_error":2373.2645519951984},"Median":{"confidence_interval":{"confidence_level":0.95,"lower_bound":622489.6440677966,"upper_bound":623293.1967213114},"point_estimate":622851.4551073926,"standard_error":217.34690649249697},"MedianAbsDev":{"confidence_interval":{"confidence_level":0.95,"lower_bound":1060.4605186731199,"upper_bound":2032.421956649985},"point_estimate":1339.8673664098883,"standard_error":264.726314654095},"Slope":{"confidence_interval":{"confidence_level":0.95,"lower_bound":622464.6007081814,"upper_bound":624477.5007518937},"point_estimate":623178.893240727,"standard_error":543.9447029430391},"StdDev":{"confidence_interval":{"confidence_level":0.95,"lower_bound":5778.701171267249,"upper_bound":38975.267556811035},"point_estimate":23900.59945073649,"standard_error":10052.835078366936}}