{"Mean":{"confidence_interval":{"confidence_level":0.95,"lower_bound":624889.9205441888,"upper_bound":644661.5765602783},"point_estimate":633037.1689098917,"standard_error":5220.16731612927},"Median":{"confidence_interval":{"confidence_level":0.95,"lower_bound":622385.4903846154,"upper_bound":623201.7448979592},"point_estimate":622705.7400500625,"standard_error":206.83216944098953},"MedianAbsDev":{"confidence_interval":{"confidence_level":0.95,"lower_bound":1061.9747896488939,"upper_bound":2109.2154062681348},"point_estimate":1556.6992355338534,"standard_error":273.71580132934355},"Slope":{"confidence_interval":{"confidence_level":0.95,"lower_bound":623417.2600099524,"upper_bound":628796.9500125732},"point_estimate":625766.640904389,"standard_error":1385.6630507230946},"StdDev":{"confidence_interval":{"confidence_level":0.95,"lower_bound":7816.673824410204,"upper_bound":81307.47487870922},"point_estimate":52172.7812473817,"standard_error":19920.36060632645}}