{"Mean":{"confidence_interval":{"confidence_level":0.95,"lower_bound":808268.8878538214,"upper_bound":813754.0317385028},"point_estimate":810696.6661292829,"standard_error":1409.0768132668004},"Median":{"confidence_interval":{"confidence_level":0.95,"lower_bound":806186.0325497288,"upper_bound":807103.7047491039},"point_estimate":806537.248748159,"standard_error":223.86421543115114},"MedianAbsDev":{"confidence_interval":{"confidence_level":0.95,"lower_bound":1022.3201224702188,"upper_bound":2062.7640798458833},"point_estimate":1358.9486689328887,"standard_error":281.8078644751227},"Slope":{"confidence_interval":{"confidence_level":0.95,"lower_bound":806991.20265718,"upper_bound":812352.1418338065},"point_estimate":809176.2378853258,"standard_error":1393.985437159291},"StdDev":{"confidence_interval":{"confidence_level":0.95,"lower_bound":6127.239185523688,"upper_bound":20358.044816602385},"point_estimate":14195.145249496927,"standard_error":3609.888675623309}}