{"Mean":{"confidence_interval":{"confidence_level":0.95,"lower_bound":4674077.212686472,"upper_bound":4689350.799169996},"point_estimate":4681092.614760319,"standard_error":3916.4420510577233},"Median":{"confidence_interval":{"confidence_level":0.95,"lower_bound":4665501.66,"upper_bound":4669679.721618358},"point_estimate":4667605.426145136,"standard_error":1100.7645114510394},"MedianAbsDev":{"confidence_interval":{"confidence_level":0.95,"lower_bound":6070.232535839676,"upper_bound":13498.636659997836},"point_estimate":9431.797555012505,"standard_error":1916.2287572303144},"Slope":{"confidence_interval":{"confidence_level":0.95,"lower_bound":4668043.067076665,"upper_bound":4682108.647130733},"point_estimate":4674398.13237476,"standard_error":3621.0625029382895},"StdDev":{"confidence_interval":{"confidence_level":0.95,"lower_bound":23052.425194375624,"upper_bound":53231.92736759831},"point_estimate":39592.18937215808,"standard_error":7669.191704233917}}