{"Mean":{"confidence_interval":{"confidence_level":0.95,"lower_bound":862367.8415013201,"upper_bound":862978.9211407797},"point_estimate":862621.3876212784,"standard_error":159.46367684082202},"Median":{"confidence_interval":{"confidence_level":0.95,"lower_bound":862197.1943108975,"upper_bound":862232.3868980963},"point_estimate":862211.5551470588,"standard_error":9.034803462510316},"MedianAbsDev":{"confidence_interval":{"confidence_level":0.95,"lower_bound":64.12721199516012,"upper_bound":133.90105406217154},"point_estimate":95.97892112364033,"standard_error":17.75125691953928},"Slope":{"confidence_interval":{"confidence_level":0.95,"lower_bound":862309.657958606,"upper_bound":862576.4705916381},"point_estimate":862427.913191961,"standard_error":68.51554677775543},"StdDev":{"confidence_interval":{"confidence_level":0.95,"lower_bound":464.64476907167983,"upper_bound":2550.1715816254555},"point_estimate":1602.9832496967072,"standard_error":587.4710676040281}}