{"Mean":{"confidence_interval":{"confidence_level":0.95,"lower_bound":979.5112027954626,"upper_bound":979.8853880118041},"point_estimate":979.6793395408081,"standard_error":0.09605952340505733},"Median":{"confidence_interval":{"confidence_level":0.95,"lower_bound":979.4090211752357,"upper_bound":979.5276552516908},"point_estimate":979.4695714564039,"standard_error":0.03352131363578365},"MedianAbsDev":{"confidence_interval":{"confidence_level":0.95,"lower_bound":0.2663139879047458,"upper_bound":0.5112265645558973},"point_estimate":0.39195732567353186,"standard_error":0.060735901650668556},"Slope":{"confidence_interval":{"confidence_level":0.95,"lower_bound":979.4507922712364,"upper_bound":980.1606672933993},"point_estimate":979.7424465824943,"standard_error":0.18682244346047325},"StdDev":{"confidence_interval":{"confidence_level":0.95,"lower_bound":0.513231691707299,"upper_bound":1.3830545529077694},"point_estimate":0.9657751023951956,"standard_error":0.2286461484812956}}