{"Mean":{"confidence_interval":{"confidence_level":0.95,"lower_bound":491511.16396774084,"upper_bound":495850.19316146633},"point_estimate":493462.4377430363,"standard_error":1114.4876234735996},"Median":{"confidence_interval":{"confidence_level":0.95,"lower_bound":489500.04275145824,"upper_bound":490127.1063218391},"point_estimate":489781.91528640443,"standard_error":152.37000980623804},"MedianAbsDev":{"confidence_interval":{"confidence_level":0.95,"lower_bound":805.7643923888376,"upper_bound":1739.3744212345225},"point_estimate":1070.9339105362328,"standard_error":241.98080282988855},"Slope":{"confidence_interval":{"confidence_level":0.95,"lower_bound":489980.9029778428,"upper_bound":493735.67897716473},"point_estimate":491536.4169705926,"standard_error":973.9821070225889},"StdDev":{"confidence_interval":{"confidence_level":0.95,"lower_bound":5706.360678157912,"upper_bound":15629.545928065478},"point_estimate":11197.90285150479,"standard_error":2535.204105365632}}