{"Mean":{"confidence_interval":{"confidence_level":0.95,"lower_bound":490522.0241736847,"upper_bound":498851.1291782429},"point_estimate":493608.09320297936,"standard_error":2261.313547733524},"Median":{"confidence_interval":{"confidence_level":0.95,"lower_bound":489688.0241545894,"upper_bound":490203.7756756757},"point_estimate":489974.6331018518,"standard_error":110.10306913904186},"MedianAbsDev":{"confidence_interval":{"confidence_level":0.95,"lower_bound":735.2551752557085,"upper_bound":1291.3472472927494},"point_estimate":927.0042228393282,"standard_error":135.60911472228713},"Slope":{"confidence_interval":{"confidence_level":0.95,"lower_bound":489771.19465094677,"upper_bound":492861.15160166513},"point_estimate":490840.83602581156,"standard_error":857.4337342788749},"StdDev":{"confidence_interval":{"confidence_level":0.95,"lower_bound":3060.1054309427977,"upper_bound":37929.976807960484},"point_estimate":22620.835398343606,"standard_error":11147.546556126768}}