{"Mean":{"confidence_interval":{"confidence_level":0.95,"lower_bound":145817552.5067587,"upper_bound":149188827.64745507},"point_estimate":147517200.65899652,"standard_error":857489.5864577402},"Median":{"confidence_interval":{"confidence_level":0.95,"lower_bound":146836952.7777778,"upper_bound":149199629.1627907},"point_estimate":148133323.90174627,"standard_error":573932.168247963},"MedianAbsDev":{"confidence_interval":{"confidence_level":0.95,"lower_bound":4539141.20562626,"upper_bound":7222474.847286415},"point_estimate":6113411.64526839,"standard_error":705074.9924953877},"Slope":{"confidence_interval":{"confidence_level":0.95,"lower_bound":146769696.728379,"upper_bound":149714993.76769742},"point_estimate":148156655.72290528,"standard_error":749886.8258530312},"StdDev":{"confidence_interval":{"confidence_level":0.95,"lower_bound":6701787.892251476,"upper_bound":10421637.903234953},"point_estimate":8626410.262414312,"standard_error":951003.6285335823}}