{"Mean":{"confidence_interval":{"confidence_level":0.95,"lower_bound":6784.043071085963,"upper_bound":6784.848190888224},"point_estimate":6784.418778541413,"standard_error":0.20497775936947185},"Median":{"confidence_interval":{"confidence_level":0.95,"lower_bound":6783.728158295282,"upper_bound":6784.527874111323},"point_estimate":6784.097187677546,"standard_error":0.1896550501649166},"MedianAbsDev":{"confidence_interval":{"confidence_level":0.95,"lower_bound":1.0092737263735185,"upper_bound":1.7267018871529516},"point_estimate":1.398802701975516,"standard_error":0.18505360591183123},"Slope":{"confidence_interval":{"confidence_level":0.95,"lower_bound":6784.123802883417,"upper_bound":6784.623983337774},"point_estimate":6784.374776564755,"standard_error":0.12780451146472882},"StdDev":{"confidence_interval":{"confidence_level":0.95,"lower_bound":1.3375763919844093,"upper_bound":2.8575219273532255},"point_estimate":2.061925590604231,"standard_error":0.4169339608446121}}