{"Mean":{"confidence_interval":{"confidence_level":0.95,"lower_bound":869146.9847803814,"upper_bound":870949.8934486726},"point_estimate":869901.2910519264,"standard_error":470.0498231315012},"Median":{"confidence_interval":{"confidence_level":0.95,"lower_bound":868892.7790697674,"upper_bound":869414.8913043478},"point_estimate":869175.2686781608,"standard_error":146.24077804349875},"MedianAbsDev":{"confidence_interval":{"confidence_level":0.95,"lower_bound":786.4087413015649,"upper_bound":1408.857666367196},"point_estimate":1093.6335137765852,"standard_error":158.38372568302535},"Slope":{"confidence_interval":{"confidence_level":0.95,"lower_bound":868585.6660824305,"upper_bound":869066.9818388615},"point_estimate":868830.8671612235,"standard_error":123.15363619858545},"StdDev":{"confidence_interval":{"confidence_level":0.95,"lower_bound":1370.7698800489027,"upper_bound":7512.944333515753},"point_estimate":4737.127489304608,"standard_error":1722.9054596559515}}