{"Mean":{"confidence_interval":{"confidence_level":0.95,"lower_bound":609065.5613076432,"upper_bound":627453.9011207251},"point_estimate":616891.6134992946,"standard_error":4750.952002160946},"Median":{"confidence_interval":{"confidence_level":0.95,"lower_bound":602773.1404057017,"upper_bound":603731.578125},"point_estimate":603190.9176470588,"standard_error":243.96766349440168},"MedianAbsDev":{"confidence_interval":{"confidence_level":0.95,"lower_bound":960.9261604252616,"upper_bound":2307.1995540374305},"point_estimate":1516.852700381788,"standard_error":331.9763847051104},"Slope":{"confidence_interval":{"confidence_level":0.95,"lower_bound":603459.6659847678,"upper_bound":608317.699994897},"point_estimate":605516.4538776415,"standard_error":1266.135800162678},"StdDev":{"confidence_interval":{"confidence_level":0.95,"lower_bound":18947.89421145534,"upper_bound":74107.00830692757},"point_estimate":47673.2805540927,"standard_error":15888.226291824707}}