{"Mean":{"confidence_interval":{"confidence_level":0.95,"lower_bound":73981.70535105641,"upper_bound":74008.30638873328},"point_estimate":73994.43963745907,"standard_error":6.74227463719132},"Median":{"confidence_interval":{"confidence_level":0.95,"lower_bound":73980.5,"upper_bound":73982.92063492064},"point_estimate":73981.07280112045,"standard_error":0.6611431003684916},"MedianAbsDev":{"confidence_interval":{"confidence_level":0.95,"lower_bound":3.268870454787436,"upper_bound":6.17910443575921},"point_estimate":4.282084437807972,"standard_error":0.7537201770365402},"Slope":{"confidence_interval":{"confidence_level":0.95,"lower_bound":73964.6569869833,"upper_bound":74026.73223729251},"point_estimate":73994.42763853997,"standard_error":15.664139700993148},"StdDev":{"confidence_interval":{"confidence_level":0.95,"lower_bound":34.310389720132015,"upper_bound":95.00974458303106},"point_estimate":67.79535212803324,"standard_error":15.418006940097222}}