{"Mean":{"confidence_interval":{"confidence_level":0.95,"lower_bound":24962.94084394302,"upper_bound":24980.51702925178},"point_estimate":24969.965113679707,"standard_error":4.624422122488389},"Median":{"confidence_interval":{"confidence_level":0.95,"lower_bound":24958.334583333333,"upper_bound":24960.261176470587},"point_estimate":24958.97357142857,"standard_error":0.5167383889361246},"MedianAbsDev":{"confidence_interval":{"confidence_level":0.95,"lower_bound":2.6783018766940243,"upper_bound":5.3866493557350505},"point_estimate":3.735815223230144,"standard_error":0.6491362072892799},"Slope":{"confidence_interval":{"confidence_level":0.95,"lower_bound":24961.469665019646,"upper_bound":24975.211693420588},"point_estimate":24967.3560664253,"standard_error":3.5760508650190848},"StdDev":{"confidence_interval":{"confidence_level":0.95,"lower_bound":13.044238238428104,"upper_bound":75.79298556253573},"point_estimate":46.58160527593862,"standard_error":19.455189536678223}}