{"Mean":{"confidence_interval":{"confidence_level":0.95,"lower_bound":64440.95748531447,"upper_bound":64489.51045767721},"point_estimate":64460.012687001785,"standard_error":12.847427200915131},"Median":{"confidence_interval":{"confidence_level":0.95,"lower_bound":64431.068069620254,"upper_bound":64436.59027777778},"point_estimate":64432.82998251748,"standard_error":1.4389439650769305},"MedianAbsDev":{"confidence_interval":{"confidence_level":0.95,"lower_bound":7.039928576414744,"upper_bound":12.008066974317277},"point_estimate":8.838329270171023,"standard_error":1.231208741959542},"Slope":{"confidence_interval":{"confidence_level":0.95,"lower_bound":64435.74381893338,"upper_bound":64453.82997146595},"point_estimate":64444.04800262302,"standard_error":4.641698891859167},"StdDev":{"confidence_interval":{"confidence_level":0.95,"lower_bound":32.438877555406194,"upper_bound":211.1757696863431},"point_estimate":128.67356338927914,"standard_error":56.18566161241225}}