{"Mean":{"confidence_interval":{"confidence_level":0.95,"lower_bound":16065580.487075778,"upper_bound":16354966.101557096},"point_estimate":16166306.507673604,"standard_error":89619.79791609451},"Median":{"confidence_interval":{"confidence_level":0.95,"lower_bound":16040062.087372448,"upper_bound":16050804.392857144},"point_estimate":16042392.919329897,"standard_error":2418.9205249909164},"MedianAbsDev":{"confidence_interval":{"confidence_level":0.95,"lower_bound":11913.767438490451,"upper_bound":28226.75435859325},"point_estimate":18430.18080431419,"standard_error":4154.207394927351},"Slope":{"confidence_interval":{"confidence_level":0.95,"lower_bound":16059793.361675609,"upper_bound":16099716.893723663},"point_estimate":16078281.423395893,"standard_error":10221.588901962483},"StdDev":{"confidence_interval":{"confidence_level":0.95,"lower_bound":60313.061492859204,"upper_bound":1543552.0832854183},"point_estimate":901753.5236475194,"standard_error":532558.0299054051}}