{"Mean":{"confidence_interval":{"confidence_level":0.95,"lower_bound":26406.830711119834,"upper_bound":26618.061543618933},"point_estimate":26500.50591608288,"standard_error":54.29322149968754},"Median":{"confidence_interval":{"confidence_level":0.95,"lower_bound":26304.01245210728,"upper_bound":26368.17370837224},"point_estimate":26329.985539215686,"standard_error":16.450713112333155},"MedianAbsDev":{"confidence_interval":{"confidence_level":0.95,"lower_bound":73.53884357425423,"upper_bound":153.3967817537894},"point_estimate":97.48108093276284,"standard_error":19.689196351497856},"Slope":{"confidence_interval":{"confidence_level":0.95,"lower_bound":26330.03029118539,"upper_bound":26611.801696861017},"point_estimate":26454.710812439454,"standard_error":72.36352431758698},"StdDev":{"confidence_interval":{"confidence_level":0.95,"lower_bound":263.2555712076776,"upper_bound":798.3263463044942},"point_estimate":544.4971748577293,"standard_error":141.86838811338959}}