{"Mean":{"confidence_interval":{"confidence_level":0.95,"lower_bound":27462624.08126428,"upper_bound":27503017.420116313},"point_estimate":27481976.246514086,"standard_error":10334.691186501259},"Median":{"confidence_interval":{"confidence_level":0.95,"lower_bound":27431866.0,"upper_bound":27458696.867509786},"point_estimate":27445025.205882356,"standard_error":7349.08572679423},"MedianAbsDev":{"confidence_interval":{"confidence_level":0.95,"lower_bound":36896.77116838428,"upper_bound":77991.8891410484},"point_estimate":52297.71328079157,"standard_error":11695.280030109274},"Slope":{"confidence_interval":{"confidence_level":0.95,"lower_bound":27464135.647501074,"upper_bound":27500983.990052946},"point_estimate":27482286.95014334,"standard_error":9402.982026252721},"StdDev":{"confidence_interval":{"confidence_level":0.95,"lower_bound":79393.43897294054,"upper_bound":128016.02560576936},"point_estimate":104092.54510801597,"standard_error":12539.7377689168}}