{"Mean":{"confidence_interval":{"confidence_level":0.95,"lower_bound":3846337.835988462,"upper_bound":3957143.579935141},"point_estimate":3890811.067453027,"standard_error":29068.332114964076},"Median":{"confidence_interval":{"confidence_level":0.95,"lower_bound":3817421.1818181816,"upper_bound":3821648.96393378},"point_estimate":3819561.4582043346,"standard_error":1180.460910411096},"MedianAbsDev":{"confidence_interval":{"confidence_level":0.95,"lower_bound":5485.545772611681,"upper_bound":11638.869830894677},"point_estimate":8146.751308223903,"standard_error":1816.4461642104527},"Slope":{"confidence_interval":{"confidence_level":0.95,"lower_bound":3826368.034412747,"upper_bound":3846550.327324481},"point_estimate":3835747.0291532436,"standard_error":5153.959715966054},"StdDev":{"confidence_interval":{"confidence_level":0.95,"lower_bound":84261.43142940995,"upper_bound":475188.3047352355},"point_estimate":292542.5899627406,"standard_error":121347.39595719735}}