{"Mean":{"confidence_interval":{"confidence_level":0.95,"lower_bound":72257.0703570622,"upper_bound":73380.98074557717},"point_estimate":72726.42670231524,"standard_error":296.23273098235245},"Median":{"confidence_interval":{"confidence_level":0.95,"lower_bound":72128.47962894248,"upper_bound":72237.66666666667},"point_estimate":72179.60356616873,"standard_error":24.430846400213323},"MedianAbsDev":{"confidence_interval":{"confidence_level":0.95,"lower_bound":139.6409841083089,"upper_bound":244.96732306151276},"point_estimate":194.48165462226385,"standard_error":26.05973899924443},"Slope":{"confidence_interval":{"confidence_level":0.95,"lower_bound":72126.50952748196,"upper_bound":72592.18390973956},"point_estimate":72309.55798201355,"standard_error":124.41824465932217},"StdDev":{"confidence_interval":{"confidence_level":0.95,"lower_bound":388.8239978772443,"upper_bound":4622.333210337866},"point_estimate":2981.8761142927265,"standard_error":1125.3031386997081}}