{"Mean":{"confidence_interval":{"confidence_level":0.95,"lower_bound":72055.8737700167,"upper_bound":78600.5653809566},"point_estimate":74318.19910352613,"standard_error":2037.7083292560317},"Median":{"confidence_interval":{"confidence_level":0.95,"lower_bound":71802.8501472754,"upper_bound":71892.12872841445},"point_estimate":71846.06753350899,"standard_error":24.457252136144046},"MedianAbsDev":{"confidence_interval":{"confidence_level":0.95,"lower_bound":123.75449721026278,"upper_bound":243.13920532435486},"point_estimate":176.28165199940867,"standard_error":31.603237074741955},"Slope":{"confidence_interval":{"confidence_level":0.95,"lower_bound":71845.5603044686,"upper_bound":72098.84050844236},"point_estimate":71955.40343705799,"standard_error":65.15318784673457},"StdDev":{"confidence_interval":{"confidence_level":0.95,"lower_bound":773.2693759456984,"upper_bound":34902.44235544168},"point_estimate":20394.88144782679,"standard_error":12105.129358203681}}