{"Mean":{"confidence_interval":{"confidence_level":0.95,"lower_bound":6998.2676022383,"upper_bound":7004.85470597114},"point_estimate":7001.031108252522,"standard_error":1.7071810024596288},"Median":{"confidence_interval":{"confidence_level":0.95,"lower_bound":6996.43371996686,"upper_bound":6997.469818913481},"point_estimate":6996.9193827800655,"standard_error":0.29201011341882993},"MedianAbsDev":{"confidence_interval":{"confidence_level":0.95,"lower_bound":0.9942524284670349,"upper_bound":2.066988977386982},"point_estimate":1.4293123270062489,"standard_error":0.29796560218496493},"Slope":{"confidence_interval":{"confidence_level":0.95,"lower_bound":6997.210782627283,"upper_bound":7001.601441629807},"point_estimate":6999.004299760436,"standard_error":1.1629907706838705},"StdDev":{"confidence_interval":{"confidence_level":0.95,"lower_bound":4.446314490739744,"upper_bound":27.09375487299289},"point_estimate":17.211558324479874,"standard_error":6.066349511350816}}