{"Mean":{"confidence_interval":{"confidence_level":0.95,"lower_bound":1659933.2251741728,"upper_bound":1728032.6199565562},"point_estimate":1684664.8760966305,"standard_error":19666.77299031578},"Median":{"confidence_interval":{"confidence_level":0.95,"lower_bound":1652746.6792452831,"upper_bound":1654769.7222222222},"point_estimate":1653676.427368421,"standard_error":520.5753276097201},"MedianAbsDev":{"confidence_interval":{"confidence_level":0.95,"lower_bound":3713.604915264315,"upper_bound":6960.1665535134525},"point_estimate":5354.245174236182,"standard_error":804.9258043681375},"Slope":{"confidence_interval":{"confidence_level":0.95,"lower_bound":1654782.396177742,"upper_bound":1665863.3141350322},"point_estimate":1659552.783123984,"standard_error":2868.7310534694925},"StdDev":{"confidence_interval":{"confidence_level":0.95,"lower_bound":24320.688470950565,"upper_bound":335059.13268761005},"point_estimate":197627.60655431444,"standard_error":106568.07108855485}}