{"Mean":{"confidence_interval":{"confidence_level":0.95,"lower_bound":14822.631284149673,"upper_bound":14828.527810502284},"point_estimate":14825.13273453309,"standard_error":1.5238511259975656},"Median":{"confidence_interval":{"confidence_level":0.95,"lower_bound":14821.316803081367,"upper_bound":14821.836335563561},"point_estimate":14821.560735343246,"standard_error":0.12381040397278388},"MedianAbsDev":{"confidence_interval":{"confidence_level":0.95,"lower_bound":0.8472702337146358,"upper_bound":1.3410902430395},"point_estimate":1.1188438148095632,"standard_error":0.1265932186380539},"Slope":{"confidence_interval":{"confidence_level":0.95,"lower_bound":14822.0915428659,"upper_bound":14826.519369351814},"point_estimate":14824.05638769357,"standard_error":1.1419560006163327},"StdDev":{"confidence_interval":{"confidence_level":0.95,"lower_bound":5.820154000239842,"upper_bound":23.765151618572634},"point_estimate":15.304078759109315,"standard_error":5.085010649381141}}