{"Mean":{"confidence_interval":{"confidence_level":0.95,"lower_bound":1045.8700864324794,"upper_bound":1046.5022728783986},"point_estimate":1046.171903179824,"standard_error":0.1617377382882717},"Median":{"confidence_interval":{"confidence_level":0.95,"lower_bound":1044.9981741303095,"upper_bound":1047.11694670079},"point_estimate":1045.7424506694856,"standard_error":0.7483051391626654},"MedianAbsDev":{"confidence_interval":{"confidence_level":0.95,"lower_bound":0.5895364905707176,"upper_bound":2.339256288108256},"point_estimate":1.7404183130982938,"standard_error":0.491265174874839},"Slope":{"confidence_interval":{"confidence_level":0.95,"lower_bound":1045.7346173829117,"upper_bound":1046.4296339772134},"point_estimate":1046.0774417698626,"standard_error":0.17664238696070989},"StdDev":{"confidence_interval":{"confidence_level":0.95,"lower_bound":1.2577470798795092,"upper_bound":2.077047023651814},"point_estimate":1.617448048459633,"standard_error":0.23426268715360585}}