{"Mean":{"confidence_interval":{"confidence_level":0.95,"lower_bound":94453.83414494389,"upper_bound":95107.73270989598},"point_estimate":94706.49858445588,"standard_error":174.20014143400618},"Median":{"confidence_interval":{"confidence_level":0.95,"lower_bound":94360.00923504318,"upper_bound":94465.86217008797},"point_estimate":94417.1672675026,"standard_error":25.426291892124333},"MedianAbsDev":{"confidence_interval":{"confidence_level":0.95,"lower_bound":149.64227452200134,"upper_bound":247.84696499377594},"point_estimate":208.15407935647224,"standard_error":25.60387264051013},"Slope":{"confidence_interval":{"confidence_level":0.95,"lower_bound":94337.59128483408,"upper_bound":95092.6900010343},"point_estimate":94579.24763464407,"standard_error":219.71895579734255},"StdDev":{"confidence_interval":{"confidence_level":0.95,"lower_bound":312.5425492108306,"upper_bound":2901.2789115268665},"point_estimate":1752.2433609090242,"standard_error":793.588674890776}}