{"Mean":{"confidence_interval":{"confidence_level":0.95,"lower_bound":14613.224794106216,"upper_bound":14985.399875279643},"point_estimate":14759.497334594398,"standard_error":98.18749199247083},"Median":{"confidence_interval":{"confidence_level":0.95,"lower_bound":14533.826289713747,"upper_bound":14565.587145969499},"point_estimate":14546.532693121646,"standard_error":8.517843026100056},"MedianAbsDev":{"confidence_interval":{"confidence_level":0.95,"lower_bound":38.2189106068081,"upper_bound":83.67798654866387},"point_estimate":54.74107411026672,"standard_error":11.801062714432812},"Slope":{"confidence_interval":{"confidence_level":0.95,"lower_bound":14546.94415109916,"upper_bound":14719.864667594225},"point_estimate":14611.22848503551,"standard_error":46.94188355415552},"StdDev":{"confidence_interval":{"confidence_level":0.95,"lower_bound":230.17904770755703,"upper_bound":1622.8275728273643},"point_estimate":989.2237969208003,"standard_error":427.48561707913933}}