{"Mean":{"confidence_interval":{"confidence_level":0.95,"lower_bound":127292756.78927673,"upper_bound":130358687.93224585},"point_estimate":128953249.19144791,"standard_error":784082.7950070503},"Median":{"confidence_interval":{"confidence_level":0.95,"lower_bound":129182523.73238096,"upper_bound":130446362.52795032},"point_estimate":129686313.86299157,"standard_error":348091.5656371299},"MedianAbsDev":{"confidence_interval":{"confidence_level":0.95,"lower_bound":2183887.056497958,"upper_bound":4612283.326010586},"point_estimate":3115184.0262801573,"standard_error":639657.5434786786},"Slope":{"confidence_interval":{"confidence_level":0.95,"lower_bound":128752681.11632143,"upper_bound":130605492.22101533},"point_estimate":129684167.72495936,"standard_error":472727.1116472119},"StdDev":{"confidence_interval":{"confidence_level":0.95,"lower_bound":4700073.189310544,"upper_bound":11268534.825093409},"point_estimate":7839269.7154314425,"standard_error":1857315.461921684}}