{"Mean":{"confidence_interval":{"confidence_level":0.95,"lower_bound":23114.002409168676,"upper_bound":23127.112634235007},"point_estimate":23119.792524881475,"standard_error":3.389407098872311},"Median":{"confidence_interval":{"confidence_level":0.95,"lower_bound":23111.41094802389,"upper_bound":23113.36852713178},"point_estimate":23112.704653481414,"standard_error":0.5444612058225491},"MedianAbsDev":{"confidence_interval":{"confidence_level":0.95,"lower_bound":3.2662145350353313,"upper_bound":6.6463588322164995},"point_estimate":4.631948913984236,"standard_error":0.8736248755805774},"Slope":{"confidence_interval":{"confidence_level":0.95,"lower_bound":23108.58847015368,"upper_bound":23123.00110404413},"point_estimate":23114.4789153931,"standard_error":3.725972946809372},"StdDev":{"confidence_interval":{"confidence_level":0.95,"lower_bound":13.825820975022758,"upper_bound":49.98943175163465},"point_estimate":34.01042595057406,"standard_error":9.342533510922367}}