{"Mean":{"confidence_interval":{"confidence_level":0.95,"lower_bound":1301405.3536106437,"upper_bound":1318739.1645214935},"point_estimate":1309698.89339914,"standard_error":4403.92449557646},"Median":{"confidence_interval":{"confidence_level":0.95,"lower_bound":1289547.7397260275,"upper_bound":1300222.2758620689},"point_estimate":1294249.7524610336,"standard_error":2790.4464662990326},"MedianAbsDev":{"confidence_interval":{"confidence_level":0.95,"lower_bound":18544.444374128452,"upper_bound":33411.3524599603},"point_estimate":24999.07437785666,"standard_error":3592.0856355303567},"Slope":{"confidence_interval":{"confidence_level":0.95,"lower_bound":1280592.0790624681,"upper_bound":1286495.6404165195},"point_estimate":1283356.0140121176,"standard_error":1505.559220240729},"StdDev":{"confidence_interval":{"confidence_level":0.95,"lower_bound":33239.31033724734,"upper_bound":53331.92473814163},"point_estimate":44124.0484285806,"standard_error":5130.604329675484}}