{"Mean":{"confidence_interval":{"confidence_level":0.95,"lower_bound":19879.798132942844,"upper_bound":19887.991391962805},"point_estimate":19883.455168820565,"standard_error":2.1102517924101885},"Median":{"confidence_interval":{"confidence_level":0.95,"lower_bound":19877.73,"upper_bound":19879.95024218154},"point_estimate":19878.94241407529,"standard_error":0.4968710662538964},"MedianAbsDev":{"confidence_interval":{"confidence_level":0.95,"lower_bound":3.479975867916873,"upper_bound":6.447065126450134},"point_estimate":4.872433622009525,"standard_error":0.7642939069294522},"Slope":{"confidence_interval":{"confidence_level":0.95,"lower_bound":19879.988700102145,"upper_bound":19891.49168136519},"point_estimate":19884.75815959805,"standard_error":2.9934288089217715},"StdDev":{"confidence_interval":{"confidence_level":0.95,"lower_bound":10.330916589602348,"upper_bound":31.08213251012215},"point_estimate":21.237468126392784,"standard_error":5.499981566569642}}