{"Mean":{"confidence_interval":{"confidence_level":0.95,"lower_bound":1072.450824327153,"upper_bound":1073.2577089541614},"point_estimate":1072.7637630964534,"standard_error":0.21376920477161515},"Median":{"confidence_interval":{"confidence_level":0.95,"lower_bound":1072.3346232969564,"upper_bound":1072.5357870493401},"point_estimate":1072.4301041121405,"standard_error":0.04484364729147612},"MedianAbsDev":{"confidence_interval":{"confidence_level":0.95,"lower_bound":0.27344869818662804,"upper_bound":0.4099258603053258},"point_estimate":0.33685429160002367,"standard_error":0.03402276412881967},"Slope":{"confidence_interval":{"confidence_level":0.95,"lower_bound":1072.453276195514,"upper_bound":1072.7413866372258},"point_estimate":1072.5864181073757,"standard_error":0.07409544705978892},"StdDev":{"confidence_interval":{"confidence_level":0.95,"lower_bound":0.5897181518514382,"upper_bound":3.5156750811527258},"point_estimate":2.137846205810959,"standard_error":0.952241189389498}}