{"Mean":{"confidence_interval":{"confidence_level":0.95,"lower_bound":6276.713377004091,"upper_bound":6474.736242483225},"point_estimate":6362.467683975351,"standard_error":51.23639597742484},"Median":{"confidence_interval":{"confidence_level":0.95,"lower_bound":6224.190728945506,"upper_bound":6232.369301860872},"point_estimate":6226.588036167654,"standard_error":2.1815827732201827},"MedianAbsDev":{"confidence_interval":{"confidence_level":0.95,"lower_bound":11.798632873719402,"upper_bound":22.517760248266477},"point_estimate":15.74248467623952,"standard_error":2.7572183604107177},"Slope":{"confidence_interval":{"confidence_level":0.95,"lower_bound":6225.871301931016,"upper_bound":6308.7653203203345},"point_estimate":6259.217956681874,"standard_error":21.785417596223763},"StdDev":{"confidence_interval":{"confidence_level":0.95,"lower_bound":206.26189486405198,"upper_bound":791.5132170746471},"point_estimate":516.9239928783081,"standard_error":162.12444463418348}}