{"Mean":{"confidence_interval":{"confidence_level":0.95,"lower_bound":49455.149805971625,"upper_bound":50994.33877064822},"point_estimate":50039.25837270503,"standard_error":417.5696428370897},"Median":{"confidence_interval":{"confidence_level":0.95,"lower_bound":49245.99487179487,"upper_bound":49311.1505952381},"point_estimate":49266.023365633075,"standard_error":17.528549342050443},"MedianAbsDev":{"confidence_interval":{"confidence_level":0.95,"lower_bound":88.48105141902509,"upper_bound":167.9088041898726},"point_estimate":118.4282421152738,"standard_error":19.62214196300146},"Slope":{"confidence_interval":{"confidence_level":0.95,"lower_bound":49291.074520173875,"upper_bound":50147.00063008454},"point_estimate":49619.93445618443,"standard_error":232.06337355884514},"StdDev":{"confidence_interval":{"confidence_level":0.95,"lower_bound":594.3010119958433,"upper_bound":7000.855148678484},"point_estimate":4195.030362100923,"standard_error":2011.2597534170548}}