{"Mean":{"confidence_interval":{"confidence_level":0.95,"lower_bound":746213.6160558654,"upper_bound":766656.5198858784},"point_estimate":754324.991444826,"standard_error":5404.180995770912},"Median":{"confidence_interval":{"confidence_level":0.95,"lower_bound":742893.0603448276,"upper_bound":744887.2291666666},"point_estimate":743696.4260620915,"standard_error":483.70446999116837},"MedianAbsDev":{"confidence_interval":{"confidence_level":0.95,"lower_bound":2367.8156824805446,"upper_bound":4667.53457086256},"point_estimate":3214.025302489351,"standard_error":576.943617338329},"Slope":{"confidence_interval":{"confidence_level":0.95,"lower_bound":742813.5347791363,"upper_bound":744518.1240656177},"point_estimate":743628.6823718044,"standard_error":433.977677071128},"StdDev":{"confidence_interval":{"confidence_level":0.95,"lower_bound":8787.697701019631,"upper_bound":88918.57235725397},"point_estimate":54220.1008099871,"standard_error":23273.794455140083}}