{"Mean":{"confidence_interval":{"confidence_level":0.95,"lower_bound":30907.927423830504,"upper_bound":31110.486116372773},"point_estimate":30994.954891856512,"standard_error":52.36017484046018},"Median":{"confidence_interval":{"confidence_level":0.95,"lower_bound":30868.9240234375,"upper_bound":30931.64094387755},"point_estimate":30903.34051501035,"standard_error":16.018281279188855},"MedianAbsDev":{"confidence_interval":{"confidence_level":0.95,"lower_bound":90.77406506511984,"upper_bound":149.54918005125754},"point_estimate":119.09507000102413,"standard_error":14.821248949742486},"Slope":{"confidence_interval":{"confidence_level":0.95,"lower_bound":30925.82400124561,"upper_bound":31278.535616286565},"point_estimate":31049.79025897739,"standard_error":100.24804374950801},"StdDev":{"confidence_interval":{"confidence_level":0.95,"lower_bound":212.93786223126673,"upper_bound":806.5124836024178},"point_estimate":525.9350966910162,"standard_error":164.9680200117489}}