{"Mean":{"confidence_interval":{"confidence_level":0.95,"lower_bound":53032.01481431401,"upper_bound":53044.18226652888},"point_estimate":53037.00372531015,"standard_error":3.182546052120473},"Median":{"confidence_interval":{"confidence_level":0.95,"lower_bound":53028.448979591834,"upper_bound":53035.03601108033},"point_estimate":53030.52597816021,"standard_error":1.8459448704480996},"MedianAbsDev":{"confidence_interval":{"confidence_level":0.95,"lower_bound":8.72103227709237,"upper_bound":13.93772913604779},"point_estimate":10.678928289842453,"standard_error":1.3480870691828135},"Slope":{"confidence_interval":{"confidence_level":0.95,"lower_bound":53030.064534052304,"upper_bound":53049.46645301366},"point_estimate":53037.26429841413,"standard_error":5.248206775350794},"StdDev":{"confidence_interval":{"confidence_level":0.95,"lower_bound":10.207676140845638,"upper_bound":51.465159725675406},"point_estimate":32.03003385570127,"standard_error":12.387119403882402}}