{"Mean":{"confidence_interval":{"confidence_level":0.95,"lower_bound":85228444.19495717,"upper_bound":85357198.97556047},"point_estimate":85281713.18049736,"standard_error":33329.77826689326},"Median":{"confidence_interval":{"confidence_level":0.95,"lower_bound":85191457.80555555,"upper_bound":85248902.5890411},"point_estimate":85218287.70649183,"standard_error":14553.128368841768},"MedianAbsDev":{"confidence_interval":{"confidence_level":0.95,"lower_bound":94578.2455925293,"upper_bound":162676.69072823718},"point_estimate":125544.34569281783,"standard_error":17626.83808663596},"Slope":{"confidence_interval":{"confidence_level":0.95,"lower_bound":85223390.12812987,"upper_bound":85274052.80810101},"point_estimate":85247728.81747302,"standard_error":12932.526943284252},"StdDev":{"confidence_interval":{"confidence_level":0.95,"lower_bound":130417.1144804686,"upper_bound":532326.2603317997},"point_estimate":334681.6133390097,"standard_error":125606.2253297829}}