{"Mean":{"confidence_interval":{"confidence_level":0.95,"lower_bound":744.0373230306193,"upper_bound":744.5368152761472},"point_estimate":744.2700821101913,"standard_error":0.1279991622364811},"Median":{"confidence_interval":{"confidence_level":0.95,"lower_bound":743.8790006685344,"upper_bound":744.0335759374971},"point_estimate":743.957118506345,"standard_error":0.036795869990037845},"MedianAbsDev":{"confidence_interval":{"confidence_level":0.95,"lower_bound":0.2037135830907894,"upper_bound":0.3996227802483447},"point_estimate":0.3099400181514375,"standard_error":0.054692408018110227},"Slope":{"confidence_interval":{"confidence_level":0.95,"lower_bound":743.8151807328964,"upper_bound":744.0882813727924},"point_estimate":743.9543405860331,"standard_error":0.06904249007969168},"StdDev":{"confidence_interval":{"confidence_level":0.95,"lower_bound":0.7568944904834222,"upper_bound":1.758787746486857},"point_estimate":1.2889374647613554,"standard_error":0.25808949906078255}}