{"Mean":{"confidence_interval":{"confidence_level":0.95,"lower_bound":10763.236021121387,"upper_bound":11146.245592746807},"point_estimate":10927.779319078058,"standard_error":98.69264235215311},"Median":{"confidence_interval":{"confidence_level":0.95,"lower_bound":10619.850958897732,"upper_bound":10631.023073476703},"point_estimate":10623.030261345139,"standard_error":2.6832568778989216},"MedianAbsDev":{"confidence_interval":{"confidence_level":0.95,"lower_bound":15.764747233560147,"upper_bound":34.22282253643678},"point_estimate":21.925535622580043,"standard_error":4.752677027107163},"Slope":{"confidence_interval":{"confidence_level":0.95,"lower_bound":10632.414335714515,"upper_bound":10729.151336386914},"point_estimate":10671.706521210619,"standard_error":25.308605332126536},"StdDev":{"confidence_interval":{"confidence_level":0.95,"lower_bound":429.4796390936461,"upper_bound":1526.3382063203314},"point_estimate":995.5048475241921,"standard_error":316.6353336583764}}