{"Mean":{"confidence_interval":{"confidence_level":0.95,"lower_bound":7148.454403443722,"upper_bound":7173.237622444462},"point_estimate":7160.544379727686,"standard_error":6.300279786837208},"Median":{"confidence_interval":{"confidence_level":0.95,"lower_bound":7147.223361955597,"upper_bound":7167.480483181023},"point_estimate":7156.430686220254,"standard_error":4.638116926810431},"MedianAbsDev":{"confidence_interval":{"confidence_level":0.95,"lower_bound":32.378094132892244,"upper_bound":63.894076237200586},"point_estimate":42.080846355485484,"standard_error":8.050853505236567},"Slope":{"confidence_interval":{"confidence_level":0.95,"lower_bound":7145.740950664713,"upper_bound":7166.722453763482},"point_estimate":7156.22278920236,"standard_error":5.348089042087951},"StdDev":{"confidence_interval":{"confidence_level":0.95,"lower_bound":48.195226181297386,"upper_bound":79.75003617743089},"point_estimate":63.220348823138615,"standard_error":8.26543112061799}}