{"Mean":{"confidence_interval":{"confidence_level":0.95,"lower_bound":9936.734561181212,"upper_bound":9951.561172209345},"point_estimate":9943.613574205234,"standard_error":3.7812813106662446},"Median":{"confidence_interval":{"confidence_level":0.95,"lower_bound":9935.924400337837,"upper_bound":9936.594},"point_estimate":9936.370548245613,"standard_error":0.2779970514808159},"MedianAbsDev":{"confidence_interval":{"confidence_level":0.95,"lower_bound":1.314766277512463,"upper_bound":11.173594539768905},"point_estimate":5.130712779965363,"standard_error":3.1604038398861136},"Slope":{"confidence_interval":{"confidence_level":0.95,"lower_bound":9940.10675429619,"upper_bound":9973.779717418178},"point_estimate":9956.617389685238,"standard_error":8.626267764126807},"StdDev":{"confidence_interval":{"confidence_level":0.95,"lower_bound":24.78084019839573,"upper_bound":48.60756255463866},"point_estimate":38.15615402083509,"standard_error":6.096141707478077}}