{"Mean":{"confidence_interval":{"confidence_level":0.95,"lower_bound":4890.864240940078,"upper_bound":5059.092495502567},"point_estimate":4963.730290588558,"standard_error":43.232503771202076},"Median":{"confidence_interval":{"confidence_level":0.95,"lower_bound":4823.265149540147,"upper_bound":4828.724267565465},"point_estimate":4825.764035291299,"standard_error":1.5382413632978849},"MedianAbsDev":{"confidence_interval":{"confidence_level":0.95,"lower_bound":9.104372677426763,"upper_bound":18.898733048245916},"point_estimate":12.89143215236219,"standard_error":2.5798661625160872},"Slope":{"confidence_interval":{"confidence_level":0.95,"lower_bound":4829.910422987107,"upper_bound":4895.286879103399},"point_estimate":4854.734342102102,"standard_error":17.45452011484187},"StdDev":{"confidence_interval":{"confidence_level":0.95,"lower_bound":196.21942742728208,"upper_bound":659.4486538801945},"point_estimate":433.8016746873324,"standard_error":133.16631620557106}}