{"Mean":{"confidence_interval":{"confidence_level":0.95,"lower_bound":4803.040093661886,"upper_bound":4827.971831548269},"point_estimate":4813.534628297353,"standard_error":6.444278158561568},"Median":{"confidence_interval":{"confidence_level":0.95,"lower_bound":4797.64447696477,"upper_bound":4802.387087833488},"point_estimate":4799.521351809223,"standard_error":1.350692872642891},"MedianAbsDev":{"confidence_interval":{"confidence_level":0.95,"lower_bound":9.040248764300273,"upper_bound":16.74619172354581},"point_estimate":13.119223634049732,"standard_error":1.9248156104642369},"Slope":{"confidence_interval":{"confidence_level":0.95,"lower_bound":4799.56536533467,"upper_bound":4829.801130667819},"point_estimate":4810.908244125905,"standard_error":8.208153541085526},"StdDev":{"confidence_interval":{"confidence_level":0.95,"lower_bound":24.085141926437405,"upper_bound":101.1655119065268},"point_estimate":64.52025199453344,"standard_error":22.30837038538848}}