{"Mean":{"confidence_interval":{"confidence_level":0.95,"lower_bound":8461.433913472936,"upper_bound":8545.475009403055},"point_estimate":8492.770407302798,"standard_error":23.029446992150188},"Median":{"confidence_interval":{"confidence_level":0.95,"lower_bound":8454.338535860275,"upper_bound":8462.965517241379},"point_estimate":8457.4566462559,"standard_error":2.0613956013415664},"MedianAbsDev":{"confidence_interval":{"confidence_level":0.95,"lower_bound":13.479050209979267,"upper_bound":26.346675950822018},"point_estimate":20.52871638866024,"standard_error":3.17520968595046},"Slope":{"confidence_interval":{"confidence_level":0.95,"lower_bound":8456.368011770675,"upper_bound":8472.456334608196},"point_estimate":8463.170936861768,"standard_error":4.14311032566858},"StdDev":{"confidence_interval":{"confidence_level":0.95,"lower_bound":33.9362771014326,"upper_bound":387.7580232369191},"point_estimate":231.04879478077882,"standard_error":114.41337315302903}}