{"Mean":{"confidence_interval":{"confidence_level":0.95,"lower_bound":8207.084190203654,"upper_bound":8264.177794697156},"point_estimate":8233.643543757176,"standard_error":14.570698074598717},"Median":{"confidence_interval":{"confidence_level":0.95,"lower_bound":8213.634026218106,"upper_bound":8239.1049960968},"point_estimate":8227.189948816853,"standard_error":5.740953869197951},"MedianAbsDev":{"confidence_interval":{"confidence_level":0.95,"lower_bound":37.03007641532263,"upper_bound":61.99120988004801},"point_estimate":47.71413535278248,"standard_error":6.3143117153393815},"Slope":{"confidence_interval":{"confidence_level":0.95,"lower_bound":8227.747828072188,"upper_bound":8284.461366787147},"point_estimate":8249.682685888849,"standard_error":15.107187116099663},"StdDev":{"confidence_interval":{"confidence_level":0.95,"lower_bound":85.63771957839354,"upper_bound":197.89976191376903},"point_estimate":147.2530974519134,"standard_error":28.588930481590555}}