{"Mean":{"confidence_interval":{"confidence_level":0.95,"lower_bound":1816.999563005876,"upper_bound":1817.6568325868932},"point_estimate":1817.292867892419,"standard_error":0.16854882889422557},"Median":{"confidence_interval":{"confidence_level":0.95,"lower_bound":1816.7949811117107,"upper_bound":1816.8775396220713},"point_estimate":1816.8249637419922,"standard_error":0.018579877585107926},"MedianAbsDev":{"confidence_interval":{"confidence_level":0.95,"lower_bound":0.140063615026466,"upper_bound":0.2549942268376699},"point_estimate":0.19083842918416796,"standard_error":0.029337925076705424},"Slope":{"confidence_interval":{"confidence_level":0.95,"lower_bound":1816.9604615546514,"upper_bound":1818.2580232627258},"point_estimate":1817.495572273974,"standard_error":0.34135109640550215},"StdDev":{"confidence_interval":{"confidence_level":0.95,"lower_bound":0.8516625508796072,"upper_bound":2.4346648885716857},"point_estimate":1.696110110228991,"standard_error":0.41155933667454686}}