{"Mean":{"confidence_interval":{"confidence_level":0.95,"lower_bound":537710.2845341908,"upper_bound":538551.7933051396},"point_estimate":538085.6301076052,"standard_error":216.41965961489026},"Median":{"confidence_interval":{"confidence_level":0.95,"lower_bound":537491.2564102564,"upper_bound":537751.9656459084},"point_estimate":537614.1612200437,"standard_error":64.31063267832133},"MedianAbsDev":{"confidence_interval":{"confidence_level":0.95,"lower_bound":403.3228511727193,"upper_bound":692.6753750045139},"point_estimate":519.3268630154575,"standard_error":74.09390795515911},"Slope":{"confidence_interval":{"confidence_level":0.95,"lower_bound":537368.5879049307,"upper_bound":537732.8039037599},"point_estimate":537539.8558534062,"standard_error":92.79103260147626},"StdDev":{"confidence_interval":{"confidence_level":0.95,"lower_bound":1122.6171223661108,"upper_bound":3147.9544577525544},"point_estimate":2173.1301916735683,"standard_error":535.2390541146443}}