{"Mean":{"confidence_interval":{"confidence_level":0.95,"lower_bound":194.06851149322392,"upper_bound":194.275836873438},"point_estimate":194.1675691993925,"standard_error":0.052985915073848214},"Median":{"confidence_interval":{"confidence_level":0.95,"lower_bound":193.84332911063643,"upper_bound":194.1645910962934},"point_estimate":194.04314167397615,"standard_error":0.0670840539032457},"MedianAbsDev":{"confidence_interval":{"confidence_level":0.95,"lower_bound":0.21499350125331,"upper_bound":0.5657327798302568},"point_estimate":0.4447940697826493,"standard_error":0.08118962895237035},"Slope":{"confidence_interval":{"confidence_level":0.95,"lower_bound":194.08263263500052,"upper_bound":194.31236299418836},"point_estimate":194.1902139824471,"standard_error":0.058540063112013506},"StdDev":{"confidence_interval":{"confidence_level":0.95,"lower_bound":0.39884778064835796,"upper_bound":0.6517193981120413},"point_estimate":0.5314759443416139,"standard_error":0.06497938023239026}}