{"Mean":{"confidence_interval":{"confidence_level":0.95,"lower_bound":154.21837176266075,"upper_bound":154.26783881945363},"point_estimate":154.2403366277318,"standard_error":0.012780828409285976},"Median":{"confidence_interval":{"confidence_level":0.95,"lower_bound":154.2053078089091,"upper_bound":154.2163671821833},"point_estimate":154.2121858508263,"standard_error":0.0026659249721397893},"MedianAbsDev":{"confidence_interval":{"confidence_level":0.95,"lower_bound":0.017037812776952748,"upper_bound":0.035134724123202815},"point_estimate":0.022786328989784877,"standard_error":0.004535959265760814},"Slope":{"confidence_interval":{"confidence_level":0.95,"lower_bound":154.2228770175542,"upper_bound":154.27132499798117},"point_estimate":154.2449476542315,"standard_error":0.012454454124385289},"StdDev":{"confidence_interval":{"confidence_level":0.95,"lower_bound":0.06178185912823247,"upper_bound":0.19002614794882292},"point_estimate":0.12855873993807318,"standard_error":0.034386022194429586}}