{"Mean":{"confidence_interval":{"confidence_level":0.95,"lower_bound":32924.190975358375,"upper_bound":32926.806483705295},"point_estimate":32925.563678611965,"standard_error":0.6667623461350844},"Median":{"confidence_interval":{"confidence_level":0.95,"lower_bound":32924.45686421605,"upper_bound":32926.0314516129},"point_estimate":32925.22739178385,"standard_error":0.3832757120606955},"MedianAbsDev":{"confidence_interval":{"confidence_level":0.95,"lower_bound":2.382329041806671,"upper_bound":4.071004417255057},"point_estimate":3.1803751958187947,"standard_error":0.4243337608468958},"Slope":{"confidence_interval":{"confidence_level":0.95,"lower_bound":32924.45811375817,"upper_bound":32925.53035827134},"point_estimate":32924.96749729475,"standard_error":0.27372686525733225},"StdDev":{"confidence_interval":{"confidence_level":0.95,"lower_bound":4.002722864124649,"upper_bound":9.10488676534342},"point_estimate":6.7096023110949945,"standard_error":1.3104603430598365}}