{"Mean":{"confidence_interval":{"confidence_level":0.95,"lower_bound":40903.06612344303,"upper_bound":41925.98140757753},"point_estimate":41301.73743271241,"standard_error":272.08461277134137},"Median":{"confidence_interval":{"confidence_level":0.95,"lower_bound":40704.93750590763,"upper_bound":40771.01346382979},"point_estimate":40719.216820349764,"standard_error":18.384906093642392},"MedianAbsDev":{"confidence_interval":{"confidence_level":0.95,"lower_bound":76.0568661899109,"upper_bound":159.1493377361687},"point_estimate":100.34202706171033,"standard_error":21.53072476743139},"Slope":{"confidence_interval":{"confidence_level":0.95,"lower_bound":40742.47732474061,"upper_bound":41013.05285758517},"point_estimate":40853.2331709768,"standard_error":70.58174315745967},"StdDev":{"confidence_interval":{"confidence_level":0.95,"lower_bound":668.2696686375612,"upper_bound":4531.391490239372},"point_estimate":2751.623980121026,"standard_error":1229.4257636751818}}