{"Mean":{"confidence_interval":{"confidence_level":0.95,"lower_bound":32228.955568920694,"upper_bound":32243.819899158596},"point_estimate":32235.63916068639,"standard_error":3.813692334296807},"Median":{"confidence_interval":{"confidence_level":0.95,"lower_bound":32223.283459162663,"upper_bound":32228.048907388136},"point_estimate":32224.676734400993,"standard_error":1.2511747853231452},"MedianAbsDev":{"confidence_interval":{"confidence_level":0.95,"lower_bound":6.993824010479006,"upper_bound":17.957469086434696},"point_estimate":12.940032416042461,"standard_error":2.8795142533436926},"Slope":{"confidence_interval":{"confidence_level":0.95,"lower_bound":32222.399366155598,"upper_bound":32244.78229185749},"point_estimate":32231.57453104964,"standard_error":5.902321474561493},"StdDev":{"confidence_interval":{"confidence_level":0.95,"lower_bound":19.28279896372326,"upper_bound":53.45485564852554},"point_estimate":38.31893244417766,"standard_error":8.801148789391616}}