{"Mean":{"confidence_interval":{"confidence_level":0.95,"lower_bound":680715.0072543012,"upper_bound":693461.166999447},"point_estimate":686509.1364785141,"standard_error":3268.3375298877113},"Median":{"confidence_interval":{"confidence_level":0.95,"lower_bound":674679.0828460038,"upper_bound":675699.78125},"point_estimate":674996.6590909091,"standard_error":228.83142501231288},"MedianAbsDev":{"confidence_interval":{"confidence_level":0.95,"lower_bound":1320.056210489537,"upper_bound":2848.570195637126},"point_estimate":1836.778397263489,"standard_error":363.663294546483},"Slope":{"confidence_interval":{"confidence_level":0.95,"lower_bound":675514.4871067661,"upper_bound":682694.523696767},"point_estimate":678446.2543549578,"standard_error":1882.2077296968632},"StdDev":{"confidence_interval":{"confidence_level":0.95,"lower_bound":18591.43892864611,"upper_bound":45176.049893245465},"point_estimate":32914.521321377935,"standard_error":6848.0385521219005}}