{"Mean":{"confidence_interval":{"confidence_level":0.95,"lower_bound":312.2030771189083,"upper_bound":312.45257784517844},"point_estimate":312.3037384255077,"standard_error":0.06520551398056482},"Median":{"confidence_interval":{"confidence_level":0.95,"lower_bound":312.1529478830779,"upper_bound":312.16458930082763},"point_estimate":312.1591741358303,"standard_error":0.0029323310417647226},"MedianAbsDev":{"confidence_interval":{"confidence_level":0.95,"lower_bound":0.016989453383506582,"upper_bound":0.03951163188340622},"point_estimate":0.025197477138582187,"standard_error":0.005818570543027195},"Slope":{"confidence_interval":{"confidence_level":0.95,"lower_bound":312.18702731810515,"upper_bound":312.3227810653728},"point_estimate":312.24492436713894,"standard_error":0.03501467806955206},"StdDev":{"confidence_interval":{"confidence_level":0.95,"lower_bound":0.1499999631978052,"upper_bound":1.0645957399683472},"point_estimate":0.6572505093355491,"standard_error":0.2640242141860721}}