{"Mean":{"confidence_interval":{"confidence_level":0.95,"lower_bound":9120.302855592878,"upper_bound":9123.95671809485},"point_estimate":9121.91318644941,"standard_error":0.9382271798124727},"Median":{"confidence_interval":{"confidence_level":0.95,"lower_bound":9117.930704665236,"upper_bound":9118.460270564454},"point_estimate":9118.08392311053,"standard_error":0.13449682533818522},"MedianAbsDev":{"confidence_interval":{"confidence_level":0.95,"lower_bound":0.881597561917735,"upper_bound":1.8321212039535042},"point_estimate":1.1578616698796758,"standard_error":0.2558914670630735},"Slope":{"confidence_interval":{"confidence_level":0.95,"lower_bound":9119.08954173086,"upper_bound":9122.155484302939},"point_estimate":9120.45752061746,"standard_error":0.7875755510376101},"StdDev":{"confidence_interval":{"confidence_level":0.95,"lower_bound":5.013691470559856,"upper_bound":14.097998180148373},"point_estimate":9.451446666359946,"standard_error":2.704672862190611}}