{"Mean":{"confidence_interval":{"confidence_level":0.95,"lower_bound":183143.05905575212,"upper_bound":183227.99485325217},"point_estimate":183177.94898317094,"standard_error":22.199546051753053},"Median":{"confidence_interval":{"confidence_level":0.95,"lower_bound":183124.9668271803,"upper_bound":183132.5},"point_estimate":183129.07796045562,"standard_error":1.9645942631778128},"MedianAbsDev":{"confidence_interval":{"confidence_level":0.95,"lower_bound":12.90194048243377,"upper_bound":21.767142437348724},"point_estimate":17.044880212300715,"standard_error":2.3287459488876627},"Slope":{"confidence_interval":{"confidence_level":0.95,"lower_bound":183143.98479556604,"upper_bound":183198.57029277444},"point_estimate":183168.93487709964,"standard_error":14.015614863350999},"StdDev":{"confidence_interval":{"confidence_level":0.95,"lower_bound":75.75817121807866,"upper_bound":355.36395494855213},"point_estimate":222.99203440642793,"standard_error":84.54524302403924}}