{"Mean":{"confidence_interval":{"confidence_level":0.95,"lower_bound":437.6897404909374,"upper_bound":437.7132809365067},"point_estimate":437.7012888235206,"standard_error":0.006003227546996025},"Median":{"confidence_interval":{"confidence_level":0.95,"lower_bound":437.6889643895836,"upper_bound":437.71000598381767},"point_estimate":437.6979510070282,"standard_error":0.005354869739776244},"MedianAbsDev":{"confidence_interval":{"confidence_level":0.95,"lower_bound":0.03243891710236525,"upper_bound":0.051246928914759286},"point_estimate":0.03913307359347142,"standard_error":0.005039871142818311},"Slope":{"confidence_interval":{"confidence_level":0.95,"lower_bound":437.6946328487553,"upper_bound":437.71163888360155},"point_estimate":437.7031368570855,"standard_error":0.004329245240269186},"StdDev":{"confidence_interval":{"confidence_level":0.95,"lower_bound":0.04160128722527571,"upper_bound":0.07849266352558074},"point_estimate":0.06029124216895702,"standard_error":0.009523094025256045}}