{"Mean":{"confidence_interval":{"confidence_level":0.95,"lower_bound":1189.9611988140011,"upper_bound":1190.6634508134944},"point_estimate":1190.2691276294327,"standard_error":0.18039221159288144},"Median":{"confidence_interval":{"confidence_level":0.95,"lower_bound":1189.8120757918552,"upper_bound":1190.0335550579557},"point_estimate":1189.8987530628156,"standard_error":0.06018373286623787},"MedianAbsDev":{"confidence_interval":{"confidence_level":0.95,"lower_bound":0.39292135192408983,"upper_bound":0.7219236334520273},"point_estimate":0.5317217112155388,"standard_error":0.0869780197319294},"Slope":{"confidence_interval":{"confidence_level":0.95,"lower_bound":1189.8902880247445,"upper_bound":1190.7018543497868},"point_estimate":1190.2332086532779,"standard_error":0.21080914491827796},"StdDev":{"confidence_interval":{"confidence_level":0.95,"lower_bound":0.8143263344563575,"upper_bound":2.7281940640305593},"point_estimate":1.8109815961669735,"standard_error":0.5146251703312584}}