{"Mean":{"confidence_interval":{"confidence_level":0.95,"lower_bound":204941.8415410331,"upper_bound":204998.26910765926},"point_estimate":204967.76226433323,"standard_error":14.498680404613715},"Median":{"confidence_interval":{"confidence_level":0.95,"lower_bound":204919.14285714287,"upper_bound":204930.10707070708},"point_estimate":204924.8309654541,"standard_error":3.0735738221746565},"MedianAbsDev":{"confidence_interval":{"confidence_level":0.95,"lower_bound":17.973371907160864,"upper_bound":28.494186805510488},"point_estimate":22.51057737987165,"standard_error":2.62106038309424},"Slope":{"confidence_interval":{"confidence_level":0.95,"lower_bound":204933.48913625415,"upper_bound":204998.56469215368},"point_estimate":204962.93990187676,"standard_error":16.69721279211746},"StdDev":{"confidence_interval":{"confidence_level":0.95,"lower_bound":86.97915013432298,"upper_bound":199.30287512770127},"point_estimate":146.1758353931539,"standard_error":29.017277841025283}}