{"Mean":{"confidence_interval":{"confidence_level":0.95,"lower_bound":402.31932784521115,"upper_bound":402.55915645716993},"point_estimate":402.4356020348565,"standard_error":0.061176862483131075},"Median":{"confidence_interval":{"confidence_level":0.95,"lower_bound":402.38872680527606,"upper_bound":402.5275062137531},"point_estimate":402.42648845453675,"standard_error":0.037108093291846514},"MedianAbsDev":{"confidence_interval":{"confidence_level":0.95,"lower_bound":0.4943613594369173,"upper_bound":0.703733370901658},"point_estimate":0.6720772097430987,"standard_error":0.05117514667662042},"Slope":{"confidence_interval":{"confidence_level":0.95,"lower_bound":402.25744800698493,"upper_bound":402.6000667425846},"point_estimate":402.4192323130448,"standard_error":0.08740886663859203},"StdDev":{"confidence_interval":{"confidence_level":0.95,"lower_bound":0.47092869581034635,"upper_bound":0.7629225492585168},"point_estimate":0.6136785254343504,"standard_error":0.07596800044534979}}