{"Mean":{"confidence_interval":{"confidence_level":0.95,"lower_bound":694191.2781033438,"upper_bound":701615.3412016367},"point_estimate":697398.8094313866,"standard_error":1922.3304592432307},"Median":{"confidence_interval":{"confidence_level":0.95,"lower_bound":691979.6475044563,"upper_bound":692902.7857142857},"point_estimate":692248.0405844155,"standard_error":247.74003120791255},"MedianAbsDev":{"confidence_interval":{"confidence_level":0.95,"lower_bound":1172.2713129874396,"upper_bound":2201.5970589698377},"point_estimate":1539.7554660313715,"standard_error":255.99086189977592},"Slope":{"confidence_interval":{"confidence_level":0.95,"lower_bound":692106.2887188722,"upper_bound":699165.8719023019},"point_estimate":694946.4050036944,"standard_error":1863.038561844637},"StdDev":{"confidence_interval":{"confidence_level":0.95,"lower_bound":7570.013038658476,"upper_bound":29516.298145860077},"point_estimate":19277.070961649053,"standard_error":6004.271169609973}}