{"Mean":{"confidence_interval":{"confidence_level":0.95,"lower_bound":772.0388571496467,"upper_bound":772.332203500527},"point_estimate":772.1649070249878,"standard_error":0.0756202091774216},"Median":{"confidence_interval":{"confidence_level":0.95,"lower_bound":771.9470458984375,"upper_bound":772.0058645833333},"point_estimate":771.9716942471591,"standard_error":0.01428914296474557},"MedianAbsDev":{"confidence_interval":{"confidence_level":0.95,"lower_bound":0.07557668436094829,"upper_bound":0.12596700261350127},"point_estimate":0.09662829655010877,"standard_error":0.012563243065778567},"Slope":{"confidence_interval":{"confidence_level":0.95,"lower_bound":772.0293764298309,"upper_bound":772.2694303476517},"point_estimate":772.1376162858356,"standard_error":0.06182117676071011},"StdDev":{"confidence_interval":{"confidence_level":0.95,"lower_bound":0.32054579186482623,"upper_bound":1.1586589668178817},"point_estimate":0.7575522349317648,"standard_error":0.23551620629975523}}