{"Mean":{"confidence_interval":{"confidence_level":0.95,"lower_bound":939.9888320575129,"upper_bound":940.2014799631272},"point_estimate":940.0787607545752,"standard_error":0.05530095591062016},"Median":{"confidence_interval":{"confidence_level":0.95,"lower_bound":939.9507970164407,"upper_bound":940.0069828501202},"point_estimate":939.969060964532,"standard_error":0.01302826831178563},"MedianAbsDev":{"confidence_interval":{"confidence_level":0.95,"lower_bound":0.0679645425614108,"upper_bound":0.12525017171459935},"point_estimate":0.09783877002625538,"standard_error":0.015321219673707486},"Slope":{"confidence_interval":{"confidence_level":0.95,"lower_bound":939.9775816076534,"upper_bound":940.1362157939775},"point_estimate":940.0411288736987,"standard_error":0.04165788918337672},"StdDev":{"confidence_interval":{"confidence_level":0.95,"lower_bound":0.1805765742132162,"upper_bound":0.8800052491419277},"point_estimate":0.556860127903991,"standard_error":0.19505254789122714}}