{"Mean":{"confidence_interval":{"confidence_level":0.95,"lower_bound":4047417.128528826,"upper_bound":4054327.487822165},"point_estimate":4051007.1106849443,"standard_error":1748.4288302643615},"Median":{"confidence_interval":{"confidence_level":0.95,"lower_bound":4049305.6184210526,"upper_bound":4053825.705882353},"point_estimate":4051706.0912431106,"standard_error":1275.2384714042737},"MedianAbsDev":{"confidence_interval":{"confidence_level":0.95,"lower_bound":8044.034133727406,"upper_bound":12409.696753351218},"point_estimate":10642.269954199699,"standard_error":1095.5989076825185},"Slope":{"confidence_interval":{"confidence_level":0.95,"lower_bound":4048832.952679832,"upper_bound":4052662.5855927677},"point_estimate":4050738.238368553,"standard_error":977.6103721332624},"StdDev":{"confidence_interval":{"confidence_level":0.95,"lower_bound":11011.840439665633,"upper_bound":23463.92281855934},"point_estimate":17591.68870173525,"standard_error":3237.283507236571}}