{"Mean":{"confidence_interval":{"confidence_level":0.95,"lower_bound":4223067.408959334,"upper_bound":4228131.9578185445},"point_estimate":4225425.180057817,"standard_error":1295.8191065644307},"Median":{"confidence_interval":{"confidence_level":0.95,"lower_bound":4219930.442307692,"upper_bound":4225740.807858244},"point_estimate":4224049.004285714,"standard_error":1556.4437579843566},"MedianAbsDev":{"confidence_interval":{"confidence_level":0.95,"lower_bound":7214.570921878083,"upper_bound":11654.549092773177},"point_estimate":10192.255603002675,"standard_error":1179.408689695988},"Slope":{"confidence_interval":{"confidence_level":0.95,"lower_bound":4220456.860687117,"upper_bound":4223681.966696792},"point_estimate":4222021.723431358,"standard_error":824.5711241466865},"StdDev":{"confidence_interval":{"confidence_level":0.95,"lower_bound":8823.17317129788,"upper_bound":17605.898507931048},"point_estimate":13006.338057511428,"standard_error":2393.5949750659724}}