{"Mean":{"confidence_interval":{"confidence_level":0.95,"lower_bound":5536.7062140414955,"upper_bound":5542.696937646386},"point_estimate":5539.313663392819,"standard_error":1.5436837959574778},"Median":{"confidence_interval":{"confidence_level":0.95,"lower_bound":5534.8074074074075,"upper_bound":5536.223754789272},"point_estimate":5535.369500000001,"standard_error":0.3378243073757545},"MedianAbsDev":{"confidence_interval":{"confidence_level":0.95,"lower_bound":1.6902493500737914,"upper_bound":2.9342243977101643},"point_estimate":2.2367789143649115,"standard_error":0.32043510919064533},"Slope":{"confidence_interval":{"confidence_level":0.95,"lower_bound":5534.346018621004,"upper_bound":5537.122492208586},"point_estimate":5535.505508349343,"standard_error":0.7179854345619403},"StdDev":{"confidence_interval":{"confidence_level":0.95,"lower_bound":5.644053513298448,"upper_bound":23.152181581722907},"point_estimate":15.474411720023339,"standard_error":4.596996139652714}}