{"Mean":{"confidence_interval":{"confidence_level":0.95,"lower_bound":40371.47389686065,"upper_bound":40411.29507568537},"point_estimate":40388.183271358736,"standard_error":10.337159162176553},"Median":{"confidence_interval":{"confidence_level":0.95,"lower_bound":40365.22202898551,"upper_bound":40366.441860465115},"point_estimate":40365.83079196217,"standard_error":0.32992126940782096},"MedianAbsDev":{"confidence_interval":{"confidence_level":0.95,"lower_bound":1.668599967870816,"upper_bound":3.6259982856248647},"point_estimate":2.408284300542345,"standard_error":0.525599909314496},"Slope":{"confidence_interval":{"confidence_level":0.95,"lower_bound":40368.471304373954,"upper_bound":40377.62464787938},"point_estimate":40372.53238941924,"standard_error":2.3499488380841895},"StdDev":{"confidence_interval":{"confidence_level":0.95,"lower_bound":23.310543242705656,"upper_bound":161.7518479642805},"point_estimate":103.90696288183105,"standard_error":36.76955839907396}}