{"Mean":{"confidence_interval":{"confidence_level":0.95,"lower_bound":323824.073372178,"upper_bound":324055.5373850084},"point_estimate":323930.3580302343,"standard_error":59.39045409416572},"Median":{"confidence_interval":{"confidence_level":0.95,"lower_bound":323713.0889344262,"upper_bound":323777.7229166019},"point_estimate":323747.56058697274,"standard_error":17.02635067085553},"MedianAbsDev":{"confidence_interval":{"confidence_level":0.95,"lower_bound":102.8674178209062,"upper_bound":213.57307997811262},"point_estimate":167.30744759367246,"standard_error":29.03835822312055},"Slope":{"confidence_interval":{"confidence_level":0.95,"lower_bound":323735.27488407446,"upper_bound":323933.0398725896},"point_estimate":323820.82696911483,"standard_error":51.105739966876534},"StdDev":{"confidence_interval":{"confidence_level":0.95,"lower_bound":344.0279249935457,"upper_bound":820.0853977971569},"point_estimate":598.6803367561619,"standard_error":123.12377141876591}}