{"Mean":{"confidence_interval":{"confidence_level":0.95,"lower_bound":414323.8957736927,"upper_bound":415336.2343302906},"point_estimate":414834.55551790906,"standard_error":258.2464068026834},"Median":{"confidence_interval":{"confidence_level":0.95,"lower_bound":414534.1643145161,"upper_bound":415629.64726517757},"point_estimate":415230.64081632654,"standard_error":307.15315687979745},"MedianAbsDev":{"confidence_interval":{"confidence_level":0.95,"lower_bound":2139.6725574677616,"upper_bound":3373.17688914307},"point_estimate":2639.8457364666747,"standard_error":304.79620522905856},"Slope":{"confidence_interval":{"confidence_level":0.95,"lower_bound":413502.5257607581,"upper_bound":414744.1222440652},"point_estimate":414135.81176690804,"standard_error":318.10454689899495},"StdDev":{"confidence_interval":{"confidence_level":0.95,"lower_bound":2268.3789696226418,"upper_bound":2879.1320713469313},"point_estimate":2594.943774527867,"standard_error":155.81830012799364}}