{"Mean":{"confidence_interval":{"confidence_level":0.95,"lower_bound":435156.6753648874,"upper_bound":442175.41608687676},"point_estimate":438327.824432612,"standard_error":1789.7302155294842},"Median":{"confidence_interval":{"confidence_level":0.95,"lower_bound":430989.8958333333,"upper_bound":435049.1875},"point_estimate":432054.59086165775,"standard_error":1029.6946802030952},"MedianAbsDev":{"confidence_interval":{"confidence_level":0.95,"lower_bound":4231.368753671692,"upper_bound":8372.731432136894},"point_estimate":5986.682197669676,"standard_error":954.4610254106824},"Slope":{"confidence_interval":{"confidence_level":0.95,"lower_bound":429962.6454157613,"upper_bound":433014.8530348041},"point_estimate":431373.6774937195,"standard_error":783.3036070194327},"StdDev":{"confidence_interval":{"confidence_level":0.95,"lower_bound":10032.626952324967,"upper_bound":25176.534464975197},"point_estimate":17969.174476077023,"standard_error":3921.1610503684324}}