{"Mean":{"confidence_interval":{"confidence_level":0.95,"lower_bound":32957.37708503188,"upper_bound":32965.928256834326},"point_estimate":32960.936223714714,"standard_error":2.218472297463429},"Median":{"confidence_interval":{"confidence_level":0.95,"lower_bound":32956.4060483871,"upper_bound":32957.52085918114},"point_estimate":32956.81096663604,"standard_error":0.28084846388906265},"MedianAbsDev":{"confidence_interval":{"confidence_level":0.95,"lower_bound":1.886135318045334,"upper_bound":3.6347868010871514},"point_estimate":2.732662038770171,"standard_error":0.451922371055315},"Slope":{"confidence_interval":{"confidence_level":0.95,"lower_bound":32956.49767926568,"upper_bound":32961.563098820494},"point_estimate":32958.54170981566,"standard_error":1.3513785972201566},"StdDev":{"confidence_interval":{"confidence_level":0.95,"lower_bound":7.150267534562502,"upper_bound":35.485875031970174},"point_estimate":22.290668889486472,"standard_error":8.208905040134457}}