{"Mean":{"confidence_interval":{"confidence_level":0.95,"lower_bound":31774949.077174414,"upper_bound":32008719.12787349},"point_estimate":31876936.34365301,"standard_error":60190.049692268905},"Median":{"confidence_interval":{"confidence_level":0.95,"lower_bound":31707997.60824742,"upper_bound":31769938.65},"point_estimate":31727466.533189032,"standard_error":13742.521818614665},"MedianAbsDev":{"confidence_interval":{"confidence_level":0.95,"lower_bound":89615.88096519258,"upper_bound":149552.5890388174},"point_estimate":118127.20762222655,"standard_error":16024.570721306523},"Slope":{"confidence_interval":{"confidence_level":0.95,"lower_bound":31744545.494747963,"upper_bound":31787230.803336766},"point_estimate":31765880.781666912,"standard_error":10897.716808443156},"StdDev":{"confidence_interval":{"confidence_level":0.95,"lower_bound":178247.16259922797,"upper_bound":888191.6505573482},"point_estimate":605496.7194164608,"standard_error":173926.49925295438}}