{"Mean":{"confidence_interval":{"confidence_level":0.95,"lower_bound":646581.2861601448,"upper_bound":647093.4572607351},"point_estimate":646780.633155868,"standard_error":136.15311824775765},"Median":{"confidence_interval":{"confidence_level":0.95,"lower_bound":646456.0087719298,"upper_bound":646484.5480337078},"point_estimate":646472.1966586151,"standard_error":9.335868762970966},"MedianAbsDev":{"confidence_interval":{"confidence_level":0.95,"lower_bound":39.77829827686181,"upper_bound":86.0009731790575},"point_estimate":65.63310952394662,"standard_error":11.283610133844416},"Slope":{"confidence_interval":{"confidence_level":0.95,"lower_bound":646545.4768709444,"upper_bound":646849.7693499392},"point_estimate":646675.0376828727,"standard_error":79.05930735409783},"StdDev":{"confidence_interval":{"confidence_level":0.95,"lower_bound":367.35979168035715,"upper_bound":2243.299410604401},"point_estimate":1363.815565459182,"standard_error":611.6861819719715}}