{"Mean":{"confidence_interval":{"confidence_level":0.95,"lower_bound":24720.457701282357,"upper_bound":24727.034065314274},"point_estimate":24723.441051759837,"standard_error":1.6889686912827908},"Median":{"confidence_interval":{"confidence_level":0.95,"lower_bound":24718.35063043581,"upper_bound":24719.584668989548},"point_estimate":24718.779315196996,"standard_error":0.36326001232983596},"MedianAbsDev":{"confidence_interval":{"confidence_level":0.95,"lower_bound":1.704801485888022,"upper_bound":3.139847068330078},"point_estimate":2.1710912435678758,"standard_error":0.3800677631154734},"Slope":{"confidence_interval":{"confidence_level":0.95,"lower_bound":24720.37513837311,"upper_bound":24728.188883841165},"point_estimate":24723.906534509293,"standard_error":2.0102703933441584},"StdDev":{"confidence_interval":{"confidence_level":0.95,"lower_bound":9.45930616452692,"upper_bound":23.470868683665046},"point_estimate":16.990609609886555,"standard_error":3.6171830298161614}}