{"Mean":{"confidence_interval":{"confidence_level":0.95,"lower_bound":2126.7023401438546,"upper_bound":2130.2191428037304},"point_estimate":2127.9700280523966,"standard_error":1.0225226505814762},"Median":{"confidence_interval":{"confidence_level":0.95,"lower_bound":2126.4745186943665,"upper_bound":2126.617626509632},"point_estimate":2126.5275302180958,"standard_error":0.033707917655326804},"MedianAbsDev":{"confidence_interval":{"confidence_level":0.95,"lower_bound":0.20329201079372614,"upper_bound":0.34577418203335536},"point_estimate":0.27439142175192416,"standard_error":0.03636323462230306},"Slope":{"confidence_interval":{"confidence_level":0.95,"lower_bound":2126.638565169548,"upper_bound":2128.149064394288},"point_estimate":2127.2463671592322,"standard_error":0.4015309220639434},"StdDev":{"confidence_interval":{"confidence_level":0.95,"lower_bound":1.0681687704764427,"upper_bound":17.390184220719128},"point_estimate":10.23998960707212,"standard_error":5.591520536309692}}