{"Mean":{"confidence_interval":{"confidence_level":0.95,"lower_bound":5060.286146019813,"upper_bound":5064.333175267287},"point_estimate":5061.905832947012,"standard_error":1.0630953369080416},"Median":{"confidence_interval":{"confidence_level":0.95,"lower_bound":5059.579732127869,"upper_bound":5059.74568288854},"point_estimate":5059.6351817042605,"standard_error":0.043946095652674655},"MedianAbsDev":{"confidence_interval":{"confidence_level":0.95,"lower_bound":0.264299588092512,"upper_bound":0.5563665778916866},"point_estimate":0.3957372106478977,"standard_error":0.06909440041665062},"Slope":{"confidence_interval":{"confidence_level":0.95,"lower_bound":5060.019424420674,"upper_bound":5061.292465913692},"point_estimate":5060.590906786536,"standard_error":0.3265107477859957},"StdDev":{"confidence_interval":{"confidence_level":0.95,"lower_bound":2.2545724051114413,"upper_bound":17.38772426892473},"point_estimate":10.705712283030223,"standard_error":4.392893889570335}}