{"Mean":{"confidence_interval":{"confidence_level":0.95,"lower_bound":360825.7213886501,"upper_bound":361189.5266545482},"point_estimate":360976.15662327706,"standard_error":94.96819586789474},"Median":{"confidence_interval":{"confidence_level":0.95,"lower_bound":360751.16049382713,"upper_bound":360794.6147154472},"point_estimate":360782.8218238994,"standard_error":11.09427072878514},"MedianAbsDev":{"confidence_interval":{"confidence_level":0.95,"lower_bound":75.90546551283678,"upper_bound":136.2219022398351},"point_estimate":105.240176443205,"standard_error":15.418395133128646},"Slope":{"confidence_interval":{"confidence_level":0.95,"lower_bound":360775.70535359596,"upper_bound":360866.4655558364},"point_estimate":360817.87918329146,"standard_error":23.221283685372285},"StdDev":{"confidence_interval":{"confidence_level":0.95,"lower_bound":274.4705232943176,"upper_bound":1526.512481714433},"point_estimate":955.5758320961058,"standard_error":357.82479589163626}}