{"Mean":{"confidence_interval":{"confidence_level":0.95,"lower_bound":3519135.418038914,"upper_bound":3623701.511113274},"point_estimate":3562615.233768565,"standard_error":27158.80544157241},"Median":{"confidence_interval":{"confidence_level":0.95,"lower_bound":3477109.05,"upper_bound":3484821.3},"point_estimate":3480348.410973085,"standard_error":1945.866918316504},"MedianAbsDev":{"confidence_interval":{"confidence_level":0.95,"lower_bound":5985.339003482127,"upper_bound":16894.086631915317},"point_estimate":10081.108971125968,"standard_error":2825.048023762381},"Slope":{"confidence_interval":{"confidence_level":0.95,"lower_bound":3486479.208509409,"upper_bound":3509665.761663844},"point_estimate":3496685.298862125,"standard_error":5959.290215623892},"StdDev":{"confidence_interval":{"confidence_level":0.95,"lower_bound":105124.2594284094,"upper_bound":429662.8138425777},"point_estimate":272538.7093932465,"standard_error":99089.06550704}}