{"Mean":{"confidence_interval":{"confidence_level":0.95,"lower_bound":3475673.8347262293,"upper_bound":3491353.124441704},"point_estimate":3482800.421526242,"standard_error":4013.6518236260918},"Median":{"confidence_interval":{"confidence_level":0.95,"lower_bound":3468989.1923076925,"upper_bound":3472957.5368421054},"point_estimate":3470812.107808341,"standard_error":1004.6252624686498},"MedianAbsDev":{"confidence_interval":{"confidence_level":0.95,"lower_bound":4018.8895745854197,"upper_bound":8553.941516810752},"point_estimate":5957.256671411525,"standard_error":1140.571959295015},"Slope":{"confidence_interval":{"confidence_level":0.95,"lower_bound":3471098.9883823683,"upper_bound":3486290.3435029476},"point_estimate":3477549.626262746,"standard_error":3911.889555545878},"StdDev":{"confidence_interval":{"confidence_level":0.95,"lower_bound":22006.673351582842,"upper_bound":54360.044799627714},"point_estimate":40287.56351044699,"standard_error":8250.68464314472}}