{"Mean":{"confidence_interval":{"confidence_level":0.95,"lower_bound":956.7098499304301,"upper_bound":956.9593650456073},"point_estimate":956.8225262239724,"standard_error":0.06434528846601793},"Median":{"confidence_interval":{"confidence_level":0.95,"lower_bound":956.6863880716284,"upper_bound":956.7228130649263},"point_estimate":956.6990131578948,"standard_error":0.008698504040595275},"MedianAbsDev":{"confidence_interval":{"confidence_level":0.95,"lower_bound":0.06832994290713494,"upper_bound":0.13849494319330916},"point_estimate":0.0928022649668726,"standard_error":0.0169467442530667},"Slope":{"confidence_interval":{"confidence_level":0.95,"lower_bound":956.6769343051176,"upper_bound":956.9491207236816},"point_estimate":956.7960042376723,"standard_error":0.06969867993354077},"StdDev":{"confidence_interval":{"confidence_level":0.95,"lower_bound":0.3417328789941552,"upper_bound":0.8976091103613286},"point_estimate":0.6458997388823658,"standard_error":0.14313600217029707}}