{"Mean":{"confidence_interval":{"confidence_level":0.95,"lower_bound":6504.675805048258,"upper_bound":6520.928033404863},"point_estimate":6510.371012523356,"standard_error":4.9259978028498645},"Median":{"confidence_interval":{"confidence_level":0.95,"lower_bound":6503.88,"upper_bound":6504.148148148148},"point_estimate":6503.980985727625,"standard_error":0.05724282854526175},"MedianAbsDev":{"confidence_interval":{"confidence_level":0.95,"lower_bound":0.3679549389342671,"upper_bound":0.6258936893886358},"point_estimate":0.486605289435759,"standard_error":0.0653519581051944},"Slope":{"confidence_interval":{"confidence_level":0.95,"lower_bound":6504.439063150497,"upper_bound":6506.589647322527},"point_estimate":6505.4155143521375,"standard_error":0.5529757667026812},"StdDev":{"confidence_interval":{"confidence_level":0.95,"lower_bound":3.0584602943349983,"upper_bound":84.11523640504231},"point_estimate":49.256644331127056,"standard_error":28.41305573496364}}