{"Mean":{"confidence_interval":{"confidence_level":0.95,"lower_bound":28700961.220603455,"upper_bound":28814656.68020278},"point_estimate":28749170.79220963,"standard_error":29406.304265975938},"Median":{"confidence_interval":{"confidence_level":0.95,"lower_bound":28647327.93478261,"upper_bound":28717413.245187163},"point_estimate":28678088.475203138,"standard_error":19034.792824099466},"MedianAbsDev":{"confidence_interval":{"confidence_level":0.95,"lower_bound":86318.33712169298,"upper_bound":151167.62301623728},"point_estimate":121051.63982404041,"standard_error":16726.38216845206},"Slope":{"confidence_interval":{"confidence_level":0.95,"lower_bound":28690201.51530281,"upper_bound":28737461.932473686},"point_estimate":28713029.29391754,"standard_error":12066.117943703399},"StdDev":{"confidence_interval":{"confidence_level":0.95,"lower_bound":127490.21666010618,"upper_bound":459903.0826955057},"point_estimate":295776.3613893973,"standard_error":101157.5318260235}}