{"Mean":{"confidence_interval":{"confidence_level":0.95,"lower_bound":333244.8334276452,"upper_bound":333355.5619828466},"point_estimate":333301.460879668,"standard_error":28.348281986273776},"Median":{"confidence_interval":{"confidence_level":0.95,"lower_bound":333275.0402097902,"upper_bound":333400.01543209876},"point_estimate":333328.711940837,"standard_error":35.275022666550356},"MedianAbsDev":{"confidence_interval":{"confidence_level":0.95,"lower_bound":179.32598078591522,"upper_bound":316.3083000556945},"point_estimate":238.2445495202792,"standard_error":35.45489583534621},"Slope":{"confidence_interval":{"confidence_level":0.95,"lower_bound":333311.7942931396,"upper_bound":333417.1350479282},"point_estimate":333364.0018826659,"standard_error":26.773737932268418},"StdDev":{"confidence_interval":{"confidence_level":0.95,"lower_bound":228.51673004916506,"upper_bound":333.33237012483374},"point_estimate":282.92247100460065,"standard_error":26.7524795889362}}