{"Mean":{"confidence_interval":{"confidence_level":0.95,"lower_bound":971738.1576071057,"upper_bound":983448.4440638428},"point_estimate":976791.9021777783,"standard_error":3028.221461549176},"Median":{"confidence_interval":{"confidence_level":0.95,"lower_bound":968837.9746835442,"upper_bound":969706.4996789384},"point_estimate":969118.7854838709,"standard_error":229.36141837780866},"MedianAbsDev":{"confidence_interval":{"confidence_level":0.95,"lower_bound":1338.2686158018219,"upper_bound":2375.1362144420614},"point_estimate":1790.652791729354,"standard_error":266.9203866401901},"Slope":{"confidence_interval":{"confidence_level":0.95,"lower_bound":969281.519690412,"upper_bound":974120.3052175731},"point_estimate":971313.631192552,"standard_error":1253.3194113827637},"StdDev":{"confidence_interval":{"confidence_level":0.95,"lower_bound":9537.635114084713,"upper_bound":46382.11458045687},"point_estimate":30521.745726208563,"standard_error":9605.598988793514}}