{"Mean":{"confidence_interval":{"confidence_level":0.95,"lower_bound":876.6869764257,"upper_bound":877.497579879441},"point_estimate":877.0341454882347,"standard_error":0.2093574874599277},"Median":{"confidence_interval":{"confidence_level":0.95,"lower_bound":876.3794746882878,"upper_bound":876.4591274036401},"point_estimate":876.4129870351085,"standard_error":0.019152423460766742},"MedianAbsDev":{"confidence_interval":{"confidence_level":0.95,"lower_bound":0.11993246544288999,"upper_bound":0.23913983012112286},"point_estimate":0.1682318917598536,"standard_error":0.032136113614142155},"Slope":{"confidence_interval":{"confidence_level":0.95,"lower_bound":876.5101865054455,"upper_bound":876.8605759584702},"point_estimate":876.6715514107893,"standard_error":0.08971469656363777},"StdDev":{"confidence_interval":{"confidence_level":0.95,"lower_bound":0.7382424901000312,"upper_bound":3.2235124814360647},"point_estimate":2.101538309152412,"standard_error":0.664998325441614}}