{"Mean":{"confidence_interval":{"confidence_level":0.95,"lower_bound":321853.7860442169,"upper_bound":325096.387504067},"point_estimate":323321.88929091755,"standard_error":832.0239617090057},"Median":{"confidence_interval":{"confidence_level":0.95,"lower_bound":320321.6692307692,"upper_bound":320904.0},"point_estimate":320494.51460526313,"standard_error":160.63904043170342},"MedianAbsDev":{"confidence_interval":{"confidence_level":0.95,"lower_bound":646.7412552138718,"upper_bound":1272.5587999075594},"point_estimate":870.9183023981461,"standard_error":164.68209168940956},"Slope":{"confidence_interval":{"confidence_level":0.95,"lower_bound":320611.1947339826,"upper_bound":322614.3972035672},"point_estimate":321476.8204728831,"standard_error":516.2014310085692},"StdDev":{"confidence_interval":{"confidence_level":0.95,"lower_bound":4703.873326522363,"upper_bound":11526.707521945827},"point_estimate":8375.54669335656,"standard_error":1757.0688937613168}}