{"Mean":{"confidence_interval":{"confidence_level":0.95,"lower_bound":1710.412835748176,"upper_bound":1711.147515175693},"point_estimate":1710.7215551247182,"standard_error":0.19054665774978863},"Median":{"confidence_interval":{"confidence_level":0.95,"lower_bound":1710.2593140883296,"upper_bound":1710.2888121281903},"point_estimate":1710.2758281298438,"standard_error":0.007956158447601124},"MedianAbsDev":{"confidence_interval":{"confidence_level":0.95,"lower_bound":0.05659514684975024,"upper_bound":0.12368371916281697},"point_estimate":0.07999960957763277,"standard_error":0.016398746761353476},"Slope":{"confidence_interval":{"confidence_level":0.95,"lower_bound":1710.354346551157,"upper_bound":1710.880629029421},"point_estimate":1710.5867651074132,"standard_error":0.13530923740777986},"StdDev":{"confidence_interval":{"confidence_level":0.95,"lower_bound":0.6870804370864607,"upper_bound":2.9958612626101786},"point_estimate":1.911537776067289,"standard_error":0.6699443077559115}}