{"Mean":{"confidence_interval":{"confidence_level":0.95,"lower_bound":1380.9099788110213,"upper_bound":1382.3357245430557},"point_estimate":1381.5827380573046,"standard_error":0.36521835143187886},"Median":{"confidence_interval":{"confidence_level":0.95,"lower_bound":1379.8237806059196,"upper_bound":1380.0049054970423},"point_estimate":1379.9018156814395,"standard_error":0.043539276262672},"MedianAbsDev":{"confidence_interval":{"confidence_level":0.95,"lower_bound":0.3745920630608865,"upper_bound":0.8175777154110807},"point_estimate":0.544343714185401,"standard_error":0.11568332182995703},"Slope":{"confidence_interval":{"confidence_level":0.95,"lower_bound":1381.2118015807105,"upper_bound":1382.6207925566137},"point_estimate":1381.905425488655,"standard_error":0.35983415561770554},"StdDev":{"confidence_interval":{"confidence_level":0.95,"lower_bound":2.5954443403594802,"upper_bound":4.616351755686298},"point_estimate":3.655759902740654,"standard_error":0.517358552876301}}