{"Mean":{"confidence_interval":{"confidence_level":0.95,"lower_bound":1319.3821219428648,"upper_bound":1326.05757320835},"point_estimate":1322.5093943573677,"standard_error":1.7067222300355387},"Median":{"confidence_interval":{"confidence_level":0.95,"lower_bound":1316.8732453208556,"upper_bound":1321.3040096420234},"point_estimate":1318.431965154943,"standard_error":1.292183217319223},"MedianAbsDev":{"confidence_interval":{"confidence_level":0.95,"lower_bound":7.843849769357887,"upper_bound":12.076154276892536},"point_estimate":10.05548035901657,"standard_error":1.032797933334285},"Slope":{"confidence_interval":{"confidence_level":0.95,"lower_bound":1317.736916384173,"upper_bound":1322.6351043153597},"point_estimate":1320.1448123482235,"standard_error":1.2528883647856965},"StdDev":{"confidence_interval":{"confidence_level":0.95,"lower_bound":11.13697219446608,"upper_bound":22.298390522462807},"point_estimate":17.19127782537727,"standard_error":2.8416972503302413}}