{"Mean":{"confidence_interval":{"confidence_level":0.95,"lower_bound":853.5823965320116,"upper_bound":854.0094836072786},"point_estimate":853.782824254717,"standard_error":0.10900278638492614},"Median":{"confidence_interval":{"confidence_level":0.95,"lower_bound":853.468503391775,"upper_bound":853.7871941709151},"point_estimate":853.5564109810587,"standard_error":0.07895443901544072},"MedianAbsDev":{"confidence_interval":{"confidence_level":0.95,"lower_bound":0.6906154411350071,"upper_bound":1.3096857084763496},"point_estimate":1.0338931986989657,"standard_error":0.15779773841895464},"Slope":{"confidence_interval":{"confidence_level":0.95,"lower_bound":853.6832380281389,"upper_bound":854.1224465604245},"point_estimate":853.8946719392522,"standard_error":0.11254033960105543},"StdDev":{"confidence_interval":{"confidence_level":0.95,"lower_bound":0.7718708938156311,"upper_bound":1.4584592642986336},"point_estimate":1.093380264529368,"standard_error":0.18909178475342905}}