{"Mean":{"confidence_interval":{"confidence_level":0.95,"lower_bound":155372.72114844384,"upper_bound":155494.29348935472},"point_estimate":155426.50322800333,"standard_error":31.183324247719685},"Median":{"confidence_interval":{"confidence_level":0.95,"lower_bound":155312.7100840336,"upper_bound":155329.54285714286},"point_estimate":155316.83687258686,"standard_error":4.938784126836789},"MedianAbsDev":{"confidence_interval":{"confidence_level":0.95,"lower_bound":28.260313096949677,"upper_bound":61.570729212989036},"point_estimate":38.536772907904734,"standard_error":8.90765087058626},"Slope":{"confidence_interval":{"confidence_level":0.95,"lower_bound":155393.09214250924,"upper_bound":155555.05710923005},"point_estimate":155466.0800071777,"standard_error":41.61863866470863},"StdDev":{"confidence_interval":{"confidence_level":0.95,"lower_bound":147.35830572865848,"upper_bound":458.53571710028166},"point_estimate":313.4962025550546,"standard_error":82.84856136400789}}