{"Mean":{"confidence_interval":{"confidence_level":0.95,"lower_bound":2527127.38199096,"upper_bound":2528930.210590051},"point_estimate":2527865.8750950554,"standard_error":471.66195588266925},"Median":{"confidence_interval":{"confidence_level":0.95,"lower_bound":2526765.28,"upper_bound":2527055.2655172413},"point_estimate":2526905.480218855,"standard_error":62.8367260064636},"MedianAbsDev":{"confidence_interval":{"confidence_level":0.95,"lower_bound":555.1295952578246,"upper_bound":1069.5386355574944},"point_estimate":787.2779408725521,"standard_error":129.33683698843637},"Slope":{"confidence_interval":{"confidence_level":0.95,"lower_bound":2527040.457097792,"upper_bound":2527647.820437515},"point_estimate":2527327.857671051,"standard_error":155.15359621702342},"StdDev":{"confidence_interval":{"confidence_level":0.95,"lower_bound":1260.4084333727606,"upper_bound":7646.857452817574},"point_estimate":4739.805736265039,"standard_error":1856.4516612148166}}