{"Mean":{"confidence_interval":{"confidence_level":0.95,"lower_bound":2319.6680466598054,"upper_bound":2326.384951260134},"point_estimate":2323.0411040507342,"standard_error":1.7177769872524378},"Median":{"confidence_interval":{"confidence_level":0.95,"lower_bound":2313.3571869802804,"upper_bound":2335.852209255955},"point_estimate":2328.597973820676,"standard_error":6.700105093285406},"MedianAbsDev":{"confidence_interval":{"confidence_level":0.95,"lower_bound":9.394622260641276,"upper_bound":26.24871898068077},"point_estimate":19.223055908722262,"standard_error":5.033397758508893},"Slope":{"confidence_interval":{"confidence_level":0.95,"lower_bound":2317.4576801417807,"upper_bound":2325.9270705676972},"point_estimate":2321.718546313578,"standard_error":2.1722066815468257},"StdDev":{"confidence_interval":{"confidence_level":0.95,"lower_bound":16.109577158589335,"upper_bound":18.21352681920067},"point_estimate":17.263641797196538,"standard_error":0.5373718462834974}}