{"Mean":{"confidence_interval":{"confidence_level":0.95,"lower_bound":824.0165202685436,"upper_bound":826.5112869955491},"point_estimate":825.2764907658959,"standard_error":0.6374808471222756},"Median":{"confidence_interval":{"confidence_level":0.95,"lower_bound":823.7768050146524,"upper_bound":826.8500343023754},"point_estimate":824.9201763815894,"standard_error":0.843026008368603},"MedianAbsDev":{"confidence_interval":{"confidence_level":0.95,"lower_bound":4.342595516235042,"upper_bound":7.383875389018348},"point_estimate":6.232143315360696,"standard_error":0.773633045772415},"Slope":{"confidence_interval":{"confidence_level":0.95,"lower_bound":824.2565312693864,"upper_bound":826.7232642450571},"point_estimate":825.4559493543574,"standard_error":0.6291340568082845},"StdDev":{"confidence_interval":{"confidence_level":0.95,"lower_bound":5.345160436606398,"upper_bound":7.469290949767331},"point_estimate":6.446906989622707,"standard_error":0.5449603713393598}}