{"Mean":{"confidence_interval":{"confidence_level":0.95,"lower_bound":10511.937705353967,"upper_bound":10579.557941623294},"point_estimate":10540.2079250685,"standard_error":17.56505844426763},"Median":{"confidence_interval":{"confidence_level":0.95,"lower_bound":10495.76320505565,"upper_bound":10511.140328011295},"point_estimate":10500.724965254918,"standard_error":3.2259092992252576},"MedianAbsDev":{"confidence_interval":{"confidence_level":0.95,"lower_bound":18.219584447009037,"upper_bound":33.01735053400634},"point_estimate":24.84941467660069,"standard_error":3.74537039788839},"Slope":{"confidence_interval":{"confidence_level":0.95,"lower_bound":10501.755637662834,"upper_bound":10627.087752588443},"point_estimate":10548.284449804634,"standard_error":34.12305372647881},"StdDev":{"confidence_interval":{"confidence_level":0.95,"lower_bound":50.62161159051003,"upper_bound":279.34488786943996},"point_estimate":176.512366988323,"standard_error":63.4410906699165}}