{"Mean":{"confidence_interval":{"confidence_level":0.95,"lower_bound":148.39904431245822,"upper_bound":148.41642513048672},"point_estimate":148.4077657898012,"standard_error":0.004414392541694451},"Median":{"confidence_interval":{"confidence_level":0.95,"lower_bound":148.40234191646937,"upper_bound":148.41745332814403},"point_estimate":148.40999938358954,"standard_error":0.004318772003974474},"MedianAbsDev":{"confidence_interval":{"confidence_level":0.95,"lower_bound":0.022553122614512935,"upper_bound":0.036655090389901036},"point_estimate":0.029128238599641892,"standard_error":0.0036881757687217205},"Slope":{"confidence_interval":{"confidence_level":0.95,"lower_bound":148.42118865860868,"upper_bound":148.4327911601606},"point_estimate":148.42682654061772,"standard_error":0.002954162895256324},"StdDev":{"confidence_interval":{"confidence_level":0.95,"lower_bound":0.029903975469990452,"upper_bound":0.05823676900698632},"point_estimate":0.04436614418476107,"standard_error":0.0072852883781677254}}