{"Mean":{"confidence_interval":{"confidence_level":0.95,"lower_bound":2456491.603424424,"upper_bound":2457385.568392898},"point_estimate":2456902.4948651297,"standard_error":228.51722415948547},"Median":{"confidence_interval":{"confidence_level":0.95,"lower_bound":2456085.6,"upper_bound":2456480.811594203},"point_estimate":2456242.3742463393,"standard_error":83.14572527350236},"MedianAbsDev":{"confidence_interval":{"confidence_level":0.95,"lower_bound":546.3682200667943,"upper_bound":978.849445697243},"point_estimate":741.8263329141283,"standard_error":102.5575159194504},"Slope":{"confidence_interval":{"confidence_level":0.95,"lower_bound":2456392.0483283955,"upper_bound":2457085.405371788},"point_estimate":2456704.2147332644,"standard_error":178.03357135434945},"StdDev":{"confidence_interval":{"confidence_level":0.95,"lower_bound":1356.7043209673038,"upper_bound":3055.934922787339},"point_estimate":2294.3611092996716,"standard_error":430.10272496854043}}