{"Mean":{"confidence_interval":{"confidence_level":0.95,"lower_bound":1958.7132015285313,"upper_bound":1960.1971820945535},"point_estimate":1959.3101852831846,"standard_error":0.3878146403114936},"Median":{"confidence_interval":{"confidence_level":0.95,"lower_bound":1958.3862139178345,"upper_bound":1958.4723944247971},"point_estimate":1958.4307493065146,"standard_error":0.023230542126504175},"MedianAbsDev":{"confidence_interval":{"confidence_level":0.95,"lower_bound":0.10743934055851473,"upper_bound":0.20863437829313616},"point_estimate":0.14691554837674578,"standard_error":0.026039234761873347},"Slope":{"confidence_interval":{"confidence_level":0.95,"lower_bound":1958.6920391090234,"upper_bound":1959.757178236486},"point_estimate":1959.1519536041858,"standard_error":0.2763985684571559},"StdDev":{"confidence_interval":{"confidence_level":0.95,"lower_bound":1.049145599942442,"upper_bound":6.341261648940773},"point_estimate":3.9101613125271157,"standard_error":1.5981517858784273}}