{"Mean":{"confidence_interval":{"confidence_level":0.95,"lower_bound":62781.05638521757,"upper_bound":62796.89676591884},"point_estimate":62788.24762586743,"standard_error":4.062589202494416},"Median":{"confidence_interval":{"confidence_level":0.95,"lower_bound":62778.282258064515,"upper_bound":62780.814694940476},"point_estimate":62779.305067135545,"standard_error":0.5732471568665602},"MedianAbsDev":{"confidence_interval":{"confidence_level":0.95,"lower_bound":5.1810117780704665,"upper_bound":9.365127501419073},"point_estimate":7.003005084004027,"standard_error":1.0985646762096697},"Slope":{"confidence_interval":{"confidence_level":0.95,"lower_bound":62780.64698185204,"upper_bound":62798.67721949585},"point_estimate":62788.58348252549,"standard_error":4.633428227773398},"StdDev":{"confidence_interval":{"confidence_level":0.95,"lower_bound":22.795195565709506,"upper_bound":55.348747721965466},"point_estimate":40.7967129806075,"standard_error":8.303107780379346}}