{"Mean":{"confidence_interval":{"confidence_level":0.95,"lower_bound":1283013.3537422267,"upper_bound":1284233.6928833958},"point_estimate":1283567.0657300854,"standard_error":311.69782024270114},"Median":{"confidence_interval":{"confidence_level":0.95,"lower_bound":1283212.3103448276,"upper_bound":1283659.1966873705},"point_estimate":1283484.5308349147,"standard_error":109.40452712037619},"MedianAbsDev":{"confidence_interval":{"confidence_level":0.95,"lower_bound":918.1850402780094,"upper_bound":1769.9207315826714},"point_estimate":1245.3898799700721,"standard_error":215.71769987202956},"Slope":{"confidence_interval":{"confidence_level":0.95,"lower_bound":1282487.5099362354,"upper_bound":1283535.615816058},"point_estimate":1283029.391476282,"standard_error":267.14794139078504},"StdDev":{"confidence_interval":{"confidence_level":0.95,"lower_bound":1717.6856483082781,"upper_bound":4639.145241157655},"point_estimate":3130.9444867141015,"standard_error":845.4662802013466}}