{"Mean":{"confidence_interval":{"confidence_level":0.95,"lower_bound":910019.1226536676,"upper_bound":910570.021747255},"point_estimate":910293.8041603095,"standard_error":140.70929536099248},"Median":{"confidence_interval":{"confidence_level":0.95,"lower_bound":909492.3636363636,"upper_bound":911244.9032258064},"point_estimate":909879.4942528736,"standard_error":352.20120928932255},"MedianAbsDev":{"confidence_interval":{"confidence_level":0.95,"lower_bound":1058.5454937070033,"upper_bound":2258.314714351355},"point_estimate":1936.3473043326603,"standard_error":330.548235359911},"Slope":{"confidence_interval":{"confidence_level":0.95,"lower_bound":910348.7623128775,"upper_bound":911028.4479654456},"point_estimate":910683.4070134476,"standard_error":173.58181004398435},"StdDev":{"confidence_interval":{"confidence_level":0.95,"lower_bound":1297.4113423905173,"upper_bound":1509.5472444562745},"point_estimate":1411.9681792717693,"standard_error":54.03395554164055}}