{"Mean":{"confidence_interval":{"confidence_level":0.95,"lower_bound":911393.5853677928,"upper_bound":912194.1384537291},"point_estimate":911805.3655514969,"standard_error":204.20100982519455},"Median":{"confidence_interval":{"confidence_level":0.95,"lower_bound":911635.3076923077,"upper_bound":911972.0572974472},"point_estimate":911898.4929358237,"standard_error":87.1004114328581},"MedianAbsDev":{"confidence_interval":{"confidence_level":0.95,"lower_bound":566.3514311165759,"upper_bound":970.6989277900335},"point_estimate":734.5916183755636,"standard_error":103.54210598772583},"Slope":{"confidence_interval":{"confidence_level":0.95,"lower_bound":912377.0297464582,"upper_bound":913207.0404536475},"point_estimate":912805.6335968672,"standard_error":211.489228389928},"StdDev":{"confidence_interval":{"confidence_level":0.95,"lower_bound":1597.706881852718,"upper_bound":2446.3331769729457},"point_estimate":2053.4030476614894,"standard_error":216.7672502695818}}