{"Mean":{"confidence_interval":{"confidence_level":0.95,"lower_bound":450.7155250537565,"upper_bound":451.3488447611896},"point_estimate":451.02520273516035,"standard_error":0.1615515531221923},"Median":{"confidence_interval":{"confidence_level":0.95,"lower_bound":449.73395359417657,"upper_bound":452.179383855453},"point_estimate":451.38416864794,"standard_error":0.6952720930181397},"MedianAbsDev":{"confidence_interval":{"confidence_level":0.95,"lower_bound":0.36184941564859013,"upper_bound":2.1509301401573024},"point_estimate":1.5408354613762136,"standard_error":0.5403555933461313},"Slope":{"confidence_interval":{"confidence_level":0.95,"lower_bound":450.57346278115944,"upper_bound":451.3104472772865},"point_estimate":450.9424574686904,"standard_error":0.18810132082120756},"StdDev":{"confidence_interval":{"confidence_level":0.95,"lower_bound":1.3685658728123942,"upper_bound":1.984387114258221},"point_estimate":1.622808808133401,"standard_error":0.18171917177725197}}