{"Mean":{"confidence_interval":{"confidence_level":0.95,"lower_bound":156008.63788548374,"upper_bound":157889.24481490112},"point_estimate":156742.4279163161,"standard_error":498.2027414762203},"Median":{"confidence_interval":{"confidence_level":0.95,"lower_bound":155734.15151515152,"upper_bound":155879.66857142857},"point_estimate":155798.84756194282,"standard_error":33.664196923120336},"MedianAbsDev":{"confidence_interval":{"confidence_level":0.95,"lower_bound":253.0425270321477,"upper_bound":469.7912107164555},"point_estimate":359.6161592547243,"standard_error":53.96043184933158},"Slope":{"confidence_interval":{"confidence_level":0.95,"lower_bound":155715.041755184,"upper_bound":156680.9487724667},"point_estimate":156039.00000802212,"standard_error":275.3974484560203},"StdDev":{"confidence_interval":{"confidence_level":0.95,"lower_bound":1026.9414120225708,"upper_bound":8207.199475781692},"point_estimate":4986.704847579712,"standard_error":2191.436792481777}}