{"Mean":{"confidence_interval":{"confidence_level":0.95,"lower_bound":80604824.88031329,"upper_bound":80632154.46234907},"point_estimate":80617318.26762946,"standard_error":6997.676860516037},"Median":{"confidence_interval":{"confidence_level":0.95,"lower_bound":80595464.50775194,"upper_bound":80608562.04054055},"point_estimate":80601777.02918586,"standard_error":3335.852913818224},"MedianAbsDev":{"confidence_interval":{"confidence_level":0.95,"lower_bound":20996.27611081241,"upper_bound":32606.516982372636},"point_estimate":26784.590786110733,"standard_error":2959.1650983289214},"Slope":{"confidence_interval":{"confidence_level":0.95,"lower_bound":80594589.62302835,"upper_bound":80603895.23287264},"point_estimate":80599146.31267917,"standard_error":2366.9130259122926},"StdDev":{"confidence_interval":{"confidence_level":0.95,"lower_bound":40856.555204342076,"upper_bound":96706.48897464992},"point_estimate":70278.32198134699,"standard_error":14383.42167314608}}