{"Mean":{"confidence_interval":{"confidence_level":0.95,"lower_bound":172124.9949913899,"upper_bound":177997.6843009065},"point_estimate":174415.50776836945,"standard_error":1548.2432160435442},"Median":{"confidence_interval":{"confidence_level":0.95,"lower_bound":171492.2064102564,"upper_bound":171745.95679012345},"point_estimate":171589.852916896,"standard_error":70.44748043475323},"MedianAbsDev":{"confidence_interval":{"confidence_level":0.95,"lower_bound":338.1568347523403,"upper_bound":689.7449462403347},"point_estimate":508.4590235206713,"standard_error":94.69839938312715},"Slope":{"confidence_interval":{"confidence_level":0.95,"lower_bound":171574.66496615642,"upper_bound":173720.31299847038},"point_estimate":172394.9885552436,"standard_error":579.6564018356089},"StdDev":{"confidence_interval":{"confidence_level":0.95,"lower_bound":2208.820978053302,"upper_bound":25450.88647612151},"point_estimate":15491.95118497641,"standard_error":6731.231488456332}}