{"Mean":{"confidence_interval":{"confidence_level":0.95,"lower_bound":1837.6345789121135,"upper_bound":1838.1011102630052},"point_estimate":1837.8294518497237,"standard_error":0.1214054244582009},"Median":{"confidence_interval":{"confidence_level":0.95,"lower_bound":1837.6067505491615,"upper_bound":1837.7134381542269},"point_estimate":1837.6603046513737,"standard_error":0.029910003891121036},"MedianAbsDev":{"confidence_interval":{"confidence_level":0.95,"lower_bound":0.16373129725777308,"upper_bound":0.4146665341525681},"point_estimate":0.26216362997735565,"standard_error":0.06743559944448803},"Slope":{"confidence_interval":{"confidence_level":0.95,"lower_bound":1837.5729503979412,"upper_bound":1838.1502351361482},"point_estimate":1837.7863977931388,"standard_error":0.1551272944640754},"StdDev":{"confidence_interval":{"confidence_level":0.95,"lower_bound":0.41462228477728785,"upper_bound":1.939023054313184},"point_estimate":1.2199782950183977,"standard_error":0.44926303972167814}}