{"Mean":{"confidence_interval":{"confidence_level":0.95,"lower_bound":2108.144480205545,"upper_bound":2109.044340913014},"point_estimate":2108.556724815777,"standard_error":0.23048009186036425},"Median":{"confidence_interval":{"confidence_level":0.95,"lower_bound":2107.543313069909,"upper_bound":2108.598762483717},"point_estimate":2108.2058566239157,"standard_error":0.3182846499836319},"MedianAbsDev":{"confidence_interval":{"confidence_level":0.95,"lower_bound":1.0872046322422892,"upper_bound":1.9086769299391597},"point_estimate":1.5473831880024407,"standard_error":0.21734267053144143},"Slope":{"confidence_interval":{"confidence_level":0.95,"lower_bound":2108.3443757848313,"upper_bound":2108.775225969877},"point_estimate":2108.5615851519733,"standard_error":0.10965486408308306},"StdDev":{"confidence_interval":{"confidence_level":0.95,"lower_bound":1.3543800565960902,"upper_bound":3.3029507743052684},"point_estimate":2.3143341506481225,"standard_error":0.5295033823193364}}