{"Mean":{"confidence_interval":{"confidence_level":0.95,"lower_bound":325850.89942008845,"upper_bound":333677.8438156251},"point_estimate":329540.03020552197,"standard_error":2008.4573013867916},"Median":{"confidence_interval":{"confidence_level":0.95,"lower_bound":318799.01960784313,"upper_bound":329251.66930350976},"point_estimate":323870.15550200804,"standard_error":3105.3644453534357},"MedianAbsDev":{"confidence_interval":{"confidence_level":0.95,"lower_bound":7277.485325136957,"upper_bound":17411.32482142345},"point_estimate":12203.888882009154,"standard_error":2527.2253366863165},"Slope":{"confidence_interval":{"confidence_level":0.95,"lower_bound":320463.0185373994,"upper_bound":324717.47918162093},"point_estimate":322461.66690310824,"standard_error":1085.6605048246452},"StdDev":{"confidence_interval":{"confidence_level":0.95,"lower_bound":14159.016711076625,"upper_bound":25551.356532473575},"point_estimate":20148.69683273244,"standard_error":2909.883490589749}}