{"Mean":{"confidence_interval":{"confidence_level":0.95,"lower_bound":171.4122734877883,"upper_bound":171.46641167216507},"point_estimate":171.4384093916161,"standard_error":0.013736905920765164},"Median":{"confidence_interval":{"confidence_level":0.95,"lower_bound":171.41851751088248,"upper_bound":171.46241651804348},"point_estimate":171.43470144455793,"standard_error":0.00990638599893556},"MedianAbsDev":{"confidence_interval":{"confidence_level":0.95,"lower_bound":0.06839846986982843,"upper_bound":0.10874759995665363},"point_estimate":0.0884035273630512,"standard_error":0.010362654400709194},"Slope":{"confidence_interval":{"confidence_level":0.95,"lower_bound":171.42394144034276,"upper_bound":171.4567845507453},"point_estimate":171.44038382506028,"standard_error":0.008400907927636845},"StdDev":{"confidence_interval":{"confidence_level":0.95,"lower_bound":0.08710388430083954,"upper_bound":0.18928377582321523},"point_estimate":0.13795435002837014,"standard_error":0.0267699138332017}}