{"Mean":{"confidence_interval":{"confidence_level":0.95,"lower_bound":18528.778696070094,"upper_bound":18632.664692788658},"point_estimate":18575.585152261956,"standard_error":26.744157206000406},"Median":{"confidence_interval":{"confidence_level":0.95,"lower_bound":18504.974989030277,"upper_bound":18558.068451075032},"point_estimate":18529.84621144055,"standard_error":12.766453600067248},"MedianAbsDev":{"confidence_interval":{"confidence_level":0.95,"lower_bound":66.59118697232091,"upper_bound":113.48733399929068},"point_estimate":87.82335270576442,"standard_error":12.4013861058673},"Slope":{"confidence_interval":{"confidence_level":0.95,"lower_bound":18554.744835158028,"upper_bound":18693.986606291943},"point_estimate":18606.922664484417,"standard_error":38.28966890107267},"StdDev":{"confidence_interval":{"confidence_level":0.95,"lower_bound":125.44733836534516,"upper_bound":379.0661885108376},"point_estimate":268.0136089811772,"standard_error":64.67026679296599}}