{"Mean":{"confidence_interval":{"confidence_level":0.95,"lower_bound":194714.19788956718,"upper_bound":194783.70384743199},"point_estimate":194745.40627542933,"standard_error":17.817782057087165},"Median":{"confidence_interval":{"confidence_level":0.95,"lower_bound":194686.03289473685,"upper_bound":194705.46057625947},"point_estimate":194693.293989899,"standard_error":4.439320845532722},"MedianAbsDev":{"confidence_interval":{"confidence_level":0.95,"lower_bound":36.377015257094214,"upper_bound":60.69015315605966},"point_estimate":47.859927510001405,"standard_error":5.949488458086004},"Slope":{"confidence_interval":{"confidence_level":0.95,"lower_bound":194709.7637796667,"upper_bound":194811.92754450568},"point_estimate":194752.1573183587,"standard_error":26.604238425602276},"StdDev":{"confidence_interval":{"confidence_level":0.95,"lower_bound":95.10865816903001,"upper_bound":254.98060088913712},"point_estimate":178.79702191822707,"standard_error":41.785971362923725}}