{"Mean":{"confidence_interval":{"confidence_level":0.95,"lower_bound":59249.52318208916,"upper_bound":59487.29244699308},"point_estimate":59354.90564801451,"standard_error":60.98750363605885},"Median":{"confidence_interval":{"confidence_level":0.95,"lower_bound":59173.02780748663,"upper_bound":59264.47647058823},"point_estimate":59210.77305958602,"standard_error":22.84153063874185},"MedianAbsDev":{"confidence_interval":{"confidence_level":0.95,"lower_bound":114.24409548531092,"upper_bound":195.38246767559775},"point_estimate":150.89758962717727,"standard_error":21.51264070083792},"Slope":{"confidence_interval":{"confidence_level":0.95,"lower_bound":59145.155998453505,"upper_bound":59236.57055570344},"point_estimate":59181.95870635176,"standard_error":23.69703430026267},"StdDev":{"confidence_interval":{"confidence_level":0.95,"lower_bound":256.1427394928166,"upper_bound":876.2777556578834},"point_estimate":611.4633733678711,"standard_error":155.38719506328903}}