{"Mean":{"confidence_interval":{"confidence_level":0.95,"lower_bound":837.9675328450097,"upper_bound":838.587501345898},"point_estimate":838.2023140400967,"standard_error":0.16647471616496667},"Median":{"confidence_interval":{"confidence_level":0.95,"lower_bound":837.865533549493,"upper_bound":837.9105823262258},"point_estimate":837.887880151002,"standard_error":0.010488504730776112},"MedianAbsDev":{"confidence_interval":{"confidence_level":0.95,"lower_bound":0.06291762283877218,"upper_bound":0.1119702882900538},"point_estimate":0.08924383838173242,"standard_error":0.012745371618564146},"Slope":{"confidence_interval":{"confidence_level":0.95,"lower_bound":837.9184444223872,"upper_bound":838.1648838094175},"point_estimate":838.0272198459752,"standard_error":0.06353556925860772},"StdDev":{"confidence_interval":{"confidence_level":0.95,"lower_bound":0.36447243284969977,"upper_bound":2.777138879387709},"point_estimate":1.6701416110213472,"standard_error":0.7913436146904682}}