{"Mean":{"confidence_interval":{"confidence_level":0.95,"lower_bound":249286.83755620537,"upper_bound":249542.95904333444},"point_estimate":249395.9279342286,"standard_error":66.16977414766082},"Median":{"confidence_interval":{"confidence_level":0.95,"lower_bound":249236.91666666666,"upper_bound":249241.375},"point_estimate":249239.47935185186,"standard_error":1.2299310597512576},"MedianAbsDev":{"confidence_interval":{"confidence_level":0.95,"lower_bound":9.325831494642907,"upper_bound":21.338323070469926},"point_estimate":13.832997336307203,"standard_error":3.1371721131902333},"Slope":{"confidence_interval":{"confidence_level":0.95,"lower_bound":249265.79248878694,"upper_bound":249347.69963862674},"point_estimate":249302.51474878084,"standard_error":20.94874127519163},"StdDev":{"confidence_interval":{"confidence_level":0.95,"lower_bound":179.1118821082821,"upper_bound":1015.0756684429438},"point_estimate":665.9507285054697,"standard_error":217.36366130337203}}