{"Mean":{"confidence_interval":{"confidence_level":0.95,"lower_bound":5128412.448320401,"upper_bound":5145576.8376031015},"point_estimate":5136008.17328598,"standard_error":4418.300156521869},"Median":{"confidence_interval":{"confidence_level":0.95,"lower_bound":5121397.860465116,"upper_bound":5125635.081967213},"point_estimate":5123572.811956522,"standard_error":1162.3096680354881},"MedianAbsDev":{"confidence_interval":{"confidence_level":0.95,"lower_bound":5117.738833038558,"upper_bound":9531.734070777526},"point_estimate":7406.128171849067,"standard_error":1218.3405951012367},"Slope":{"confidence_interval":{"confidence_level":0.95,"lower_bound":5123926.7323345505,"upper_bound":5141862.15358722},"point_estimate":5131756.783481602,"standard_error":4612.275974802553},"StdDev":{"confidence_interval":{"confidence_level":0.95,"lower_bound":19816.5048359519,"upper_bound":63871.15012505722},"point_estimate":44338.4812054521,"standard_error":11337.440140981953}}