{"Mean":{"confidence_interval":{"confidence_level":0.95,"lower_bound":213657.94588627893,"upper_bound":214209.93948096165},"point_estimate":213930.84470721585,"standard_error":140.31070646940873},"Median":{"confidence_interval":{"confidence_level":0.95,"lower_bound":213552.82702702703,"upper_bound":214107.51491064782},"point_estimate":213916.87003448277,"standard_error":129.5955835332644},"MedianAbsDev":{"confidence_interval":{"confidence_level":0.95,"lower_bound":997.5601620760644,"upper_bound":1605.269231536115},"point_estimate":1196.0964861400437,"standard_error":147.34614199857958},"Slope":{"confidence_interval":{"confidence_level":0.95,"lower_bound":213005.5511006537,"upper_bound":213641.94598176485},"point_estimate":213315.39664607655,"standard_error":162.16119676638314},"StdDev":{"confidence_interval":{"confidence_level":0.95,"lower_bound":1192.7122180175704,"upper_bound":1611.904223307383},"point_estimate":1411.2936404436289,"standard_error":106.75823002402386}}