{"Mean":{"confidence_interval":{"confidence_level":0.95,"lower_bound":43358.94018580729,"upper_bound":43655.21329280558},"point_estimate":43494.18308031652,"standard_error":75.89625185773548},"Median":{"confidence_interval":{"confidence_level":0.95,"lower_bound":43213.57084398977,"upper_bound":43274.622153209115},"point_estimate":43236.321863405494,"standard_error":15.758109045089494},"MedianAbsDev":{"confidence_interval":{"confidence_level":0.95,"lower_bound":105.66057203719579,"upper_bound":209.69068938130636},"point_estimate":153.37045192090167,"standard_error":26.05387542770403},"Slope":{"confidence_interval":{"confidence_level":0.95,"lower_bound":43210.32469541114,"upper_bound":43428.860011695186},"point_estimate":43305.7971404707,"standard_error":56.547766931408134},"StdDev":{"confidence_interval":{"confidence_level":0.95,"lower_bound":446.6144328608862,"upper_bound":1026.9254082841444},"point_estimate":754.7460747192548,"standard_error":149.90841704578077}}