{"Mean":{"confidence_interval":{"confidence_level":0.95,"lower_bound":841.4566846815158,"upper_bound":842.7086831187759},"point_estimate":842.0282129336981,"standard_error":0.3217378364474739},"Median":{"confidence_interval":{"confidence_level":0.95,"lower_bound":841.1181047771048,"upper_bound":841.95748461366},"point_estimate":841.7154450184199,"standard_error":0.2386005332155538},"MedianAbsDev":{"confidence_interval":{"confidence_level":0.95,"lower_bound":1.1076646167039712,"upper_bound":1.887012007885884},"point_estimate":1.445566971026179,"standard_error":0.19255241973234988},"Slope":{"confidence_interval":{"confidence_level":0.95,"lower_bound":840.9608960337263,"upper_bound":841.8011282044847},"point_estimate":841.3835341169097,"standard_error":0.21468235548238027},"StdDev":{"confidence_interval":{"confidence_level":0.95,"lower_bound":1.7066672923738786,"upper_bound":4.55915329637756},"point_estimate":3.232765930028475,"standard_error":0.746661960215681}}