{"Mean":{"confidence_interval":{"confidence_level":0.95,"lower_bound":273074.9488125335,"upper_bound":275133.5320205799},"point_estimate":273977.98314419383,"standard_error":528.786189905525},"Median":{"confidence_interval":{"confidence_level":0.95,"lower_bound":272429.95588235295,"upper_bound":272862.09555555554},"point_estimate":272654.509643683,"standard_error":106.15180407027833},"MedianAbsDev":{"confidence_interval":{"confidence_level":0.95,"lower_bound":520.0199552620971,"upper_bound":981.8502501419989},"point_estimate":725.747570344603,"standard_error":109.23399725486578},"Slope":{"confidence_interval":{"confidence_level":0.95,"lower_bound":272420.2854383973,"upper_bound":274194.47022204485},"point_estimate":273036.832490764,"standard_error":493.3846946177839},"StdDev":{"confidence_interval":{"confidence_level":0.95,"lower_bound":2022.4516384040624,"upper_bound":7954.729842149572},"point_estimate":5332.974292128884,"standard_error":1525.9108118657332}}