{"Mean":{"confidence_interval":{"confidence_level":0.95,"lower_bound":313.2687335796132,"upper_bound":313.3941588859034},"point_estimate":313.32790857343315,"standard_error":0.03206229545849999},"Median":{"confidence_interval":{"confidence_level":0.95,"lower_bound":313.2001972386588,"upper_bound":313.3598261284739},"point_estimate":313.24948731712016,"standard_error":0.0445708677761369},"MedianAbsDev":{"confidence_interval":{"confidence_level":0.95,"lower_bound":0.1955692324296488,"upper_bound":0.2850362273971303},"point_estimate":0.2536467724019876,"standard_error":0.022834085067216896},"Slope":{"confidence_interval":{"confidence_level":0.95,"lower_bound":313.2920051137074,"upper_bound":313.4417551677622},"point_estimate":313.35499656382274,"standard_error":0.0388670670079957},"StdDev":{"confidence_interval":{"confidence_level":0.95,"lower_bound":0.21517428688799003,"upper_bound":0.426251637974218},"point_estimate":0.3229574325908306,"standard_error":0.05477117518389924}}