{"Mean":{"confidence_interval":{"confidence_level":0.95,"lower_bound":342268.2927769999,"upper_bound":353254.7130640598},"point_estimate":346556.92621116847,"standard_error":2928.909617300498},"Median":{"confidence_interval":{"confidence_level":0.95,"lower_bound":339734.90277777775,"upper_bound":340374.97380952386},"point_estimate":339922.31568627455,"standard_error":182.28566213622136},"MedianAbsDev":{"confidence_interval":{"confidence_level":0.95,"lower_bound":769.9416842853225,"upper_bound":1590.1541345545627},"point_estimate":998.3627284293456,"standard_error":222.68274921055897},"Slope":{"confidence_interval":{"confidence_level":0.95,"lower_bound":340719.67103768466,"upper_bound":345610.1315248906},"point_estimate":342765.80756218906,"standard_error":1279.8398856082524},"StdDev":{"confidence_interval":{"confidence_level":0.95,"lower_bound":6943.556422323559,"upper_bound":48707.83208964216},"point_estimate":29537.471092822685,"standard_error":13237.239850984248}}