{"Mean":{"confidence_interval":{"confidence_level":0.95,"lower_bound":1391767.9356838034,"upper_bound":1460022.630544148},"point_estimate":1416630.9078141486,"standard_error":19416.541184613652},"Median":{"confidence_interval":{"confidence_level":0.95,"lower_bound":1386755.1267605633,"upper_bound":1388446.6479166667},"point_estimate":1387396.9891129034,"standard_error":390.1695655092489},"MedianAbsDev":{"confidence_interval":{"confidence_level":0.95,"lower_bound":2858.5049703740888,"upper_bound":4697.884777264651},"point_estimate":3669.388986128356,"standard_error":476.9578593259439},"Slope":{"confidence_interval":{"confidence_level":0.95,"lower_bound":1386950.5875359876,"upper_bound":1399493.7379880862},"point_estimate":1391787.014816019,"standard_error":3364.4767412342576},"StdDev":{"confidence_interval":{"confidence_level":0.95,"lower_bound":15519.48411869387,"upper_bound":332188.2336760597},"point_estimate":196050.90104858836,"standard_error":104217.61192839952}}