{"Mean":{"confidence_interval":{"confidence_level":0.95,"lower_bound":3736.074904835916,"upper_bound":3744.9837849770165},"point_estimate":3740.423886155067,"standard_error":2.2653957819107666},"Median":{"confidence_interval":{"confidence_level":0.95,"lower_bound":3732.9242012046752,"upper_bound":3741.8662403128164},"point_estimate":3735.953865065752,"standard_error":2.360154626748838},"MedianAbsDev":{"confidence_interval":{"confidence_level":0.95,"lower_bound":17.482091123687066,"upper_bound":27.302141586899793},"point_estimate":21.5293228964221,"standard_error":2.577858506479472},"Slope":{"confidence_interval":{"confidence_level":0.95,"lower_bound":3737.401836780814,"upper_bound":3746.847790356618},"point_estimate":3742.3567949789626,"standard_error":2.415158243408554},"StdDev":{"confidence_interval":{"confidence_level":0.95,"lower_bound":18.839781923591563,"upper_bound":26.638217710366924},"point_estimate":22.821740275408295,"standard_error":1.9972174532465776}}