{"Mean":{"confidence_interval":{"confidence_level":0.95,"lower_bound":381361.4923362145,"upper_bound":382165.2045144516},"point_estimate":381778.18480936595,"standard_error":204.82919586748247},"Median":{"confidence_interval":{"confidence_level":0.95,"lower_bound":382381.6666666667,"upper_bound":382832.1336336336},"point_estimate":382662.73333333334,"standard_error":119.53030959378239},"MedianAbsDev":{"confidence_interval":{"confidence_level":0.95,"lower_bound":553.7084668596929,"upper_bound":1064.1934544844385},"point_estimate":714.9632456401744,"standard_error":130.50961661848768},"Slope":{"confidence_interval":{"confidence_level":0.95,"lower_bound":379971.17461143597,"upper_bound":381390.6478817985},"point_estimate":380654.55176592286,"standard_error":362.6294357795067},"StdDev":{"confidence_interval":{"confidence_level":0.95,"lower_bound":1699.331350008755,"upper_bound":2319.328719246605},"point_estimate":2055.0514955382905,"standard_error":158.1805936806516}}