{"Mean":{"confidence_interval":{"confidence_level":0.95,"lower_bound":2310.414557899982,"upper_bound":2311.516216029999},"point_estimate":2310.9128065957357,"standard_error":0.2831267466266531},"Median":{"confidence_interval":{"confidence_level":0.95,"lower_bound":2310.076640531186,"upper_bound":2310.183384991077},"point_estimate":2310.1255865196163,"standard_error":0.026385445757519405},"MedianAbsDev":{"confidence_interval":{"confidence_level":0.95,"lower_bound":0.17779650332852565,"upper_bound":0.30430404028367203},"point_estimate":0.234160067380652,"standard_error":0.03290581743230007},"Slope":{"confidence_interval":{"confidence_level":0.95,"lower_bound":2310.215050931385,"upper_bound":2311.832233756203},"point_estimate":2310.874258996508,"standard_error":0.4228725149156705},"StdDev":{"confidence_interval":{"confidence_level":0.95,"lower_bound":1.4593649006759157,"upper_bound":3.9375460488115337},"point_estimate":2.859648373209417,"standard_error":0.6264222535458475}}