{"Mean":{"confidence_interval":{"confidence_level":0.95,"lower_bound":27072.007902866713,"upper_bound":27372.955858152764},"point_estimate":27188.5389213819,"standard_error":80.09497006193415},"Median":{"confidence_interval":{"confidence_level":0.95,"lower_bound":27013.58052573121,"upper_bound":27048.35611179361},"point_estimate":27030.17511261261,"standard_error":9.153197294614472},"MedianAbsDev":{"confidence_interval":{"confidence_level":0.95,"lower_bound":53.78266504352552,"upper_bound":103.25688059136336},"point_estimate":79.6530380663022,"standard_error":13.100372083241526},"Slope":{"confidence_interval":{"confidence_level":0.95,"lower_bound":27004.89823851043,"upper_bound":27168.044406457637},"point_estimate":27062.798461692073,"standard_error":44.440677828958144},"StdDev":{"confidence_interval":{"confidence_level":0.95,"lower_bound":180.45917680201117,"upper_bound":1323.5345585455373},"point_estimate":802.0177898435923,"standard_error":360.09553240584654}}