{"Mean":{"confidence_interval":{"confidence_level":0.95,"lower_bound":68348.83504606363,"upper_bound":68833.37026873317},"point_estimate":68566.1321372429,"standard_error":124.25628430342853},"Median":{"confidence_interval":{"confidence_level":0.95,"lower_bound":68157.45447154471,"upper_bound":68270.89788928712},"point_estimate":68200.99302807613,"standard_error":29.35731911457447},"MedianAbsDev":{"confidence_interval":{"confidence_level":0.95,"lower_bound":137.633272294202,"upper_bound":253.16417730575688},"point_estimate":191.9060378871058,"standard_error":29.807047399477984},"Slope":{"confidence_interval":{"confidence_level":0.95,"lower_bound":68182.43166802566,"upper_bound":68712.61432252837},"point_estimate":68407.38438717305,"standard_error":136.8464721969669},"StdDev":{"confidence_interval":{"confidence_level":0.95,"lower_bound":568.4184007731534,"upper_bound":1769.1126456261825},"point_estimate":1251.3263596992415,"standard_error":304.69862389728985}}