{"Mean":{"confidence_interval":{"confidence_level":0.95,"lower_bound":574.1257400661492,"upper_bound":574.1560042839159},"point_estimate":574.1405701038254,"standard_error":0.007733365831227572},"Median":{"confidence_interval":{"confidence_level":0.95,"lower_bound":574.1405182837162,"upper_bound":574.1647095032909},"point_estimate":574.1535511729828,"standard_error":0.006061449001106513},"MedianAbsDev":{"confidence_interval":{"confidence_level":0.95,"lower_bound":0.03977691080239729,"upper_bound":0.07141725911292578},"point_estimate":0.05848458910185505,"standard_error":0.008470213401348124},"Slope":{"confidence_interval":{"confidence_level":0.95,"lower_bound":574.1600826682861,"upper_bound":574.1768072919426},"point_estimate":574.1687059367882,"standard_error":0.004251293647903475},"StdDev":{"confidence_interval":{"confidence_level":0.95,"lower_bound":0.061173502158134795,"upper_bound":0.09577380276066151},"point_estimate":0.07773184086368379,"standard_error":0.009020469594329507}}