{"Mean":{"confidence_interval":{"confidence_level":0.95,"lower_bound":546.5581222037007,"upper_bound":547.8609283796723},"point_estimate":547.2149383542865,"standard_error":0.33304716346275964},"Median":{"confidence_interval":{"confidence_level":0.95,"lower_bound":546.7727766504745,"upper_bound":547.9626116920228},"point_estimate":547.3171683437274,"standard_error":0.30884180176795617},"MedianAbsDev":{"confidence_interval":{"confidence_level":0.95,"lower_bound":2.2199747761740665,"upper_bound":3.494556052298901},"point_estimate":2.9493738194498142,"standard_error":0.31920506264739645},"Slope":{"confidence_interval":{"confidence_level":0.95,"lower_bound":546.715089432656,"upper_bound":547.983202271349},"point_estimate":547.349730659278,"standard_error":0.3227171461328054},"StdDev":{"confidence_interval":{"confidence_level":0.95,"lower_bound":2.647645509641728,"upper_bound":4.0078344429799175},"point_estimate":3.3457647453606825,"standard_error":0.3491328156274542}}