{"Mean":{"confidence_interval":{"confidence_level":0.95,"lower_bound":22580759.333038516,"upper_bound":22681729.824264016},"point_estimate":22622398.798964188,"standard_error":26355.728868484362},"Median":{"confidence_interval":{"confidence_level":0.95,"lower_bound":22545087.49155844,"upper_bound":22586156.0036036},"point_estimate":22561767.452517163,"standard_error":12332.004803029833},"MedianAbsDev":{"confidence_interval":{"confidence_level":0.95,"lower_bound":72451.5365269079,"upper_bound":127362.54319465479},"point_estimate":92089.83598169191,"standard_error":14629.091775911224},"Slope":{"confidence_interval":{"confidence_level":0.95,"lower_bound":22577408.075089574,"upper_bound":22629291.369256802},"point_estimate":22602675.295865227,"standard_error":13227.82364872117},"StdDev":{"confidence_interval":{"confidence_level":0.95,"lower_bound":102607.40451613348,"upper_bound":421177.42400413426},"point_estimate":264457.8501066939,"standard_error":101652.0461426029}}