{"Mean":{"confidence_interval":{"confidence_level":0.95,"lower_bound":68688.60171599012,"upper_bound":71378.78247235625},"point_estimate":69883.43541625234,"standard_error":690.0536913949817},"Median":{"confidence_interval":{"confidence_level":0.95,"lower_bound":67019.3717948718,"upper_bound":68688.96783216784},"point_estimate":67689.34293421509,"standard_error":398.89877632556227},"MedianAbsDev":{"confidence_interval":{"confidence_level":0.95,"lower_bound":1617.8321511691984,"upper_bound":3392.9810522989214},"point_estimate":2456.1682411466913,"standard_error":458.87142199066125},"Slope":{"confidence_interval":{"confidence_level":0.95,"lower_bound":67518.29967590001,"upper_bound":69069.76166541385},"point_estimate":68246.70345568426,"standard_error":396.7200045007677},"StdDev":{"confidence_interval":{"confidence_level":0.95,"lower_bound":3411.545130748282,"upper_bound":10089.84173835962},"point_estimate":6933.605691676163,"standard_error":1773.987603998175}}