{"Mean":{"confidence_interval":{"confidence_level":0.95,"lower_bound":64193.32195216263,"upper_bound":64643.470341555556},"point_estimate":64384.27091427409,"standard_error":116.5237183139307},"Median":{"confidence_interval":{"confidence_level":0.95,"lower_bound":64125.978969298245,"upper_bound":64193.680194805194},"point_estimate":64155.55255681818,"standard_error":17.8026594526611},"MedianAbsDev":{"confidence_interval":{"confidence_level":0.95,"lower_bound":92.71736430788397,"upper_bound":155.29675473346268},"point_estimate":110.77146650323297,"standard_error":16.36556079573364},"Slope":{"confidence_interval":{"confidence_level":0.95,"lower_bound":64133.9333547166,"upper_bound":64711.577769375275},"point_estimate":64321.82157584602,"standard_error":167.74323629311368},"StdDev":{"confidence_interval":{"confidence_level":0.95,"lower_bound":307.0842415053426,"upper_bound":1816.8214385667393},"point_estimate":1167.7044372347957,"standard_error":394.10147931230415}}