{"Mean":{"confidence_interval":{"confidence_level":0.95,"lower_bound":1257945.9530466339,"upper_bound":1266525.341385898},"point_estimate":1261813.7685496197,"standard_error":2205.2600871299787},"Median":{"confidence_interval":{"confidence_level":0.95,"lower_bound":1255232.0119617225,"upper_bound":1256563.3513513512},"point_estimate":1255758.5572698307,"standard_error":387.5852476280788},"MedianAbsDev":{"confidence_interval":{"confidence_level":0.95,"lower_bound":1849.8279194845468,"upper_bound":3600.626126398738},"point_estimate":2617.720809473763,"standard_error":444.46977345459635},"Slope":{"confidence_interval":{"confidence_level":0.95,"lower_bound":1255374.137347119,"upper_bound":1260459.8289507912},"point_estimate":1257165.9694074183,"standard_error":1384.860747379367},"StdDev":{"confidence_interval":{"confidence_level":0.95,"lower_bound":11195.9534774503,"upper_bound":30575.939644878472},"point_estimate":22165.43824419485,"standard_error":4927.546314806122}}