{"Mean":{"confidence_interval":{"confidence_level":0.95,"lower_bound":89718.68065828417,"upper_bound":90476.31320768487},"point_estimate":90065.21073133418,"standard_error":193.83211537030598},"Median":{"confidence_interval":{"confidence_level":0.95,"lower_bound":89619.88282828283,"upper_bound":90069.43876262626},"point_estimate":89827.57413882413,"standard_error":113.07746535888012},"MedianAbsDev":{"confidence_interval":{"confidence_level":0.95,"lower_bound":684.7491039963311,"upper_bound":1135.9095052771704},"point_estimate":893.0173087805398,"standard_error":116.81091801122074},"Slope":{"confidence_interval":{"confidence_level":0.95,"lower_bound":89627.57089770149,"upper_bound":90618.19948858865},"point_estimate":89999.56919085939,"standard_error":268.5642478826859},"StdDev":{"confidence_interval":{"confidence_level":0.95,"lower_bound":1060.156148681183,"upper_bound":2719.3157322205125},"point_estimate":1949.443496070347,"standard_error":433.9055523981939}}