{"Mean":{"confidence_interval":{"confidence_level":0.95,"lower_bound":20532.42777846744,"upper_bound":21180.02494516129},"point_estimate":20811.12100516392,"standard_error":166.93745593231205},"Median":{"confidence_interval":{"confidence_level":0.95,"lower_bound":20295.862487852282,"upper_bound":20328.373042240153},"point_estimate":20307.81606413994,"standard_error":8.00416669919464},"MedianAbsDev":{"confidence_interval":{"confidence_level":0.95,"lower_bound":42.3154540106567,"upper_bound":86.73965222625337},"point_estimate":57.93397850590551,"standard_error":11.147375871291386},"Slope":{"confidence_interval":{"confidence_level":0.95,"lower_bound":20321.077856660526,"upper_bound":20627.027381180036},"point_estimate":20442.56818449679,"standard_error":81.4850629506888},"StdDev":{"confidence_interval":{"confidence_level":0.95,"lower_bound":682.0387406859147,"upper_bound":2585.51840597318},"point_estimate":1681.9794719849726,"standard_error":532.1539521128138}}