{"Mean":{"confidence_interval":{"confidence_level":0.95,"lower_bound":20329.797736631983,"upper_bound":20471.22672731459},"point_estimate":20391.17555569761,"standard_error":36.42753384422018},"Median":{"confidence_interval":{"confidence_level":0.95,"lower_bound":20285.12826101104,"upper_bound":20317.471655328798},"point_estimate":20296.17152575316,"standard_error":7.823968426988545},"MedianAbsDev":{"confidence_interval":{"confidence_level":0.95,"lower_bound":37.72328284509226,"upper_bound":70.59992870691734},"point_estimate":50.42834131251126,"standard_error":8.197167595766294},"Slope":{"confidence_interval":{"confidence_level":0.95,"lower_bound":20288.045205528233,"upper_bound":20390.17361041883},"point_estimate":20325.850709716724,"standard_error":28.033527426583955},"StdDev":{"confidence_interval":{"confidence_level":0.95,"lower_bound":149.1115043478732,"upper_bound":555.4790417331424},"point_estimate":366.0328582646192,"standard_error":109.99124573570438}}