{"Mean":{"confidence_interval":{"confidence_level":0.95,"lower_bound":1116237.0965263103,"upper_bound":1117960.4238241005},"point_estimate":1117048.6981062975,"standard_error":437.3966265562357},"Median":{"confidence_interval":{"confidence_level":0.95,"lower_bound":1118572.4691358025,"upper_bound":1118620.78125},"point_estimate":1118600.5414019716,"standard_error":11.497972155075583},"MedianAbsDev":{"confidence_interval":{"confidence_level":0.95,"lower_bound":89.59536965922615,"upper_bound":169.54168570656262},"point_estimate":119.73437526191789,"standard_error":19.792146575594426},"Slope":{"confidence_interval":{"confidence_level":0.95,"lower_bound":1118444.3511149292,"upper_bound":1119805.5086311793},"point_estimate":1118902.097821782,"standard_error":398.8426978542431},"StdDev":{"confidence_interval":{"confidence_level":0.95,"lower_bound":2945.09272230933,"upper_bound":6164.9537993676995},"point_estimate":4391.779412359963,"standard_error":935.6355591074787}}