{"Mean":{"confidence_interval":{"confidence_level":0.95,"lower_bound":37758.49371812679,"upper_bound":37789.36687241093},"point_estimate":37770.92019485562,"standard_error":8.106916134377888},"Median":{"confidence_interval":{"confidence_level":0.95,"lower_bound":37754.633805374004,"upper_bound":37756.06441656711},"point_estimate":37755.461271071734,"standard_error":0.42526538818687565},"MedianAbsDev":{"confidence_interval":{"confidence_level":0.95,"lower_bound":2.8441459091035473,"upper_bound":5.636476639036842},"point_estimate":4.098501714485616,"standard_error":0.739230663653427},"Slope":{"confidence_interval":{"confidence_level":0.95,"lower_bound":37757.68771281626,"upper_bound":37767.91406313398},"point_estimate":37762.4679005413,"standard_error":2.624101345901069},"StdDev":{"confidence_interval":{"confidence_level":0.95,"lower_bound":15.729183014946893,"upper_bound":132.65666068993644},"point_estimate":81.74380307993275,"standard_error":33.319614487619624}}