{"Mean":{"confidence_interval":{"confidence_level":0.95,"lower_bound":24988491.223932467,"upper_bound":25019881.45011487},"point_estimate":25003400.857776117,"standard_error":8020.62911353664},"Median":{"confidence_interval":{"confidence_level":0.95,"lower_bound":24961730.816068202,"upper_bound":24972927.526086956},"point_estimate":24967502.997827902,"standard_error":3236.32825782129},"MedianAbsDev":{"confidence_interval":{"confidence_level":0.95,"lower_bound":15131.191270408955,"upper_bound":35249.92632418871},"point_estimate":25725.262832025102,"standard_error":5327.493434373299},"Slope":{"confidence_interval":{"confidence_level":0.95,"lower_bound":24986403.33159342,"upper_bound":25016978.08469634},"point_estimate":25001132.010498006,"standard_error":7817.276002154649},"StdDev":{"confidence_interval":{"confidence_level":0.95,"lower_bound":59970.367156056076,"upper_bound":98645.05694321464},"point_estimate":80572.12866975478,"standard_error":9876.648406172799}}