{"Mean":{"confidence_interval":{"confidence_level":0.95,"lower_bound":1060152.836070215,"upper_bound":1063271.401651759},"point_estimate":1061629.192298312,"standard_error":796.9760918508413},"Median":{"confidence_interval":{"confidence_level":0.95,"lower_bound":1058478.9791666667,"upper_bound":1062297.9019704433},"point_estimate":1060336.038557214,"standard_error":882.1378810050088},"MedianAbsDev":{"confidence_interval":{"confidence_level":0.95,"lower_bound":4682.168117327467,"upper_bound":8073.089168288326},"point_estimate":6549.699010642622,"standard_error":861.0718407649628},"Slope":{"confidence_interval":{"confidence_level":0.95,"lower_bound":1060078.459670612,"upper_bound":1063146.398248196},"point_estimate":1061597.2809575882,"standard_error":782.6966871822893},"StdDev":{"confidence_interval":{"confidence_level":0.95,"lower_bound":5597.129221145435,"upper_bound":10909.911836388414},"point_estimate":8025.032475368603,"standard_error":1504.117150552267}}