{"Mean":{"confidence_interval":{"confidence_level":0.95,"lower_bound":218182.83813438102,"upper_bound":221475.42022233494},"point_estimate":219554.88091190957,"standard_error":858.7150017052599},"Median":{"confidence_interval":{"confidence_level":0.95,"lower_bound":217729.6049382716,"upper_bound":217971.34246575343},"point_estimate":217817.02610204084,"standard_error":54.671611550293164},"MedianAbsDev":{"confidence_interval":{"confidence_level":0.95,"lower_bound":323.90834644947154,"upper_bound":566.6644959774395},"point_estimate":411.06047099971136,"standard_error":62.89960438982212},"Slope":{"confidence_interval":{"confidence_level":0.95,"lower_bound":217709.96830128564,"upper_bound":218203.34335577156},"point_estimate":217910.5721241318,"standard_error":128.71054262525024},"StdDev":{"confidence_interval":{"confidence_level":0.95,"lower_bound":1609.2801096022733,"upper_bound":13819.609653641392},"point_estimate":8649.669480783008,"standard_error":3223.896783264845}}