{"Mean":{"confidence_interval":{"confidence_level":0.95,"lower_bound":1515.1828795202505,"upper_bound":1516.2359646682785},"point_estimate":1515.600933132666,"standard_error":0.2774844447328615},"Median":{"confidence_interval":{"confidence_level":0.95,"lower_bound":1514.9693951849677,"upper_bound":1515.0124058050546},"point_estimate":1514.9945874227553,"standard_error":0.009792488959376747},"MedianAbsDev":{"confidence_interval":{"confidence_level":0.95,"lower_bound":0.0626068862457184,"upper_bound":0.1154940975175486},"point_estimate":0.09529647996454299,"standard_error":0.013546833382061503},"Slope":{"confidence_interval":{"confidence_level":0.95,"lower_bound":1515.1598203936644,"upper_bound":1515.9015750927172},"point_estimate":1515.470048346432,"standard_error":0.19284332288884135},"StdDev":{"confidence_interval":{"confidence_level":0.95,"lower_bound":0.6417495626572589,"upper_bound":4.543752826195691},"point_estimate":2.785354920437172,"standard_error":1.1662899981389743}}