{"Mean":{"confidence_interval":{"confidence_level":0.95,"lower_bound":39411.6064346897,"upper_bound":40636.633131035545},"point_estimate":39936.05969256123,"standard_error":317.3061720826637},"Median":{"confidence_interval":{"confidence_level":0.95,"lower_bound":39073.49351251159,"upper_bound":39154.79118620153},"point_estimate":39097.874071874074,"standard_error":21.664770676056783},"MedianAbsDev":{"confidence_interval":{"confidence_level":0.95,"lower_bound":95.22791470096743,"upper_bound":184.97653941088922},"point_estimate":125.89087281301204,"standard_error":21.117526589441436},"Slope":{"confidence_interval":{"confidence_level":0.95,"lower_bound":39100.04336297399,"upper_bound":39575.14398454667},"point_estimate":39278.953687806206,"standard_error":129.1257448637061},"StdDev":{"confidence_interval":{"confidence_level":0.95,"lower_bound":1186.4556763340704,"upper_bound":4942.659593445053},"point_estimate":3189.415470196925,"standard_error":1038.0649329887879}}