{"Mean":{"confidence_interval":{"confidence_level":0.95,"lower_bound":978.5962450182843,"upper_bound":981.1056405129893},"point_estimate":979.8210382000148,"standard_error":0.6405196008230717},"Median":{"confidence_interval":{"confidence_level":0.95,"lower_bound":977.0655079858619,"upper_bound":980.2115687661156},"point_estimate":978.5959705834152,"standard_error":0.6986673115216592},"MedianAbsDev":{"confidence_interval":{"confidence_level":0.95,"lower_bound":4.279907744219801,"upper_bound":7.262515613149744},"point_estimate":5.530036219580178,"standard_error":0.8480381599618617},"Slope":{"confidence_interval":{"confidence_level":0.95,"lower_bound":977.2902656807447,"upper_bound":979.4397899692998},"point_estimate":978.3336618842177,"standard_error":0.5492017773623464},"StdDev":{"confidence_interval":{"confidence_level":0.95,"lower_bound":5.289800806491333,"upper_bound":7.432304183438316},"point_estimate":6.42512214906444,"standard_error":0.5452502220088943}}