{"Mean":{"confidence_interval":{"confidence_level":0.95,"lower_bound":60624.32438235448,"upper_bound":60657.02414008414},"point_estimate":60638.327952739855,"standard_error":8.469662838467224},"Median":{"confidence_interval":{"confidence_level":0.95,"lower_bound":60612.34240065707,"upper_bound":60621.102301790284},"point_estimate":60615.01488866733,"standard_error":2.3833112248352166},"MedianAbsDev":{"confidence_interval":{"confidence_level":0.95,"lower_bound":12.398244609393764,"upper_bound":24.36425567856324},"point_estimate":16.311521019525824,"standard_error":3.1160438886838775},"Slope":{"confidence_interval":{"confidence_level":0.95,"lower_bound":60615.663100805075,"upper_bound":60637.161795464155},"point_estimate":60625.407114282985,"standard_error":5.532320483434904},"StdDev":{"confidence_interval":{"confidence_level":0.95,"lower_bound":37.43029020428419,"upper_bound":131.69061124705084},"point_estimate":85.2777183274217,"standard_error":28.251267169656266}}