{"Mean":{"confidence_interval":{"confidence_level":0.95,"lower_bound":28190.7051430587,"upper_bound":28199.99698437166},"point_estimate":28194.930379113255,"standard_error":2.3762334901275715},"Median":{"confidence_interval":{"confidence_level":0.95,"lower_bound":28187.23418803419,"upper_bound":28188.109453765526},"point_estimate":28187.66156526067,"standard_error":0.241256036249363},"MedianAbsDev":{"confidence_interval":{"confidence_level":0.95,"lower_bound":2.049934691270105,"upper_bound":3.9466669771494054},"point_estimate":2.8254993217262063,"standard_error":0.501382748098052},"Slope":{"confidence_interval":{"confidence_level":0.95,"lower_bound":28189.11503918457,"upper_bound":28199.974297646604},"point_estimate":28194.08338267409,"standard_error":2.7951890462347073},"StdDev":{"confidence_interval":{"confidence_level":0.95,"lower_bound":13.451101270684397,"upper_bound":33.093072824228365},"point_estimate":23.9000774364624,"standard_error":5.089620765210758}}