{"Mean":{"confidence_interval":{"confidence_level":0.95,"lower_bound":999527.7943329051,"upper_bound":1000292.2233936012},"point_estimate":999864.7758972659,"standard_error":195.82452944657777},"Median":{"confidence_interval":{"confidence_level":0.95,"lower_bound":999434.6851851852,"upper_bound":999782.288265306},"point_estimate":999634.0361725362,"standard_error":94.57286492402216},"MedianAbsDev":{"confidence_interval":{"confidence_level":0.95,"lower_bound":725.1864763508938,"upper_bound":1212.68611816482},"point_estimate":933.4174835080042,"standard_error":122.68486535501509},"Slope":{"confidence_interval":{"confidence_level":0.95,"lower_bound":999410.7191275836,"upper_bound":1000187.842544076},"point_estimate":999743.5100724102,"standard_error":201.02842718437822},"StdDev":{"confidence_interval":{"confidence_level":0.95,"lower_bound":972.9897654531974,"upper_bound":2960.3471372925865},"point_estimate":1968.9809105108425,"standard_error":563.3683754563531}}