{"Mean":{"confidence_interval":{"confidence_level":0.95,"lower_bound":1834.9263872418703,"upper_bound":1836.8927819994299},"point_estimate":1835.8228326464598,"standard_error":0.504714455538752},"Median":{"confidence_interval":{"confidence_level":0.95,"lower_bound":1834.2462391309207,"upper_bound":1834.7203530060674},"point_estimate":1834.3805088676456,"standard_error":0.12621517379071578},"MedianAbsDev":{"confidence_interval":{"confidence_level":0.95,"lower_bound":0.6950212858607726,"upper_bound":1.1864863131324372},"point_estimate":0.9263951188952277,"standard_error":0.11974692004375415},"Slope":{"confidence_interval":{"confidence_level":0.95,"lower_bound":1834.6951582746128,"upper_bound":1835.8029627155806},"point_estimate":1835.1882540255244,"standard_error":0.2834233506679088},"StdDev":{"confidence_interval":{"confidence_level":0.95,"lower_bound":2.8513248922426917,"upper_bound":6.899320288329234},"point_estimate":5.059498827212729,"standard_error":1.0351294098534558}}