{"Mean":{"confidence_interval":{"confidence_level":0.95,"lower_bound":45859465.11284393,"upper_bound":46846911.907591455},"point_estimate":46353196.27813953,"standard_error":251550.49358182933},"Median":{"confidence_interval":{"confidence_level":0.95,"lower_bound":45769257.63283302,"upper_bound":46772526.35443038},"point_estimate":46261738.93031359,"standard_error":288414.83072497137},"MedianAbsDev":{"confidence_interval":{"confidence_level":0.95,"lower_bound":1266748.884892219,"upper_bound":2094423.75157179},"point_estimate":1625101.9426186895,"standard_error":212946.96209665487},"Slope":{"confidence_interval":{"confidence_level":0.95,"lower_bound":45874036.73413107,"upper_bound":46429980.228710845},"point_estimate":46151921.69876755,"standard_error":142063.7989085828},"StdDev":{"confidence_interval":{"confidence_level":0.95,"lower_bound":1845125.4488378647,"upper_bound":3177587.1001704005},"point_estimate":2530742.592448103,"standard_error":341462.2630234589}}