{"Mean":{"confidence_interval":{"confidence_level":0.95,"lower_bound":477.5888024915631,"upper_bound":477.8020414106865},"point_estimate":477.68733047913565,"standard_error":0.0545210263679337},"Median":{"confidence_interval":{"confidence_level":0.95,"lower_bound":477.37454501600666,"upper_bound":477.77715114440593},"point_estimate":477.7425054939165,"standard_error":0.13679236865309333},"MedianAbsDev":{"confidence_interval":{"confidence_level":0.95,"lower_bound":0.21011514714994167,"upper_bound":0.6119764160537772},"point_estimate":0.5448786258130206,"standard_error":0.10741750124762245},"Slope":{"confidence_interval":{"confidence_level":0.95,"lower_bound":477.56903258868766,"upper_bound":477.9137404363976},"point_estimate":477.72141588913195,"standard_error":0.08870809782468862},"StdDev":{"confidence_interval":{"confidence_level":0.95,"lower_bound":0.3460589331958484,"upper_bound":0.7352452859566141},"point_estimate":0.5479286622576537,"standard_error":0.10094162172766212}}