{"Mean":{"confidence_interval":{"confidence_level":0.95,"lower_bound":926462.5474254384,"upper_bound":927146.2255008017},"point_estimate":926767.3637352856,"standard_error":175.31664777596382},"Median":{"confidence_interval":{"confidence_level":0.95,"lower_bound":926292.375,"upper_bound":926467.6441761364},"point_estimate":926385.6626984127,"standard_error":45.33648634880438},"MedianAbsDev":{"confidence_interval":{"confidence_level":0.95,"lower_bound":233.472197001812,"upper_bound":470.01607552657094},"point_estimate":296.41799677179466,"standard_error":62.11225640739957},"Slope":{"confidence_interval":{"confidence_level":0.95,"lower_bound":925989.4255801733,"upper_bound":926686.6347932396},"point_estimate":926387.7120821634,"standard_error":181.42334684592967},"StdDev":{"confidence_interval":{"confidence_level":0.95,"lower_bound":785.0391768391972,"upper_bound":2675.262908060718},"point_estimate":1757.131438473685,"standard_error":520.9704675157791}}