{"Mean":{"confidence_interval":{"confidence_level":0.95,"lower_bound":4605.146650111688,"upper_bound":4679.334898950007},"point_estimate":4637.280086179018,"standard_error":19.08480323108731},"Median":{"confidence_interval":{"confidence_level":0.95,"lower_bound":4592.67302677802,"upper_bound":4596.359112149533},"point_estimate":4594.574907212807,"standard_error":0.8669885815261716},"MedianAbsDev":{"confidence_interval":{"confidence_level":0.95,"lower_bound":6.166315751484108,"upper_bound":12.646571408051495},"point_estimate":10.105971283886102,"standard_error":1.8737881539823198},"Slope":{"confidence_interval":{"confidence_level":0.95,"lower_bound":4595.22043040362,"upper_bound":4685.345509620333},"point_estimate":4632.046928593822,"standard_error":23.679339320539675},"StdDev":{"confidence_interval":{"confidence_level":0.95,"lower_bound":68.68528429280319,"upper_bound":290.2058932776221},"point_estimate":191.1111191978915,"standard_error":57.99828651865436}}