{"Mean":{"confidence_interval":{"confidence_level":0.95,"lower_bound":3841.878644036811,"upper_bound":3843.921446784632},"point_estimate":3842.768597272369,"standard_error":0.5268276138771939},"Median":{"confidence_interval":{"confidence_level":0.95,"lower_bound":3841.3621437929905,"upper_bound":3841.4099067921743},"point_estimate":3841.389035041566,"standard_error":0.014492710295869012},"MedianAbsDev":{"confidence_interval":{"confidence_level":0.95,"lower_bound":0.12123058880007893,"upper_bound":0.24518480836766085},"point_estimate":0.16496803050620518,"standard_error":0.03373362357549164},"Slope":{"confidence_interval":{"confidence_level":0.95,"lower_bound":3841.757937340786,"upper_bound":3843.9829230004757},"point_estimate":3842.6744196241907,"standard_error":0.5792278821615796},"StdDev":{"confidence_interval":{"confidence_level":0.95,"lower_bound":1.871112435135928,"upper_bound":7.859959192328687},"point_estimate":5.307960995837287,"standard_error":1.553463058475736}}