{"Mean":{"confidence_interval":{"confidence_level":0.95,"lower_bound":83124.80115671565,"upper_bound":83234.46658303522},"point_estimate":83169.39966144448,"standard_error":28.840255401766424},"Median":{"confidence_interval":{"confidence_level":0.95,"lower_bound":83110.09666666666,"upper_bound":83111.58901515152},"point_estimate":83110.52804487178,"standard_error":0.38667617814206146},"MedianAbsDev":{"confidence_interval":{"confidence_level":0.95,"lower_bound":1.959900793507882,"upper_bound":4.491298489497323},"point_estimate":2.792150751734885,"standard_error":0.6621975814733843},"Slope":{"confidence_interval":{"confidence_level":0.95,"lower_bound":83119.11281408147,"upper_bound":83142.75343917267},"point_estimate":83129.91405448008,"standard_error":6.081194950352648},"StdDev":{"confidence_interval":{"confidence_level":0.95,"lower_bound":48.105223845251366,"upper_bound":462.7966844788629},"point_estimate":289.1941891368499,"standard_error":113.7753371636134}}