{"Mean":{"confidence_interval":{"confidence_level":0.95,"lower_bound":3192.0567375975875,"upper_bound":3193.9880407409573},"point_estimate":3193.0171013904555,"standard_error":0.49257089669463344},"Median":{"confidence_interval":{"confidence_level":0.95,"lower_bound":3189.8074702886247,"upper_bound":3195.4939516129034},"point_estimate":3194.1278819704926,"standard_error":1.566210908726366},"MedianAbsDev":{"confidence_interval":{"confidence_level":0.95,"lower_bound":4.560114175762041,"upper_bound":7.55871297673677},"point_estimate":7.015414155441953,"standard_error":0.8083683342822204},"Slope":{"confidence_interval":{"confidence_level":0.95,"lower_bound":3192.071390574622,"upper_bound":3194.007899077004},"point_estimate":3193.041938792146,"standard_error":0.49477026469340285},"StdDev":{"confidence_interval":{"confidence_level":0.95,"lower_bound":4.39701932286234,"upper_bound":5.45174491861972},"point_estimate":4.948269058525087,"standard_error":0.2699407455510864}}