{"Mean":{"confidence_interval":{"confidence_level":0.95,"lower_bound":44406.447387332904,"upper_bound":44421.64303584867},"point_estimate":44413.21553791741,"standard_error":3.9060257633276403},"Median":{"confidence_interval":{"confidence_level":0.95,"lower_bound":44401.92271164741,"upper_bound":44403.08559782609},"point_estimate":44402.48049823014,"standard_error":0.34704393376548504},"MedianAbsDev":{"confidence_interval":{"confidence_level":0.95,"lower_bound":1.853140339775112,"upper_bound":3.3034345601194675},"point_estimate":2.340735284527784,"standard_error":0.3677016550221689},"Slope":{"confidence_interval":{"confidence_level":0.95,"lower_bound":44405.88847996516,"upper_bound":44437.48530982917},"point_estimate":44418.86375775021,"standard_error":8.31807304474799},"StdDev":{"confidence_interval":{"confidence_level":0.95,"lower_bound":18.443188104688076,"upper_bound":56.813155811301655},"point_estimate":39.288288517588285,"standard_error":9.941250031210835}}