{"Mean":{"confidence_interval":{"confidence_level":0.95,"lower_bound":317.94922282257704,"upper_bound":318.1304191824103},"point_estimate":318.0325812889456,"standard_error":0.04623158664218674},"Median":{"confidence_interval":{"confidence_level":0.95,"lower_bound":317.96846369330217,"upper_bound":318.06730913374025},"point_estimate":318.0270343381744,"standard_error":0.026746127373275988},"MedianAbsDev":{"confidence_interval":{"confidence_level":0.95,"lower_bound":0.14755921357041324,"upper_bound":0.23668239122679885},"point_estimate":0.19969355347914955,"standard_error":0.021934408692672415},"Slope":{"confidence_interval":{"confidence_level":0.95,"lower_bound":318.00474249170617,"upper_bound":318.1976834435729},"point_estimate":318.08909228004177,"standard_error":0.04943752651874204},"StdDev":{"confidence_interval":{"confidence_level":0.95,"lower_bound":0.2724966825705212,"upper_bound":0.6627730957649545},"point_estimate":0.46460332808504096,"standard_error":0.10692185800078416}}