{"Mean":{"confidence_interval":{"confidence_level":0.95,"lower_bound":10504176.24556791,"upper_bound":10534331.241901182},"point_estimate":10517981.499815015,"standard_error":7727.201503565843},"Median":{"confidence_interval":{"confidence_level":0.95,"lower_bound":10486601.11764706,"upper_bound":10493037.413492065},"point_estimate":10490504.46156609,"standard_error":1395.8781104432428},"MedianAbsDev":{"confidence_interval":{"confidence_level":0.95,"lower_bound":8344.575546378315,"upper_bound":15729.461976701254},"point_estimate":12194.174875871873,"standard_error":1797.3754415704361},"Slope":{"confidence_interval":{"confidence_level":0.95,"lower_bound":10499633.699755175,"upper_bound":10529730.512717193},"point_estimate":10513753.608068569,"standard_error":7723.246347388695},"StdDev":{"confidence_interval":{"confidence_level":0.95,"lower_bound":46929.5976307818,"upper_bound":103963.3327386314},"point_estimate":77521.25226262663,"standard_error":14627.276071687369}}