{"Mean":{"confidence_interval":{"confidence_level":0.95,"lower_bound":85278119.12942673,"upper_bound":85372968.85188815},"point_estimate":85322187.33791459,"standard_error":24233.745290365834},"Median":{"confidence_interval":{"confidence_level":0.95,"lower_bound":85247293.13793103,"upper_bound":85295109.61153305},"point_estimate":85265165.14464286,"standard_error":10046.153302139766},"MedianAbsDev":{"confidence_interval":{"confidence_level":0.95,"lower_bound":79061.74931811859,"upper_bound":146489.8556360052},"point_estimate":104367.35686711397,"standard_error":16587.540881415483},"Slope":{"confidence_interval":{"confidence_level":0.95,"lower_bound":85279002.56735711,"upper_bound":85327389.06130901},"point_estimate":85301622.17385252,"standard_error":12347.11121232991},"StdDev":{"confidence_interval":{"confidence_level":0.95,"lower_bound":157564.0561198919,"upper_bound":315520.64866265},"point_estimate":242167.79210943138,"standard_error":40454.17181310839}}