{"Mean":{"confidence_interval":{"confidence_level":0.95,"lower_bound":9452.37903581959,"upper_bound":9459.899743878583},"point_estimate":9455.79581745474,"standard_error":1.9269082488230986},"Median":{"confidence_interval":{"confidence_level":0.95,"lower_bound":9449.077466115821,"upper_bound":9450.960982142857},"point_estimate":9450.01412965186,"standard_error":0.5287962684174743},"MedianAbsDev":{"confidence_interval":{"confidence_level":0.95,"lower_bound":2.974172402894377,"upper_bound":5.847157089589382},"point_estimate":4.242102098364938,"standard_error":0.7850775226484147},"Slope":{"confidence_interval":{"confidence_level":0.95,"lower_bound":9447.870304335846,"upper_bound":9451.396776193793},"point_estimate":9449.497771144279,"standard_error":0.9005351742224551},"StdDev":{"confidence_interval":{"confidence_level":0.95,"lower_bound":10.021117913535333,"upper_bound":26.769887841242515},"point_estimate":19.417386784341808,"standard_error":4.220878567115142}}