{"Mean":{"confidence_interval":{"confidence_level":0.95,"lower_bound":358665.84730603104,"upper_bound":359076.1389703398},"point_estimate":358819.0827989245,"standard_error":110.94667124702731},"Median":{"confidence_interval":{"confidence_level":0.95,"lower_bound":358609.92744711007,"upper_bound":358632.06111111114},"point_estimate":358622.3520862635,"standard_error":6.752451511885117},"MedianAbsDev":{"confidence_interval":{"confidence_level":0.95,"lower_bound":42.70112691176639,"upper_bound":73.25668217231353},"point_estimate":55.14375893162322,"standard_error":7.612746211108818},"Slope":{"confidence_interval":{"confidence_level":0.95,"lower_bound":358655.59049050615,"upper_bound":358868.59789289854},"point_estimate":358745.7810285208,"standard_error":55.19349303992676},"StdDev":{"confidence_interval":{"confidence_level":0.95,"lower_bound":208.64116484998692,"upper_bound":1855.1214906973405},"point_estimate":1109.2714780969975,"standard_error":536.8036487628275}}