{"Mean":{"confidence_interval":{"confidence_level":0.95,"lower_bound":1853.363087539327,"upper_bound":1910.0990871591762},"point_estimate":1878.2267206500237,"standard_error":14.6457324668032},"Median":{"confidence_interval":{"confidence_level":0.95,"lower_bound":1833.9929117357,"upper_bound":1835.919435593992},"point_estimate":1834.91970736415,"standard_error":0.4550959326041877},"MedianAbsDev":{"confidence_interval":{"confidence_level":0.95,"lower_bound":3.7930055191942538,"upper_bound":6.731737138901932},"point_estimate":5.149379938008654,"standard_error":0.7667867059619187},"Slope":{"confidence_interval":{"confidence_level":0.95,"lower_bound":1839.7717334497302,"upper_bound":1868.9527188755185},"point_estimate":1851.8137152132595,"standard_error":7.545427607550203},"StdDev":{"confidence_interval":{"confidence_level":0.95,"lower_bound":67.56099105509071,"upper_bound":220.91848900695854},"point_estimate":147.14474236770204,"standard_error":41.97751890335281}}