{"Mean":{"confidence_interval":{"confidence_level":0.95,"lower_bound":108595502.63119526,"upper_bound":111379601.43302795},"point_estimate":110060564.62389635,"standard_error":711010.4348351194},"Median":{"confidence_interval":{"confidence_level":0.95,"lower_bound":109404121.27710843,"upper_bound":111109615.2545087},"point_estimate":110261956.02897103,"standard_error":439859.81883407943},"MedianAbsDev":{"confidence_interval":{"confidence_level":0.95,"lower_bound":3192856.8005237384,"upper_bound":5121557.377007847},"point_estimate":3967334.4594886475,"standard_error":497748.25483050855},"Slope":{"confidence_interval":{"confidence_level":0.95,"lower_bound":109605448.16283292,"upper_bound":111128867.33108945},"point_estimate":110382485.02024531,"standard_error":388897.2762723346},"StdDev":{"confidence_interval":{"confidence_level":0.95,"lower_bound":4573954.4483483,"upper_bound":10002303.4645413},"point_estimate":7149041.23947705,"standard_error":1495121.1861323088}}