{"Mean":{"confidence_interval":{"confidence_level":0.95,"lower_bound":5202.708861039726,"upper_bound":5207.1693394747035},"point_estimate":5204.627834824584,"standard_error":1.1539045734834674},"Median":{"confidence_interval":{"confidence_level":0.95,"lower_bound":5201.622922831778,"upper_bound":5201.76127882366},"point_estimate":5201.667171856343,"standard_error":0.035818297809231105},"MedianAbsDev":{"confidence_interval":{"confidence_level":0.95,"lower_bound":0.14833001030076373,"upper_bound":0.3226861143548048},"point_estimate":0.2132605248090771,"standard_error":0.044930673544102906},"Slope":{"confidence_interval":{"confidence_level":0.95,"lower_bound":5202.2341739796,"upper_bound":5204.551046137415},"point_estimate":5203.227304837072,"standard_error":0.5973129048373632},"StdDev":{"confidence_interval":{"confidence_level":0.95,"lower_bound":3.3375933501334543,"upper_bound":18.04542257855104},"point_estimate":11.64341871833073,"standard_error":3.76064490296324}}