{"Mean":{"confidence_interval":{"confidence_level":0.95,"lower_bound":6400869.643527819,"upper_bound":6526726.883184528},"point_estimate":6444505.540149517,"standard_error":39328.607293372144},"Median":{"confidence_interval":{"confidence_level":0.95,"lower_bound":6396217.793650794,"upper_bound":6408076.328767124},"point_estimate":6399988.813546798,"standard_error":2887.087760761609},"MedianAbsDev":{"confidence_interval":{"confidence_level":0.95,"lower_bound":15842.185900726518,"upper_bound":25822.441557372444},"point_estimate":19338.35818391335,"standard_error":2506.277742190237},"Slope":{"confidence_interval":{"confidence_level":0.95,"lower_bound":6406765.360394763,"upper_bound":6444412.13206382},"point_estimate":6420994.712891975,"standard_error":9988.8791553178},"StdDev":{"confidence_interval":{"confidence_level":0.95,"lower_bound":23504.68273452913,"upper_bound":677668.6005748683},"point_estimate":395659.1100794184,"standard_error":235607.9757843761}}