{"Mean":{"confidence_interval":{"confidence_level":0.95,"lower_bound":2068978.082486658,"upper_bound":2069743.9643230592},"point_estimate":2069357.4678508295,"standard_error":195.03852211771593},"Median":{"confidence_interval":{"confidence_level":0.95,"lower_bound":2068988.8870160456,"upper_bound":2069189.1923076923},"point_estimate":2069086.9863217575,"standard_error":47.80974619749088},"MedianAbsDev":{"confidence_interval":{"confidence_level":0.95,"lower_bound":333.7011838332497,"upper_bound":590.1201042228869},"point_estimate":439.7505568082277,"standard_error":63.3539276670362},"Slope":{"confidence_interval":{"confidence_level":0.95,"lower_bound":2069360.363552375,"upper_bound":2070044.1671652796},"point_estimate":2069660.761593025,"standard_error":175.23519761621247},"StdDev":{"confidence_interval":{"confidence_level":0.95,"lower_bound":1196.97350705277,"upper_bound":2631.3235901171065},"point_estimate":1961.3216578626218,"standard_error":366.0140818182896}}