{"Mean":{"confidence_interval":{"confidence_level":0.95,"lower_bound":4101.658440764209,"upper_bound":4102.650909314376},"point_estimate":4102.079099702636,"standard_error":0.2555288208082768},"Median":{"confidence_interval":{"confidence_level":0.95,"lower_bound":4101.355780923197,"upper_bound":4101.744303019521},"point_estimate":4101.48875945138,"standard_error":0.09978450903170827},"MedianAbsDev":{"confidence_interval":{"confidence_level":0.95,"lower_bound":0.5963047889946009,"upper_bound":1.0657111030489599},"point_estimate":0.9109314614464095,"standard_error":0.11515113446399845},"Slope":{"confidence_interval":{"confidence_level":0.95,"lower_bound":4101.824049165183,"upper_bound":4102.915251607325},"point_estimate":4102.379145146537,"standard_error":0.2791819009901251},"StdDev":{"confidence_interval":{"confidence_level":0.95,"lower_bound":1.1688702358901508,"upper_bound":4.004360204387386},"point_estimate":2.572668608247103,"standard_error":0.8822021258255555}}