{"Mean":{"confidence_interval":{"confidence_level":0.95,"lower_bound":4115.730610711455,"upper_bound":4116.291775769173},"point_estimate":4115.97641060472,"standard_error":0.14377661846848158},"Median":{"confidence_interval":{"confidence_level":0.95,"lower_bound":4115.566983643971,"upper_bound":4115.844584329548},"point_estimate":4115.706511555898,"standard_error":0.07699662561042271},"MedianAbsDev":{"confidence_interval":{"confidence_level":0.95,"lower_bound":0.3974272614659459,"upper_bound":0.6812530491526774},"point_estimate":0.5286398847567023,"standard_error":0.07467587598544775},"Slope":{"confidence_interval":{"confidence_level":0.95,"lower_bound":4115.62376286818,"upper_bound":4115.871333534997},"point_estimate":4115.739508753099,"standard_error":0.06317483492402323},"StdDev":{"confidence_interval":{"confidence_level":0.95,"lower_bound":0.6802314145482875,"upper_bound":2.1837321329859165},"point_estimate":1.440271121631278,"standard_error":0.42506730464451625}}