{"Mean":{"confidence_interval":{"confidence_level":0.95,"lower_bound":16739.20190425076,"upper_bound":17275.718284535058},"point_estimate":16954.3731676147,"standard_error":141.9859913902121},"Median":{"confidence_interval":{"confidence_level":0.95,"lower_bound":16661.28137571839,"upper_bound":16702.473737373737},"point_estimate":16680.811726495725,"standard_error":10.91576911756714},"MedianAbsDev":{"confidence_interval":{"confidence_level":0.95,"lower_bound":39.86306585563289,"upper_bound":88.75811722044372},"point_estimate":62.61612484046125,"standard_error":12.165449774431668},"Slope":{"confidence_interval":{"confidence_level":0.95,"lower_bound":16673.005330559252,"upper_bound":16783.387892245995},"point_estimate":16719.072613812128,"standard_error":28.598884633186643},"StdDev":{"confidence_interval":{"confidence_level":0.95,"lower_bound":198.28158035711184,"upper_bound":2311.73972840929},"point_estimate":1427.218901173318,"standard_error":591.1961360079401}}