{"Mean":{"confidence_interval":{"confidence_level":0.95,"lower_bound":28050.201181638004,"upper_bound":29072.6976828178},"point_estimate":28491.730068414683,"standard_error":263.8854125204069},"Median":{"confidence_interval":{"confidence_level":0.95,"lower_bound":27798.091869212964,"upper_bound":27849.837460076164},"point_estimate":27819.57822593669,"standard_error":13.662439723197425},"MedianAbsDev":{"confidence_interval":{"confidence_level":0.95,"lower_bound":69.74728736326854,"upper_bound":134.91734121391588},"point_estimate":95.1678715051658,"standard_error":16.305943093630837},"Slope":{"confidence_interval":{"confidence_level":0.95,"lower_bound":27827.49647434297,"upper_bound":28019.90940973445},"point_estimate":27910.758761062672,"standard_error":49.519082683899434},"StdDev":{"confidence_interval":{"confidence_level":0.95,"lower_bound":968.195735208267,"upper_bound":4031.1562330906586},"point_estimate":2648.5626693628246,"standard_error":805.6892588552386}}