{"Mean":{"confidence_interval":{"confidence_level":0.95,"lower_bound":27580.738647431095,"upper_bound":28076.421210770593},"point_estimate":27787.291257744542,"standard_error":128.91268464980388},"Median":{"confidence_interval":{"confidence_level":0.95,"lower_bound":27540.741912798876,"upper_bound":27564.106136485043},"point_estimate":27553.361452457695,"standard_error":5.717316382018005},"MedianAbsDev":{"confidence_interval":{"confidence_level":0.95,"lower_bound":39.695814631548046,"upper_bound":79.2620084693606},"point_estimate":57.14384767731977,"standard_error":10.486214814134723},"Slope":{"confidence_interval":{"confidence_level":0.95,"lower_bound":27542.347829462844,"upper_bound":27626.392004513033},"point_estimate":27573.437941809105,"standard_error":22.29754828702618},"StdDev":{"confidence_interval":{"confidence_level":0.95,"lower_bound":197.36786605506907,"upper_bound":2028.563967851265},"point_estimate":1295.8376159638885,"standard_error":475.1271900408737}}