{"Mean":{"confidence_interval":{"confidence_level":0.95,"lower_bound":2687586.2050690497,"upper_bound":2689277.7722113347},"point_estimate":2688364.037338383,"standard_error":431.39195217125723},"Median":{"confidence_interval":{"confidence_level":0.95,"lower_bound":2687522.9775280897,"upper_bound":2688169.236111111},"point_estimate":2687918.8207017547,"standard_error":180.50730397079315},"MedianAbsDev":{"confidence_interval":{"confidence_level":0.95,"lower_bound":991.5103555572268,"upper_bound":1717.4659652831754},"point_estimate":1348.2580190535264,"standard_error":186.16536405225403},"Slope":{"confidence_interval":{"confidence_level":0.95,"lower_bound":2688055.7195879687,"upper_bound":2689002.6499834172},"point_estimate":2688487.3581941775,"standard_error":241.68352129344012},"StdDev":{"confidence_interval":{"confidence_level":0.95,"lower_bound":2157.380255479914,"upper_bound":6189.447697444519},"point_estimate":4333.732553830457,"standard_error":1032.7672276576884}}