{"Mean":{"confidence_interval":{"confidence_level":0.95,"lower_bound":5580.357405027493,"upper_bound":5582.6260646609535},"point_estimate":5581.29310229432,"standard_error":0.5889054418500033},"Median":{"confidence_interval":{"confidence_level":0.95,"lower_bound":5579.816604244694,"upper_bound":5580.056867690897},"point_estimate":5579.943760375225,"standard_error":0.053474887813679726},"MedianAbsDev":{"confidence_interval":{"confidence_level":0.95,"lower_bound":0.3498291026737196,"upper_bound":0.6121393383833446},"point_estimate":0.4317803732547566,"standard_error":0.0639452220038591},"Slope":{"confidence_interval":{"confidence_level":0.95,"lower_bound":5580.235814595584,"upper_bound":5581.927804686237},"point_estimate":5580.9918301971065,"standard_error":0.4347457749207731},"StdDev":{"confidence_interval":{"confidence_level":0.95,"lower_bound":2.0277211895181546,"upper_bound":9.358377587477433},"point_estimate":5.892958046452457,"standard_error":2.1621015372065533}}