{"Mean":{"confidence_interval":{"confidence_level":0.95,"lower_bound":1134.1716624040832,"upper_bound":1135.104072425715},"point_estimate":1134.5549002522014,"standard_error":0.24282212592456615},"Median":{"confidence_interval":{"confidence_level":0.95,"lower_bound":1133.9177825610816,"upper_bound":1134.1671592280486},"point_estimate":1134.1200918920667,"standard_error":0.06644868624698003},"MedianAbsDev":{"confidence_interval":{"confidence_level":0.95,"lower_bound":0.2410219345887804,"upper_bound":0.5434011487939489},"point_estimate":0.40688086717930033,"standard_error":0.07571623384552202},"Slope":{"confidence_interval":{"confidence_level":0.95,"lower_bound":1134.0908329440654,"upper_bound":1134.6573667944192},"point_estimate":1134.3324803562061,"standard_error":0.14657644341720463},"StdDev":{"confidence_interval":{"confidence_level":0.95,"lower_bound":0.7178026599855194,"upper_bound":3.8991732562457},"point_estimate":2.440630247310502,"standard_error":0.9205003398447982}}