{"Mean":{"confidence_interval":{"confidence_level":0.95,"lower_bound":16100.285719041363,"upper_bound":16112.053210054573},"point_estimate":16105.99829176686,"standard_error":2.999197089383861},"Median":{"confidence_interval":{"confidence_level":0.95,"lower_bound":16097.31535143673,"upper_bound":16106.231182795698},"point_estimate":16101.714307048984,"standard_error":2.3655214502537696},"MedianAbsDev":{"confidence_interval":{"confidence_level":0.95,"lower_bound":11.034074680035605,"upper_bound":19.78442475600745},"point_estimate":15.358435067833884,"standard_error":2.2766003057875075},"Slope":{"confidence_interval":{"confidence_level":0.95,"lower_bound":16083.901966943688,"upper_bound":16099.680937455112},"point_estimate":16091.526505431959,"standard_error":4.026759050889881},"StdDev":{"confidence_interval":{"confidence_level":0.95,"lower_bound":22.683806756863667,"upper_bound":37.81152634819747},"point_estimate":30.04581268010246,"standard_error":3.926985642634837}}