{"Mean":{"confidence_interval":{"confidence_level":0.95,"lower_bound":6253830.9968217565,"upper_bound":6285598.502963689},"point_estimate":6269033.826525142,"standard_error":8103.834453860665},"Median":{"confidence_interval":{"confidence_level":0.95,"lower_bound":6239054.462686568,"upper_bound":6252062.683673469},"point_estimate":6244758.17618675,"standard_error":3428.879475063591},"MedianAbsDev":{"confidence_interval":{"confidence_level":0.95,"lower_bound":27317.596904978946,"upper_bound":55946.06953798687},"point_estimate":37727.60779312894,"standard_error":7539.401980782497},"Slope":{"confidence_interval":{"confidence_level":0.95,"lower_bound":6265129.969277746,"upper_bound":6308774.966731782},"point_estimate":6285595.628863603,"standard_error":11126.568515744631},"StdDev":{"confidence_interval":{"confidence_level":0.95,"lower_bound":60463.39243637763,"upper_bound":101039.52791696631},"point_estimate":81514.05546446003,"standard_error":10409.517996623998}}