{"Mean":{"confidence_interval":{"confidence_level":0.95,"lower_bound":11861.462463091826,"upper_bound":12071.054764725677},"point_estimate":11958.134985490618,"standard_error":53.69118503626892},"Median":{"confidence_interval":{"confidence_level":0.95,"lower_bound":11750.087475633529,"upper_bound":11803.788617886179},"point_estimate":11772.535185185185,"standard_error":13.485370026299671},"MedianAbsDev":{"confidence_interval":{"confidence_level":0.95,"lower_bound":75.19155285415138,"upper_bound":138.6776896327276},"point_estimate":100.17503388595128,"standard_error":15.311446435593583},"Slope":{"confidence_interval":{"confidence_level":0.95,"lower_bound":11768.878055574341,"upper_bound":11981.139459062024},"point_estimate":11861.43842914142,"standard_error":54.710472755030274},"StdDev":{"confidence_interval":{"confidence_level":0.95,"lower_bound":341.28127886917844,"upper_bound":707.674378180113},"point_estimate":541.4621106977509,"standard_error":93.4786167557559}}