{"Mean":{"confidence_interval":{"confidence_level":0.95,"lower_bound":253301.7209472644,"upper_bound":253424.65696283613},"point_estimate":253354.21099355764,"standard_error":31.718667379146098},"Median":{"confidence_interval":{"confidence_level":0.95,"lower_bound":253270.19488636364,"upper_bound":253277.1490909091},"point_estimate":253273.10013888887,"standard_error":1.7137094579820664},"MedianAbsDev":{"confidence_interval":{"confidence_level":0.95,"lower_bound":13.691987256917608,"upper_bound":23.730659912033545},"point_estimate":18.182740858978466,"standard_error":2.5906785317517516},"Slope":{"confidence_interval":{"confidence_level":0.95,"lower_bound":253283.24256038302,"upper_bound":253362.2247617298},"point_estimate":253318.17202231416,"standard_error":20.240757422751884},"StdDev":{"confidence_interval":{"confidence_level":0.95,"lower_bound":125.4194809106699,"upper_bound":489.1309110640644},"point_estimate":317.37987553247865,"standard_error":99.90801042105879}}