{"Mean":{"confidence_interval":{"confidence_level":0.95,"lower_bound":16821.798664560363,"upper_bound":16833.98847726884},"point_estimate":16827.508907882606,"standard_error":3.1210238718565915},"Median":{"confidence_interval":{"confidence_level":0.95,"lower_bound":16809.95444915254,"upper_bound":16829.653753026636},"point_estimate":16812.113898305084,"standard_error":6.861336954892027},"MedianAbsDev":{"confidence_interval":{"confidence_level":0.95,"lower_bound":10.412124002520148,"upper_bound":31.477591428837016},"point_estimate":16.883785016934702,"standard_error":5.915497797431931},"Slope":{"confidence_interval":{"confidence_level":0.95,"lower_bound":16811.64601876539,"upper_bound":16821.45135381046},"point_estimate":16815.952281886424,"standard_error":2.5130100368966586},"StdDev":{"confidence_interval":{"confidence_level":0.95,"lower_bound":21.053404561683156,"upper_bound":41.24054594516798},"point_estimate":31.32163411115757,"standard_error":5.226734672917751}}