{"Mean":{"confidence_interval":{"confidence_level":0.95,"lower_bound":6705.199279448009,"upper_bound":6710.162106835981},"point_estimate":6707.175291693619,"standard_error":1.3114620496579203},"Median":{"confidence_interval":{"confidence_level":0.95,"lower_bound":6703.569342069342,"upper_bound":6704.462087087087},"point_estimate":6703.9779166996905,"standard_error":0.20784453354138327},"MedianAbsDev":{"confidence_interval":{"confidence_level":0.95,"lower_bound":1.3391408482302398,"upper_bound":2.674328747566406},"point_estimate":1.9167581075668698,"standard_error":0.3394396912574981},"Slope":{"confidence_interval":{"confidence_level":0.95,"lower_bound":6704.082667110247,"upper_bound":6706.078532652757},"point_estimate":6705.015002655973,"standard_error":0.5122377258418122},"StdDev":{"confidence_interval":{"confidence_level":0.95,"lower_bound":4.077162701669092,"upper_bound":21.441819662575238},"point_estimate":13.147666638681677,"standard_error":5.630563270459869}}