{"Mean":{"confidence_interval":{"confidence_level":0.95,"lower_bound":7241628.326714165,"upper_bound":7267779.926725396},"point_estimate":7253262.20602417,"standard_error":6720.298170062626},"Median":{"confidence_interval":{"confidence_level":0.95,"lower_bound":7230905.611111111,"upper_bound":7235013.485714286},"point_estimate":7233446.456168831,"standard_error":1033.2123572768899},"MedianAbsDev":{"confidence_interval":{"confidence_level":0.95,"lower_bound":5782.646517856627,"upper_bound":11097.058970911306},"point_estimate":8167.525407305251,"standard_error":1358.0768308518425},"Slope":{"confidence_interval":{"confidence_level":0.95,"lower_bound":7238657.702662035,"upper_bound":7256393.932226131},"point_estimate":7246876.47024383,"standard_error":4538.982318791234},"StdDev":{"confidence_interval":{"confidence_level":0.95,"lower_bound":30696.382164334427,"upper_bound":98426.76688233002},"point_estimate":68046.26207290559,"standard_error":17559.43263516741}}