{"Mean":{"confidence_interval":{"confidence_level":0.95,"lower_bound":7529334.252064853,"upper_bound":7594947.216792408},"point_estimate":7558465.072279849,"standard_error":16888.814031344384},"Median":{"confidence_interval":{"confidence_level":0.95,"lower_bound":7497869.748635634,"upper_bound":7504665.485227273},"point_estimate":7500255.886367387,"standard_error":1893.810005405895},"MedianAbsDev":{"confidence_interval":{"confidence_level":0.95,"lower_bound":9731.776723379458,"upper_bound":22896.249010677977},"point_estimate":14947.473603398259,"standard_error":3470.706226782438},"Slope":{"confidence_interval":{"confidence_level":0.95,"lower_bound":7514206.442623205,"upper_bound":7544029.8073741505},"point_estimate":7527955.295271168,"standard_error":7613.578151088002},"StdDev":{"confidence_interval":{"confidence_level":0.95,"lower_bound":68662.61459105642,"upper_bound":244236.9127462325},"point_estimate":169760.0626963085,"standard_error":43670.96265186215}}