{"Mean":{"confidence_interval":{"confidence_level":0.95,"lower_bound":12016.622731108553,"upper_bound":12022.13844742454},"point_estimate":12019.160113044049,"standard_error":1.404599725375192},"Median":{"confidence_interval":{"confidence_level":0.95,"lower_bound":12013.455735987429,"upper_bound":12018.831113386352},"point_estimate":12018.062890713798,"standard_error":1.5436655067879148},"MedianAbsDev":{"confidence_interval":{"confidence_level":0.95,"lower_bound":6.865574200946117,"upper_bound":12.064361586531856},"point_estimate":11.241125595161321,"standard_error":1.5939969685091524},"Slope":{"confidence_interval":{"confidence_level":0.95,"lower_bound":12013.268738172068,"upper_bound":12021.74673221923},"point_estimate":12016.810584035566,"standard_error":2.2088309398365817},"StdDev":{"confidence_interval":{"confidence_level":0.95,"lower_bound":8.57245204475955,"upper_bound":19.266052338790452},"point_estimate":14.11446804136511,"standard_error":2.7734562920997017}}