{"Mean":{"confidence_interval":{"confidence_level":0.95,"lower_bound":957077.1752857508,"upper_bound":963753.848770368},"point_estimate":960125.4136293977,"standard_error":1713.5073144500034},"Median":{"confidence_interval":{"confidence_level":0.95,"lower_bound":954645.5555555555,"upper_bound":955448.3809697856},"point_estimate":954957.4454941861,"standard_error":231.67638916757753},"MedianAbsDev":{"confidence_interval":{"confidence_level":0.95,"lower_bound":1474.8890097245435,"upper_bound":2820.3575609580153},"point_estimate":2001.677260107874,"standard_error":348.4115890037618},"Slope":{"confidence_interval":{"confidence_level":0.95,"lower_bound":955073.3934456478,"upper_bound":962458.62112659},"point_estimate":958134.2795005172,"standard_error":1924.7107708774058},"StdDev":{"confidence_interval":{"confidence_level":0.95,"lower_bound":9967.502847120315,"upper_bound":22770.40023863567},"point_estimate":17190.1535886554,"standard_error":3285.5964469090213}}