{"Mean":{"confidence_interval":{"confidence_level":0.95,"lower_bound":6198.280561807031,"upper_bound":6301.572177922866},"point_estimate":6237.806969221103,"standard_error":27.609405941111493},"Median":{"confidence_interval":{"confidence_level":0.95,"lower_bound":6184.615303983229,"upper_bound":6190.489328796783},"point_estimate":6187.244291446622,"standard_error":1.5259772569207606},"MedianAbsDev":{"confidence_interval":{"confidence_level":0.95,"lower_bound":8.591080479501946,"upper_bound":15.668566610843667},"point_estimate":11.279781422791105,"standard_error":1.783285920305017},"Slope":{"confidence_interval":{"confidence_level":0.95,"lower_bound":6188.401945895644,"upper_bound":6210.110078940907},"point_estimate":6197.514320346707,"standard_error":5.579629046055113},"StdDev":{"confidence_interval":{"confidence_level":0.95,"lower_bound":52.632500368615815,"upper_bound":460.6912916826298},"point_estimate":277.72217816047277,"standard_error":127.8572181178854}}