{"Mean":{"confidence_interval":{"confidence_level":0.95,"lower_bound":7359791.005258874,"upper_bound":7437462.654867901},"point_estimate":7389508.717759567,"standard_error":20855.982450327632},"Median":{"confidence_interval":{"confidence_level":0.95,"lower_bound":7340676.069124424,"upper_bound":7345027.791512059},"point_estimate":7342877.828667954,"standard_error":1246.456596523909},"MedianAbsDev":{"confidence_interval":{"confidence_level":0.95,"lower_bound":4986.90280548699,"upper_bound":12395.7969351222},"point_estimate":7405.522407798531,"standard_error":1980.241661110752},"Slope":{"confidence_interval":{"confidence_level":0.95,"lower_bound":7350342.673514938,"upper_bound":7379215.774350943},"point_estimate":7363670.4734505685,"standard_error":7393.4926789517285},"StdDev":{"confidence_interval":{"confidence_level":0.95,"lower_bound":45744.468117141376,"upper_bound":349013.75339692115},"point_estimate":210039.21526805274,"standard_error":98415.58761034165}}