{"Mean":{"confidence_interval":{"confidence_level":0.95,"lower_bound":3095775.656887547,"upper_bound":3096311.1721642986},"point_estimate":3096007.4762912863,"standard_error":137.51569166577258},"Median":{"confidence_interval":{"confidence_level":0.95,"lower_bound":3095703.775510204,"upper_bound":3095908.5185185187},"point_estimate":3095778.21816092,"standard_error":49.191006970348944},"MedianAbsDev":{"confidence_interval":{"confidence_level":0.95,"lower_bound":418.8696154731344,"upper_bound":701.3900164272213},"point_estimate":587.5999880293197,"standard_error":71.27485194882364},"Slope":{"confidence_interval":{"confidence_level":0.95,"lower_bound":3095630.0771727725,"upper_bound":3096113.977715654},"point_estimate":3095828.826401655,"standard_error":126.1158559104153},"StdDev":{"confidence_interval":{"confidence_level":0.95,"lower_bound":620.0221116182857,"upper_bound":2112.924281162651},"point_estimate":1384.147508451371,"standard_error":425.6876322240292}}