{"Mean":{"confidence_interval":{"confidence_level":0.95,"lower_bound":3095119.189215641,"upper_bound":3095615.94032803},"point_estimate":3095350.0174155193,"standard_error":126.46825209153124},"Median":{"confidence_interval":{"confidence_level":0.95,"lower_bound":3095133.508103241,"upper_bound":3095396.5555555555},"point_estimate":3095258.394265233,"standard_error":78.71181836532458},"MedianAbsDev":{"confidence_interval":{"confidence_level":0.95,"lower_bound":514.1951655660772,"upper_bound":810.0443579016163},"point_estimate":681.2477009400825,"standard_error":77.42435227869825},"Slope":{"confidence_interval":{"confidence_level":0.95,"lower_bound":3095197.913014241,"upper_bound":3095596.3667716635},"point_estimate":3095377.50515147,"standard_error":101.6179825274667},"StdDev":{"confidence_interval":{"confidence_level":0.95,"lower_bound":682.0827625908711,"upper_bound":1836.185085770421},"point_estimate":1273.3086430288586,"standard_error":303.62036132424413}}