{"Mean":{"confidence_interval":{"confidence_level":0.95,"lower_bound":3502404.594241234,"upper_bound":3516264.9450642294},"point_estimate":3508730.489751563,"standard_error":3557.376475990503},"Median":{"confidence_interval":{"confidence_level":0.95,"lower_bound":3495496.7215189873,"upper_bound":3497928.9036144577},"point_estimate":3496525.3634530054,"standard_error":682.2060896966813},"MedianAbsDev":{"confidence_interval":{"confidence_level":0.95,"lower_bound":4540.913645469745,"upper_bound":8752.614426159329},"point_estimate":6075.043076015449,"standard_error":1058.3960104285836},"Slope":{"confidence_interval":{"confidence_level":0.95,"lower_bound":3498127.8434002306,"upper_bound":3517363.3179660873},"point_estimate":3506825.0147894192,"standard_error":4939.374173511625},"StdDev":{"confidence_interval":{"confidence_level":0.95,"lower_bound":20553.661909030736,"upper_bound":49012.601969952324},"point_estimate":35694.35019519224,"standard_error":7324.403487045577}}