{"Mean":{"confidence_interval":{"confidence_level":0.95,"lower_bound":338.65459239971887,"upper_bound":338.94992809667616},"point_estimate":338.77327111967236,"standard_error":0.07763308483836479},"Median":{"confidence_interval":{"confidence_level":0.95,"lower_bound":338.5893223819302,"upper_bound":338.59872619479006},"point_estimate":338.5920602043822,"standard_error":0.0026065790374986777},"MedianAbsDev":{"confidence_interval":{"confidence_level":0.95,"lower_bound":0.011861471558525493,"upper_bound":0.02783577143646276},"point_estimate":0.017571334477961623,"standard_error":0.004103235237476013},"Slope":{"confidence_interval":{"confidence_level":0.95,"lower_bound":338.63852407259634,"upper_bound":338.840374077692},"point_estimate":338.72173462287844,"standard_error":0.052977321113285424},"StdDev":{"confidence_interval":{"confidence_level":0.95,"lower_bound":0.21746186481548335,"upper_bound":1.267372759217383},"point_estimate":0.7811979477975307,"standard_error":0.3212001758388081}}