{"Mean":{"confidence_interval":{"confidence_level":0.95,"lower_bound":13515.235176462378,"upper_bound":13620.53776982945},"point_estimate":13561.633027296764,"standard_error":27.07854771680485},"Median":{"confidence_interval":{"confidence_level":0.95,"lower_bound":13485.104692836037,"upper_bound":13498.526776886818},"point_estimate":13489.609216451041,"standard_error":3.013876104344687},"MedianAbsDev":{"confidence_interval":{"confidence_level":0.95,"lower_bound":28.272553362476536,"upper_bound":49.040484805317476},"point_estimate":35.60915725137153,"standard_error":5.021891568717101},"Slope":{"confidence_interval":{"confidence_level":0.95,"lower_bound":13491.888789663335,"upper_bound":13670.437778340183},"point_estimate":13566.140692887117,"standard_error":47.04430204821796},"StdDev":{"confidence_interval":{"confidence_level":0.95,"lower_bound":98.35824481143395,"upper_bound":393.13129107646876},"point_estimate":272.50165164482985,"standard_error":72.5901802553201}}