{"Mean":{"confidence_interval":{"confidence_level":0.95,"lower_bound":644.7463823373004,"upper_bound":646.9850825226094},"point_estimate":645.8360911950087,"standard_error":0.5705084848164553},"Median":{"confidence_interval":{"confidence_level":0.95,"lower_bound":645.189894476496,"upper_bound":646.4836329155673},"point_estimate":645.9296274086512,"standard_error":0.36619826912734316},"MedianAbsDev":{"confidence_interval":{"confidence_level":0.95,"lower_bound":2.853965894102956,"upper_bound":4.9249506645435295},"point_estimate":3.8316592332057855,"standard_error":0.5451016988567791},"Slope":{"confidence_interval":{"confidence_level":0.95,"lower_bound":644.4632680738492,"upper_bound":646.0647465609675},"point_estimate":645.2709154214559,"standard_error":0.4083763357084514},"StdDev":{"confidence_interval":{"confidence_level":0.95,"lower_bound":4.069260146858498,"upper_bound":7.308460647867604},"point_estimate":5.723530932813729,"standard_error":0.8334149132473788}}