{"Mean":{"confidence_interval":{"confidence_level":0.95,"lower_bound":278.2948173973706,"upper_bound":278.3670234227324},"point_estimate":278.32765275910094,"standard_error":0.01847704208291936},"Median":{"confidence_interval":{"confidence_level":0.95,"lower_bound":278.2590473756077,"upper_bound":278.27531179932737},"point_estimate":278.26296747908293,"standard_error":0.0036971219352831225},"MedianAbsDev":{"confidence_interval":{"confidence_level":0.95,"lower_bound":0.019024379027284523,"upper_bound":0.03954701397376468},"point_estimate":0.025199648993313808,"standard_error":0.004693069439790294},"Slope":{"confidence_interval":{"confidence_level":0.95,"lower_bound":278.28170347255764,"upper_bound":278.36160848965983},"point_estimate":278.31778702417625,"standard_error":0.020516678708092775},"StdDev":{"confidence_interval":{"confidence_level":0.95,"lower_bound":0.10857396759948408,"upper_bound":0.2504323524225266},"point_estimate":0.18507257283708056,"standard_error":0.03636069360966092}}