{"Mean":{"confidence_interval":{"confidence_level":0.95,"lower_bound":7366037.419803472,"upper_bound":7374585.98141676},"point_estimate":7369918.652247047,"standard_error":2191.9368600316448},"Median":{"confidence_interval":{"confidence_level":0.95,"lower_bound":7364076.193236714,"upper_bound":7368944.043290043},"point_estimate":7366901.341403162,"standard_error":1326.1896180796255},"MedianAbsDev":{"confidence_interval":{"confidence_level":0.95,"lower_bound":8666.296493415377,"upper_bound":13428.595554112317},"point_estimate":11023.249074840802,"standard_error":1209.2681514249618},"Slope":{"confidence_interval":{"confidence_level":0.95,"lower_bound":7364860.714269594,"upper_bound":7371071.267331543},"point_estimate":7367782.857564652,"standard_error":1580.0620060334732},"StdDev":{"confidence_interval":{"confidence_level":0.95,"lower_bound":11668.721619267006,"upper_bound":31613.5963570162},"point_estimate":21984.15179666205,"standard_error":5250.764362223703}}