{"Mean":{"confidence_interval":{"confidence_level":0.95,"lower_bound":6379.601883921556,"upper_bound":6381.6074223771875},"point_estimate":6380.515271687222,"standard_error":0.5151780285342279},"Median":{"confidence_interval":{"confidence_level":0.95,"lower_bound":6378.984412442078,"upper_bound":6379.294672244823},"point_estimate":6379.170308684372,"standard_error":0.07689472061482382},"MedianAbsDev":{"confidence_interval":{"confidence_level":0.95,"lower_bound":0.4426891403881194,"upper_bound":0.7679897708016693},"point_estimate":0.5918608000876132,"standard_error":0.07813417148332288},"Slope":{"confidence_interval":{"confidence_level":0.95,"lower_bound":6379.17334686635,"upper_bound":6379.856140502633},"point_estimate":6379.461421282771,"standard_error":0.17582829844009853},"StdDev":{"confidence_interval":{"confidence_level":0.95,"lower_bound":2.673923849810421,"upper_bound":7.083770111156072},"point_estimate":5.1789567737548925,"standard_error":1.1225279632875154}}