{"Mean":{"confidence_interval":{"confidence_level":0.95,"lower_bound":6699.262070300949,"upper_bound":6702.252539433034},"point_estimate":6700.581630491423,"standard_error":0.7700024647888463},"Median":{"confidence_interval":{"confidence_level":0.95,"lower_bound":6698.450621581552,"upper_bound":6698.552521953641},"point_estimate":6698.48658886159,"standard_error":0.025550266967533448},"MedianAbsDev":{"confidence_interval":{"confidence_level":0.95,"lower_bound":0.1639608267110856,"upper_bound":0.36299211968170436},"point_estimate":0.23917516731737595,"standard_error":0.05413943038464036},"Slope":{"confidence_interval":{"confidence_level":0.95,"lower_bound":6699.135350617693,"upper_bound":6703.512998969781},"point_estimate":6700.927560578163,"standard_error":1.1449303992136433},"StdDev":{"confidence_interval":{"confidence_level":0.95,"lower_bound":3.435568516398739,"upper_bound":11.02370879023569},"point_estimate":7.70299812393865,"standard_error":1.936973449800503}}