{"Mean":{"confidence_interval":{"confidence_level":0.95,"lower_bound":1008092.4436811507,"upper_bound":1024491.6334430889},"point_estimate":1014424.6091952927,"standard_error":4357.565537360387},"Median":{"confidence_interval":{"confidence_level":0.95,"lower_bound":1006088.3229337712,"upper_bound":1007307.3538461538},"point_estimate":1006745.5258799172,"standard_error":379.8046429196358},"MedianAbsDev":{"confidence_interval":{"confidence_level":0.95,"lower_bound":2014.9590078480085,"upper_bound":3773.389351670213},"point_estimate":2980.75272454681,"standard_error":484.30313534446043},"Slope":{"confidence_interval":{"confidence_level":0.95,"lower_bound":1006068.3987736476,"upper_bound":1012945.7592874533},"point_estimate":1008420.7703236294,"standard_error":1942.147481751371},"StdDev":{"confidence_interval":{"confidence_level":0.95,"lower_bound":9034.232038523838,"upper_bound":72465.58276130931},"point_estimate":43882.0077949592,"standard_error":19737.55768611767}}