{"Mean":{"confidence_interval":{"confidence_level":0.95,"lower_bound":813.6035213641042,"upper_bound":813.9726985824232},"point_estimate":813.7629022901398,"standard_error":0.09520888192499397},"Median":{"confidence_interval":{"confidence_level":0.95,"lower_bound":813.4368308861182,"upper_bound":813.5595294728192},"point_estimate":813.4788024812001,"standard_error":0.03801210516687707},"MedianAbsDev":{"confidence_interval":{"confidence_level":0.95,"lower_bound":0.11050000147149901,"upper_bound":0.24150158477207445},"point_estimate":0.15686927721098037,"standard_error":0.038681838830879854},"Slope":{"confidence_interval":{"confidence_level":0.95,"lower_bound":813.5484655289359,"upper_bound":814.015718600108},"point_estimate":813.7474255179353,"standard_error":0.1207460321071789},"StdDev":{"confidence_interval":{"confidence_level":0.95,"lower_bound":0.40208299020108473,"upper_bound":1.4666456163392478},"point_estimate":0.9572937222291029,"standard_error":0.3006146363538384}}