{"Mean":{"confidence_interval":{"confidence_level":0.95,"lower_bound":201301.66862601665,"upper_bound":201475.4673570058},"point_estimate":201378.73910683423,"standard_error":44.64610857756589},"Median":{"confidence_interval":{"confidence_level":0.95,"lower_bound":201225.93548387097,"upper_bound":201276.34139702105},"point_estimate":201249.02142266335,"standard_error":12.269774089288358},"MedianAbsDev":{"confidence_interval":{"confidence_level":0.95,"lower_bound":71.79152710803328,"upper_bound":154.20836817133699},"point_estimate":120.60786052543943,"standard_error":21.271158789949666},"Slope":{"confidence_interval":{"confidence_level":0.95,"lower_bound":201221.55441350976,"upper_bound":201297.5126083744},"point_estimate":201256.68080153686,"standard_error":19.47914300130467},"StdDev":{"confidence_interval":{"confidence_level":0.95,"lower_bound":223.97759684064576,"upper_bound":658.172465553924},"point_estimate":449.7235968027834,"standard_error":115.99137195996376}}