{"Mean":{"confidence_interval":{"confidence_level":0.95,"lower_bound":610.915727594329,"upper_bound":611.5241732407457},"point_estimate":611.1666740213416,"standard_error":0.15875990911899365},"Median":{"confidence_interval":{"confidence_level":0.95,"lower_bound":610.8056933901958,"upper_bound":610.8520283349997},"point_estimate":610.8285241059577,"standard_error":0.011218353767054563},"MedianAbsDev":{"confidence_interval":{"confidence_level":0.95,"lower_bound":0.08980464586306822,"upper_bound":0.1635538245177677},"point_estimate":0.12542479945388868,"standard_error":0.01900078120463351},"Slope":{"confidence_interval":{"confidence_level":0.95,"lower_bound":610.855434617369,"upper_bound":611.1544410720795},"point_estimate":610.9814875761979,"standard_error":0.07718260289529917},"StdDev":{"confidence_interval":{"confidence_level":0.95,"lower_bound":0.3721863585802431,"upper_bound":2.5397855551424438},"point_estimate":1.5887303877159564,"standard_error":0.593107149242672}}