{"Mean":{"confidence_interval":{"confidence_level":0.95,"lower_bound":5383.055130357502,"upper_bound":5384.493794228725},"point_estimate":5383.701985313212,"standard_error":0.36924146852807394},"Median":{"confidence_interval":{"confidence_level":0.95,"lower_bound":5382.633682894468,"upper_bound":5382.759683503837},"point_estimate":5382.703881090585,"standard_error":0.029661177390533266},"MedianAbsDev":{"confidence_interval":{"confidence_level":0.95,"lower_bound":0.2041884338751618,"upper_bound":0.3934033116484345},"point_estimate":0.3014030996773295,"standard_error":0.049584647728356204},"Slope":{"confidence_interval":{"confidence_level":0.95,"lower_bound":5382.889850182812,"upper_bound":5384.527712670463},"point_estimate":5383.625983561529,"standard_error":0.42006753347030795},"StdDev":{"confidence_interval":{"confidence_level":0.95,"lower_bound":1.9463065468022152,"upper_bound":5.130763193374977},"point_estimate":3.7138198857160383,"standard_error":0.8135192566071674}}