{"Mean":{"confidence_interval":{"confidence_level":0.95,"lower_bound":34981646.08233828,"upper_bound":35026743.92352187},"point_estimate":35003278.15051315,"standard_error":11549.52979924821},"Median":{"confidence_interval":{"confidence_level":0.95,"lower_bound":34933838.666666664,"upper_bound":34975440.29090909},"point_estimate":34945204.31512605,"standard_error":11345.71556649601},"MedianAbsDev":{"confidence_interval":{"confidence_level":0.95,"lower_bound":23262.28528311158,"upper_bound":77846.55793657037},"point_estimate":40237.47571333307,"standard_error":14824.039578076792},"Slope":{"confidence_interval":{"confidence_level":0.95,"lower_bound":34978848.29418095,"upper_bound":35028566.84719452},"point_estimate":35001232.49956554,"standard_error":12722.879524168926},"StdDev":{"confidence_interval":{"confidence_level":0.95,"lower_bound":88535.18479021011,"upper_bound":139462.02696587873},"point_estimate":115778.96709716656,"standard_error":13039.658286090165}}