{"Mean":{"confidence_interval":{"confidence_level":0.95,"lower_bound":35042567.13619838,"upper_bound":35106713.35617462},"point_estimate":35073041.37989767,"standard_error":16361.105046191646},"Median":{"confidence_interval":{"confidence_level":0.95,"lower_bound":35001216.146341465,"upper_bound":35061442.5},"point_estimate":35025549.31041667,"standard_error":14188.50388977816},"MedianAbsDev":{"confidence_interval":{"confidence_level":0.95,"lower_bound":74232.64022057044,"upper_bound":138518.25918831152},"point_estimate":100777.86169692,"standard_error":16958.34166509049},"Slope":{"confidence_interval":{"confidence_level":0.95,"lower_bound":35041743.08183448,"upper_bound":35084897.49236385},"point_estimate":35063036.82903207,"standard_error":11033.525138624575},"StdDev":{"confidence_interval":{"confidence_level":0.95,"lower_bound":115509.72193091657,"upper_bound":208570.32866326175},"point_estimate":164363.45766158117,"standard_error":23826.988917814615}}