{"Mean":{"confidence_interval":{"confidence_level":0.95,"lower_bound":263394.50094240886,"upper_bound":265216.54484528647},"point_estimate":264113.9731666009,"standard_error":480.6166080827315},"Median":{"confidence_interval":{"confidence_level":0.95,"lower_bound":263063.1526785714,"upper_bound":263285.92803030304},"point_estimate":263164.2038429407,"standard_error":57.80377190701924},"MedianAbsDev":{"confidence_interval":{"confidence_level":0.95,"lower_bound":431.72902848659567,"upper_bound":769.3400147214056},"point_estimate":557.7553951417217,"standard_error":86.41092386599438},"Slope":{"confidence_interval":{"confidence_level":0.95,"lower_bound":262998.3452606451,"upper_bound":263265.0682035654},"point_estimate":263120.789046845,"standard_error":68.14497275352474},"StdDev":{"confidence_interval":{"confidence_level":0.95,"lower_bound":1144.2202307527716,"upper_bound":7915.768661133923},"point_estimate":4826.505440694274,"standard_error":2076.119785716145}}