{"Mean":{"confidence_interval":{"confidence_level":0.95,"lower_bound":73538.16530299334,"upper_bound":75729.62711481506},"point_estimate":74474.69331763216,"standard_error":568.4387101962134},"Median":{"confidence_interval":{"confidence_level":0.95,"lower_bound":72809.58353510896,"upper_bound":72896.31306990882},"point_estimate":72828.1195887446,"standard_error":24.482529248622523},"MedianAbsDev":{"confidence_interval":{"confidence_level":0.95,"lower_bound":119.6190751057769,"upper_bound":243.96713550065712},"point_estimate":151.5997844515705,"standard_error":32.933907882646785},"Slope":{"confidence_interval":{"confidence_level":0.95,"lower_bound":72846.97475711485,"upper_bound":73754.01048007069},"point_estimate":73198.84383056429,"standard_error":242.580476695558},"StdDev":{"confidence_interval":{"confidence_level":0.95,"lower_bound":2294.5360994987777,"upper_bound":8865.389182848417},"point_estimate":5727.429690305396,"standard_error":1889.4910830401168}}