{"Mean":{"confidence_interval":{"confidence_level":0.95,"lower_bound":5012.874785127221,"upper_bound":5021.547843905449},"point_estimate":5016.310726777412,"standard_error":2.289807327876714},"Median":{"confidence_interval":{"confidence_level":0.95,"lower_bound":5012.0011820330965,"upper_bound":5012.435746352413},"point_estimate":5012.222658246758,"standard_error":0.11920187257046137},"MedianAbsDev":{"confidence_interval":{"confidence_level":0.95,"lower_bound":0.7630177323120576,"upper_bound":1.5096610900883705},"point_estimate":1.1305534725549353,"standard_error":0.19231583408860006},"Slope":{"confidence_interval":{"confidence_level":0.95,"lower_bound":5012.75084124063,"upper_bound":5015.398099546454},"point_estimate":5013.8681270216575,"standard_error":0.6881267456049291},"StdDev":{"confidence_interval":{"confidence_level":0.95,"lower_bound":3.687607956899752,"upper_bound":37.63497715912481},"point_estimate":23.056546091249434,"standard_error":9.78877486268014}}