{"Mean":{"confidence_interval":{"confidence_level":0.95,"lower_bound":23225.30332009771,"upper_bound":23518.83540414759},"point_estimate":23361.324059438277,"standard_error":75.10181974153927},"Median":{"confidence_interval":{"confidence_level":0.95,"lower_bound":23024.296810162105,"upper_bound":23278.99112781955},"point_estimate":23093.581369617226,"standard_error":62.62176262814423},"MedianAbsDev":{"confidence_interval":{"confidence_level":0.95,"lower_bound":201.7670063773842,"upper_bound":408.66477122116146},"point_estimate":299.6669634559747,"standard_error":48.866951481329},"Slope":{"confidence_interval":{"confidence_level":0.95,"lower_bound":23082.428047925492,"upper_bound":23544.007534773165},"point_estimate":23286.516583963974,"standard_error":118.31971186274122},"StdDev":{"confidence_interval":{"confidence_level":0.95,"lower_bound":480.7588066652188,"upper_bound":973.05403900723},"point_estimate":751.6176576704595,"standard_error":125.39118753376545}}