{"Mean":{"confidence_interval":{"confidence_level":0.95,"lower_bound":3253.825205411183,"upper_bound":3255.469823006553},"point_estimate":3254.5667496558685,"standard_error":0.4240416080778276},"Median":{"confidence_interval":{"confidence_level":0.95,"lower_bound":3253.344480874317,"upper_bound":3253.422892271663},"point_estimate":3253.3906028845295,"standard_error":0.019743604479313073},"MedianAbsDev":{"confidence_interval":{"confidence_level":0.95,"lower_bound":0.14320120759198407,"upper_bound":0.2903174616905413},"point_estimate":0.22250479087001776,"standard_error":0.04146987579692336},"Slope":{"confidence_interval":{"confidence_level":0.95,"lower_bound":3253.634894841343,"upper_bound":3255.6903207475298},"point_estimate":3254.483548580745,"standard_error":0.5387420375362423},"StdDev":{"confidence_interval":{"confidence_level":0.95,"lower_bound":1.8237659624107296,"upper_bound":5.993055287489273},"point_estimate":4.2886941974253086,"standard_error":1.0154040409990661}}