{"Mean":{"confidence_interval":{"confidence_level":0.95,"lower_bound":832777.042762163,"upper_bound":833084.3857938747},"point_estimate":832923.7327181931,"standard_error":78.32554146792953},"Median":{"confidence_interval":{"confidence_level":0.95,"lower_bound":832672.2042575651,"upper_bound":832888.7},"point_estimate":832774.2847324046,"standard_error":56.308626795330724},"MedianAbsDev":{"confidence_interval":{"confidence_level":0.95,"lower_bound":375.3662045286097,"upper_bound":625.643111030339},"point_estimate":517.3120774825107,"standard_error":61.917665529742635},"Slope":{"confidence_interval":{"confidence_level":0.95,"lower_bound":832918.8381479024,"upper_bound":833335.7433220701},"point_estimate":833104.411470371,"standard_error":107.2958394229007},"StdDev":{"confidence_interval":{"confidence_level":0.95,"lower_bound":548.1661799235816,"upper_bound":1005.0154231035116},"point_estimate":788.0006427039408,"standard_error":117.26734267622926}}