{"Mean":{"confidence_interval":{"confidence_level":0.95,"lower_bound":1903383.1772320482,"upper_bound":2225609.9281473327},"point_estimate":2013182.4908144407,"standard_error":102933.5380307954},"Median":{"confidence_interval":{"confidence_level":0.95,"lower_bound":1892200.111111111,"upper_bound":1895946.6710875332},"point_estimate":1893858.9756052825,"standard_error":1030.5186608012634},"MedianAbsDev":{"confidence_interval":{"confidence_level":0.95,"lower_bound":3819.3118027486616,"upper_bound":8533.539829221705},"point_estimate":5572.254538488347,"standard_error":1210.36986547631},"Slope":{"confidence_interval":{"confidence_level":0.95,"lower_bound":1896468.0020884392,"upper_bound":1913044.359611094},"point_estimate":1903682.0156110537,"standard_error":4266.53466506553},"StdDev":{"confidence_interval":{"confidence_level":0.95,"lower_bound":31010.562535622572,"upper_bound":1776607.155985639},"point_estimate":1036451.802770701,"standard_error":631243.9603924343}}