{"Mean":{"confidence_interval":{"confidence_level":0.95,"lower_bound":39049627.3462717,"upper_bound":39107975.50182615},"point_estimate":39078249.90732494,"standard_error":14864.460312971953},"Median":{"confidence_interval":{"confidence_level":0.95,"lower_bound":39038091.5875,"upper_bound":39080501.5882353},"point_estimate":39058753.92613636,"standard_error":11927.039533867975},"MedianAbsDev":{"confidence_interval":{"confidence_level":0.95,"lower_bound":77575.57978985137,"upper_bound":138827.75449884526},"point_estimate":103686.37247360061,"standard_error":15372.577978684327},"Slope":{"confidence_interval":{"confidence_level":0.95,"lower_bound":39039996.759251036,"upper_bound":39086275.68560133},"point_estimate":39062190.34904684,"standard_error":11741.911230761913},"StdDev":{"confidence_interval":{"confidence_level":0.95,"lower_bound":120742.31714998712,"upper_bound":174881.96012095994},"point_estimate":149406.3333297428,"standard_error":13828.858024350537}}