{"Mean":{"confidence_interval":{"confidence_level":0.95,"lower_bound":92673.03055695475,"upper_bound":92737.20597410943},"point_estimate":92702.12599020003,"standard_error":16.46852031100114},"Median":{"confidence_interval":{"confidence_level":0.95,"lower_bound":92639.37062937062,"upper_bound":92649.19733924612},"point_estimate":92645.03062593145,"standard_error":2.7970976138220296},"MedianAbsDev":{"confidence_interval":{"confidence_level":0.95,"lower_bound":13.701045670228648,"upper_bound":28.408573205478863},"point_estimate":20.240691063473548,"standard_error":3.9045870713334647},"Slope":{"confidence_interval":{"confidence_level":0.95,"lower_bound":92640.94355949426,"upper_bound":92703.66975337036},"point_estimate":92666.04978438142,"standard_error":16.62434496109034},"StdDev":{"confidence_interval":{"confidence_level":0.95,"lower_bound":91.9067065195549,"upper_bound":227.10736535249097},"point_estimate":165.36286947690635,"standard_error":34.770135731460286}}