{"Mean":{"confidence_interval":{"confidence_level":0.95,"lower_bound":48141.00842232957,"upper_bound":48702.79897734233},"point_estimate":48380.11624584772,"standard_error":146.09682359886662},"Median":{"confidence_interval":{"confidence_level":0.95,"lower_bound":48047.04038036267,"upper_bound":48190.30839002268},"point_estimate":48110.151507936505,"standard_error":35.19678521375804},"MedianAbsDev":{"confidence_interval":{"confidence_level":0.95,"lower_bound":243.91935596200406,"upper_bound":468.36269385880945},"point_estimate":344.6165738760159,"standard_error":57.91690414735859},"Slope":{"confidence_interval":{"confidence_level":0.95,"lower_bound":48050.43787452984,"upper_bound":48420.922081143995},"point_estimate":48192.14733447332,"standard_error":97.84113160859351},"StdDev":{"confidence_interval":{"confidence_level":0.95,"lower_bound":466.2943264974522,"upper_bound":2296.136356800525},"point_estimate":1470.4166430153907,"standard_error":494.17259131592755}}