{"Mean":{"confidence_interval":{"confidence_level":0.95,"lower_bound":16835.94424071776,"upper_bound":16986.154925127277},"point_estimate":16893.865633661844,"standard_error":39.906279860632466},"Median":{"confidence_interval":{"confidence_level":0.95,"lower_bound":16806.766794051808,"upper_bound":16825.619577214125},"point_estimate":16815.392651273232,"standard_error":4.957193000528584},"MedianAbsDev":{"confidence_interval":{"confidence_level":0.95,"lower_bound":22.81654747110781,"upper_bound":50.6014881726802},"point_estimate":36.411637178553335,"standard_error":6.828991041618828},"Slope":{"confidence_interval":{"confidence_level":0.95,"lower_bound":16816.10831964708,"upper_bound":16939.540283452545},"point_estimate":16860.072015338646,"standard_error":33.8622425218357},"StdDev":{"confidence_interval":{"confidence_level":0.95,"lower_bound":89.70448729338844,"upper_bound":660.4061455129456},"point_estimate":400.0425855415444,"standard_error":180.16601382982205}}