{"Mean":{"confidence_interval":{"confidence_level":0.95,"lower_bound":1138.324256941075,"upper_bound":1138.9173935705683},"point_estimate":1138.582712746397,"standard_error":0.15266943480718526},"Median":{"confidence_interval":{"confidence_level":0.95,"lower_bound":1138.1049111807733,"upper_bound":1138.3130689655172},"point_estimate":1138.1910502811365,"standard_error":0.04735010570774965},"MedianAbsDev":{"confidence_interval":{"confidence_level":0.95,"lower_bound":0.15166126163014798,"upper_bound":0.3297060620781165},"point_estimate":0.2612910011083757,"standard_error":0.04646306984515366},"Slope":{"confidence_interval":{"confidence_level":0.95,"lower_bound":1138.2679623168315,"upper_bound":1138.943365252234},"point_estimate":1138.5426877969321,"standard_error":0.17580870929842946},"StdDev":{"confidence_interval":{"confidence_level":0.95,"lower_bound":0.5699466086730786,"upper_bound":2.2541195581992106},"point_estimate":1.534471466760629,"standard_error":0.43686378493830436}}