{"Mean":{"confidence_interval":{"confidence_level":0.95,"lower_bound":51761.06205172721,"upper_bound":51908.76380474683},"point_estimate":51837.108043292705,"standard_error":37.77019044168818},"Median":{"confidence_interval":{"confidence_level":0.95,"lower_bound":51818.15,"upper_bound":52025.93336842106},"point_estimate":51932.713141202425,"standard_error":57.58818507328834},"MedianAbsDev":{"confidence_interval":{"confidence_level":0.95,"lower_bound":230.17470069865712,"upper_bound":387.3665845535664},"point_estimate":287.9228639391491,"standard_error":41.100072102821386},"Slope":{"confidence_interval":{"confidence_level":0.95,"lower_bound":51960.585641776735,"upper_bound":52049.230373203674},"point_estimate":52006.31614363824,"standard_error":22.541321973819535},"StdDev":{"confidence_interval":{"confidence_level":0.95,"lower_bound":299.5875931385374,"upper_bound":454.66695515337403},"point_estimate":381.6021806053919,"standard_error":39.787355830484245}}