{"Mean":{"confidence_interval":{"confidence_level":0.95,"lower_bound":63996.49282984704,"upper_bound":64060.019108536064},"point_estimate":64027.36882289415,"standard_error":16.208666666759086},"Median":{"confidence_interval":{"confidence_level":0.95,"lower_bound":63896.91271551724,"upper_bound":64154.54841549296},"point_estimate":63919.04613095238,"standard_error":74.8119695660336},"MedianAbsDev":{"confidence_interval":{"confidence_level":0.95,"lower_bound":22.27114152777895,"upper_bound":259.4908274330957},"point_estimate":57.49674013535631,"standard_error":70.48745371686715},"Slope":{"confidence_interval":{"confidence_level":0.95,"lower_bound":64103.2693858758,"upper_bound":64157.43357916782},"point_estimate":64131.94911962465,"standard_error":13.778920830585655},"StdDev":{"confidence_interval":{"confidence_level":0.95,"lower_bound":137.29614431252247,"upper_bound":195.71869143237944},"point_estimate":162.80363222838815,"standard_error":16.4545497353564}}