{"Mean":{"confidence_interval":{"confidence_level":0.95,"lower_bound":4074.266934240214,"upper_bound":4082.61876887597},"point_estimate":4078.4813104962795,"standard_error":2.1296615594581643},"Median":{"confidence_interval":{"confidence_level":0.95,"lower_bound":4078.23829588015,"upper_bound":4086.362640449438},"point_estimate":4079.8107543499455,"standard_error":2.2945310227916917},"MedianAbsDev":{"confidence_interval":{"confidence_level":0.95,"lower_bound":10.103330819508024,"upper_bound":17.520866803426504},"point_estimate":14.689164126932203,"standard_error":2.023062711903214},"Slope":{"confidence_interval":{"confidence_level":0.95,"lower_bound":4073.9082308231045,"upper_bound":4081.8405236911826},"point_estimate":4078.042467305258,"standard_error":2.0248016163950915},"StdDev":{"confidence_interval":{"confidence_level":0.95,"lower_bound":15.989106880417909,"upper_bound":26.71868820458222},"point_estimate":21.447123684554214,"standard_error":2.74981659770077}}