{"Mean":{"confidence_interval":{"confidence_level":0.95,"lower_bound":107094.65739248806,"upper_bound":107172.72147840538},"point_estimate":107125.69207685924,"standard_error":20.55973085705638},"Median":{"confidence_interval":{"confidence_level":0.95,"lower_bound":107076.21544642857,"upper_bound":107084.25023387905},"point_estimate":107079.91174291939,"standard_error":2.364856102657988},"MedianAbsDev":{"confidence_interval":{"confidence_level":0.95,"lower_bound":11.857655883238532,"upper_bound":22.08271761980611},"point_estimate":16.036225424434537,"standard_error":2.6703745252297115},"Slope":{"confidence_interval":{"confidence_level":0.95,"lower_bound":107091.27320054657,"upper_bound":107148.38284838772},"point_estimate":107116.03692891976,"standard_error":14.75580810102323},"StdDev":{"confidence_interval":{"confidence_level":0.95,"lower_bound":57.41004191291579,"upper_bound":336.7742631051086},"point_estimate":206.70796133221336,"standard_error":86.82847589997026}}