{"Mean":{"confidence_interval":{"confidence_level":0.95,"lower_bound":13483.265452840998,"upper_bound":13484.216704240363},"point_estimate":13483.717912727216,"standard_error":0.2423778969834183},"Median":{"confidence_interval":{"confidence_level":0.95,"lower_bound":13483.07072237679,"upper_bound":13483.954678100026},"point_estimate":13483.552649034576,"standard_error":0.19953203937605976},"MedianAbsDev":{"confidence_interval":{"confidence_level":0.95,"lower_bound":1.3840313470950378,"upper_bound":2.1594347994412044},"point_estimate":1.7873475221379576,"standard_error":0.20307611916261092},"Slope":{"confidence_interval":{"confidence_level":0.95,"lower_bound":13482.969017707394,"upper_bound":13483.677154165685},"point_estimate":13483.323609128562,"standard_error":0.1796711581475703},"StdDev":{"confidence_interval":{"confidence_level":0.95,"lower_bound":1.707396714164744,"upper_bound":3.2528618417460504},"point_estimate":2.430495450613457,"standard_error":0.42002344536931185}}