{"Mean":{"confidence_interval":{"confidence_level":0.95,"lower_bound":124844.83990829391,"upper_bound":128764.45853087313},"point_estimate":126521.319176137,"standard_error":1012.4424800989734},"Median":{"confidence_interval":{"confidence_level":0.95,"lower_bound":123569.03483606558,"upper_bound":123765.89363134356},"point_estimate":123635.62770639797,"standard_error":53.963228245386496},"MedianAbsDev":{"confidence_interval":{"confidence_level":0.95,"lower_bound":241.05595169429418,"upper_bound":519.1042233753766},"point_estimate":386.3681616689434,"standard_error":74.91165061660674},"Slope":{"confidence_interval":{"confidence_level":0.95,"lower_bound":123688.37318567758,"upper_bound":125392.42396870606},"point_estimate":124344.10789493128,"standard_error":459.5798602093419},"StdDev":{"confidence_interval":{"confidence_level":0.95,"lower_bound":4104.152433214461,"upper_bound":15714.00299675866},"point_estimate":10180.326799716166,"standard_error":3300.1236982393652}}