{"Mean":{"confidence_interval":{"confidence_level":0.95,"lower_bound":29490.123365893018,"upper_bound":29884.6041142624},"point_estimate":29624.63102766853,"standard_error":126.42616882554665},"Median":{"confidence_interval":{"confidence_level":0.95,"lower_bound":29498.85953346856,"upper_bound":29508.113172541744},"point_estimate":29503.406980016887,"standard_error":2.3859277900717726},"MedianAbsDev":{"confidence_interval":{"confidence_level":0.95,"lower_bound":12.198084240960178,"upper_bound":19.757383693353873},"point_estimate":14.818731261916371,"standard_error":1.958147633898372},"Slope":{"confidence_interval":{"confidence_level":0.95,"lower_bound":29500.448524079835,"upper_bound":29509.94320656673},"point_estimate":29504.721912655707,"standard_error":2.4291399429928955},"StdDev":{"confidence_interval":{"confidence_level":0.95,"lower_bound":38.21083218884185,"upper_bound":2182.9074646918566},"point_estimate":1273.223389831574,"standard_error":778.7929049196582}}