{"Mean":{"confidence_interval":{"confidence_level":0.95,"lower_bound":29484.208193806073,"upper_bound":29842.748243069334},"point_estimate":29605.3255435953,"standard_error":115.63659521684032},"Median":{"confidence_interval":{"confidence_level":0.95,"lower_bound":29479.643029814666,"upper_bound":29483.34987979866},"point_estimate":29481.76859350159,"standard_error":0.850394495460036},"MedianAbsDev":{"confidence_interval":{"confidence_level":0.95,"lower_bound":6.994262277790014,"upper_bound":14.777256967558312},"point_estimate":10.227728559391561,"standard_error":1.9134615437042017},"Slope":{"confidence_interval":{"confidence_level":0.95,"lower_bound":29476.58356952315,"upper_bound":29486.83347214381},"point_estimate":29480.870467754412,"standard_error":2.6605863447565654},"StdDev":{"confidence_interval":{"confidence_level":0.95,"lower_bound":19.417144268225424,"upper_bound":2008.609632209175},"point_estimate":1171.5188378267633,"standard_error":720.347751087935}}