{"Mean":{"confidence_interval":{"confidence_level":0.95,"lower_bound":3183.5336616024542,"upper_bound":3184.382134088896},"point_estimate":3183.917230186222,"standard_error":0.2169275093878816},"Median":{"confidence_interval":{"confidence_level":0.95,"lower_bound":3183.1916031235646,"upper_bound":3183.5756079887688},"point_estimate":3183.3461553729503,"standard_error":0.08886752266234275},"MedianAbsDev":{"confidence_interval":{"confidence_level":0.95,"lower_bound":0.6241557753475476,"upper_bound":1.1505345253939439},"point_estimate":0.8545302944628533,"standard_error":0.13266587179070488},"Slope":{"confidence_interval":{"confidence_level":0.95,"lower_bound":3183.592627222404,"upper_bound":3184.564451415746},"point_estimate":3184.0296631420592,"standard_error":0.24971114012580758},"StdDev":{"confidence_interval":{"confidence_level":0.95,"lower_bound":1.2332167553638504,"upper_bound":3.024417595996974},"point_estimate":2.1822810635717094,"standard_error":0.46162871056285704}}