{"Mean":{"confidence_interval":{"confidence_level":0.95,"lower_bound":487.6424946661042,"upper_bound":487.87416309985974},"point_estimate":487.7426894882982,"standard_error":0.0598578509752107},"Median":{"confidence_interval":{"confidence_level":0.95,"lower_bound":487.5725663628567,"upper_bound":487.60298381421535},"point_estimate":487.5863281369519,"standard_error":0.0074637395130296115},"MedianAbsDev":{"confidence_interval":{"confidence_level":0.95,"lower_bound":0.04853581681255538,"upper_bound":0.08174618422505324},"point_estimate":0.06334107126740324,"standard_error":0.008515186536520926},"Slope":{"confidence_interval":{"confidence_level":0.95,"lower_bound":487.59485049097157,"upper_bound":487.98309038617634},"point_estimate":487.74227102549975,"standard_error":0.10404962609029397},"StdDev":{"confidence_interval":{"confidence_level":0.95,"lower_bound":0.2288400789183488,"upper_bound":0.9201422157612094},"point_estimate":0.6019896017730159,"standard_error":0.18424361520625596}}