{"Mean":{"confidence_interval":{"confidence_level":0.95,"lower_bound":62759.751504716085,"upper_bound":63578.57751736131},"point_estimate":63096.095663524095,"standard_error":213.81715160094336},"Median":{"confidence_interval":{"confidence_level":0.95,"lower_bound":62628.64799751331,"upper_bound":62711.79605263158},"point_estimate":62642.96038251366,"standard_error":19.61801820841188},"MedianAbsDev":{"confidence_interval":{"confidence_level":0.95,"lower_bound":94.29290426399702,"upper_bound":187.00343567524223},"point_estimate":131.1325440446977,"standard_error":21.99800068209332},"Slope":{"confidence_interval":{"confidence_level":0.95,"lower_bound":62644.55951753439,"upper_bound":63267.68936015424},"point_estimate":62882.26717821782,"standard_error":168.01548265626778},"StdDev":{"confidence_interval":{"confidence_level":0.95,"lower_bound":419.9359968566013,"upper_bound":3444.0169077884043},"point_estimate":2155.504936020086,"standard_error":819.7714618002939}}