{"Mean":{"confidence_interval":{"confidence_level":0.95,"lower_bound":62719.879303090136,"upper_bound":64440.71310839798},"point_estimate":63400.81973183627,"standard_error":456.87610612359396},"Median":{"confidence_interval":{"confidence_level":0.95,"lower_bound":62361.64552238806,"upper_bound":62487.20416666667},"point_estimate":62420.16193181818,"standard_error":30.792448679363652},"MedianAbsDev":{"confidence_interval":{"confidence_level":0.95,"lower_bound":139.1823896725039,"upper_bound":293.65929651800855},"point_estimate":219.10600388920955,"standard_error":37.2338775553652},"Slope":{"confidence_interval":{"confidence_level":0.95,"lower_bound":62450.89777696091,"upper_bound":62950.56159494606},"point_estimate":62651.26325809074,"standard_error":130.24742809786815},"StdDev":{"confidence_interval":{"confidence_level":0.95,"lower_bound":1091.2974709138487,"upper_bound":7525.696610896058},"point_estimate":4593.36778731939,"standard_error":1979.3699097398996}}