{"Mean":{"confidence_interval":{"confidence_level":0.95,"lower_bound":40059.2780335614,"upper_bound":41289.05314290156},"point_estimate":40582.8679009994,"standard_error":318.8289107143181},"Median":{"confidence_interval":{"confidence_level":0.95,"lower_bound":39679.87619047619,"upper_bound":39737.11724137931},"point_estimate":39705.77277408638,"standard_error":13.754979553796767},"MedianAbsDev":{"confidence_interval":{"confidence_level":0.95,"lower_bound":78.47717388028576,"upper_bound":152.58307479886756},"point_estimate":115.01846284200592,"standard_error":19.899559520101175},"Slope":{"confidence_interval":{"confidence_level":0.95,"lower_bound":39702.05761242505,"upper_bound":39906.272318375464},"point_estimate":39784.87771928476,"standard_error":53.4310094070794},"StdDev":{"confidence_interval":{"confidence_level":0.95,"lower_bound":1226.8179616799687,"upper_bound":4986.1022845281395},"point_estimate":3206.299800773211,"standard_error":1077.7622161171}}