{"Mean":{"confidence_interval":{"confidence_level":0.95,"lower_bound":124213.09428201937,"upper_bound":124360.7299832971},"point_estimate":124270.65689840454,"standard_error":39.35124783639513},"Median":{"confidence_interval":{"confidence_level":0.95,"lower_bound":124193.40073529411,"upper_bound":124234.74375},"point_estimate":124212.44342105262,"standard_error":10.00972968576355},"MedianAbsDev":{"confidence_interval":{"confidence_level":0.95,"lower_bound":63.97352698924132,"upper_bound":109.73855082312059},"point_estimate":87.12338148348034,"standard_error":11.425146244750577},"Slope":{"confidence_interval":{"confidence_level":0.95,"lower_bound":124200.52386934594,"upper_bound":124299.98287595827},"point_estimate":124243.28357359243,"standard_error":25.67117999534031},"StdDev":{"confidence_interval":{"confidence_level":0.95,"lower_bound":108.40327490922904,"upper_bound":651.1892689282981},"point_estimate":395.25633275447115,"standard_error":177.27524452183778}}