{"Mean":{"confidence_interval":{"confidence_level":0.95,"lower_bound":105418.74530986151,"upper_bound":105868.82103401674},"point_estimate":105615.11493813954,"standard_error":115.71435413281635},"Median":{"confidence_interval":{"confidence_level":0.95,"lower_bound":105307.43529411765,"upper_bound":105431.57171717173},"point_estimate":105367.52730158731,"standard_error":29.468835549964464},"MedianAbsDev":{"confidence_interval":{"confidence_level":0.95,"lower_bound":169.67631961627274,"upper_bound":296.8758780307306},"point_estimate":223.7611898308625,"standard_error":31.76186663436612},"Slope":{"confidence_interval":{"confidence_level":0.95,"lower_bound":105289.6250687073,"upper_bound":105364.08794536421},"point_estimate":105324.92587911926,"standard_error":18.989338354371167},"StdDev":{"confidence_interval":{"confidence_level":0.95,"lower_bound":385.74722467308084,"upper_bound":1725.6740843621362},"point_estimate":1160.7923885044577,"standard_error":336.5679712802539}}