{"Mean":{"confidence_interval":{"confidence_level":0.95,"lower_bound":339503.98164656834,"upper_bound":340018.8007077192},"point_estimate":339726.69753703626,"standard_error":132.34794183935},"Median":{"confidence_interval":{"confidence_level":0.95,"lower_bound":339318.7948717949,"upper_bound":339538.7984496124},"point_estimate":339434.7331864564,"standard_error":55.91931775279385},"MedianAbsDev":{"confidence_interval":{"confidence_level":0.95,"lower_bound":353.5056143122349,"upper_bound":598.9136263880724},"point_estimate":489.0392174153913,"standard_error":63.22981623096621},"Slope":{"confidence_interval":{"confidence_level":0.95,"lower_bound":339266.6061038226,"upper_bound":339443.0142415004},"point_estimate":339349.7676961726,"standard_error":45.122913927779535},"StdDev":{"confidence_interval":{"confidence_level":0.95,"lower_bound":611.1951639321377,"upper_bound":2017.251050338012},"point_estimate":1326.2112819555286,"standard_error":407.0275881892076}}