{"Mean":{"confidence_interval":{"confidence_level":0.95,"lower_bound":3363.2548937070796,"upper_bound":3416.111173016595},"point_estimate":3383.3378565144403,"standard_error":14.228959538951592},"Median":{"confidence_interval":{"confidence_level":0.95,"lower_bound":3356.724887527149,"upper_bound":3359.8244862391984},"point_estimate":3358.0786115973015,"standard_error":0.7574441723080639},"MedianAbsDev":{"confidence_interval":{"confidence_level":0.95,"lower_bound":5.608064487913482,"upper_bound":10.746154468317737},"point_estimate":8.892955956452777,"standard_error":1.3706598270106776},"Slope":{"confidence_interval":{"confidence_level":0.95,"lower_bound":3357.590488098757,"upper_bound":3373.731481305263},"point_estimate":3363.7540169997847,"standard_error":4.24068382968719},"StdDev":{"confidence_interval":{"confidence_level":0.95,"lower_bound":25.231481046760383,"upper_bound":238.59902202392243},"point_estimate":143.26542230800794,"standard_error":67.48351063560435}}