{"Mean":{"confidence_interval":{"confidence_level":0.95,"lower_bound":3386.8217623045834,"upper_bound":3451.6109670613223},"point_estimate":3411.5154235804525,"standard_error":17.37774052490938},"Median":{"confidence_interval":{"confidence_level":0.95,"lower_bound":3376.7164302700867,"upper_bound":3380.341905318527},"point_estimate":3378.200279106858,"standard_error":1.0062410018718224},"MedianAbsDev":{"confidence_interval":{"confidence_level":0.95,"lower_bound":5.429795554071913,"upper_bound":11.257251899486779},"point_estimate":8.184907205441517,"standard_error":1.5414178868345612},"Slope":{"confidence_interval":{"confidence_level":0.95,"lower_bound":3381.57456845371,"upper_bound":3417.605320113614},"point_estimate":3395.0038746655932,"standard_error":9.789633540013188},"StdDev":{"confidence_interval":{"confidence_level":0.95,"lower_bound":33.14138020343093,"upper_bound":290.9477123763117},"point_estimate":175.0767002281217,"standard_error":81.54563498869459}}