{"Mean":{"confidence_interval":{"confidence_level":0.95,"lower_bound":1730700.5819597603,"upper_bound":1764639.3788403946},"point_estimate":1743600.7852497518,"standard_error":9201.394789140882},"Median":{"confidence_interval":{"confidence_level":0.95,"lower_bound":1724436.3896103897,"upper_bound":1726285.3010752688},"point_estimate":1725397.8862233446,"standard_error":483.1264321227101},"MedianAbsDev":{"confidence_interval":{"confidence_level":0.95,"lower_bound":2387.3409522893676,"upper_bound":4673.26523056081},"point_estimate":3416.6405868317565,"standard_error":568.390306380096},"Slope":{"confidence_interval":{"confidence_level":0.95,"lower_bound":1725482.639405119,"upper_bound":1734683.4310497586},"point_estimate":1728878.9913846608,"standard_error":2467.693706130733},"StdDev":{"confidence_interval":{"confidence_level":0.95,"lower_bound":19116.06514385777,"upper_bound":154556.51341312163},"point_estimate":92738.64348603194,"standard_error":44385.60470871038}}