{"Mean":{"confidence_interval":{"confidence_level":0.95,"lower_bound":3898786.774813303,"upper_bound":3921716.4814911415},"point_estimate":3910536.322875765,"standard_error":5854.458067120662},"Median":{"confidence_interval":{"confidence_level":0.95,"lower_bound":3913663.3624899355,"upper_bound":3921915.44},"point_estimate":3918783.9375,"standard_error":2385.0957969113},"MedianAbsDev":{"confidence_interval":{"confidence_level":0.95,"lower_bound":16231.589682470041,"upper_bound":35773.43396659548},"point_estimate":22009.410307168673,"standard_error":5120.0525549121585},"Slope":{"confidence_interval":{"confidence_level":0.95,"lower_bound":3887123.652509497,"upper_bound":3925546.1597628985},"point_estimate":3907041.0331668393,"standard_error":9832.42319382058},"StdDev":{"confidence_interval":{"confidence_level":0.95,"lower_bound":45857.162194308105,"upper_bound":70489.40330390098},"point_estimate":59043.99772292975,"standard_error":6286.165432277785}}