{"Mean":{"confidence_interval":{"confidence_level":0.95,"lower_bound":6110.129593944909,"upper_bound":6115.079099484881},"point_estimate":6112.587209603646,"standard_error":1.263577265898342},"Median":{"confidence_interval":{"confidence_level":0.95,"lower_bound":6101.090869939707,"upper_bound":6120.891139403292},"point_estimate":6110.8413065843615,"standard_error":6.268848960532331},"MedianAbsDev":{"confidence_interval":{"confidence_level":0.95,"lower_bound":6.042206730015768,"upper_bound":19.343377814480796},"point_estimate":16.072441478461933,"standard_error":3.72859264720603},"Slope":{"confidence_interval":{"confidence_level":0.95,"lower_bound":6109.12364140917,"upper_bound":6115.284740119513},"point_estimate":6112.209543445223,"standard_error":1.5748574196765324},"StdDev":{"confidence_interval":{"confidence_level":0.95,"lower_bound":11.404516110783975,"upper_bound":14.091922188535682},"point_estimate":12.716183388842836,"standard_error":0.6955203373341169}}