{"Mean":{"confidence_interval":{"confidence_level":0.95,"lower_bound":3265.5211886269635,"upper_bound":3291.5224622117844},"point_estimate":3276.6582886270644,"standard_error":6.716054257444743},"Median":{"confidence_interval":{"confidence_level":0.95,"lower_bound":3260.636865342163,"upper_bound":3263.8171029983932},"point_estimate":3262.030256992549,"standard_error":0.7278578593163542},"MedianAbsDev":{"confidence_interval":{"confidence_level":0.95,"lower_bound":5.019352679386283,"upper_bound":9.799341851362025},"point_estimate":6.790587291772193,"standard_error":1.2092434123890352},"Slope":{"confidence_interval":{"confidence_level":0.95,"lower_bound":3262.265120753897,"upper_bound":3279.288106915212},"point_estimate":3268.7019458180866,"standard_error":4.527306254675028},"StdDev":{"confidence_interval":{"confidence_level":0.95,"lower_bound":17.385582462913487,"upper_bound":101.34743661515498},"point_estimate":67.50959182822106,"standard_error":21.657474342984315}}