{"Mean":{"confidence_interval":{"confidence_level":0.95,"lower_bound":394786.7605172337,"upper_bound":395125.1986879527},"point_estimate":394931.106837642,"standard_error":87.26164107752106},"Median":{"confidence_interval":{"confidence_level":0.95,"lower_bound":394693.8992248062,"upper_bound":394741.1816847335},"point_estimate":394721.68754925136,"standard_error":13.383634865487066},"MedianAbsDev":{"confidence_interval":{"confidence_level":0.95,"lower_bound":63.093379706928694,"upper_bound":118.50353042173153},"point_estimate":91.74602547017443,"standard_error":14.289848411733017},"Slope":{"confidence_interval":{"confidence_level":0.95,"lower_bound":394744.99598742457,"upper_bound":394867.46494451247},"point_estimate":394801.5791616177,"standard_error":31.37087274249357},"StdDev":{"confidence_interval":{"confidence_level":0.95,"lower_bound":254.40737118585193,"upper_bound":1324.9668398188771},"point_estimate":878.2004062974318,"standard_error":282.12729329910854}}