{"Mean":{"confidence_interval":{"confidence_level":0.95,"lower_bound":1111.915737123428,"upper_bound":1113.3942483220765},"point_estimate":1112.6125400905619,"standard_error":0.37847339465814556},"Median":{"confidence_interval":{"confidence_level":0.95,"lower_bound":1109.9081861958266,"upper_bound":1114.3488231815493},"point_estimate":1113.655390917603,"standard_error":1.1978293254776637},"MedianAbsDev":{"confidence_interval":{"confidence_level":0.95,"lower_bound":0.7044268238408373,"upper_bound":5.042139410444128},"point_estimate":3.149528147983459,"standard_error":1.1749854747597683},"Slope":{"confidence_interval":{"confidence_level":0.95,"lower_bound":1111.4213981809717,"upper_bound":1112.8501372490502},"point_estimate":1112.1282091644348,"standard_error":0.36458410650800865},"StdDev":{"confidence_interval":{"confidence_level":0.95,"lower_bound":2.56920068846097,"upper_bound":5.1140723031709},"point_estimate":3.8195060622139207,"standard_error":0.6769232468698314}}