{"Mean":{"confidence_interval":{"confidence_level":0.95,"lower_bound":28987.713829369386,"upper_bound":29009.754372986506},"point_estimate":28997.44037600883,"standard_error":5.662397887993604},"Median":{"confidence_interval":{"confidence_level":0.95,"lower_bound":28978.281792717087,"upper_bound":28981.685714285715},"point_estimate":28979.76010255079,"standard_error":0.9217268805068347},"MedianAbsDev":{"confidence_interval":{"confidence_level":0.95,"lower_bound":3.7474886182129783,"upper_bound":8.334226028506674},"point_estimate":5.696289779751038,"standard_error":1.219092216360651},"Slope":{"confidence_interval":{"confidence_level":0.95,"lower_bound":28978.44059112834,"upper_bound":28986.441801837802},"point_estimate":28981.971229538307,"standard_error":2.0694375814934367},"StdDev":{"confidence_interval":{"confidence_level":0.95,"lower_bound":24.670128674071073,"upper_bound":82.30477066739823},"point_estimate":56.76191741089149,"standard_error":14.84692724711184}}