{"Mean":{"confidence_interval":{"confidence_level":0.95,"lower_bound":51485.90318936739,"upper_bound":51498.72080304099},"point_estimate":51491.7016932009,"standard_error":3.29541620331682},"Median":{"confidence_interval":{"confidence_level":0.95,"lower_bound":51481.34206349206,"upper_bound":51482.408},"point_estimate":51481.57304421769,"standard_error":0.28660409760558325},"MedianAbsDev":{"confidence_interval":{"confidence_level":0.95,"lower_bound":1.613556934712817,"upper_bound":4.008565909648579},"point_estimate":2.569296877463153,"standard_error":0.5852476896392494},"Slope":{"confidence_interval":{"confidence_level":0.95,"lower_bound":51485.21973396777,"upper_bound":51501.00298497211},"point_estimate":51492.41808866558,"standard_error":4.06168283151562},"StdDev":{"confidence_interval":{"confidence_level":0.95,"lower_bound":18.12137788436936,"upper_bound":46.20347794339788},"point_estimate":33.19870056517852,"standard_error":7.248746841470096}}