{"Mean":{"confidence_interval":{"confidence_level":0.95,"lower_bound":10623.285804937555,"upper_bound":10727.304512300992},"point_estimate":10669.540090543345,"standard_error":26.801378810769336},"Median":{"confidence_interval":{"confidence_level":0.95,"lower_bound":10600.613219481342,"upper_bound":10621.695468509984},"point_estimate":10612.973594004561,"standard_error":5.798319082505193},"MedianAbsDev":{"confidence_interval":{"confidence_level":0.95,"lower_bound":28.9562107619745,"upper_bound":51.029849694720625},"point_estimate":38.40085875687643,"standard_error":5.730822255368196},"Slope":{"confidence_interval":{"confidence_level":0.95,"lower_bound":10617.682959991129,"upper_bound":10731.144987605225},"point_estimate":10663.797594207183,"standard_error":29.566518838674536},"StdDev":{"confidence_interval":{"confidence_level":0.95,"lower_bound":104.36747387916178,"upper_bound":380.2429207627761},"point_estimate":269.42751789932413,"standard_error":66.91298300733145}}