{"Mean":{"confidence_interval":{"confidence_level":0.95,"lower_bound":1925.264577091008,"upper_bound":1926.2286798095772},"point_estimate":1925.690936076437,"standard_error":0.2474087430302578},"Median":{"confidence_interval":{"confidence_level":0.95,"lower_bound":1924.8553603534185,"upper_bound":1925.1260748959778},"point_estimate":1924.9896294426558,"standard_error":0.07189555048112065},"MedianAbsDev":{"confidence_interval":{"confidence_level":0.95,"lower_bound":0.33098620910284043,"upper_bound":0.6953571800464845},"point_estimate":0.5118066586961878,"standard_error":0.09654664851865402},"Slope":{"confidence_interval":{"confidence_level":0.95,"lower_bound":1925.1249266045634,"upper_bound":1926.4300095543165},"point_estimate":1925.6716938827922,"standard_error":0.34051569514394914},"StdDev":{"confidence_interval":{"confidence_level":0.95,"lower_bound":1.1854568537955565,"upper_bound":3.607857027297886},"point_estimate":2.4780224450292168,"standard_error":0.6333269797731509}}