{"Mean":{"confidence_interval":{"confidence_level":0.95,"lower_bound":290841.1580057817,"upper_bound":291319.8527715592},"point_estimate":291029.6385785808,"standard_error":126.08771430001005},"Median":{"confidence_interval":{"confidence_level":0.95,"lower_bound":290770.0894926512,"upper_bound":290777.5757575758},"point_estimate":290773.85887096776,"standard_error":1.7257899631107683},"MedianAbsDev":{"confidence_interval":{"confidence_level":0.95,"lower_bound":9.862741221732003,"upper_bound":23.627397234490225},"point_estimate":18.298254263938766,"standard_error":3.5029206673620923},"Slope":{"confidence_interval":{"confidence_level":0.95,"lower_bound":290796.2657229905,"upper_bound":290872.0724397178},"point_estimate":290830.71463203785,"standard_error":19.41429332915194},"StdDev":{"confidence_interval":{"confidence_level":0.95,"lower_bound":223.85211797752908,"upper_bound":2070.36242134599},"point_estimate":1262.6876317698272,"standard_error":545.0945252983573}}