{"Mean":{"confidence_interval":{"confidence_level":0.95,"lower_bound":16284.82869424964,"upper_bound":16861.57241271827},"point_estimate":16529.43395528517,"standard_error":148.68076677630415},"Median":{"confidence_interval":{"confidence_level":0.95,"lower_bound":16101.856031946196,"upper_bound":16123.618479880775},"point_estimate":16111.781615925058,"standard_error":5.039779201302203},"MedianAbsDev":{"confidence_interval":{"confidence_level":0.95,"lower_bound":24.120421181314686,"upper_bound":53.816090582750896},"point_estimate":36.78000511267077,"standard_error":8.004710969059873},"Slope":{"confidence_interval":{"confidence_level":0.95,"lower_bound":16118.798253606672,"upper_bound":16212.68665433887},"point_estimate":16157.636930232784,"standard_error":24.483273205883208},"StdDev":{"confidence_interval":{"confidence_level":0.95,"lower_bound":606.47740605545,"upper_bound":2311.7419901845733},"point_estimate":1492.2788258747046,"standard_error":493.5491630163907}}