{"Mean":{"confidence_interval":{"confidence_level":0.95,"lower_bound":15587.38904746651,"upper_bound":15697.314378796242},"point_estimate":15635.306496774392,"standard_error":28.384145315265087},"Median":{"confidence_interval":{"confidence_level":0.95,"lower_bound":15552.296875,"upper_bound":15579.510174418605},"point_estimate":15561.085202991453,"standard_error":5.717735309910154},"MedianAbsDev":{"confidence_interval":{"confidence_level":0.95,"lower_bound":35.81878211502399,"upper_bound":57.43006538666291},"point_estimate":46.24667842528129,"standard_error":5.239036848260023},"Slope":{"confidence_interval":{"confidence_level":0.95,"lower_bound":15549.997624128295,"upper_bound":15710.081954542493},"point_estimate":15605.005007111718,"standard_error":45.24377865678887},"StdDev":{"confidence_interval":{"confidence_level":0.95,"lower_bound":120.59872697299085,"upper_bound":428.0664001331667},"point_estimate":284.1162964171778,"standard_error":81.87472367636485}}