{"Mean":{"confidence_interval":{"confidence_level":0.95,"lower_bound":10707047.884715354,"upper_bound":10728973.761113923},"point_estimate":10717762.986721994,"standard_error":5546.016349119731},"Median":{"confidence_interval":{"confidence_level":0.95,"lower_bound":10710101.475,"upper_bound":10734169.352941176},"point_estimate":10724888.271960784,"standard_error":6997.555185141286},"MedianAbsDev":{"confidence_interval":{"confidence_level":0.95,"lower_bound":31667.648190911397,"upper_bound":56157.275076391015},"point_estimate":46129.164742342335,"standard_error":6381.3011619613035},"Slope":{"confidence_interval":{"confidence_level":0.95,"lower_bound":10699159.634426566,"upper_bound":10719717.980758062},"point_estimate":10709741.54079208,"standard_error":5267.80014364544},"StdDev":{"confidence_interval":{"confidence_level":0.95,"lower_bound":42985.4124354098,"upper_bound":68898.44738538709},"point_estimate":55520.450223704334,"standard_error":6808.296920709978}}