{"Mean":{"confidence_interval":{"confidence_level":0.95,"lower_bound":18399.114321176487,"upper_bound":18408.34748922891},"point_estimate":18403.5812055733,"standard_error":2.3618498590642543},"Median":{"confidence_interval":{"confidence_level":0.95,"lower_bound":18387.744444444445,"upper_bound":18401.42839506173},"point_estimate":18392.2100006475,"standard_error":3.356890198253303},"MedianAbsDev":{"confidence_interval":{"confidence_level":0.95,"lower_bound":5.589210147685136,"upper_bound":23.840672477530497},"point_estimate":12.209843656797142,"standard_error":4.410378569753215},"Slope":{"confidence_interval":{"confidence_level":0.95,"lower_bound":18401.952048717107,"upper_bound":18412.757935779668},"point_estimate":18407.164530154507,"standard_error":2.7540081708775124},"StdDev":{"confidence_interval":{"confidence_level":0.95,"lower_bound":18.955097068087117,"upper_bound":28.2977314483578},"point_estimate":23.79504422506426,"standard_error":2.4048259040888555}}