{"Mean":{"confidence_interval":{"confidence_level":0.95,"lower_bound":22686.741173710052,"upper_bound":23758.915445611892},"point_estimate":23203.527609165678,"standard_error":274.0450494239772},"Median":{"confidence_interval":{"confidence_level":0.95,"lower_bound":21512.445833333335,"upper_bound":22277.86448863636},"point_estimate":21832.146231182796,"standard_error":247.6454720808257},"MedianAbsDev":{"confidence_interval":{"confidence_level":0.95,"lower_bound":844.8094464950161,"upper_bound":2143.3155555110425},"point_estimate":1298.7414756645346,"standard_error":369.84198707389476},"Slope":{"confidence_interval":{"confidence_level":0.95,"lower_bound":22453.639270878884,"upper_bound":24078.13619457952},"point_estimate":23221.626836116448,"standard_error":415.4621153264874},"StdDev":{"confidence_interval":{"confidence_level":0.95,"lower_bound":2296.5089481406853,"upper_bound":3133.0268581977466},"point_estimate":2746.4955431307553,"standard_error":213.34838713675066}}