{"Mean":{"confidence_interval":{"confidence_level":0.95,"lower_bound":308997.7610990572,"upper_bound":312714.51311119227},"point_estimate":310644.8549452656,"standard_error":958.8823063674047},"Median":{"confidence_interval":{"confidence_level":0.95,"lower_bound":307948.0991586539,"upper_bound":308394.23932533537},"point_estimate":308214.8185483871,"standard_error":126.11539461948045},"MedianAbsDev":{"confidence_interval":{"confidence_level":0.95,"lower_bound":540.9792414340736,"upper_bound":982.9696193777991},"point_estimate":745.7135898859476,"standard_error":107.55285200283394},"Slope":{"confidence_interval":{"confidence_level":0.95,"lower_bound":308124.9642074641,"upper_bound":309463.63186457835},"point_estimate":308686.00671937346,"standard_error":345.36597824715784},"StdDev":{"confidence_interval":{"confidence_level":0.95,"lower_bound":3884.2462342323206,"upper_bound":14024.851156112287},"point_estimate":9672.397925103234,"standard_error":2569.3921681495617}}