{"Mean":{"confidence_interval":{"confidence_level":0.95,"lower_bound":3553.4041986019406,"upper_bound":3554.8415152850207},"point_estimate":3554.0537660077716,"standard_error":0.36867959550365054},"Median":{"confidence_interval":{"confidence_level":0.95,"lower_bound":3552.850977756694,"upper_bound":3553.074393032647},"point_estimate":3553.0109135189778,"standard_error":0.050859605304927565},"MedianAbsDev":{"confidence_interval":{"confidence_level":0.95,"lower_bound":0.38911606836055307,"upper_bound":0.6881031080462494},"point_estimate":0.5356217715766775,"standard_error":0.07894592847122363},"Slope":{"confidence_interval":{"confidence_level":0.95,"lower_bound":3553.2469710881383,"upper_bound":3555.7436472512504},"point_estimate":3554.2684499148036,"standard_error":0.6533237971199589},"StdDev":{"confidence_interval":{"confidence_level":0.95,"lower_bound":2.0588684529630052,"upper_bound":5.182123303154941},"point_estimate":3.7065966644812915,"standard_error":0.8124534298715235}}