{"Mean":{"confidence_interval":{"confidence_level":0.95,"lower_bound":893.8535132668386,"upper_bound":894.6101912156076},"point_estimate":894.1890760056198,"standard_error":0.1943845826436435},"Median":{"confidence_interval":{"confidence_level":0.95,"lower_bound":893.6375017076715,"upper_bound":894.1397015232474},"point_estimate":893.7845784347192,"standard_error":0.12072934079029142},"MedianAbsDev":{"confidence_interval":{"confidence_level":0.95,"lower_bound":0.6207933501707257,"upper_bound":0.9763030545981636},"point_estimate":0.7573417491455589,"standard_error":0.08821734562109224},"Slope":{"confidence_interval":{"confidence_level":0.95,"lower_bound":893.8334773303978,"upper_bound":894.3783048565745},"point_estimate":894.0684009769024,"standard_error":0.1402506724678622},"StdDev":{"confidence_interval":{"confidence_level":0.95,"lower_bound":0.976776906566289,"upper_bound":2.8957783843045126},"point_estimate":1.9536108252314843,"standard_error":0.5281899074346399}}