{"Mean":{"confidence_interval":{"confidence_level":0.95,"lower_bound":2121.202299294767,"upper_bound":2124.286197202134},"point_estimate":2122.697914397789,"standard_error":0.7883761614178514},"Median":{"confidence_interval":{"confidence_level":0.95,"lower_bound":2115.6960949075783,"upper_bound":2127.6645763230345},"point_estimate":2121.111309865775,"standard_error":3.0877362088749045},"MedianAbsDev":{"confidence_interval":{"confidence_level":0.95,"lower_bound":0.6648882389506838,"upper_bound":10.935152821304504},"point_estimate":8.576230446026038,"standard_error":3.3651408697921847},"Slope":{"confidence_interval":{"confidence_level":0.95,"lower_bound":2120.7342628539095,"upper_bound":2124.332282758295},"point_estimate":2122.510278859904,"standard_error":0.9178563272506169},"StdDev":{"confidence_interval":{"confidence_level":0.95,"lower_bound":6.626597272300416,"upper_bound":9.61692740819865},"point_estimate":7.882284154207932,"standard_error":0.8889294118429143}}