{"Mean":{"confidence_interval":{"confidence_level":0.95,"lower_bound":153.79318695242262,"upper_bound":153.85171177871487},"point_estimate":153.8191214772515,"standard_error":0.01504814653333258},"Median":{"confidence_interval":{"confidence_level":0.95,"lower_bound":153.78014814814816,"upper_bound":153.8005622660168},"point_estimate":153.78624469547546,"standard_error":0.005333673571151801},"MedianAbsDev":{"confidence_interval":{"confidence_level":0.95,"lower_bound":0.030410364943242642,"upper_bound":0.05181879155325347},"point_estimate":0.046211210313040194,"standard_error":0.005684750900424996},"Slope":{"confidence_interval":{"confidence_level":0.95,"lower_bound":153.7894055629347,"upper_bound":153.8934312011473},"point_estimate":153.8324939304493,"standard_error":0.027098851771722502},"StdDev":{"confidence_interval":{"confidence_level":0.95,"lower_bound":0.07310152026438001,"upper_bound":0.2202837573528163},"point_estimate":0.15071263979515154,"standard_error":0.038608116578750594}}