{"Mean":{"confidence_interval":{"confidence_level":0.95,"lower_bound":782.715277708466,"upper_bound":782.994992485417},"point_estimate":782.8395838835042,"standard_error":0.07187690428209058},"Median":{"confidence_interval":{"confidence_level":0.95,"lower_bound":782.6385911332056,"upper_bound":782.7267681439745},"point_estimate":782.6866543697848,"standard_error":0.01921088530460581},"MedianAbsDev":{"confidence_interval":{"confidence_level":0.95,"lower_bound":0.10590433456364716,"upper_bound":0.170624570093343},"point_estimate":0.1430448074912039,"standard_error":0.01681694522526411},"Slope":{"confidence_interval":{"confidence_level":0.95,"lower_bound":782.7132543987385,"upper_bound":782.9683549309968},"point_estimate":782.8284362276592,"standard_error":0.06539887351158476},"StdDev":{"confidence_interval":{"confidence_level":0.95,"lower_bound":0.3489608571421442,"upper_bound":1.0523382339546004},"point_estimate":0.7211520182658078,"standard_error":0.18632818248810779}}