{"Mean":{"confidence_interval":{"confidence_level":0.95,"lower_bound":20443.81447905284,"upper_bound":20989.67238354747},"point_estimate":20657.199968374684,"standard_error":145.08227183426456},"Median":{"confidence_interval":{"confidence_level":0.95,"lower_bound":20357.650660264106,"upper_bound":20379.324555628704},"point_estimate":20369.58309210209,"standard_error":6.061400580320194},"MedianAbsDev":{"confidence_interval":{"confidence_level":0.95,"lower_bound":32.40023565997121,"upper_bound":64.96612050296088},"point_estimate":50.50557108136898,"standard_error":8.732774719170521},"Slope":{"confidence_interval":{"confidence_level":0.95,"lower_bound":20367.017210297487,"upper_bound":20673.58605654481},"point_estimate":20473.863253966578,"standard_error":85.47412978677232},"StdDev":{"confidence_interval":{"confidence_level":0.95,"lower_bound":293.1530128117832,"upper_bound":2392.9828715497692},"point_estimate":1453.1591507937785,"standard_error":642.0742583921201}}