{"Mean":{"confidence_interval":{"confidence_level":0.95,"lower_bound":6947.295416693225,"upper_bound":6952.285018143966},"point_estimate":6949.521468455256,"standard_error":1.2823845279224768},"Median":{"confidence_interval":{"confidence_level":0.95,"lower_bound":6944.903239617525,"upper_bound":6946.405823825297},"point_estimate":6945.5516837009145,"standard_error":0.39192504102765896},"MedianAbsDev":{"confidence_interval":{"confidence_level":0.95,"lower_bound":2.597378355893983,"upper_bound":4.743188162225962},"point_estimate":3.5192456498321345,"standard_error":0.5515227811922123},"Slope":{"confidence_interval":{"confidence_level":0.95,"lower_bound":6944.573375129237,"upper_bound":6947.16530623362},"point_estimate":6945.768509353806,"standard_error":0.6642558992291582},"StdDev":{"confidence_interval":{"confidence_level":0.95,"lower_bound":6.605780430000422,"upper_bound":18.757391321753165},"point_estimate":12.859045020163203,"standard_error":3.300543786389047}}