{"Mean":{"confidence_interval":{"confidence_level":0.95,"lower_bound":68709.98017740836,"upper_bound":72720.6788762475},"point_estimate":70221.59857211896,"standard_error":1095.1660776162548},"Median":{"confidence_interval":{"confidence_level":0.95,"lower_bound":67883.01111111112,"upper_bound":68006.78010521282},"point_estimate":67939.87065217391,"standard_error":40.55598747618567},"MedianAbsDev":{"confidence_interval":{"confidence_level":0.95,"lower_bound":160.18250521879142,"upper_bound":355.8716181431432},"point_estimate":246.83261775478726,"standard_error":59.04507600321294},"Slope":{"confidence_interval":{"confidence_level":0.95,"lower_bound":68022.43233550692,"upper_bound":68682.34615747536},"point_estimate":68282.29643919019,"standard_error":173.0807006263787},"StdDev":{"confidence_interval":{"confidence_level":0.95,"lower_bound":2094.75980671027,"upper_bound":18474.82007058274},"point_estimate":11038.464536384587,"standard_error":5405.271226116615}}