{"Mean":{"confidence_interval":{"confidence_level":0.95,"lower_bound":32011.805339227863,"upper_bound":32545.079230959167},"point_estimate":32240.213898849608,"standard_error":137.43824765577097},"Median":{"confidence_interval":{"confidence_level":0.95,"lower_bound":31792.39390353843,"upper_bound":31818.59681697613},"point_estimate":31804.576282051283,"standard_error":7.472752929551863},"MedianAbsDev":{"confidence_interval":{"confidence_level":0.95,"lower_bound":53.630083993452,"upper_bound":111.71958498302011},"point_estimate":80.27191445905243,"standard_error":14.199987269338386},"Slope":{"confidence_interval":{"confidence_level":0.95,"lower_bound":31873.646305847156,"upper_bound":32250.059312557885},"point_estimate":32044.124092681013,"standard_error":96.616697506951},"StdDev":{"confidence_interval":{"confidence_level":0.95,"lower_bound":631.3413494432303,"upper_bound":2124.1657271441645},"point_estimate":1385.308221071008,"standard_error":449.42716249470584}}