{"Mean":{"confidence_interval":{"confidence_level":0.95,"lower_bound":2514262.720628861,"upper_bound":2515186.0261410163},"point_estimate":2514731.12739514,"standard_error":234.34228670551866},"Median":{"confidence_interval":{"confidence_level":0.95,"lower_bound":2514271.5,"upper_bound":2514995.6825396824},"point_estimate":2514709.008045484,"standard_error":173.12239657727525},"MedianAbsDev":{"confidence_interval":{"confidence_level":0.95,"lower_bound":1294.0987006928945,"upper_bound":2128.749805640484},"point_estimate":1732.961219844278,"standard_error":221.14917059456707},"Slope":{"confidence_interval":{"confidence_level":0.95,"lower_bound":2514301.4105275925,"upper_bound":2514868.167430062},"point_estimate":2514587.8755371654,"standard_error":144.66438823081654},"StdDev":{"confidence_interval":{"confidence_level":0.95,"lower_bound":1789.9706461982178,"upper_bound":2904.2608315380844},"point_estimate":2356.2231719678416,"standard_error":286.57002289321366}}