{"Mean":{"confidence_interval":{"confidence_level":0.95,"lower_bound":2017.27928087445,"upper_bound":2019.242938213796},"point_estimate":2018.0591710596948,"standard_error":0.518133612372882},"Median":{"confidence_interval":{"confidence_level":0.95,"lower_bound":2016.9315948601663,"upper_bound":2016.974006444683},"point_estimate":2016.9469777121376,"standard_error":0.013231963561250962},"MedianAbsDev":{"confidence_interval":{"confidence_level":0.95,"lower_bound":0.057013639680039176,"upper_bound":0.13595386950908284},"point_estimate":0.08442335984574997,"standard_error":0.021126073890746565},"Slope":{"confidence_interval":{"confidence_level":0.95,"lower_bound":2017.1535505220327,"upper_bound":2018.6079989957757},"point_estimate":2017.7509493249052,"standard_error":0.379659330183457},"StdDev":{"confidence_interval":{"confidence_level":0.95,"lower_bound":1.1756506246935474,"upper_bound":8.535043370710042},"point_estimate":5.221180545729538,"standard_error":2.2109795869754016}}