{"Mean":{"confidence_interval":{"confidence_level":0.95,"lower_bound":2421111.4840161996,"upper_bound":2433581.545647537},"point_estimate":2426574.6844618786,"standard_error":3207.18474035981},"Median":{"confidence_interval":{"confidence_level":0.95,"lower_bound":2416045.933333333,"upper_bound":2418758.262121212},"point_estimate":2417384.216338259,"standard_error":665.8232879825338},"MedianAbsDev":{"confidence_interval":{"confidence_level":0.95,"lower_bound":3138.483966732499,"upper_bound":5777.9268424211095},"point_estimate":4013.429798792284,"standard_error":636.1702418607284},"Slope":{"confidence_interval":{"confidence_level":0.95,"lower_bound":2416583.0469284975,"upper_bound":2427314.7852905095},"point_estimate":2421132.075764741,"standard_error":2781.325461823045},"StdDev":{"confidence_interval":{"confidence_level":0.95,"lower_bound":15470.027596716876,"upper_bound":47840.66179280045},"point_estimate":32180.267273207177,"standard_error":8765.332247547749}}