{"Mean":{"confidence_interval":{"confidence_level":0.95,"lower_bound":21235.067490754733,"upper_bound":21244.780165909728},"point_estimate":21239.371793067698,"standard_error":2.508475035253498},"Median":{"confidence_interval":{"confidence_level":0.95,"lower_bound":21231.23989361702,"upper_bound":21232.485255692423},"point_estimate":21231.80666113991,"standard_error":0.279900606680413},"MedianAbsDev":{"confidence_interval":{"confidence_level":0.95,"lower_bound":1.9810593356074788,"upper_bound":3.59387758152616},"point_estimate":2.777909552654666,"standard_error":0.40442494175528915},"Slope":{"confidence_interval":{"confidence_level":0.95,"lower_bound":21233.015679204473,"upper_bound":21241.55280365469},"point_estimate":21236.890896748613,"standard_error":2.196060346766309},"StdDev":{"confidence_interval":{"confidence_level":0.95,"lower_bound":11.23813930882704,"upper_bound":37.32130329626162},"point_estimate":25.208969399046985,"standard_error":6.86205608948881}}