{"Mean":{"confidence_interval":{"confidence_level":0.95,"lower_bound":30102459.97089398,"upper_bound":30248689.694918904},"point_estimate":30166188.762333088,"standard_error":37696.648188063},"Median":{"confidence_interval":{"confidence_level":0.95,"lower_bound":30053850.484848484,"upper_bound":30119179.271466903},"point_estimate":30079185.59883721,"standard_error":16683.58834108652},"MedianAbsDev":{"confidence_interval":{"confidence_level":0.95,"lower_bound":95579.18675900999,"upper_bound":156980.497037138},"point_estimate":123310.60201789706,"standard_error":14519.776849807007},"Slope":{"confidence_interval":{"confidence_level":0.95,"lower_bound":30089923.552175175,"upper_bound":30133189.675767068},"point_estimate":30110750.867888283,"standard_error":11023.664671010636},"StdDev":{"confidence_interval":{"confidence_level":0.95,"lower_bound":139857.48782823113,"upper_bound":561292.3874127584},"point_estimate":378128.4970471981,"standard_error":110102.247724417}}