{"Mean":{"confidence_interval":{"confidence_level":0.95,"lower_bound":28989717.86022535,"upper_bound":29054097.337672178},"point_estimate":29018031.709282417,"standard_error":16523.87545598351},"Median":{"confidence_interval":{"confidence_level":0.95,"lower_bound":28945439.233766235,"upper_bound":28968094.484126985},"point_estimate":28953714.16026827,"standard_error":6239.370914619088},"MedianAbsDev":{"confidence_interval":{"confidence_level":0.95,"lower_bound":21531.230304103283,"upper_bound":55572.465131587145},"point_estimate":32102.284728196253,"standard_error":9393.575812478926},"Slope":{"confidence_interval":{"confidence_level":0.95,"lower_bound":28979763.435440913,"upper_bound":29018142.239907797},"point_estimate":28998085.526738584,"standard_error":9777.856291876633},"StdDev":{"confidence_interval":{"confidence_level":0.95,"lower_bound":88011.69018131302,"upper_bound":246026.00807582084},"point_estimate":165764.01791482707,"standard_error":46892.07209270828}}