{"Mean":{"confidence_interval":{"confidence_level":0.95,"lower_bound":513339.22575352347,"upper_bound":513757.7532509706},"point_estimate":513521.0377542851,"standard_error":108.04710955953443},"Median":{"confidence_interval":{"confidence_level":0.95,"lower_bound":513297.0118740598,"upper_bound":513505.73387096776},"point_estimate":513364.8736842105,"standard_error":52.35078443484686},"MedianAbsDev":{"confidence_interval":{"confidence_level":0.95,"lower_bound":352.19320098138246,"upper_bound":611.6209277300908},"point_estimate":471.67934805461795,"standard_error":65.46433525308636},"Slope":{"confidence_interval":{"confidence_level":0.95,"lower_bound":513298.45463616494,"upper_bound":513517.81920977245},"point_estimate":513407.7042012709,"standard_error":55.74325170664129},"StdDev":{"confidence_interval":{"confidence_level":0.95,"lower_bound":522.8692313225179,"upper_bound":1662.2003246181614},"point_estimate":1084.3613539174771,"standard_error":345.0615578550739}}