{"Mean":{"confidence_interval":{"confidence_level":0.95,"lower_bound":562.6742742772551,"upper_bound":563.0604976990143},"point_estimate":562.8230285785744,"standard_error":0.10319502109431385},"Median":{"confidence_interval":{"confidence_level":0.95,"lower_bound":562.5724239517012,"upper_bound":562.6577982449598},"point_estimate":562.6119473409649,"standard_error":0.026050851034854303},"MedianAbsDev":{"confidence_interval":{"confidence_level":0.95,"lower_bound":0.07742626831198998,"upper_bound":0.16236624032639074},"point_estimate":0.10851684520034699,"standard_error":0.022806257982895293},"Slope":{"confidence_interval":{"confidence_level":0.95,"lower_bound":562.6516579690739,"upper_bound":562.8161277514821},"point_estimate":562.7255746909526,"standard_error":0.042233562766076295},"StdDev":{"confidence_interval":{"confidence_level":0.95,"lower_bound":0.27101881399716965,"upper_bound":1.7088724559009343},"point_estimate":1.0353102942077825,"standard_error":0.47410108134077905}}