{"Mean":{"confidence_interval":{"confidence_level":0.95,"lower_bound":8727.321509318439,"upper_bound":8728.691018749134},"point_estimate":8727.971119962278,"standard_error":0.3508501466597445},"Median":{"confidence_interval":{"confidence_level":0.95,"lower_bound":8726.564116621681,"upper_bound":8727.113024285452},"point_estimate":8726.83782249742,"standard_error":0.1451368658635727},"MedianAbsDev":{"confidence_interval":{"confidence_level":0.95,"lower_bound":1.1460609962756942,"upper_bound":1.9737098135314113},"point_estimate":1.487608757373376,"standard_error":0.21167154637852842},"Slope":{"confidence_interval":{"confidence_level":0.95,"lower_bound":8725.886242544484,"upper_bound":8726.35465953988},"point_estimate":8726.115361338176,"standard_error":0.11959516271926686},"StdDev":{"confidence_interval":{"confidence_level":0.95,"lower_bound":2.5485878321278426,"upper_bound":4.367743310194571},"point_estimate":3.521104710186497,"standard_error":0.46610830852061985}}