{"Mean":{"confidence_interval":{"confidence_level":0.95,"lower_bound":64.7562686649749,"upper_bound":64.82305994401274},"point_estimate":64.78521604952695,"standard_error":0.01722107404222349},"Median":{"confidence_interval":{"confidence_level":0.95,"lower_bound":64.73678783960705,"upper_bound":64.74784129378543},"point_estimate":64.74149424135553,"standard_error":0.003334763296710823},"MedianAbsDev":{"confidence_interval":{"confidence_level":0.95,"lower_bound":0.01927980287647342,"upper_bound":0.034090307135571846},"point_estimate":0.024146079125510863,"standard_error":0.0037473333373735313},"Slope":{"confidence_interval":{"confidence_level":0.95,"lower_bound":64.7451998009541,"upper_bound":64.77715197139295},"point_estimate":64.75932106523945,"standard_error":0.008151884752132839},"StdDev":{"confidence_interval":{"confidence_level":0.95,"lower_bound":0.06251540751333083,"upper_bound":0.25587215001678615},"point_estimate":0.17315263818449153,"standard_error":0.05108367392414221}}