{"Mean":{"confidence_interval":{"confidence_level":0.95,"lower_bound":40326.936111339026,"upper_bound":40534.2486769761},"point_estimate":40417.41100646137,"standard_error":53.276030094735205},"Median":{"confidence_interval":{"confidence_level":0.95,"lower_bound":40259.22903074986,"upper_bound":40297.327971428575},"point_estimate":40274.6493314633,"standard_error":11.291018751969863},"MedianAbsDev":{"confidence_interval":{"confidence_level":0.95,"lower_bound":56.293193844879994,"upper_bound":109.40439935866395},"point_estimate":77.98281464216748,"standard_error":13.428145620802235},"Slope":{"confidence_interval":{"confidence_level":0.95,"lower_bound":40272.102159296745,"upper_bound":40600.99256876824},"point_estimate":40411.20473095906,"standard_error":85.38699851250374},"StdDev":{"confidence_interval":{"confidence_level":0.95,"lower_bound":230.71514438471078,"upper_bound":811.739207948527},"point_estimate":536.2949735237784,"standard_error":157.35617006527943}}