{"Mean":{"confidence_interval":{"confidence_level":0.95,"lower_bound":19577190.659754816,"upper_bound":19619254.985334907},"point_estimate":19597213.791706108,"standard_error":10735.497696343742},"Median":{"confidence_interval":{"confidence_level":0.95,"lower_bound":19560265.8627451,"upper_bound":19578762.63157895},"point_estimate":19569568.868589744,"standard_error":4150.213408104662},"MedianAbsDev":{"confidence_interval":{"confidence_level":0.95,"lower_bound":30849.2240204286,"upper_bound":56793.57143828956},"point_estimate":44845.23875165457,"standard_error":6229.917273961676},"Slope":{"confidence_interval":{"confidence_level":0.95,"lower_bound":19571034.594235938,"upper_bound":19600041.861960277},"point_estimate":19584628.368712872,"standard_error":7415.6608205236},"StdDev":{"confidence_interval":{"confidence_level":0.95,"lower_bound":75283.16301951415,"upper_bound":137802.55997408112},"point_estimate":108277.39206719065,"standard_error":16068.859887361856}}