{"Mean":{"confidence_interval":{"confidence_level":0.95,"lower_bound":19603462.03864597,"upper_bound":19662071.77397902},"point_estimate":19632037.44726601,"standard_error":14881.063082894221},"Median":{"confidence_interval":{"confidence_level":0.95,"lower_bound":19577455.773214288,"upper_bound":19619420.835785955},"point_estimate":19595522.75320197,"standard_error":10054.284623320487},"MedianAbsDev":{"confidence_interval":{"confidence_level":0.95,"lower_bound":60273.47189009859,"upper_bound":109838.71513184288},"point_estimate":81345.28712868082,"standard_error":12830.646527088024},"Slope":{"confidence_interval":{"confidence_level":0.95,"lower_bound":19604146.18279446,"upper_bound":19649040.836303834},"point_estimate":19625988.549909856,"standard_error":11470.821358681294},"StdDev":{"confidence_interval":{"confidence_level":0.95,"lower_bound":107181.19795037046,"upper_bound":189245.53692776256},"point_estimate":149740.60595427666,"standard_error":21036.97476684148}}