{"Mean":{"confidence_interval":{"confidence_level":0.95,"lower_bound":22889719.69099881,"upper_bound":22939337.460604977},"point_estimate":22911438.10550829,"standard_error":12795.683788916916},"Median":{"confidence_interval":{"confidence_level":0.95,"lower_bound":22860896.254047617,"upper_bound":22876229.390243903},"point_estimate":22865642.995238096,"standard_error":3968.492357829696},"MedianAbsDev":{"confidence_interval":{"confidence_level":0.95,"lower_bound":12218.593944676666,"upper_bound":33005.53148848329},"point_estimate":18474.44401520417,"standard_error":5170.392128382831},"Slope":{"confidence_interval":{"confidence_level":0.95,"lower_bound":22885263.889036916,"upper_bound":22914893.585272543},"point_estimate":22899629.073669277,"standard_error":7571.011639993443},"StdDev":{"confidence_interval":{"confidence_level":0.95,"lower_bound":62214.11936521802,"upper_bound":194063.6918777341},"point_estimate":128524.34362211102,"standard_error":38401.089974476476}}