{"Mean":{"confidence_interval":{"confidence_level":0.95,"lower_bound":6491963.66951918,"upper_bound":6525249.153307949},"point_estimate":6506438.17452048,"standard_error":8583.755369736133},"Median":{"confidence_interval":{"confidence_level":0.95,"lower_bound":6478925.36713996,"upper_bound":6484060.677419355},"point_estimate":6480455.531304348,"standard_error":1237.865324663099},"MedianAbsDev":{"confidence_interval":{"confidence_level":0.95,"lower_bound":7652.691651469511,"upper_bound":15832.467172049282},"point_estimate":10678.619330121564,"standard_error":2098.036933232844},"Slope":{"confidence_interval":{"confidence_level":0.95,"lower_bound":6485183.756194041,"upper_bound":6507002.276711917},"point_estimate":6495049.285464755,"standard_error":5567.009359177772},"StdDev":{"confidence_interval":{"confidence_level":0.95,"lower_bound":37030.31875532789,"upper_bound":130972.31591031331},"point_estimate":86095.91742936628,"standard_error":26009.709496742296}}