{"Mean":{"confidence_interval":{"confidence_level":0.95,"lower_bound":1718.0466601711378,"upper_bound":1718.744504686533},"point_estimate":1718.3632211401232,"standard_error":0.17810479387922473},"Median":{"confidence_interval":{"confidence_level":0.95,"lower_bound":1717.4985557481225,"upper_bound":1718.4749195345382},"point_estimate":1718.3626778651735,"standard_error":0.2616944666294304},"MedianAbsDev":{"confidence_interval":{"confidence_level":0.95,"lower_bound":0.41197737003560625,"upper_bound":1.5198745621521257},"point_estimate":1.331338276324009,"standard_error":0.29924903307522105},"Slope":{"confidence_interval":{"confidence_level":0.95,"lower_bound":1717.8867324727746,"upper_bound":1718.5772381021573},"point_estimate":1718.2033265574935,"standard_error":0.1766566920815391},"StdDev":{"confidence_interval":{"confidence_level":0.95,"lower_bound":1.0036456634091766,"upper_bound":2.4951818635046585},"point_estimate":1.789015996318161,"standard_error":0.38641709786486694}}