{"Mean":{"confidence_interval":{"confidence_level":0.95,"lower_bound":974936.2589948562,"upper_bound":1002933.8563933079},"point_estimate":986736.0957809836,"standard_error":7260.141715063463},"Median":{"confidence_interval":{"confidence_level":0.95,"lower_bound":969225.8647058824,"upper_bound":970952.5877192982},"point_estimate":969989.1022727273,"standard_error":391.892836456468},"MedianAbsDev":{"confidence_interval":{"confidence_level":0.95,"lower_bound":1969.5630658608673,"upper_bound":4167.428937482438},"point_estimate":2868.345146627539,"standard_error":546.268078449059},"Slope":{"confidence_interval":{"confidence_level":0.95,"lower_bound":971077.6610141363,"upper_bound":977615.7334792509},"point_estimate":973861.0039323187,"standard_error":1685.2608569363576},"StdDev":{"confidence_interval":{"confidence_level":0.95,"lower_bound":13512.001107850758,"upper_bound":115714.4392397936},"point_estimate":73079.13307883387,"standard_error":26001.44605930907}}