{"Mean":{"confidence_interval":{"confidence_level":0.95,"lower_bound":26939.6774205645,"upper_bound":26960.76825131593},"point_estimate":26948.627014317935,"standard_error":5.446868063212723},"Median":{"confidence_interval":{"confidence_level":0.95,"lower_bound":26934.77945945946,"upper_bound":26938.97586556831},"point_estimate":26936.695336897697,"standard_error":1.2048903137150528},"MedianAbsDev":{"confidence_interval":{"confidence_level":0.95,"lower_bound":6.908175184482388,"upper_bound":12.088298159028685},"point_estimate":9.347539235385765,"standard_error":1.2880501372516324},"Slope":{"confidence_interval":{"confidence_level":0.95,"lower_bound":26936.942985547863,"upper_bound":26947.285723976132},"point_estimate":26941.461968935095,"standard_error":2.6505336715284744},"StdDev":{"confidence_interval":{"confidence_level":0.95,"lower_bound":15.201252950450051,"upper_bound":84.25903753631823},"point_estimate":54.62259780900873,"standard_error":17.999681251378032}}