{"Mean":{"confidence_interval":{"confidence_level":0.95,"lower_bound":830959.3236528519,"upper_bound":831513.109590924},"point_estimate":831184.1411541142,"standard_error":144.79163309679797},"Median":{"confidence_interval":{"confidence_level":0.95,"lower_bound":830826.75,"upper_bound":830849.9893617021},"point_estimate":830837.3319099379,"standard_error":6.8153418378899335},"MedianAbsDev":{"confidence_interval":{"confidence_level":0.95,"lower_bound":61.79683828439418,"upper_bound":122.15821939462502},"point_estimate":95.99035463646273,"standard_error":14.927036334963695},"Slope":{"confidence_interval":{"confidence_level":0.95,"lower_bound":830899.8601137707,"upper_bound":831187.4283907402},"point_estimate":831025.2270710802,"standard_error":73.87329934191935},"StdDev":{"confidence_interval":{"confidence_level":0.95,"lower_bound":437.2417066022698,"upper_bound":2343.5392560704763},"point_estimate":1454.0696385232661,"standard_error":575.3709827571839}}