{"Mean":{"confidence_interval":{"confidence_level":0.95,"lower_bound":1098257.258805594,"upper_bound":1108636.0785764223},"point_estimate":1102754.6774171102,"standard_error":2676.1732185047813},"Median":{"confidence_interval":{"confidence_level":0.95,"lower_bound":1095375.9524601065,"upper_bound":1096360.6363636365},"point_estimate":1095839.6318181818,"standard_error":264.72566953676045},"MedianAbsDev":{"confidence_interval":{"confidence_level":0.95,"lower_bound":2414.5140738003797,"upper_bound":4245.675023158037},"point_estimate":3297.6929774836753,"standard_error":464.9985588493727},"Slope":{"confidence_interval":{"confidence_level":0.95,"lower_bound":1095608.054721339,"upper_bound":1100936.4023849845},"point_estimate":1097878.0958415843,"standard_error":1375.4259507860486},"StdDev":{"confidence_interval":{"confidence_level":0.95,"lower_bound":10797.520219419192,"upper_bound":40935.46923363098},"point_estimate":26899.85644707069,"standard_error":8159.97117137565}}