{"Mean":{"confidence_interval":{"confidence_level":0.95,"lower_bound":1282.6027806480818,"upper_bound":1283.701815004649},"point_estimate":1283.0759465062113,"standard_error":0.2830600129061861},"Median":{"confidence_interval":{"confidence_level":0.95,"lower_bound":1282.3514680483593,"upper_bound":1282.543122939237},"point_estimate":1282.4806403963275,"standard_error":0.04745710166669733},"MedianAbsDev":{"confidence_interval":{"confidence_level":0.95,"lower_bound":0.3358558837396968,"upper_bound":0.5802676293947922},"point_estimate":0.4582816653738103,"standard_error":0.06256456804749581},"Slope":{"confidence_interval":{"confidence_level":0.95,"lower_bound":1282.4182393946437,"upper_bound":1283.1826030238456},"point_estimate":1282.7338856887777,"standard_error":0.19981348202708638},"StdDev":{"confidence_interval":{"confidence_level":0.95,"lower_bound":1.0020922759206332,"upper_bound":4.4227241855236565},"point_estimate":2.8544637024644195,"standard_error":0.9120128917277499}}