{"Mean":{"confidence_interval":{"confidence_level":0.95,"lower_bound":533.8462909640151,"upper_bound":534.3567320052123},"point_estimate":534.0597730775154,"standard_error":0.13293144196225207},"Median":{"confidence_interval":{"confidence_level":0.95,"lower_bound":533.7031437319608,"upper_bound":533.8127499529869},"point_estimate":533.7647748533376,"standard_error":0.027922117605231188},"MedianAbsDev":{"confidence_interval":{"confidence_level":0.95,"lower_bound":0.12629883494721977,"upper_bound":0.21781352953275054},"point_estimate":0.17964660534083177,"standard_error":0.023503439139316677},"Slope":{"confidence_interval":{"confidence_level":0.95,"lower_bound":533.7717945832989,"upper_bound":534.0129095690659},"point_estimate":533.8740493555813,"standard_error":0.0623756225518583},"StdDev":{"confidence_interval":{"confidence_level":0.95,"lower_bound":0.4403515387829638,"upper_bound":2.1109165943425503},"point_estimate":1.333071355113094,"standard_error":0.4848966805558054}}