{"Mean":{"confidence_interval":{"confidence_level":0.95,"lower_bound":811.0309699632295,"upper_bound":811.6394566755922},"point_estimate":811.2825255568652,"standard_error":0.15860933979651282},"Median":{"confidence_interval":{"confidence_level":0.95,"lower_bound":810.8913458913458,"upper_bound":810.9480038944324},"point_estimate":810.917867887708,"standard_error":0.012739508430647164},"MedianAbsDev":{"confidence_interval":{"confidence_level":0.95,"lower_bound":0.0745319003849127,"upper_bound":0.133878335037147},"point_estimate":0.10081652837665994,"standard_error":0.015123960567545948},"Slope":{"confidence_interval":{"confidence_level":0.95,"lower_bound":810.9775304757542,"upper_bound":811.4565621427092},"point_estimate":811.1669956902911,"standard_error":0.12620092707530542},"StdDev":{"confidence_interval":{"confidence_level":0.95,"lower_bound":0.43559772278479336,"upper_bound":2.5521316786767114},"point_estimate":1.5974811646614853,"standard_error":0.6040763822118675}}