{"Mean":{"confidence_interval":{"confidence_level":0.95,"lower_bound":3385544.6852790634,"upper_bound":3395417.044153748},"point_estimate":3389505.6852456634,"standard_error":2583.165815067568},"Median":{"confidence_interval":{"confidence_level":0.95,"lower_bound":3384663.238461538,"upper_bound":3388211.794117647},"point_estimate":3386244.061904762,"standard_error":900.0229430229239},"MedianAbsDev":{"confidence_interval":{"confidence_level":0.95,"lower_bound":5563.874035024468,"upper_bound":8782.80074124624},"point_estimate":7518.939873178931,"standard_error":800.3234499930843},"Slope":{"confidence_interval":{"confidence_level":0.95,"lower_bound":3383370.5818267134,"upper_bound":3386055.851990681},"point_estimate":3384690.521262007,"standard_error":686.3841394978638},"StdDev":{"confidence_interval":{"confidence_level":0.95,"lower_bound":8022.348542942266,"upper_bound":42300.37414980906},"point_estimate":25960.115918141204,"standard_error":10775.605172457872}}