{"Mean":{"confidence_interval":{"confidence_level":0.95,"lower_bound":16443.246008779075,"upper_bound":16821.19606606363},"point_estimate":16584.075194200497,"standard_error":105.73403428084477},"Median":{"confidence_interval":{"confidence_level":0.95,"lower_bound":16374.79987974988,"upper_bound":16396.068645973908},"point_estimate":16383.90348308126,"standard_error":5.307015043343653},"MedianAbsDev":{"confidence_interval":{"confidence_level":0.95,"lower_bound":29.724348898756702,"upper_bound":61.26408998654819},"point_estimate":44.24800446162106,"standard_error":8.706736990381529},"Slope":{"confidence_interval":{"confidence_level":0.95,"lower_bound":16400.117414910936,"upper_bound":16517.306513791795},"point_estimate":16451.808466528742,"standard_error":30.147684228488718},"StdDev":{"confidence_interval":{"confidence_level":0.95,"lower_bound":193.14860622223975,"upper_bound":1790.3177828317969},"point_estimate":1064.0238913650023,"standard_error":544.828267980938}}