{"Mean":{"confidence_interval":{"confidence_level":0.95,"lower_bound":2180178.272844381,"upper_bound":2256849.018105844},"point_estimate":2207952.6535046473,"standard_error":22178.428183524607},"Median":{"confidence_interval":{"confidence_level":0.95,"lower_bound":2169755.2352941176,"upper_bound":2174645.5777972024},"point_estimate":2171750.5267979847,"standard_error":1170.1144978845164},"MedianAbsDev":{"confidence_interval":{"confidence_level":0.95,"lower_bound":4624.85213628643,"upper_bound":9872.515267482806},"point_estimate":7390.57735741401,"standard_error":1283.6097397657932},"Slope":{"confidence_interval":{"confidence_level":0.95,"lower_bound":2173058.2174965465,"upper_bound":2186805.468538501},"point_estimate":2179128.203777154,"standard_error":3539.275429886567},"StdDev":{"confidence_interval":{"confidence_level":0.95,"lower_bound":25131.055205302335,"upper_bound":377372.18029928044},"point_estimate":222389.83403980013,"standard_error":120590.47749974241}}