{"Mean":{"confidence_interval":{"confidence_level":0.95,"lower_bound":2169839.244855364,"upper_bound":2183876.677587824},"point_estimate":2176199.2321372167,"standard_error":3607.069035491096},"Median":{"confidence_interval":{"confidence_level":0.95,"lower_bound":2164031.0864197533,"upper_bound":2167256.6333333333},"point_estimate":2165789.0880681816,"standard_error":770.3380615926291},"MedianAbsDev":{"confidence_interval":{"confidence_level":0.95,"lower_bound":4233.129182261896,"upper_bound":7567.116204872791},"point_estimate":5357.891045127516,"standard_error":846.2857044397115},"Slope":{"confidence_interval":{"confidence_level":0.95,"lower_bound":2165509.820266586,"upper_bound":2182282.345980693},"point_estimate":2172668.6255681985,"standard_error":4354.904081200502},"StdDev":{"confidence_interval":{"confidence_level":0.95,"lower_bound":19060.50884191694,"upper_bound":49450.03581370849},"point_estimate":36203.86401702077,"standard_error":7742.796060894576}}