{"Mean":{"confidence_interval":{"confidence_level":0.95,"lower_bound":3382.838439925265,"upper_bound":3383.012467399988},"point_estimate":3382.9225888699525,"standard_error":0.04437150872146877},"Median":{"confidence_interval":{"confidence_level":0.95,"lower_bound":3382.7879767678583,"upper_bound":3382.953044148409},"point_estimate":3382.8569803347964,"standard_error":0.03747606990142063},"MedianAbsDev":{"confidence_interval":{"confidence_level":0.95,"lower_bound":0.23802190984228377,"upper_bound":0.37097457016075963},"point_estimate":0.3087061104384819,"standard_error":0.034421486862424605},"Slope":{"confidence_interval":{"confidence_level":0.95,"lower_bound":3382.730262610591,"upper_bound":3382.861248617379},"point_estimate":3382.7958232357287,"standard_error":0.033377738054994215},"StdDev":{"confidence_interval":{"confidence_level":0.95,"lower_bound":0.3419279785911943,"upper_bound":0.540550643265448},"point_estimate":0.4465132933597481,"standard_error":0.05092669123230581}}