{"Mean":{"confidence_interval":{"confidence_level":0.95,"lower_bound":1013.913708268918,"upper_bound":1015.4437762398223},"point_estimate":1014.6755825744274,"standard_error":0.39078948495738886},"Median":{"confidence_interval":{"confidence_level":0.95,"lower_bound":1011.2072131147542,"upper_bound":1017.8426339285714},"point_estimate":1013.9089460049313,"standard_error":1.4412570950963852},"MedianAbsDev":{"confidence_interval":{"confidence_level":0.95,"lower_bound":1.3336772875417806,"upper_bound":6.081759797074527},"point_estimate":5.248202344490827,"standard_error":1.0477502624707817},"Slope":{"confidence_interval":{"confidence_level":0.95,"lower_bound":1013.8789928097561,"upper_bound":1015.9536061023144},"point_estimate":1014.9218460640718,"standard_error":0.530893858591339},"StdDev":{"confidence_interval":{"confidence_level":0.95,"lower_bound":3.6710974149263373,"upper_bound":4.1477891047345965},"point_estimate":3.9257677053171762,"standard_error":0.1214040338282744}}