{"Mean":{"confidence_interval":{"confidence_level":0.95,"lower_bound":6802.21019291619,"upper_bound":6806.52494556747},"point_estimate":6804.07633006637,"standard_error":1.1146395459541323},"Median":{"confidence_interval":{"confidence_level":0.95,"lower_bound":6800.40488421396,"upper_bound":6801.694805194805},"point_estimate":6801.060494772892,"standard_error":0.35506229169974624},"MedianAbsDev":{"confidence_interval":{"confidence_level":0.95,"lower_bound":1.3785029994985811,"upper_bound":2.9988398887908656},"point_estimate":2.190958631039574,"standard_error":0.44167210673340335},"Slope":{"confidence_interval":{"confidence_level":0.95,"lower_bound":6801.274856988474,"upper_bound":6805.1411847227555},"point_estimate":6802.96920711106,"standard_error":0.99253133398156},"StdDev":{"confidence_interval":{"confidence_level":0.95,"lower_bound":4.237654509018367,"upper_bound":17.17470808528855},"point_estimate":11.227302258136714,"standard_error":3.4564924049432575}}