{"Mean":{"confidence_interval":{"confidence_level":0.95,"lower_bound":2460.8177057548364,"upper_bound":2461.4624292942717},"point_estimate":2461.1107467924794,"standard_error":0.16490424475144178},"Median":{"confidence_interval":{"confidence_level":0.95,"lower_bound":2460.5957662790197,"upper_bound":2460.7810493463967},"point_estimate":2460.7146685175567,"standard_error":0.04817919313948116},"MedianAbsDev":{"confidence_interval":{"confidence_level":0.95,"lower_bound":0.29887005587308507,"upper_bound":0.5028031966512959},"point_estimate":0.40487290996374986,"standard_error":0.051556115009504064},"Slope":{"confidence_interval":{"confidence_level":0.95,"lower_bound":2460.7336339932476,"upper_bound":2461.44723897376},"point_estimate":2461.0518544564356,"standard_error":0.1844936770255286},"StdDev":{"confidence_interval":{"confidence_level":0.95,"lower_bound":0.939575814155476,"upper_bound":2.2600757093498633},"point_estimate":1.6546528403627552,"standard_error":0.3397741529595293}}