{"Mean":{"confidence_interval":{"confidence_level":0.95,"lower_bound":1467.655147627736,"upper_bound":1468.5558134783982},"point_estimate":1468.061592780952,"standard_error":0.23101143333242147},"Median":{"confidence_interval":{"confidence_level":0.95,"lower_bound":1467.271831456385,"upper_bound":1467.5161313045928},"point_estimate":1467.3577632736287,"standard_error":0.062457266799824135},"MedianAbsDev":{"confidence_interval":{"confidence_level":0.95,"lower_bound":0.42907704657838625,"upper_bound":0.7470701790446299},"point_estimate":0.5252657679506789,"standard_error":0.08374912847023369},"Slope":{"confidence_interval":{"confidence_level":0.95,"lower_bound":1467.219526882129,"upper_bound":1467.6958156787928},"point_estimate":1467.4363447132491,"standard_error":0.12188668668584665},"StdDev":{"confidence_interval":{"confidence_level":0.95,"lower_bound":1.2532934536150973,"upper_bound":3.2941151203323655},"point_estimate":2.317900440318337,"standard_error":0.536609437838835}}