{"Mean":{"confidence_interval":{"confidence_level":0.95,"lower_bound":1019231.4730021313,"upper_bound":1019661.2217886837},"point_estimate":1019424.2034946723,"standard_error":110.17904195515703},"Median":{"confidence_interval":{"confidence_level":0.95,"lower_bound":1019080.4054232804,"upper_bound":1019147.0532646049},"point_estimate":1019115.8545673077,"standard_error":16.882046402602295},"MedianAbsDev":{"confidence_interval":{"confidence_level":0.95,"lower_bound":87.23898737005058,"upper_bound":170.50335756119458},"point_estimate":129.7462256386446,"standard_error":21.159850500694247},"Slope":{"confidence_interval":{"confidence_level":0.95,"lower_bound":1019157.7155480463,"upper_bound":1019844.4437651274},"point_estimate":1019435.3507314911,"standard_error":181.5371091907987},"StdDev":{"confidence_interval":{"confidence_level":0.95,"lower_bound":564.3341037310466,"upper_bound":1541.2490766675066},"point_estimate":1106.1474848992375,"standard_error":248.82304784913273}}