{"Mean":{"confidence_interval":{"confidence_level":0.95,"lower_bound":1078050.2579081003,"upper_bound":1080097.2173786566},"point_estimate":1078984.8536737775,"standard_error":524.9368027440306},"Median":{"confidence_interval":{"confidence_level":0.95,"lower_bound":1077320.0139705883,"upper_bound":1078704.6875},"point_estimate":1078244.6693121693,"standard_error":356.70551941208953},"MedianAbsDev":{"confidence_interval":{"confidence_level":0.95,"lower_bound":1926.0403909004858,"upper_bound":2998.5867131087116},"point_estimate":2572.1011154473263,"standard_error":283.6963812356455},"Slope":{"confidence_interval":{"confidence_level":0.95,"lower_bound":1076854.6321705598,"upper_bound":1077857.0071314685},"point_estimate":1077307.619470962,"standard_error":255.291186335093},"StdDev":{"confidence_interval":{"confidence_level":0.95,"lower_bound":2787.475553027216,"upper_bound":7323.965299852583},"point_estimate":5276.324178269779,"standard_error":1159.4785511694631}}