{"Mean":{"confidence_interval":{"confidence_level":0.95,"lower_bound":97629.80474613734,"upper_bound":97667.92753858313},"point_estimate":97646.71963139498,"standard_error":9.758630055516901},"Median":{"confidence_interval":{"confidence_level":0.95,"lower_bound":97613.0956937799,"upper_bound":97624.02892561983},"point_estimate":97616.62527056277,"standard_error":2.724531947758306},"MedianAbsDev":{"confidence_interval":{"confidence_level":0.95,"lower_bound":13.963661994743,"upper_bound":30.162716040900836},"point_estimate":20.93562045821599,"standard_error":4.228530402236139},"Slope":{"confidence_interval":{"confidence_level":0.95,"lower_bound":97622.92969379268,"upper_bound":97688.99920333925},"point_estimate":97649.98636860702,"standard_error":17.38902239138111},"StdDev":{"confidence_interval":{"confidence_level":0.95,"lower_bound":44.41760263203562,"upper_bound":139.44788983903817},"point_estimate":97.81152380262938,"standard_error":24.35364813374282}}