{"Mean":{"confidence_interval":{"confidence_level":0.95,"lower_bound":251781.8003466133,"upper_bound":251841.6529712606},"point_estimate":251809.58377472515,"standard_error":15.332618716632012},"Median":{"confidence_interval":{"confidence_level":0.95,"lower_bound":251750.39409722222,"upper_bound":251809.18309264816},"point_estimate":251782.54419757033,"standard_error":14.080371236969068},"MedianAbsDev":{"confidence_interval":{"confidence_level":0.95,"lower_bound":73.80641855381347,"upper_bound":112.0207499099776},"point_estimate":97.8092365707694,"standard_error":9.267268981374812},"Slope":{"confidence_interval":{"confidence_level":0.95,"lower_bound":251733.35535297423,"upper_bound":251763.241827202},"point_estimate":251747.1716329245,"standard_error":7.616949588367993},"StdDev":{"confidence_interval":{"confidence_level":0.95,"lower_bound":92.44207100804343,"upper_bound":208.4572065920337},"point_estimate":154.25110543766317,"standard_error":29.701614822596873}}