{"Mean":{"confidence_interval":{"confidence_level":0.95,"lower_bound":62820.22257021998,"upper_bound":63149.81648543632},"point_estimate":62963.35850702694,"standard_error":85.12439076726635},"Median":{"confidence_interval":{"confidence_level":0.95,"lower_bound":62697.52352241848,"upper_bound":62786.992268041235},"point_estimate":62750.73883928571,"standard_error":22.503347618858328},"MedianAbsDev":{"confidence_interval":{"confidence_level":0.95,"lower_bound":101.89789904976018,"upper_bound":186.4459066662904},"point_estimate":145.28185120187806,"standard_error":21.111442169681617},"Slope":{"confidence_interval":{"confidence_level":0.95,"lower_bound":62720.13063868839,"upper_bound":63152.93771190491},"point_estimate":62875.72441924043,"standard_error":119.32924363715091},"StdDev":{"confidence_interval":{"confidence_level":0.95,"lower_bound":319.49095071965195,"upper_bound":1302.5462335330621},"point_estimate":856.6393122421217,"standard_error":258.9968237221849}}