{"Mean":{"confidence_interval":{"confidence_level":0.95,"lower_bound":156.85278599128992,"upper_bound":157.2948856275638},"point_estimate":157.07613217996874,"standard_error":0.112923011295665},"Median":{"confidence_interval":{"confidence_level":0.95,"lower_bound":156.93250577597195,"upper_bound":157.38595875308997},"point_estimate":157.13610848953823,"standard_error":0.13092945808039547},"MedianAbsDev":{"confidence_interval":{"confidence_level":0.95,"lower_bound":0.8460035387139287,"upper_bound":1.3639485555472621},"point_estimate":1.08295051406269,"standard_error":0.13299891677661566},"Slope":{"confidence_interval":{"confidence_level":0.95,"lower_bound":157.25679517008152,"upper_bound":157.64827521470153},"point_estimate":157.45359669149474,"standard_error":0.09986240597366186},"StdDev":{"confidence_interval":{"confidence_level":0.95,"lower_bound":0.9579485193594748,"upper_bound":1.3054982108974322},"point_estimate":1.1374171946850573,"standard_error":0.08894802787016343}}