{"Mean":{"confidence_interval":{"confidence_level":0.95,"lower_bound":9813104.019320933,"upper_bound":9859190.83815473},"point_estimate":9833011.328543063,"standard_error":11897.570168964237},"Median":{"confidence_interval":{"confidence_level":0.95,"lower_bound":9799139.96511628,"upper_bound":9808023.822681705},"point_estimate":9802028.7875,"standard_error":2649.341809024466},"MedianAbsDev":{"confidence_interval":{"confidence_level":0.95,"lower_bound":19910.028146136967,"upper_bound":35003.22102603584},"point_estimate":26070.16741079256,"standard_error":3827.8085212079827},"Slope":{"confidence_interval":{"confidence_level":0.95,"lower_bound":9803306.531786641,"upper_bound":9829271.888707465},"point_estimate":9815446.73243387,"standard_error":6666.005924956285},"StdDev":{"confidence_interval":{"confidence_level":0.95,"lower_bound":51655.815729319125,"upper_bound":184532.3036456017},"point_estimate":119903.86336909614,"standard_error":38417.27752392021}}