{"Mean":{"confidence_interval":{"confidence_level":0.95,"lower_bound":9838030.021327527,"upper_bound":9914239.997402022},"point_estimate":9872863.027230294,"standard_error":19503.954384312776},"Median":{"confidence_interval":{"confidence_level":0.95,"lower_bound":9800239.57142857,"upper_bound":9820018.828333333},"point_estimate":9812089.518072288,"standard_error":5839.912276230167},"MedianAbsDev":{"confidence_interval":{"confidence_level":0.95,"lower_bound":27017.761965672187,"upper_bound":52758.026371330685},"point_estimate":41727.85835649013,"standard_error":7056.572942946805},"Slope":{"confidence_interval":{"confidence_level":0.95,"lower_bound":9816514.522145629,"upper_bound":9845465.783860158},"point_estimate":9830194.48221073,"standard_error":7390.996422522233},"StdDev":{"confidence_interval":{"confidence_level":0.95,"lower_bound":113255.96330087238,"upper_bound":261829.912063473},"point_estimate":196566.9717818509,"standard_error":37736.241368391195}}