{"Mean":{"confidence_interval":{"confidence_level":0.95,"lower_bound":370555.73622448725,"upper_bound":370797.9211633943},"point_estimate":370665.5592687897,"standard_error":62.37724775269995},"Median":{"confidence_interval":{"confidence_level":0.95,"lower_bound":370424.625,"upper_bound":370487.16041666665},"point_estimate":370444.53095536085,"standard_error":14.156371303016643},"MedianAbsDev":{"confidence_interval":{"confidence_level":0.95,"lower_bound":67.68723240674314,"upper_bound":135.84719641862597},"point_estimate":95.39529073880928,"standard_error":17.803078817283772},"Slope":{"confidence_interval":{"confidence_level":0.95,"lower_bound":370437.54352783033,"upper_bound":370553.0681087148},"point_estimate":370490.6549145362,"standard_error":29.563897273942995},"StdDev":{"confidence_interval":{"confidence_level":0.95,"lower_bound":325.920323121954,"upper_bound":872.645687188413},"point_estimate":625.8880469645034,"standard_error":140.7497659327713}}