{"Mean":{"confidence_interval":{"confidence_level":0.95,"lower_bound":3220289.64289656,"upper_bound":3245070.3365283743},"point_estimate":3230430.138463137,"standard_error":6509.86781873146},"Median":{"confidence_interval":{"confidence_level":0.95,"lower_bound":3213969.2067269864,"upper_bound":3216886.73015873},"point_estimate":3214959.8766163792,"standard_error":812.4860792069233},"MedianAbsDev":{"confidence_interval":{"confidence_level":0.95,"lower_bound":3685.298754572799,"upper_bound":7004.5338526532505},"point_estimate":4773.926902968627,"standard_error":872.5646246618252},"Slope":{"confidence_interval":{"confidence_level":0.95,"lower_bound":3214830.2760745045,"upper_bound":3227392.8443111572},"point_estimate":3220113.5831092065,"standard_error":3259.2713877547544},"StdDev":{"confidence_interval":{"confidence_level":0.95,"lower_bound":20611.11213099871,"upper_bound":104802.9028446089},"point_estimate":65362.74554968433,"standard_error":25482.053878656865}}