{"Mean":{"confidence_interval":{"confidence_level":0.95,"lower_bound":1651.2056405304422,"upper_bound":1651.8802908723246},"point_estimate":1651.5013606594732,"standard_error":0.1733215442714685},"Median":{"confidence_interval":{"confidence_level":0.95,"lower_bound":1651.0865451505017,"upper_bound":1651.3553703703703},"point_estimate":1651.2409080387206,"standard_error":0.06463107858741188},"MedianAbsDev":{"confidence_interval":{"confidence_level":0.95,"lower_bound":0.43037406235956693,"upper_bound":0.7516301394334576},"point_estimate":0.5821612902402566,"standard_error":0.07938492262831198},"Slope":{"confidence_interval":{"confidence_level":0.95,"lower_bound":1651.1914663976524,"upper_bound":1652.1654474171512},"point_estimate":1651.5883151224077,"standard_error":0.25408692916422243},"StdDev":{"confidence_interval":{"confidence_level":0.95,"lower_bound":0.8264795800906702,"upper_bound":2.6338317315338595},"point_estimate":1.7417540716043318,"standard_error":0.5118139019251534}}