{"Mean":{"confidence_interval":{"confidence_level":0.95,"lower_bound":311411.61069956556,"upper_bound":313420.2636163117},"point_estimate":312305.3496417777,"standard_error":514.5135810141002},"Median":{"confidence_interval":{"confidence_level":0.95,"lower_bound":310575.01773182955,"upper_bound":310958.9448924731},"point_estimate":310747.18050193053,"standard_error":89.49214009398126},"MedianAbsDev":{"confidence_interval":{"confidence_level":0.95,"lower_bound":410.9391290115871,"upper_bound":864.5514073829959},"point_estimate":597.7410999227255,"standard_error":104.06943323219848},"Slope":{"confidence_interval":{"confidence_level":0.95,"lower_bound":310740.9861102773,"upper_bound":312947.87432016456},"point_estimate":311627.0897716861,"standard_error":582.7965288378376},"StdDev":{"confidence_interval":{"confidence_level":0.95,"lower_bound":2595.9609698265895,"upper_bound":7397.299353056232},"point_estimate":5173.655602700329,"standard_error":1242.5602378722936}}