{"Mean":{"confidence_interval":{"confidence_level":0.95,"lower_bound":312233.880494033,"upper_bound":319504.27000209},"point_estimate":314943.6874571241,"standard_error":1975.7985329603696},"Median":{"confidence_interval":{"confidence_level":0.95,"lower_bound":311019.7013888889,"upper_bound":311543.41888297873},"point_estimate":311212.368488628,"standard_error":152.04210461246132},"MedianAbsDev":{"confidence_interval":{"confidence_level":0.95,"lower_bound":642.0187386018828,"upper_bound":1279.9123876065642},"point_estimate":802.2625102135125,"standard_error":172.69217037156412},"Slope":{"confidence_interval":{"confidence_level":0.95,"lower_bound":311465.76532215974,"upper_bound":314940.565950391},"point_estimate":312905.2357551352,"standard_error":910.9449470140441},"StdDev":{"confidence_interval":{"confidence_level":0.95,"lower_bound":3537.1263341462227,"upper_bound":33215.832294763604},"point_estimate":19840.742613726266,"standard_error":9754.85244684273}}