{"Mean":{"confidence_interval":{"confidence_level":0.95,"lower_bound":311482.8648966445,"upper_bound":316878.2323289091},"point_estimate":313635.4070583746,"standard_error":1420.5808170216822},"Median":{"confidence_interval":{"confidence_level":0.95,"lower_bound":310769.2530120482,"upper_bound":311089.07303370786},"point_estimate":310888.7691451991,"standard_error":83.86435341155821},"MedianAbsDev":{"confidence_interval":{"confidence_level":0.95,"lower_bound":451.97978108231626,"upper_bound":802.6951596862406},"point_estimate":577.8319351260373,"standard_error":89.30254553391572},"Slope":{"confidence_interval":{"confidence_level":0.95,"lower_bound":310795.64363799465,"upper_bound":313847.0864573805},"point_estimate":311850.77420939854,"standard_error":864.1815120266298},"StdDev":{"confidence_interval":{"confidence_level":0.95,"lower_bound":3436.499214089035,"upper_bound":23288.79103400308},"point_estimate":14292.552283472034,"standard_error":5989.95397710397}}