{"Mean":{"confidence_interval":{"confidence_level":0.95,"lower_bound":173368.83740613464,"upper_bound":179199.7850591679},"point_estimate":175851.1021576895,"standard_error":1503.5779014658167},"Median":{"confidence_interval":{"confidence_level":0.95,"lower_bound":171632.4346852837,"upper_bound":171886.7479674797},"point_estimate":171740.91794871795,"standard_error":66.15569473845258},"MedianAbsDev":{"confidence_interval":{"confidence_level":0.95,"lower_bound":353.98152982667983,"upper_bound":657.2129120718228},"point_estimate":536.3527916805099,"standard_error":77.59704167631224},"Slope":{"confidence_interval":{"confidence_level":0.95,"lower_bound":171765.622073073,"upper_bound":173588.55927065315},"point_estimate":172557.04061179253,"standard_error":465.3852308940443},"StdDev":{"confidence_interval":{"confidence_level":0.95,"lower_bound":5872.075668070768,"upper_bound":23551.20042592906},"point_estimate":15194.475045743024,"standard_error":5023.0321357218645}}