{"Mean":{"confidence_interval":{"confidence_level":0.95,"lower_bound":26465775.921883877,"upper_bound":26522114.80940413},"point_estimate":26492571.57098341,"standard_error":14380.538227149213},"Median":{"confidence_interval":{"confidence_level":0.95,"lower_bound":26422063.60060691,"upper_bound":26480381.32183908},"point_estimate":26452102.46568954,"standard_error":14437.472210166916},"MedianAbsDev":{"confidence_interval":{"confidence_level":0.95,"lower_bound":73665.68105214663,"upper_bound":134271.283483393},"point_estimate":103864.49845534797,"standard_error":15500.18055546603},"Slope":{"confidence_interval":{"confidence_level":0.95,"lower_bound":26462102.51131026,"upper_bound":26505966.350121},"point_estimate":26483483.627338555,"standard_error":11168.483988298634},"StdDev":{"confidence_interval":{"confidence_level":0.95,"lower_bound":107663.61799141503,"upper_bound":177154.94327514461},"point_estimate":144233.69465841717,"standard_error":17839.76271926849}}