{"Mean":{"confidence_interval":{"confidence_level":0.95,"lower_bound":26403004.5576455,"upper_bound":26442374.268511772},"point_estimate":26421556.83631357,"standard_error":10061.517953481749},"Median":{"confidence_interval":{"confidence_level":0.95,"lower_bound":26369338.53008896,"upper_bound":26384494.0},"point_estimate":26373091.06208113,"standard_error":3482.369856845528},"MedianAbsDev":{"confidence_interval":{"confidence_level":0.95,"lower_bound":11798.683871167103,"upper_bound":35915.99242813085},"point_estimate":20997.798437623784,"standard_error":6127.060216931819},"Slope":{"confidence_interval":{"confidence_level":0.95,"lower_bound":26399329.48872042,"upper_bound":26431426.734133273},"point_estimate":26414917.33551352,"standard_error":8207.179762678996},"StdDev":{"confidence_interval":{"confidence_level":0.95,"lower_bound":71474.45550132474,"upper_bound":128543.59823161583},"point_estimate":101255.12653665166,"standard_error":14670.385558410208}}