{"Mean":{"confidence_interval":{"confidence_level":0.95,"lower_bound":306535.7403986752,"upper_bound":309772.0809012326},"point_estimate":307854.53729510686,"standard_error":845.4757978788548},"Median":{"confidence_interval":{"confidence_level":0.95,"lower_bound":305700.9791666667,"upper_bound":305922.94015356817},"point_estimate":305785.3942444761,"standard_error":59.01858254267434},"MedianAbsDev":{"confidence_interval":{"confidence_level":0.95,"lower_bound":328.80358295471405,"upper_bound":774.7377820959415},"point_estimate":535.4783127890427,"standard_error":112.27537546206305},"Slope":{"confidence_interval":{"confidence_level":0.95,"lower_bound":305703.38190549,"upper_bound":307643.63101158815},"point_estimate":306404.28522905277,"standard_error":537.5162958680206},"StdDev":{"confidence_interval":{"confidence_level":0.95,"lower_bound":2667.0458500106893,"upper_bound":13622.794444956435},"point_estimate":8493.225568275993,"standard_error":3323.023479231469}}