{"Mean":{"confidence_interval":{"confidence_level":0.95,"lower_bound":526.9345066307354,"upper_bound":527.1314076386413},"point_estimate":527.0221087670038,"standard_error":0.05067950979182056},"Median":{"confidence_interval":{"confidence_level":0.95,"lower_bound":526.8553173953705,"upper_bound":526.8844414893617},"point_estimate":526.8643989590976,"standard_error":0.008225952703600053},"MedianAbsDev":{"confidence_interval":{"confidence_level":0.95,"lower_bound":0.039393028935969486,"upper_bound":0.0716401841029029},"point_estimate":0.05285651745792824,"standard_error":0.008538083457127157},"Slope":{"confidence_interval":{"confidence_level":0.95,"lower_bound":526.9008636443763,"upper_bound":527.0820671149328},"point_estimate":526.9824208109442,"standard_error":0.04665835522207578},"StdDev":{"confidence_interval":{"confidence_level":0.95,"lower_bound":0.25300869516410596,"upper_bound":0.7429928765240167},"point_estimate":0.5104134369374468,"standard_error":0.12895235651267337}}