{"Mean":{"confidence_interval":{"confidence_level":0.95,"lower_bound":1994.7753489243096,"upper_bound":1995.4059269469903},"point_estimate":1995.056184124064,"standard_error":0.16143781298824286},"Median":{"confidence_interval":{"confidence_level":0.95,"lower_bound":1994.5855011723093,"upper_bound":1994.7486559139784},"point_estimate":1994.6804223259762,"standard_error":0.04196390806791872},"MedianAbsDev":{"confidence_interval":{"confidence_level":0.95,"lower_bound":0.2032464865482575,"upper_bound":0.35387840911693724},"point_estimate":0.2537973397897031,"standard_error":0.036989996282848533},"Slope":{"confidence_interval":{"confidence_level":0.95,"lower_bound":1994.7345498352793,"upper_bound":1995.3705729594637},"point_estimate":1995.020224393046,"standard_error":0.1633547509242933},"StdDev":{"confidence_interval":{"confidence_level":0.95,"lower_bound":0.8191855775089295,"upper_bound":2.3403381595987742},"point_estimate":1.6192251690234825,"standard_error":0.40005551365221026}}