{"Mean":{"confidence_interval":{"confidence_level":0.95,"lower_bound":73340.92589258152,"upper_bound":73363.22784827389},"point_estimate":73351.00988248146,"standard_error":5.710125610283683},"Median":{"confidence_interval":{"confidence_level":0.95,"lower_bound":73333.52181443089,"upper_bound":73340.22274973453},"point_estimate":73336.42293233082,"standard_error":1.684602677130984},"MedianAbsDev":{"confidence_interval":{"confidence_level":0.95,"lower_bound":10.608886426277165,"upper_bound":17.47138807975827},"point_estimate":13.473790014005976,"standard_error":1.7552208651316172},"Slope":{"confidence_interval":{"confidence_level":0.95,"lower_bound":73336.96985025164,"upper_bound":73360.33076487893},"point_estimate":73347.45227131668,"standard_error":6.019506668382809},"StdDev":{"confidence_interval":{"confidence_level":0.95,"lower_bound":31.955553965485915,"upper_bound":79.14363183309075},"point_estimate":57.267924955542036,"standard_error":12.064343108850624}}