{"Mean":{"confidence_interval":{"confidence_level":0.95,"lower_bound":8075.3350540523,"upper_bound":8080.908355649859},"point_estimate":8077.493096387495,"standard_error":1.4933094419000332},"Median":{"confidence_interval":{"confidence_level":0.95,"lower_bound":8073.4303051726165,"upper_bound":8075.619485511432},"point_estimate":8073.895944204645,"standard_error":0.6534992548568832},"MedianAbsDev":{"confidence_interval":{"confidence_level":0.95,"lower_bound":1.1543105314132898,"upper_bound":3.9238207852106157},"point_estimate":1.9300074699962846,"standard_error":0.7775322250882117},"Slope":{"confidence_interval":{"confidence_level":0.95,"lower_bound":8075.174064361055,"upper_bound":8077.848865030769},"point_estimate":8076.427260149386,"standard_error":0.6826532560490061},"StdDev":{"confidence_interval":{"confidence_level":0.95,"lower_bound":3.7795102018873195,"upper_bound":24.841770167369322},"point_estimate":15.02989863521183,"standard_error":6.861372159597379}}