{"Mean":{"confidence_interval":{"confidence_level":0.95,"lower_bound":985.6065537749424,"upper_bound":986.3943141998307},"point_estimate":985.9299790576739,"standard_error":0.20526590609679965},"Median":{"confidence_interval":{"confidence_level":0.95,"lower_bound":985.4545756068144,"upper_bound":985.4892706279921},"point_estimate":985.477102414066,"standard_error":0.008806186094098457},"MedianAbsDev":{"confidence_interval":{"confidence_level":0.95,"lower_bound":0.06344249629088838,"upper_bound":0.12207265958547053},"point_estimate":0.08788094300675892,"standard_error":0.01489963280192658},"Slope":{"confidence_interval":{"confidence_level":0.95,"lower_bound":985.5781575463983,"upper_bound":986.1272764679436},"point_estimate":985.8091306729248,"standard_error":0.14286846584749924},"StdDev":{"confidence_interval":{"confidence_level":0.95,"lower_bound":0.5128952110603923,"upper_bound":3.315268987928712},"point_estimate":2.064324509741951,"standard_error":0.7855578864361575}}