{"Mean":{"confidence_interval":{"confidence_level":0.95,"lower_bound":1447.469813918452,"upper_bound":1450.5944628518005},"point_estimate":1449.0403221089996,"standard_error":0.7952623131043357},"Median":{"confidence_interval":{"confidence_level":0.95,"lower_bound":1442.9084449214329,"upper_bound":1456.291835357625},"point_estimate":1454.506125730994,"standard_error":4.3617131621594725},"MedianAbsDev":{"confidence_interval":{"confidence_level":0.95,"lower_bound":1.0657722904164215,"upper_bound":12.200928142977796},"point_estimate":4.873681089179543,"standard_error":3.262694905744463},"Slope":{"confidence_interval":{"confidence_level":0.95,"lower_bound":1446.7761198883927,"upper_bound":1450.796763040904},"point_estimate":1448.7814727560738,"standard_error":1.027851885370257},"StdDev":{"confidence_interval":{"confidence_level":0.95,"lower_bound":7.609413155395914,"upper_bound":8.18545390911845},"point_estimate":7.973417664575448,"standard_error":0.14666692443182489}}