{"Mean":{"confidence_interval":{"confidence_level":0.95,"lower_bound":15586.256833643267,"upper_bound":15598.204153661722},"point_estimate":15591.125929598296,"standard_error":3.1236033549960345},"Median":{"confidence_interval":{"confidence_level":0.95,"lower_bound":15583.859375,"upper_bound":15584.333005577802},"point_estimate":15584.053091397851,"standard_error":0.12659710045610448},"MedianAbsDev":{"confidence_interval":{"confidence_level":0.95,"lower_bound":1.280077374957988,"upper_bound":2.281648553241716},"point_estimate":1.8856969126820642,"standard_error":0.24647979104685144},"Slope":{"confidence_interval":{"confidence_level":0.95,"lower_bound":15585.690922925416,"upper_bound":15593.455908920716},"point_estimate":15589.000579928328,"standard_error":2.0128705947871968},"StdDev":{"confidence_interval":{"confidence_level":0.95,"lower_bound":8.042758466053662,"upper_bound":50.66395280144167},"point_estimate":31.411320161128945,"standard_error":12.46675481588582}}