{"Mean":{"confidence_interval":{"confidence_level":0.95,"lower_bound":138971.86823985743,"upper_bound":143695.8299199734},"point_estimate":140704.34038982226,"standard_error":1324.7461673422722},"Median":{"confidence_interval":{"confidence_level":0.95,"lower_bound":138521.54927073288,"upper_bound":138674.3667834052},"point_estimate":138575.97221481876,"standard_error":46.45558787063624},"MedianAbsDev":{"confidence_interval":{"confidence_level":0.95,"lower_bound":209.8490909638347,"upper_bound":401.8662088999232},"point_estimate":287.98382784778545,"standard_error":56.083281143604914},"Slope":{"confidence_interval":{"confidence_level":0.95,"lower_bound":138527.4984909046,"upper_bound":139770.00097979125},"point_estimate":138935.85302608245,"standard_error":358.1954875103551},"StdDev":{"confidence_interval":{"confidence_level":0.95,"lower_bound":1958.9967446221863,"upper_bound":22456.185321605153},"point_estimate":13313.727755173573,"standard_error":6915.717346999772}}