{"Mean":{"confidence_interval":{"confidence_level":0.95,"lower_bound":1674472.1884965952,"upper_bound":1754580.332590323},"point_estimate":1702458.72749128,"standard_error":24529.72504411855},"Median":{"confidence_interval":{"confidence_level":0.95,"lower_bound":1667782.3076923077,"upper_bound":1670613.47008547},"point_estimate":1669397.1609523809,"standard_error":682.7571223975078},"MedianAbsDev":{"confidence_interval":{"confidence_level":0.95,"lower_bound":3207.657631001384,"upper_bound":5801.482022257548},"point_estimate":4172.081844351787,"standard_error":632.5648949962746},"Slope":{"confidence_interval":{"confidence_level":0.95,"lower_bound":1668980.384654971,"upper_bound":1678933.4887341803},"point_estimate":1673306.9144436235,"standard_error":2571.6968632886005},"StdDev":{"confidence_interval":{"confidence_level":0.95,"lower_bound":18038.586860511776,"upper_bound":418516.5361874406},"point_estimate":244846.88593412525,"standard_error":142443.57006795076}}