{"Mean":{"confidence_interval":{"confidence_level":0.95,"lower_bound":1669037.954463825,"upper_bound":1685708.0324917121},"point_estimate":1676248.7504531685,"standard_error":4302.068150342865},"Median":{"confidence_interval":{"confidence_level":0.95,"lower_bound":1664766.5091463416,"upper_bound":1666589.2127659575},"point_estimate":1665678.4403659613,"standard_error":405.27196440317294},"MedianAbsDev":{"confidence_interval":{"confidence_level":0.95,"lower_bound":2278.9647967605065,"upper_bound":4722.763189945652},"point_estimate":3363.9518265643164,"standard_error":633.1642414403473},"Slope":{"confidence_interval":{"confidence_level":0.95,"lower_bound":1665478.1447095985,"upper_bound":1675567.0352070774},"point_estimate":1669731.8109324663,"standard_error":2618.157108183008},"StdDev":{"confidence_interval":{"confidence_level":0.95,"lower_bound":13213.01799503361,"upper_bound":65594.56516209658},"point_estimate":43309.753397513305,"standard_error":13445.456618319471}}