{"Mean":{"confidence_interval":{"confidence_level":0.95,"lower_bound":16160.230021856385,"upper_bound":16431.458544676596},"point_estimate":16270.035921232262,"standard_error":71.04806047601365},"Median":{"confidence_interval":{"confidence_level":0.95,"lower_bound":16096.536229508196,"upper_bound":16131.125683060109},"point_estimate":16113.856166058726,"standard_error":8.827054667753272},"MedianAbsDev":{"confidence_interval":{"confidence_level":0.95,"lower_bound":47.68101602507719,"upper_bound":88.46865043226968},"point_estimate":68.40976716613136,"standard_error":10.593904552607704},"Slope":{"confidence_interval":{"confidence_level":0.95,"lower_bound":16097.87033242302,"upper_bound":16153.141680210478},"point_estimate":16120.49056801692,"standard_error":14.345330422778957},"StdDev":{"confidence_interval":{"confidence_level":0.95,"lower_bound":176.36643801407115,"upper_bound":1157.5819653494664},"point_estimate":714.7502933837014,"standard_error":286.2988852372478}}