{"Mean":{"confidence_interval":{"confidence_level":0.95,"lower_bound":8275368.292344572,"upper_bound":8287464.378463181},"point_estimate":8281830.553176609,"standard_error":3095.7525231795594},"Median":{"confidence_interval":{"confidence_level":0.95,"lower_bound":8282593.658823529,"upper_bound":8288511.914634146},"point_estimate":8284960.617864693,"standard_error":1327.441628517455},"MedianAbsDev":{"confidence_interval":{"confidence_level":0.95,"lower_bound":7942.46808899332,"upper_bound":14960.467061671761},"point_estimate":10181.982407613872,"standard_error":1784.032360716295},"Slope":{"confidence_interval":{"confidence_level":0.95,"lower_bound":8282499.65587671,"upper_bound":8289247.326108763},"point_estimate":8286142.555215014,"standard_error":1724.119537419753},"StdDev":{"confidence_interval":{"confidence_level":0.95,"lower_bound":19259.21405920824,"upper_bound":40032.40210745903},"point_estimate":30882.351727442405,"standard_error":5287.81482185616}}