{"Mean":{"confidence_interval":{"confidence_level":0.95,"lower_bound":413551.10189678875,"upper_bound":425231.387480655},"point_estimate":418176.89837138593,"standard_error":3078.9027644636267},"Median":{"confidence_interval":{"confidence_level":0.95,"lower_bound":411670.01956856705,"upper_bound":412217.9716312057},"point_estimate":411913.9832086968,"standard_error":126.91469097412711},"MedianAbsDev":{"confidence_interval":{"confidence_level":0.95,"lower_bound":758.7863585875515,"upper_bound":1446.5240184376698},"point_estimate":1056.8771551543068,"standard_error":165.07346680514215},"Slope":{"confidence_interval":{"confidence_level":0.95,"lower_bound":412262.44812377676,"upper_bound":415044.6815525509},"point_estimate":413471.8989734496,"standard_error":714.6900347846114},"StdDev":{"confidence_interval":{"confidence_level":0.95,"lower_bound":5744.592787276383,"upper_bound":50366.61351069494},"point_estimate":30758.303695247312,"standard_error":12927.610375406639}}