{"Mean":{"confidence_interval":{"confidence_level":0.95,"lower_bound":11529777.848794404,"upper_bound":11585065.00673985},"point_estimate":11556764.992014803,"standard_error":14151.720547961788},"Median":{"confidence_interval":{"confidence_level":0.95,"lower_bound":11488282.144736841,"upper_bound":11561653.892857144},"point_estimate":11529430.227434328,"standard_error":17195.709669676187},"MedianAbsDev":{"confidence_interval":{"confidence_level":0.95,"lower_bound":90795.4327259496,"upper_bound":152617.23491960633},"point_estimate":121163.37110555421,"standard_error":16644.00908426059},"Slope":{"confidence_interval":{"confidence_level":0.95,"lower_bound":11586133.622189866,"upper_bound":11667023.153807666},"point_estimate":11626932.38199202,"standard_error":20651.454266097928},"StdDev":{"confidence_interval":{"confidence_level":0.95,"lower_bound":117943.2960740905,"upper_bound":163049.44833939825},"point_estimate":142000.40396240022,"standard_error":11460.21325454115}}