{"Mean":{"confidence_interval":{"confidence_level":0.95,"lower_bound":68259.84274425526,"upper_bound":70426.8315964925},"point_estimate":69169.47559614829,"standard_error":561.9162256137871},"Median":{"confidence_interval":{"confidence_level":0.95,"lower_bound":67650.1974151422,"upper_bound":67737.40670897077},"point_estimate":67680.5063581405,"standard_error":21.177036761771834},"MedianAbsDev":{"confidence_interval":{"confidence_level":0.95,"lower_bound":108.05511881847526,"upper_bound":237.93767760625022},"point_estimate":164.52716854057266,"standard_error":30.982763097594436},"Slope":{"confidence_interval":{"confidence_level":0.95,"lower_bound":67699.35171206591,"upper_bound":67998.00006914044},"point_estimate":67819.98204088469,"standard_error":77.42952145370533},"StdDev":{"confidence_interval":{"confidence_level":0.95,"lower_bound":1995.4884138550026,"upper_bound":8835.518725101065},"point_estimate":5638.921052488245,"standard_error":1941.4023616844584}}