{"Mean":{"confidence_interval":{"confidence_level":0.95,"lower_bound":581562.3621728696,"upper_bound":581721.9775572502},"point_estimate":581635.0199842249,"standard_error":40.852705563724655},"Median":{"confidence_interval":{"confidence_level":0.95,"lower_bound":581493.9302325582,"upper_bound":581506.5192307692},"point_estimate":581498.7859477124,"standard_error":3.1022894922431563},"MedianAbsDev":{"confidence_interval":{"confidence_level":0.95,"lower_bound":17.447351542151193,"upper_bound":39.932136478857856},"point_estimate":23.773966708926135,"standard_error":5.910295913354206},"Slope":{"confidence_interval":{"confidence_level":0.95,"lower_bound":581546.6250128635,"upper_bound":581699.4925168763},"point_estimate":581616.9059391163,"standard_error":39.103945549565715},"StdDev":{"confidence_interval":{"confidence_level":0.95,"lower_bound":241.88322614500223,"upper_bound":564.1149654053091},"point_estimate":410.47860466426,"standard_error":83.52539468718828}}