{"Mean":{"confidence_interval":{"confidence_level":0.95,"lower_bound":1144.5422029220538,"upper_bound":1145.1558083883497},"point_estimate":1144.7996749651807,"standard_error":0.15950163245578938},"Median":{"confidence_interval":{"confidence_level":0.95,"lower_bound":1144.480231213873,"upper_bound":1144.5495515248156},"point_estimate":1144.5188548535486,"standard_error":0.01785053590218668},"MedianAbsDev":{"confidence_interval":{"confidence_level":0.95,"lower_bound":0.09913526515605897,"upper_bound":0.1949220333233807},"point_estimate":0.1439498206338322,"standard_error":0.024559862972133473},"Slope":{"confidence_interval":{"confidence_level":0.95,"lower_bound":1144.4877986885851,"upper_bound":1145.0494163305736},"point_estimate":1144.7256661920183,"standard_error":0.14467657863068403},"StdDev":{"confidence_interval":{"confidence_level":0.95,"lower_bound":0.4952868966305237,"upper_bound":2.5340308666294216},"point_estimate":1.6028562107233644,"standard_error":0.5737784845613709}}