{"Mean":{"confidence_interval":{"confidence_level":0.95,"lower_bound":931.6639759611786,"upper_bound":932.4522923393608},"point_estimate":931.9952647925985,"standard_error":0.20362465206491878},"Median":{"confidence_interval":{"confidence_level":0.95,"lower_bound":931.5944404657702,"upper_bound":932.0418348130213},"point_estimate":931.8198747337224,"standard_error":0.1238258546382299},"MedianAbsDev":{"confidence_interval":{"confidence_level":0.95,"lower_bound":0.6470142575329747,"upper_bound":1.1846566547262942},"point_estimate":0.9175991319294994,"standard_error":0.13997844759246986},"Slope":{"confidence_interval":{"confidence_level":0.95,"lower_bound":931.7176596469409,"upper_bound":932.1737167989073},"point_estimate":931.9440736185938,"standard_error":0.1160409793268652},"StdDev":{"confidence_interval":{"confidence_level":0.95,"lower_bound":0.9197158712323825,"upper_bound":3.2245156298559605},"point_estimate":2.0439228883773835,"standard_error":0.7424620638820899}}