{"Mean":{"confidence_interval":{"confidence_level":0.95,"lower_bound":457623.72459284577,"upper_bound":468106.54160255584},"point_estimate":462441.5332158666,"standard_error":2687.3040732376303},"Median":{"confidence_interval":{"confidence_level":0.95,"lower_bound":452873.9932967033,"upper_bound":453386.019559372},"point_estimate":453069.4369707303,"standard_error":119.02015604260747},"MedianAbsDev":{"confidence_interval":{"confidence_level":0.95,"lower_bound":799.3963223792348,"upper_bound":1692.794588194367},"point_estimate":1179.681880593394,"standard_error":222.41072879586622},"Slope":{"confidence_interval":{"confidence_level":0.95,"lower_bound":453657.0206237328,"upper_bound":458542.3978175546},"point_estimate":455764.47235998226,"standard_error":1263.454261752735},"StdDev":{"confidence_interval":{"confidence_level":0.95,"lower_bound":16228.681059629593,"upper_bound":35500.2170664988},"point_estimate":26963.946548861888,"standard_error":4919.38429285643}}