{"Mean":{"confidence_interval":{"confidence_level":0.95,"lower_bound":339.07069825881314,"upper_bound":339.37686596680265},"point_estimate":339.20187819444186,"standard_error":0.07935906984803036},"Median":{"confidence_interval":{"confidence_level":0.95,"lower_bound":338.99722374234193,"upper_bound":339.00863142238825},"point_estimate":339.00214440692343,"standard_error":0.0031596506554860035},"MedianAbsDev":{"confidence_interval":{"confidence_level":0.95,"lower_bound":0.0188683076505192,"upper_bound":0.036945797124432925},"point_estimate":0.024930184682225603,"standard_error":0.004606397208833551},"Slope":{"confidence_interval":{"confidence_level":0.95,"lower_bound":339.0430790673881,"upper_bound":339.2351880782328},"point_estimate":339.1223608768203,"standard_error":0.05036053609923893},"StdDev":{"confidence_interval":{"confidence_level":0.95,"lower_bound":0.27937668658517634,"upper_bound":1.2348412350361468},"point_estimate":0.7999506070657547,"standard_error":0.25616869829137606}}