{"Mean":{"confidence_interval":{"confidence_level":0.95,"lower_bound":918.5075176746749,"upper_bound":918.7700158603772},"point_estimate":918.6305082711406,"standard_error":0.06692486547701958},"Median":{"confidence_interval":{"confidence_level":0.95,"lower_bound":918.5892455769163,"upper_bound":918.6697889493155},"point_estimate":918.6355521057941,"standard_error":0.024716488440908117},"MedianAbsDev":{"confidence_interval":{"confidence_level":0.95,"lower_bound":0.11716156142493114,"upper_bound":0.1933675654337245},"point_estimate":0.14439163999853424,"standard_error":0.0202296422956858},"Slope":{"confidence_interval":{"confidence_level":0.95,"lower_bound":918.2030268070596,"upper_bound":918.654348980208},"point_estimate":918.397426058159,"standard_error":0.11597179264390117},"StdDev":{"confidence_interval":{"confidence_level":0.95,"lower_bound":0.4228172096855251,"upper_bound":0.904176400573943},"point_estimate":0.6723572285042259,"standard_error":0.12473759302377849}}