{"Mean":{"confidence_interval":{"confidence_level":0.95,"lower_bound":22859.641903140793,"upper_bound":23107.13323798377},"point_estimate":22957.02128632669,"standard_error":65.53018995509878},"Median":{"confidence_interval":{"confidence_level":0.95,"lower_bound":22825.22700845666,"upper_bound":22854.902872777016},"point_estimate":22838.28760560927,"standard_error":5.994176684013759},"MedianAbsDev":{"confidence_interval":{"confidence_level":0.95,"lower_bound":46.565052383899776,"upper_bound":81.96788744062935},"point_estimate":62.33052609521502,"standard_error":8.623818396083538},"Slope":{"confidence_interval":{"confidence_level":0.95,"lower_bound":22827.016367858276,"upper_bound":22971.264813552585},"point_estimate":22879.596101188738,"standard_error":39.58811225320187},"StdDev":{"confidence_interval":{"confidence_level":0.95,"lower_bound":95.97804562323897,"upper_bound":1084.8540026407127},"point_estimate":659.7128459548695,"standard_error":285.9589987000561}}