{"Mean":{"confidence_interval":{"confidence_level":0.95,"lower_bound":22584.223583733354,"upper_bound":23241.73168327613},"point_estimate":22851.62590090815,"standard_error":171.99018648912084},"Median":{"confidence_interval":{"confidence_level":0.95,"lower_bound":22484.499936646396,"upper_bound":22531.630877742948},"point_estimate":22510.07438016529,"standard_error":12.077973564171444},"MedianAbsDev":{"confidence_interval":{"confidence_level":0.95,"lower_bound":68.46087226942443,"upper_bound":124.74911569545603},"point_estimate":98.41145333549254,"standard_error":14.077768415829741},"Slope":{"confidence_interval":{"confidence_level":0.95,"lower_bound":22527.00151222956,"upper_bound":22768.06998909038},"point_estimate":22619.12712246598,"standard_error":64.4493637885884},"StdDev":{"confidence_interval":{"confidence_level":0.95,"lower_bound":423.97110130454024,"upper_bound":2798.545895062566},"point_estimate":1733.7699628519433,"standard_error":687.7437479027116}}