{"Mean":{"confidence_interval":{"confidence_level":0.95,"lower_bound":31405.56432506124,"upper_bound":31414.64360216759},"point_estimate":31409.67406380191,"standard_error":2.3341800328638067},"Median":{"confidence_interval":{"confidence_level":0.95,"lower_bound":31401.520833333332,"upper_bound":31404.80309139785},"point_estimate":31402.980654761905,"standard_error":0.8474175636996006},"MedianAbsDev":{"confidence_interval":{"confidence_level":0.95,"lower_bound":3.9770347198241627,"upper_bound":6.919794367906831},"point_estimate":5.035428066442922,"standard_error":0.7064170512238815},"Slope":{"confidence_interval":{"confidence_level":0.95,"lower_bound":31403.87931266158,"upper_bound":31413.449471980704},"point_estimate":31408.20327000517,"standard_error":2.461986806126946},"StdDev":{"confidence_interval":{"confidence_level":0.95,"lower_bound":12.721490437300648,"upper_bound":32.2429266304844},"point_estimate":23.468083688796625,"standard_error":4.960435132460164}}