{"Mean":{"confidence_interval":{"confidence_level":0.95,"lower_bound":2687.256842046478,"upper_bound":2689.4931528951697},"point_estimate":2688.1850863718764,"standard_error":0.5832152038946158},"Median":{"confidence_interval":{"confidence_level":0.95,"lower_bound":2686.7934460953807,"upper_bound":2687.1325556733827},"point_estimate":2687.0079203768228,"standard_error":0.09444705411405664},"MedianAbsDev":{"confidence_interval":{"confidence_level":0.95,"lower_bound":0.374931912042779,"upper_bound":0.7827745153567439},"point_estimate":0.600421846688517,"standard_error":0.10527837801070394},"Slope":{"confidence_interval":{"confidence_level":0.95,"lower_bound":2686.9306393778816,"upper_bound":2688.322515597665},"point_estimate":2687.5045991726947,"standard_error":0.3600156691516855},"StdDev":{"confidence_interval":{"confidence_level":0.95,"lower_bound":1.5589041559163397,"upper_bound":9.35395924963962},"point_estimate":5.872227758464334,"standard_error":2.1836155204772703}}