{"Mean":{"confidence_interval":{"confidence_level":0.95,"lower_bound":1738.9109647387904,"upper_bound":1740.2735497800759},"point_estimate":1739.4472263539294,"standard_error":0.3636498153712276},"Median":{"confidence_interval":{"confidence_level":0.95,"lower_bound":1738.4671506352088,"upper_bound":1738.5950038138826},"point_estimate":1738.5289839181287,"standard_error":0.04191057407380715},"MedianAbsDev":{"confidence_interval":{"confidence_level":0.95,"lower_bound":0.36701109470581894,"upper_bound":0.7075408351010105},"point_estimate":0.5438339083112123,"standard_error":0.08697360320153086},"Slope":{"confidence_interval":{"confidence_level":0.95,"lower_bound":1738.5901775476634,"upper_bound":1739.2164770686907},"point_estimate":1738.8747526878376,"standard_error":0.16069324204022306},"StdDev":{"confidence_interval":{"confidence_level":0.95,"lower_bound":1.0736358306145657,"upper_bound":6.013710068590521},"point_estimate":3.663090731802732,"standard_error":1.6303488898527199}}