{"Mean":{"confidence_interval":{"confidence_level":0.95,"lower_bound":1575750.503957281,"upper_bound":1581417.2515469936},"point_estimate":1578614.5678925856,"standard_error":1448.079331988134},"Median":{"confidence_interval":{"confidence_level":0.95,"lower_bound":1578219.9247311829,"upper_bound":1587482.391304348},"point_estimate":1583278.8480017632,"standard_error":2109.9173968622918},"MedianAbsDev":{"confidence_interval":{"confidence_level":0.95,"lower_bound":8254.912746613605,"upper_bound":19598.83204226625},"point_estimate":14138.706984619512,"standard_error":2727.137584827296},"Slope":{"confidence_interval":{"confidence_level":0.95,"lower_bound":1583553.7638284226,"upper_bound":1587389.663391244},"point_estimate":1585547.5095197281,"standard_error":977.6594750492377},"StdDev":{"confidence_interval":{"confidence_level":0.95,"lower_bound":13089.72152833742,"upper_bound":15764.913577013338},"point_estimate":14590.646413047927,"standard_error":680.7863792148512}}