{"Mean":{"confidence_interval":{"confidence_level":0.95,"lower_bound":19181327.46585674,"upper_bound":19250766.729883853},"point_estimate":19212435.47892076,"standard_error":17811.491296592812},"Median":{"confidence_interval":{"confidence_level":0.95,"lower_bound":19141493.79,"upper_bound":19190031.151067324},"point_estimate":19164148.67540107,"standard_error":12291.822558366233},"MedianAbsDev":{"confidence_interval":{"confidence_level":0.95,"lower_bound":57623.233369501766,"upper_bound":109183.67298781616},"point_estimate":79383.13269395765,"standard_error":12161.896691127775},"Slope":{"confidence_interval":{"confidence_level":0.95,"lower_bound":19171782.866439108,"upper_bound":19206513.48550209},"point_estimate":19188635.57845131,"standard_error":8859.361404758734},"StdDev":{"confidence_interval":{"confidence_level":0.95,"lower_bound":94651.91453353378,"upper_bound":261474.46261261168},"point_estimate":179490.26299429283,"standard_error":44741.437512881275}}