{"Mean":{"confidence_interval":{"confidence_level":0.95,"lower_bound":19131098.333913762,"upper_bound":19176093.48505799},"point_estimate":19150342.24579688,"standard_error":11636.892233721996},"Median":{"confidence_interval":{"confidence_level":0.95,"lower_bound":19114100.579545453,"upper_bound":19123293.274242423},"point_estimate":19117528.608695652,"standard_error":1965.2853319455219},"MedianAbsDev":{"confidence_interval":{"confidence_level":0.95,"lower_bound":12120.394380274747,"upper_bound":27606.974704027285},"point_estimate":19932.872717758106,"standard_error":3830.418973624117},"Slope":{"confidence_interval":{"confidence_level":0.95,"lower_bound":19129389.15451479,"upper_bound":19154240.48237761},"point_estimate":19141229.482914142,"standard_error":6343.346550763653},"StdDev":{"confidence_interval":{"confidence_level":0.95,"lower_bound":46961.124498766956,"upper_bound":180624.57398199633},"point_estimate":116796.75647440115,"standard_error":38119.67575516409}}