{"Mean":{"confidence_interval":{"confidence_level":0.95,"lower_bound":2469.0307799158045,"upper_bound":2469.3103868492385},"point_estimate":2469.1586824332335,"standard_error":0.07170270691784564},"Median":{"confidence_interval":{"confidence_level":0.95,"lower_bound":2468.9381213151496,"upper_bound":2469.0390817354078},"point_estimate":2468.9931751564277,"standard_error":0.02778398182487252},"MedianAbsDev":{"confidence_interval":{"confidence_level":0.95,"lower_bound":0.16196215853135817,"upper_bound":0.2968707601236511},"point_estimate":0.21809710758432194,"standard_error":0.03232940567105082},"Slope":{"confidence_interval":{"confidence_level":0.95,"lower_bound":2468.9508257781085,"upper_bound":2469.062580196438},"point_estimate":2469.0047278950547,"standard_error":0.02842017972266191},"StdDev":{"confidence_interval":{"confidence_level":0.95,"lower_bound":0.39630624059531194,"upper_bound":0.990900557987969},"point_estimate":0.7218789866979605,"standard_error":0.1512046568561985}}