{"Mean":{"confidence_interval":{"confidence_level":0.95,"lower_bound":2217.1544088976293,"upper_bound":2218.1052576846437},"point_estimate":2217.5712295897865,"standard_error":0.2450282695048378},"Median":{"confidence_interval":{"confidence_level":0.95,"lower_bound":2216.8779517772805,"upper_bound":2216.928378342388},"point_estimate":2216.9086098044745,"standard_error":0.013475189102429262},"MedianAbsDev":{"confidence_interval":{"confidence_level":0.95,"lower_bound":0.07798084002053517,"upper_bound":0.1739113556659055},"point_estimate":0.10776830306592443,"standard_error":0.023700236205892174},"Slope":{"confidence_interval":{"confidence_level":0.95,"lower_bound":2217.036833639838,"upper_bound":2217.807654073926},"point_estimate":2217.3789572173687,"standard_error":0.19876930260912723},"StdDev":{"confidence_interval":{"confidence_level":0.95,"lower_bound":1.1178979239744171,"upper_bound":3.705376971168732},"point_estimate":2.4771643531741145,"standard_error":0.7054533960285191}}