{"Mean":{"confidence_interval":{"confidence_level":0.95,"lower_bound":216.26690285966137,"upper_bound":216.37740571389926},"point_estimate":216.31230412270804,"standard_error":0.028746509369308004},"Median":{"confidence_interval":{"confidence_level":0.95,"lower_bound":216.2354963768116,"upper_bound":216.25176773455377},"point_estimate":216.24635369815093,"standard_error":0.004447538802274104},"MedianAbsDev":{"confidence_interval":{"confidence_level":0.95,"lower_bound":0.03140528295235253,"upper_bound":0.05730654012378938},"point_estimate":0.04653905066117895,"standard_error":0.007389014228951106},"Slope":{"confidence_interval":{"confidence_level":0.95,"lower_bound":216.26097096942607,"upper_bound":216.3223169038556},"point_estimate":216.28838236839908,"standard_error":0.01575794153230079},"StdDev":{"confidence_interval":{"confidence_level":0.95,"lower_bound":0.10056215451248145,"upper_bound":0.46108715866025096},"point_estimate":0.28916366067907834,"standard_error":0.11018282084786298}}