{"Mean":{"confidence_interval":{"confidence_level":0.95,"lower_bound":16368.22717115473,"upper_bound":16386.646797840458},"point_estimate":16378.32711456734,"standard_error":4.716736588825336},"Median":{"confidence_interval":{"confidence_level":0.95,"lower_bound":16385.370251060413,"upper_bound":16387.547767100055},"point_estimate":16386.554387656703,"standard_error":0.5622299961225024},"MedianAbsDev":{"confidence_interval":{"confidence_level":0.95,"lower_bound":4.389522583592796,"upper_bound":6.815793321616246},"point_estimate":5.811114455019452,"standard_error":0.6347011929722393},"Slope":{"confidence_interval":{"confidence_level":0.95,"lower_bound":16331.396829159756,"upper_bound":16376.987771488071},"point_estimate":16355.259590878588,"standard_error":11.69671807418875},"StdDev":{"confidence_interval":{"confidence_level":0.95,"lower_bound":24.993782720321242,"upper_bound":64.37424917163793},"point_estimate":47.2598731967258,"standard_error":10.257038209567545}}