{"Mean":{"confidence_interval":{"confidence_level":0.95,"lower_bound":22295.43165986133,"upper_bound":22306.033336254866},"point_estimate":22300.229573359997,"standard_error":2.7208057524324816},"Median":{"confidence_interval":{"confidence_level":0.95,"lower_bound":22290.940031265032,"upper_bound":22296.04256120527},"point_estimate":22292.844201441258,"standard_error":1.1922658067787546},"MedianAbsDev":{"confidence_interval":{"confidence_level":0.95,"lower_bound":8.501808737951949,"upper_bound":14.878308337166636},"point_estimate":11.01224081397762,"standard_error":1.6845632867105347},"Slope":{"confidence_interval":{"confidence_level":0.95,"lower_bound":22292.6750001113,"upper_bound":22306.502056599278},"point_estimate":22298.657637883192,"standard_error":3.5697122357596296},"StdDev":{"confidence_interval":{"confidence_level":0.95,"lower_bound":15.001704755097034,"upper_bound":39.010716967314494},"point_estimate":27.43823520438858,"standard_error":6.311894944549999}}