{"Mean":{"confidence_interval":{"confidence_level":0.95,"lower_bound":16415.533187659785,"upper_bound":16581.945345953503},"point_estimate":16489.750925491197,"standard_error":42.756765896504},"Median":{"confidence_interval":{"confidence_level":0.95,"lower_bound":16368.580288366582,"upper_bound":16387.902041990223},"point_estimate":16378.899443347662,"standard_error":4.250099496534803},"MedianAbsDev":{"confidence_interval":{"confidence_level":0.95,"lower_bound":28.635441040140897,"upper_bound":50.77433189164178},"point_estimate":38.42138430494189,"standard_error":5.534179936419819},"Slope":{"confidence_interval":{"confidence_level":0.95,"lower_bound":16374.359035228732,"upper_bound":16495.944561374257},"point_estimate":16420.36701756596,"standard_error":32.631876503651604},"StdDev":{"confidence_interval":{"confidence_level":0.95,"lower_bound":180.6786109639459,"upper_bound":607.6426469717285},"point_estimate":431.91597615083896,"standard_error":105.29278684731354}}