{"Mean":{"confidence_interval":{"confidence_level":0.95,"lower_bound":3806.355602942949,"upper_bound":3818.5556986797965},"point_estimate":3812.4098811419512,"standard_error":3.1148177771681076},"Median":{"confidence_interval":{"confidence_level":0.95,"lower_bound":3802.909602037137,"upper_bound":3821.0755058894592},"point_estimate":3810.14469830908,"standard_error":4.263216275858257},"MedianAbsDev":{"confidence_interval":{"confidence_level":0.95,"lower_bound":23.297239018675885,"upper_bound":38.82643767647507},"point_estimate":30.658715408266545,"standard_error":3.774528229969912},"Slope":{"confidence_interval":{"confidence_level":0.95,"lower_bound":3809.686508100623,"upper_bound":3818.9638783512396},"point_estimate":3814.351597630086,"standard_error":2.3664413440302003},"StdDev":{"confidence_interval":{"confidence_level":0.95,"lower_bound":26.443835703016102,"upper_bound":36.007300127144724},"point_estimate":31.306561884861868,"standard_error":2.4490568161020105}}