{"Mean":{"confidence_interval":{"confidence_level":0.95,"lower_bound":11410874.971490746,"upper_bound":11471807.255390067},"point_estimate":11436485.32025792,"standard_error":15791.74348012642},"Median":{"confidence_interval":{"confidence_level":0.95,"lower_bound":11391453.953846155,"upper_bound":11397810.106060605},"point_estimate":11393635.802526597,"standard_error":1860.293697430543},"MedianAbsDev":{"confidence_interval":{"confidence_level":0.95,"lower_bound":7252.093293250601,"upper_bound":14996.45153382727},"point_estimate":9916.99886169502,"standard_error":2049.688203851121},"Slope":{"confidence_interval":{"confidence_level":0.95,"lower_bound":11404317.691944709,"upper_bound":11431911.064905643},"point_estimate":11417246.53044776,"standard_error":7057.879833826904},"StdDev":{"confidence_interval":{"confidence_level":0.95,"lower_bound":52165.17632640432,"upper_bound":249652.32588856283},"point_estimate":159115.84251061213,"standard_error":54698.15477092286}}