{"Mean":{"confidence_interval":{"confidence_level":0.95,"lower_bound":838.3921984380686,"upper_bound":838.6963815693721},"point_estimate":838.5283640583007,"standard_error":0.07816995220630621},"Median":{"confidence_interval":{"confidence_level":0.95,"lower_bound":838.3142583345785,"upper_bound":838.3567341492828},"point_estimate":838.3342824265771,"standard_error":0.011765357657722093},"MedianAbsDev":{"confidence_interval":{"confidence_level":0.95,"lower_bound":0.07140379626385664,"upper_bound":0.1191617766415093},"point_estimate":0.09534206204379442,"standard_error":0.012592457169553303},"Slope":{"confidence_interval":{"confidence_level":0.95,"lower_bound":838.40763027922,"upper_bound":838.9819832752544},"point_estimate":838.6378872490608,"standard_error":0.15270337998885877},"StdDev":{"confidence_interval":{"confidence_level":0.95,"lower_bound":0.3857449794230543,"upper_bound":1.1381709093286123},"point_estimate":0.7862893265989767,"standard_error":0.19658149355899673}}