{"Mean":{"confidence_interval":{"confidence_level":0.95,"lower_bound":114360.69870987303,"upper_bound":115635.39747298078},"point_estimate":114932.27871247845,"standard_error":327.86935579627556},"Median":{"confidence_interval":{"confidence_level":0.95,"lower_bound":113934.2735042735,"upper_bound":114192.13333333333},"point_estimate":114028.47457627118,"standard_error":65.15623284282698},"MedianAbsDev":{"confidence_interval":{"confidence_level":0.95,"lower_bound":360.25288666388116,"upper_bound":586.4668467584311},"point_estimate":471.1061592037666,"standard_error":57.75461630394735},"Slope":{"confidence_interval":{"confidence_level":0.95,"lower_bound":113941.23975067353,"upper_bound":114231.15037728209},"point_estimate":114068.86401950642,"standard_error":74.23353407691499},"StdDev":{"confidence_interval":{"confidence_level":0.95,"lower_bound":1511.3868381726938,"upper_bound":4633.439648000666},"point_estimate":3303.088449842074,"standard_error":787.7724376952859}}