{"Mean":{"confidence_interval":{"confidence_level":0.95,"lower_bound":4855.577681690783,"upper_bound":5017.888173025875},"point_estimate":4926.503813612642,"standard_error":41.72126978154862},"Median":{"confidence_interval":{"confidence_level":0.95,"lower_bound":4797.334626436781,"upper_bound":4804.091812400636},"point_estimate":4801.452523543354,"standard_error":1.8972156146934196},"MedianAbsDev":{"confidence_interval":{"confidence_level":0.95,"lower_bound":8.441426576012722,"upper_bound":16.42791100650634},"point_estimate":11.624014167516158,"standard_error":2.020113608777984},"Slope":{"confidence_interval":{"confidence_level":0.95,"lower_bound":4804.607957380722,"upper_bound":4880.795156254532},"point_estimate":4832.991866584376,"standard_error":20.515432944009678},"StdDev":{"confidence_interval":{"confidence_level":0.95,"lower_bound":197.60110869583062,"upper_bound":630.5018583347586},"point_estimate":420.576659666849,"standard_error":121.62483528321019}}