{"Mean":{"confidence_interval":{"confidence_level":0.95,"lower_bound":68824593.20473127,"upper_bound":69067242.24066758},"point_estimate":68924787.98317067,"standard_error":63455.55879103418},"Median":{"confidence_interval":{"confidence_level":0.95,"lower_bound":68798369.255,"upper_bound":68853304.42054574},"point_estimate":68826907.22083333,"standard_error":12680.527332354979},"MedianAbsDev":{"confidence_interval":{"confidence_level":0.95,"lower_bound":99722.02909257669,"upper_bound":184761.81915605278},"point_estimate":130770.94008584246,"standard_error":22614.104134186684},"Slope":{"confidence_interval":{"confidence_level":0.95,"lower_bound":68805153.04756929,"upper_bound":68842660.44696529},"point_estimate":68823439.12703414,"standard_error":9572.961314907992},"StdDev":{"confidence_interval":{"confidence_level":0.95,"lower_bound":195667.88893404644,"upper_bound":1020579.8433208374},"point_estimate":637645.833637987,"standard_error":241853.26365527316}}