{"Mean":{"confidence_interval":{"confidence_level":0.95,"lower_bound":1166059.3029001837,"upper_bound":1166735.5812971739},"point_estimate":1166381.8508694798,"standard_error":172.16587616652055},"Median":{"confidence_interval":{"confidence_level":0.95,"lower_bound":1165806.3037974683,"upper_bound":1166354.4785714285},"point_estimate":1166057.1588680302,"standard_error":159.45754815064953},"MedianAbsDev":{"confidence_interval":{"confidence_level":0.95,"lower_bound":712.6594220935142,"upper_bound":1184.497948942185},"point_estimate":868.6619712292054,"standard_error":120.36073438115066},"Slope":{"confidence_interval":{"confidence_level":0.95,"lower_bound":1165889.0908545717,"upper_bound":1166641.3782551847},"point_estimate":1166221.6707521798,"standard_error":193.0505414559488},"StdDev":{"confidence_interval":{"confidence_level":0.95,"lower_bound":1241.562043802488,"upper_bound":2181.253712410383},"point_estimate":1724.989711248316,"standard_error":241.6388587197498}}