{"Mean":{"confidence_interval":{"confidence_level":0.95,"lower_bound":5812.838573272588,"upper_bound":5816.745624573603},"point_estimate":5814.613439454061,"standard_error":1.0033292421548983},"Median":{"confidence_interval":{"confidence_level":0.95,"lower_bound":5811.041295546559,"upper_bound":5811.624643002856},"point_estimate":5811.204518100769,"standard_error":0.16991867686431328},"MedianAbsDev":{"confidence_interval":{"confidence_level":0.95,"lower_bound":1.0109936636159267,"upper_bound":1.8471968245070263},"point_estimate":1.3963356705848797,"standard_error":0.21374140251781149},"Slope":{"confidence_interval":{"confidence_level":0.95,"lower_bound":5810.97495276985,"upper_bound":5812.776531587258},"point_estimate":5811.790277066984,"standard_error":0.46262721627460174},"StdDev":{"confidence_interval":{"confidence_level":0.95,"lower_bound":5.454023851040975,"upper_bound":14.086194108721514},"point_estimate":10.086728781974534,"standard_error":2.2321230283628406}}