{"Mean":{"confidence_interval":{"confidence_level":0.95,"lower_bound":3807.790060148776,"upper_bound":3810.371861545094},"point_estimate":3808.956350788003,"standard_error":0.6636697272691401},"Median":{"confidence_interval":{"confidence_level":0.95,"lower_bound":3806.8103924841703,"upper_bound":3807.7954492141685},"point_estimate":3807.389785876293,"standard_error":0.24912547752465325},"MedianAbsDev":{"confidence_interval":{"confidence_level":0.95,"lower_bound":1.477156199829303,"upper_bound":2.612970383514544},"point_estimate":1.9413266776993912,"standard_error":0.2916153115334743},"Slope":{"confidence_interval":{"confidence_level":0.95,"lower_bound":3806.466544026152,"upper_bound":3807.8058488026168},"point_estimate":3807.0758873437526,"standard_error":0.3427385794704219},"StdDev":{"confidence_interval":{"confidence_level":0.95,"lower_bound":3.5248220086853523,"upper_bound":9.409564963474349},"point_estimate":6.694507418741957,"standard_error":1.5216211390907795}}