{"Mean":{"confidence_interval":{"confidence_level":0.95,"lower_bound":50858.55103388067,"upper_bound":50915.694120396685},"point_estimate":50885.59909872544,"standard_error":14.627032519434993},"Median":{"confidence_interval":{"confidence_level":0.95,"lower_bound":50809.2464985829,"upper_bound":50818.268},"point_estimate":50812.01890916808,"standard_error":1.9663595511082264},"MedianAbsDev":{"confidence_interval":{"confidence_level":0.95,"lower_bound":7.2107944747323,"upper_bound":19.02199825965421},"point_estimate":11.496362939042061,"standard_error":3.004830568407264},"Slope":{"confidence_interval":{"confidence_level":0.95,"lower_bound":50864.193129918494,"upper_bound":50920.541213631},"point_estimate":50891.79910610315,"standard_error":14.40776916157703},"StdDev":{"confidence_interval":{"confidence_level":0.95,"lower_bound":105.01879784915671,"upper_bound":187.02888546676198},"point_estimate":146.94149163287852,"standard_error":21.103864833002476}}