{"Mean":{"confidence_interval":{"confidence_level":0.95,"lower_bound":20692.76770848524,"upper_bound":21102.63499987432},"point_estimate":20881.725140552422,"standard_error":104.92738677372219},"Median":{"confidence_interval":{"confidence_level":0.95,"lower_bound":20618.497023809523,"upper_bound":20809.437032045524},"point_estimate":20728.35837438424,"standard_error":57.71560530126499},"MedianAbsDev":{"confidence_interval":{"confidence_level":0.95,"lower_bound":326.175711419681,"upper_bound":604.8737612881987},"point_estimate":484.7165959208272,"standard_error":68.08511009915355},"Slope":{"confidence_interval":{"confidence_level":0.95,"lower_bound":20608.202398032587,"upper_bound":21109.468794603035},"point_estimate":20839.430385836025,"standard_error":128.71066037945926},"StdDev":{"confidence_interval":{"confidence_level":0.95,"lower_bound":652.4961747765965,"upper_bound":1384.8135680685955},"point_estimate":1056.03626578211,"standard_error":187.6428670049371}}