{"Mean":{"confidence_interval":{"confidence_level":0.95,"lower_bound":2961.141229290434,"upper_bound":2963.7012314758585},"point_estimate":2962.1912149317673,"standard_error":0.6680634684674633},"Median":{"confidence_interval":{"confidence_level":0.95,"lower_bound":2960.638671673958,"upper_bound":2961.0465073985947},"point_estimate":2960.8565653873493,"standard_error":0.10351423059471192},"MedianAbsDev":{"confidence_interval":{"confidence_level":0.95,"lower_bound":0.5193208158247984,"upper_bound":0.9112250227762331},"point_estimate":0.7410268948048147,"standard_error":0.09357479677614988},"Slope":{"confidence_interval":{"confidence_level":0.95,"lower_bound":2961.1509004850045,"upper_bound":2961.98474757265},"point_estimate":2961.532671670464,"standard_error":0.21370522963053623},"StdDev":{"confidence_interval":{"confidence_level":0.95,"lower_bound":1.3967683883158344,"upper_bound":10.595032190546831},"point_estimate":6.681300483826111,"standard_error":2.5131714038845048}}