{"Mean":{"confidence_interval":{"confidence_level":0.95,"lower_bound":389852.874736834,"upper_bound":395783.01736009575},"point_estimate":392473.2255784246,"standard_error":1528.5500723984271},"Median":{"confidence_interval":{"confidence_level":0.95,"lower_bound":388498.93333333335,"upper_bound":388887.84722222225},"point_estimate":388711.1788150043,"standard_error":79.30788225704264},"MedianAbsDev":{"confidence_interval":{"confidence_level":0.95,"lower_bound":529.2707571728332,"upper_bound":1114.2432887069463},"point_estimate":760.5625546791441,"standard_error":160.63702654090682},"Slope":{"confidence_interval":{"confidence_level":0.95,"lower_bound":388479.6802780399,"upper_bound":391468.7408377371},"point_estimate":389637.72656125313,"standard_error":798.1954668613301},"StdDev":{"confidence_interval":{"confidence_level":0.95,"lower_bound":6254.756467351278,"upper_bound":22069.73195286813},"point_estimate":15416.699016754987,"standard_error":4019.127660202688}}