{"Mean":{"confidence_interval":{"confidence_level":0.95,"lower_bound":391274.88943945285,"upper_bound":401474.95220212307},"point_estimate":395245.64151580975,"standard_error":2725.707613832475},"Median":{"confidence_interval":{"confidence_level":0.95,"lower_bound":388745.24,"upper_bound":389212.25641025644},"point_estimate":388991.14719101123,"standard_error":116.58310250106443},"MedianAbsDev":{"confidence_interval":{"confidence_level":0.95,"lower_bound":632.5306673987143,"upper_bound":1446.4746974272293},"point_estimate":887.9765682939375,"standard_error":202.0957723962289},"Slope":{"confidence_interval":{"confidence_level":0.95,"lower_bound":389488.98045820155,"upper_bound":393024.49914488284},"point_estimate":391020.7231801389,"standard_error":910.383771604485},"StdDev":{"confidence_interval":{"confidence_level":0.95,"lower_bound":7307.795171051468,"upper_bound":45083.01709308434},"point_estimate":27389.84442753478,"standard_error":12346.284412016692}}