{"Mean":{"confidence_interval":{"confidence_level":0.95,"lower_bound":15045666.91357351,"upper_bound":15094885.573989464},"point_estimate":15068783.921513217,"standard_error":12644.889749076317},"Median":{"confidence_interval":{"confidence_level":0.95,"lower_bound":15004180.260869564,"upper_bound":15037349.5},"point_estimate":15018523.362230552,"standard_error":8848.46152938133},"MedianAbsDev":{"confidence_interval":{"confidence_level":0.95,"lower_bound":24376.152641235734,"upper_bound":63272.39498994121},"point_estimate":40831.89273974336,"standard_error":10034.244290959117},"Slope":{"confidence_interval":{"confidence_level":0.95,"lower_bound":15040469.89016826,"upper_bound":15081338.497677809},"point_estimate":15059983.475779518,"standard_error":10428.07610982424},"StdDev":{"confidence_interval":{"confidence_level":0.95,"lower_bound":85686.64548218391,"upper_bound":164625.2863585781},"point_estimate":126868.69648479891,"standard_error":20328.595416611603}}