{"Mean":{"confidence_interval":{"confidence_level":0.95,"lower_bound":7433.020255538416,"upper_bound":7435.1792501003065},"point_estimate":7434.002942662556,"standard_error":0.5539646754665298},"Median":{"confidence_interval":{"confidence_level":0.95,"lower_bound":7432.197527985075,"upper_bound":7432.501482699497},"point_estimate":7432.325118225716,"standard_error":0.07784204134500157},"MedianAbsDev":{"confidence_interval":{"confidence_level":0.95,"lower_bound":0.4403814723108728,"upper_bound":0.8315319876133952},"point_estimate":0.6592522896310679,"standard_error":0.10067229289512634},"Slope":{"confidence_interval":{"confidence_level":0.95,"lower_bound":7432.604221673473,"upper_bound":7435.072348075889},"point_estimate":7433.678572285609,"standard_error":0.637132324014458},"StdDev":{"confidence_interval":{"confidence_level":0.95,"lower_bound":3.154246041063549,"upper_bound":7.4497091088003815},"point_estimate":5.571081457097216,"standard_error":1.097043768948872}}