{"Mean":{"confidence_interval":{"confidence_level":0.95,"lower_bound":1283599.925401327,"upper_bound":1371476.7579433837},"point_estimate":1316454.0196073898,"standard_error":24214.353309683233},"Median":{"confidence_interval":{"confidence_level":0.95,"lower_bound":1270247.0206349206,"upper_bound":1272782.5},"point_estimate":1271232.227130326,"standard_error":762.7239144541202},"MedianAbsDev":{"confidence_interval":{"confidence_level":0.95,"lower_bound":2710.3641775063825,"upper_bound":6195.056488678679},"point_estimate":4007.9285594402836,"standard_error":956.1887558544752},"Slope":{"confidence_interval":{"confidence_level":0.95,"lower_bound":1272753.9653285698,"upper_bound":1284124.901394413},"point_estimate":1277878.4420363528,"standard_error":2921.0496480480115},"StdDev":{"confidence_interval":{"confidence_level":0.95,"lower_bound":35112.5238738764,"upper_bound":409302.37614256196},"point_estimate":243726.83410519396,"standard_error":121623.79151668002}}