{"Mean":{"confidence_interval":{"confidence_level":0.95,"lower_bound":1272152.911107515,"upper_bound":1293009.987005915},"point_estimate":1281200.3103078166,"standard_error":5398.90732145366},"Median":{"confidence_interval":{"confidence_level":0.95,"lower_bound":1267570.6842105263,"upper_bound":1269552.6951219512},"point_estimate":1268591.7291666667,"standard_error":467.0347910234001},"MedianAbsDev":{"confidence_interval":{"confidence_level":0.95,"lower_bound":2894.780877310888,"upper_bound":5194.107329940204},"point_estimate":3844.20494670666,"standard_error":586.2422278421376},"Slope":{"confidence_interval":{"confidence_level":0.95,"lower_bound":1267697.7693430767,"upper_bound":1274586.1529342302},"point_estimate":1270475.269336486,"standard_error":1798.7270074833434},"StdDev":{"confidence_interval":{"confidence_level":0.95,"lower_bound":16245.71163047408,"upper_bound":81222.96704205583},"point_estimate":54210.496005490226,"standard_error":16817.327959496084}}