{"Mean":{"confidence_interval":{"confidence_level":0.95,"lower_bound":486.2143114118935,"upper_bound":486.43118893516134},"point_estimate":486.3113395397646,"standard_error":0.05581996275857276},"Median":{"confidence_interval":{"confidence_level":0.95,"lower_bound":486.12407817109147,"upper_bound":486.16740191518954},"point_estimate":486.1501515151515,"standard_error":0.009761016521121926},"MedianAbsDev":{"confidence_interval":{"confidence_level":0.95,"lower_bound":0.06755429288813175,"upper_bound":0.12214941147829085},"point_estimate":0.09470543869930012,"standard_error":0.013898173739901466},"Slope":{"confidence_interval":{"confidence_level":0.95,"lower_bound":486.18168075401184,"upper_bound":486.50349132111785},"point_estimate":486.31593342176643,"standard_error":0.08394138821941766},"StdDev":{"confidence_interval":{"confidence_level":0.95,"lower_bound":0.26922085860567563,"upper_bound":0.803029187453699},"point_estimate":0.5600328978460054,"standard_error":0.13785952628434503}}