{"Mean":{"confidence_interval":{"confidence_level":0.95,"lower_bound":1543.2487825737392,"upper_bound":1544.3916733073393},"point_estimate":1543.713970413034,"standard_error":0.29858623908170556},"Median":{"confidence_interval":{"confidence_level":0.95,"lower_bound":1542.942531550481,"upper_bound":1543.023713235294},"point_estimate":1542.9696999289772,"standard_error":0.023904883203929243},"MedianAbsDev":{"confidence_interval":{"confidence_level":0.95,"lower_bound":0.10382913167937478,"upper_bound":0.2141312670315602},"point_estimate":0.1412010853206837,"standard_error":0.029090424751817782},"Slope":{"confidence_interval":{"confidence_level":0.95,"lower_bound":1543.081400582527,"upper_bound":1544.0191482956677},"point_estimate":1543.478375198574,"standard_error":0.2448457430248241},"StdDev":{"confidence_interval":{"confidence_level":0.95,"lower_bound":0.9775249132258167,"upper_bound":4.829408596482544},"point_estimate":3.0052198307551876,"standard_error":1.1894138108028431}}