{"Mean":{"confidence_interval":{"confidence_level":0.95,"lower_bound":18183.124409166743,"upper_bound":18198.696161450873},"point_estimate":18189.48716604348,"standard_error":4.071510239959405},"Median":{"confidence_interval":{"confidence_level":0.95,"lower_bound":18180.982265734267,"upper_bound":18181.2997979798},"point_estimate":18181.096839826838,"standard_error":0.07960733182615697},"MedianAbsDev":{"confidence_interval":{"confidence_level":0.95,"lower_bound":0.6974834108301621,"upper_bound":1.8939154180571707},"point_estimate":1.208441507470135,"standard_error":0.2995664601898255},"Slope":{"confidence_interval":{"confidence_level":0.95,"lower_bound":18182.201019025408,"upper_bound":18192.242220618227},"point_estimate":18186.19747523409,"standard_error":2.6325411717386746},"StdDev":{"confidence_interval":{"confidence_level":0.95,"lower_bound":9.045677202124908,"upper_bound":65.8403845076958},"point_estimate":40.88774985676442,"standard_error":15.898824538874695}}