{"Mean":{"confidence_interval":{"confidence_level":0.95,"lower_bound":174268.1973986638,"upper_bound":175348.67783536468},"point_estimate":174766.95230291894,"standard_error":277.20974588175216},"Median":{"confidence_interval":{"confidence_level":0.95,"lower_bound":173821.5376344086,"upper_bound":174209.9863945578},"point_estimate":173961.2431718501,"standard_error":83.68324660189654},"MedianAbsDev":{"confidence_interval":{"confidence_level":0.95,"lower_bound":741.107592718448,"upper_bound":1374.1344984313548},"point_estimate":964.548948921579,"standard_error":173.04425471737156},"Slope":{"confidence_interval":{"confidence_level":0.95,"lower_bound":173724.55339173114,"upper_bound":174968.31670967198},"point_estimate":174290.85759519236,"standard_error":318.7483635249635},"StdDev":{"confidence_interval":{"confidence_level":0.95,"lower_bound":1736.4668086750148,"upper_bound":3769.9446799507714},"point_estimate":2781.336613403005,"standard_error":528.0534036847858}}