{"Mean":{"confidence_interval":{"confidence_level":0.95,"lower_bound":9140161.632130887,"upper_bound":9169657.179525351},"point_estimate":9153665.14555194,"standard_error":7557.750960957317},"Median":{"confidence_interval":{"confidence_level":0.95,"lower_bound":9123387.409888357,"upper_bound":9129420.16091954},"point_estimate":9125302.993451465,"standard_error":1492.446685215891},"MedianAbsDev":{"confidence_interval":{"confidence_level":0.95,"lower_bound":8107.771973704251,"upper_bound":15986.811154073712},"point_estimate":11790.97075170029,"standard_error":1995.7135389181756},"Slope":{"confidence_interval":{"confidence_level":0.95,"lower_bound":9131676.112742063,"upper_bound":9155417.048620243},"point_estimate":9142614.114127383,"standard_error":6093.358060905606},"StdDev":{"confidence_interval":{"confidence_level":0.95,"lower_bound":43919.46286348222,"upper_bound":104272.45368406622},"point_estimate":76316.65466217548,"standard_error":15572.360496437113}}