{"Mean":{"confidence_interval":{"confidence_level":0.95,"lower_bound":63315.386048863715,"upper_bound":63354.16218285374},"point_estimate":63331.655314091164,"standard_error":10.064329936067935},"Median":{"confidence_interval":{"confidence_level":0.95,"lower_bound":63306.834210526315,"upper_bound":63313.00384615385},"point_estimate":63310.60167253521,"standard_error":1.590541345425628},"MedianAbsDev":{"confidence_interval":{"confidence_level":0.95,"lower_bound":7.274933954608977,"upper_bound":13.438130931255357},"point_estimate":10.17525827985346,"standard_error":1.584232987342943},"Slope":{"confidence_interval":{"confidence_level":0.95,"lower_bound":63307.380134534564,"upper_bound":63316.61062467929},"point_estimate":63310.87921179991,"standard_error":2.4353610586210754},"StdDev":{"confidence_interval":{"confidence_level":0.95,"lower_bound":25.961159338416973,"upper_bound":159.6331756859568},"point_estimate":101.2702627870267,"standard_error":35.83621174803218}}