{"Mean":{"confidence_interval":{"confidence_level":0.95,"lower_bound":1988.862906410364,"upper_bound":1990.4566298921225},"point_estimate":1989.5500360385745,"standard_error":0.4108437710074204},"Median":{"confidence_interval":{"confidence_level":0.95,"lower_bound":1988.025938431144,"upper_bound":1988.2570071954485},"point_estimate":1988.086609169427,"standard_error":0.05591379094934549},"MedianAbsDev":{"confidence_interval":{"confidence_level":0.95,"lower_bound":0.4407229012243645,"upper_bound":0.9456040494771147},"point_estimate":0.6382294402697039,"standard_error":0.1279530127061932},"Slope":{"confidence_interval":{"confidence_level":0.95,"lower_bound":1988.2311048246384,"upper_bound":1988.8687748862062},"point_estimate":1988.5294451754112,"standard_error":0.1632520123527398},"StdDev":{"confidence_interval":{"confidence_level":0.95,"lower_bound":1.9149996709507044,"upper_bound":6.329897895119145},"point_estimate":4.137848030369213,"standard_error":1.3185163326955136}}