{"Mean":{"confidence_interval":{"confidence_level":0.95,"lower_bound":12501229.191370025,"upper_bound":12520694.533522291},"point_estimate":12510280.977015132,"standard_error":5007.5156469349995},"Median":{"confidence_interval":{"confidence_level":0.95,"lower_bound":12488804.561797753,"upper_bound":12492961.733333332},"point_estimate":12490961.84775641,"standard_error":1065.2416672668721},"MedianAbsDev":{"confidence_interval":{"confidence_level":0.95,"lower_bound":7433.493960858067,"upper_bound":15394.753637245509},"point_estimate":10980.630358838125,"standard_error":2074.837355072231},"Slope":{"confidence_interval":{"confidence_level":0.95,"lower_bound":12496490.510416862,"upper_bound":12518503.699799987},"point_estimate":12506702.587734595,"standard_error":5637.996127739004},"StdDev":{"confidence_interval":{"confidence_level":0.95,"lower_bound":33870.43304187681,"upper_bound":65773.39437515309},"point_estimate":50339.48153151482,"standard_error":8247.79813756057}}