{"Mean":{"confidence_interval":{"confidence_level":0.95,"lower_bound":311617.95535896963,"upper_bound":311710.33031074115},"point_estimate":311660.2532199683,"standard_error":23.634885244147668},"Median":{"confidence_interval":{"confidence_level":0.95,"lower_bound":311571.64312607574,"upper_bound":311609.0441176471},"point_estimate":311588.4632132132,"standard_error":9.35796452769184},"MedianAbsDev":{"confidence_interval":{"confidence_level":0.95,"lower_bound":61.79221189255958,"upper_bound":109.01270372182952},"point_estimate":80.44238813289748,"standard_error":12.721854260455634},"Slope":{"confidence_interval":{"confidence_level":0.95,"lower_bound":311594.5550019278,"upper_bound":311683.39340314775},"point_estimate":311635.9390172898,"standard_error":22.701933797219144},"StdDev":{"confidence_interval":{"confidence_level":0.95,"lower_bound":139.30739602537162,"upper_bound":320.7333786933212},"point_estimate":237.25723445349226,"standard_error":46.46326421010835}}