{"Mean":{"confidence_interval":{"confidence_level":0.95,"lower_bound":3360.5285960689275,"upper_bound":3385.5936728769448},"point_estimate":3372.070671662447,"standard_error":6.425793930942383},"Median":{"confidence_interval":{"confidence_level":0.95,"lower_bound":3350.1889243641967,"upper_bound":3353.2612729562816},"point_estimate":3352.154759196056,"standard_error":0.8203719031076889},"MedianAbsDev":{"confidence_interval":{"confidence_level":0.95,"lower_bound":5.286246454218731,"upper_bound":11.006770661346382},"point_estimate":8.19939587473434,"standard_error":1.4507088638017562},"Slope":{"confidence_interval":{"confidence_level":0.95,"lower_bound":3352.246436775642,"upper_bound":3378.6771382174175},"point_estimate":3361.988914088699,"standard_error":7.128914109109758},"StdDev":{"confidence_interval":{"confidence_level":0.95,"lower_bound":39.157305937202125,"upper_bound":85.99272969784334},"point_estimate":64.61570559769794,"standard_error":11.993999139242218}}