{"Mean":{"confidence_interval":{"confidence_level":0.95,"lower_bound":521273.40475407743,"upper_bound":531292.7776542281},"point_estimate":525675.5780123015,"standard_error":2585.1306925281874},"Median":{"confidence_interval":{"confidence_level":0.95,"lower_bound":518473.9285714286,"upper_bound":519396.4477019664},"point_estimate":518916.2326007326,"standard_error":249.74346491377378},"MedianAbsDev":{"confidence_interval":{"confidence_level":0.95,"lower_bound":1104.590004399779,"upper_bound":2190.8358901500274},"point_estimate":1730.9855936947124,"standard_error":298.62607777881556},"Slope":{"confidence_interval":{"confidence_level":0.95,"lower_bound":518725.029354026,"upper_bound":525174.876243368},"point_estimate":521164.3362331905,"standard_error":1734.1666634808505},"StdDev":{"confidence_interval":{"confidence_level":0.95,"lower_bound":7377.453985945286,"upper_bound":37765.44557463462},"point_estimate":26014.09338422253,"standard_error":7254.193611767308}}