{"Mean":{"confidence_interval":{"confidence_level":0.95,"lower_bound":679.4144091359188,"upper_bound":679.7380392266741},"point_estimate":679.5593453037819,"standard_error":0.08280730227788902},"Median":{"confidence_interval":{"confidence_level":0.95,"lower_bound":679.2615872704607,"upper_bound":679.4502721953974},"point_estimate":679.3241729146938,"standard_error":0.04653226561156468},"MedianAbsDev":{"confidence_interval":{"confidence_level":0.95,"lower_bound":0.2113668596174966,"upper_bound":0.3497441605249823},"point_estimate":0.2997558683913983,"standard_error":0.033700440321067844},"Slope":{"confidence_interval":{"confidence_level":0.95,"lower_bound":679.3290119388317,"upper_bound":679.7898728759428},"point_estimate":679.517604952128,"standard_error":0.12029063820292353},"StdDev":{"confidence_interval":{"confidence_level":0.95,"lower_bound":0.3995120203693178,"upper_bound":1.1912583726249717},"point_estimate":0.8345854234768982,"standard_error":0.20561152570251326}}