{"Mean":{"confidence_interval":{"confidence_level":0.95,"lower_bound":99077.5357765684,"upper_bound":99221.96978254477},"point_estimate":99130.07085203151,"standard_error":40.991915407667165},"Median":{"confidence_interval":{"confidence_level":0.95,"lower_bound":99063.5803030303,"upper_bound":99070.68152173913},"point_estimate":99066.531292517,"standard_error":1.9062047350094309},"MedianAbsDev":{"confidence_interval":{"confidence_level":0.95,"lower_bound":10.013326185863223,"upper_bound":16.97994589465557},"point_estimate":12.403348758124434,"standard_error":1.784062619212525},"Slope":{"confidence_interval":{"confidence_level":0.95,"lower_bound":99076.46837711001,"upper_bound":99135.01354271104},"point_estimate":99100.8286924782,"standard_error":15.308512039523785},"StdDev":{"confidence_interval":{"confidence_level":0.95,"lower_bound":45.63629356641186,"upper_bound":693.6142040509634},"point_estimate":409.97769402592417,"standard_error":216.80807398697212}}