{"Mean":{"confidence_interval":{"confidence_level":0.95,"lower_bound":735430.3368892792,"upper_bound":760192.3909618469},"point_estimate":744456.9083349467,"standard_error":7074.9882375188445},"Median":{"confidence_interval":{"confidence_level":0.95,"lower_bound":732232.0439071567,"upper_bound":733496.924001924},"point_estimate":732892.2085310868,"standard_error":370.9285998591344},"MedianAbsDev":{"confidence_interval":{"confidence_level":0.95,"lower_bound":1491.9255804107192,"upper_bound":2960.800113905781},"point_estimate":2146.8701728068704,"standard_error":387.21850470335744},"Slope":{"confidence_interval":{"confidence_level":0.95,"lower_bound":733097.990363017,"upper_bound":738724.0257485398},"point_estimate":735360.924077139,"standard_error":1479.3501736809806},"StdDev":{"confidence_interval":{"confidence_level":0.95,"lower_bound":9180.67232670638,"upper_bound":120514.06997890031},"point_estimate":71191.81314864298,"standard_error":37880.8223882498}}