{"Mean":{"confidence_interval":{"confidence_level":0.95,"lower_bound":728684.4010059269,"upper_bound":732865.0551769756},"point_estimate":730585.9959748702,"standard_error":1070.2751317091816},"Median":{"confidence_interval":{"confidence_level":0.95,"lower_bound":726888.840425532,"upper_bound":727700.4537524688},"point_estimate":727109.2155015034,"standard_error":250.43365980215324},"MedianAbsDev":{"confidence_interval":{"confidence_level":0.95,"lower_bound":1277.6353022149258,"upper_bound":2499.082561757457},"point_estimate":1855.18196627557,"standard_error":306.04379641652844},"Slope":{"confidence_interval":{"confidence_level":0.95,"lower_bound":727146.750999719,"upper_bound":731580.6987518928},"point_estimate":728971.9716831683,"standard_error":1161.6166188535697},"StdDev":{"confidence_interval":{"confidence_level":0.95,"lower_bound":5999.415432155258,"upper_bound":14598.44704037662},"point_estimate":10771.444506329428,"standard_error":2176.8236533379672}}