{"Mean":{"confidence_interval":{"confidence_level":0.95,"lower_bound":2003377.6270064646,"upper_bound":2005731.526026638},"point_estimate":2004518.6013901276,"standard_error":599.7326962918811},"Median":{"confidence_interval":{"confidence_level":0.95,"lower_bound":2001991.2837837837,"upper_bound":2004221.593220339},"point_estimate":2002825.3796534017,"standard_error":529.610657197744},"MedianAbsDev":{"confidence_interval":{"confidence_level":0.95,"lower_bound":2912.2376267526797,"upper_bound":5373.548109843643},"point_estimate":3910.4792526031065,"standard_error":614.4618962073766},"Slope":{"confidence_interval":{"confidence_level":0.95,"lower_bound":2002184.9786469797,"upper_bound":2004358.4869824166},"point_estimate":2003222.72708438,"standard_error":554.7502903275578},"StdDev":{"confidence_interval":{"confidence_level":0.95,"lower_bound":4749.712807345185,"upper_bound":7282.821568412687},"point_estimate":6080.197866869388,"standard_error":648.9818073301686}}