{"Mean":{"confidence_interval":{"confidence_level":0.95,"lower_bound":31383.174099492076,"upper_bound":32246.666491862965},"point_estimate":31702.62390097661,"standard_error":241.25568810179627},"Median":{"confidence_interval":{"confidence_level":0.95,"lower_bound":31257.590384615385,"upper_bound":31322.93330615098},"point_estimate":31300.582351190475,"standard_error":16.11649775460439},"MedianAbsDev":{"confidence_interval":{"confidence_level":0.95,"lower_bound":87.5255644311928,"upper_bound":149.07545207326746},"point_estimate":122.7216711379281,"standard_error":15.730334934412536},"Slope":{"confidence_interval":{"confidence_level":0.95,"lower_bound":31270.051804870534,"upper_bound":31494.231965538507},"point_estimate":31363.62755597015,"standard_error":57.95814652912757},"StdDev":{"confidence_interval":{"confidence_level":0.95,"lower_bound":369.4264812798445,"upper_bound":4093.475712721544},"point_estimate":2429.444014015404,"standard_error":1244.469313910194}}