{"Mean":{"confidence_interval":{"confidence_level":0.95,"lower_bound":1674834.9221917444,"upper_bound":1675463.475411664},"point_estimate":1675155.5117209267,"standard_error":159.88227865256258},"Median":{"confidence_interval":{"confidence_level":0.95,"lower_bound":1675064.6233031675,"upper_bound":1675473.35},"point_estimate":1675258.773325359,"standard_error":113.28387147227004},"MedianAbsDev":{"confidence_interval":{"confidence_level":0.95,"lower_bound":601.0700340616721,"upper_bound":1024.3592286791586},"point_estimate":765.1076301666736,"standard_error":107.95594278524113},"Slope":{"confidence_interval":{"confidence_level":0.95,"lower_bound":1674876.6997966785,"upper_bound":1675401.6327881038},"point_estimate":1675136.4593941185,"standard_error":133.57829858192684},"StdDev":{"confidence_interval":{"confidence_level":0.95,"lower_bound":1056.287793563829,"upper_bound":2075.835534294341},"point_estimate":1605.3379280965107,"standard_error":260.6470794117489}}