{"Mean":{"confidence_interval":{"confidence_level":0.95,"lower_bound":35759.52017562354,"upper_bound":36830.97974847983},"point_estimate":36206.21713477,"standard_error":279.8336249607237},"Median":{"confidence_interval":{"confidence_level":0.95,"lower_bound":35512.1328337305,"upper_bound":35582.32462827988},"point_estimate":35533.13258042648,"standard_error":17.95740412512651},"MedianAbsDev":{"confidence_interval":{"confidence_level":0.95,"lower_bound":80.14504653632476,"upper_bound":170.97407794972253},"point_estimate":104.52732863745447,"standard_error":24.01378645091803},"Slope":{"confidence_interval":{"confidence_level":0.95,"lower_bound":35601.13850559743,"upper_bound":36113.48338970314},"point_estimate":35814.26877039836,"standard_error":133.15438355731376},"StdDev":{"confidence_interval":{"confidence_level":0.95,"lower_bound":716.1018062111086,"upper_bound":4464.635885782307},"point_estimate":2814.2436490799982,"standard_error":1033.9591582642613}}