{"Mean":{"confidence_interval":{"confidence_level":0.95,"lower_bound":64172.118203651116,"upper_bound":64213.57232911082},"point_estimate":64189.93204601664,"standard_error":10.706052356946579},"Median":{"confidence_interval":{"confidence_level":0.95,"lower_bound":64161.03902049731,"upper_bound":64166.055147058825},"point_estimate":64162.96567289272,"standard_error":1.146214027303268},"MedianAbsDev":{"confidence_interval":{"confidence_level":0.95,"lower_bound":7.085082468184865,"upper_bound":12.742443194636241},"point_estimate":8.81015779813795,"standard_error":1.4642849964899236},"Slope":{"confidence_interval":{"confidence_level":0.95,"lower_bound":64164.58931244017,"upper_bound":64201.234730273725},"point_estimate":64179.54753269543,"standard_error":9.584587872893927},"StdDev":{"confidence_interval":{"confidence_level":0.95,"lower_bound":39.264516361080844,"upper_bound":165.81910842171476},"point_estimate":107.75577120045286,"standard_error":34.24739278030518}}