{"Mean":{"confidence_interval":{"confidence_level":0.95,"lower_bound":483674.64387573005,"upper_bound":494320.95215147885},"point_estimate":488517.63492781384,"standard_error":2722.2698710077993},"Median":{"confidence_interval":{"confidence_level":0.95,"lower_bound":478256.10204081633,"upper_bound":483039.9486206897},"point_estimate":480528.8808745721,"standard_error":987.9135831247117},"MedianAbsDev":{"confidence_interval":{"confidence_level":0.95,"lower_bound":6950.915988623887,"upper_bound":12878.824007310228},"point_estimate":9478.247030921708,"standard_error":1437.9262879591854},"Slope":{"confidence_interval":{"confidence_level":0.95,"lower_bound":476451.5909339223,"upper_bound":479436.07158838166},"point_estimate":477876.15125658835,"standard_error":768.4775612309693},"StdDev":{"confidence_interval":{"confidence_level":0.95,"lower_bound":15306.68524612062,"upper_bound":37177.676617361016},"point_estimate":27285.949522975385,"standard_error":5570.69398549145}}