{"Mean":{"confidence_interval":{"confidence_level":0.95,"lower_bound":72776.5601957642,"upper_bound":72974.5181449685},"point_estimate":72861.81919386829,"standard_error":51.39264506449986},"Median":{"confidence_interval":{"confidence_level":0.95,"lower_bound":72721.29064039409,"upper_bound":72785.78214537047},"point_estimate":72743.35582493027,"standard_error":18.81685493845432},"MedianAbsDev":{"confidence_interval":{"confidence_level":0.95,"lower_bound":98.3300763249442,"upper_bound":181.180423833833},"point_estimate":135.847678740516,"standard_error":21.471009018660663},"Slope":{"confidence_interval":{"confidence_level":0.95,"lower_bound":72729.90680807327,"upper_bound":72781.44815081397},"point_estimate":72754.69735143238,"standard_error":13.17031568143571},"StdDev":{"confidence_interval":{"confidence_level":0.95,"lower_bound":184.55375505478827,"upper_bound":797.4973406529401},"point_estimate":517.4099006167288,"standard_error":165.97264522804707}}