{"Mean":{"confidence_interval":{"confidence_level":0.95,"lower_bound":34423932.306362115,"upper_bound":34625054.0637575},"point_estimate":34508939.141203396,"standard_error":52141.60276404917},"Median":{"confidence_interval":{"confidence_level":0.95,"lower_bound":34375246.86825397,"upper_bound":34438578.42930125},"point_estimate":34411386.322766036,"standard_error":16545.024681868268},"MedianAbsDev":{"confidence_interval":{"confidence_level":0.95,"lower_bound":97341.25767550309,"upper_bound":151405.84351095508},"point_estimate":127141.56199085823,"standard_error":13608.513036892864},"Slope":{"confidence_interval":{"confidence_level":0.95,"lower_bound":34416062.75966109,"upper_bound":34460689.10847791},"point_estimate":34437992.60178809,"standard_error":11375.744188130513},"StdDev":{"confidence_interval":{"confidence_level":0.95,"lower_bound":134398.1708214505,"upper_bound":801928.2798776275},"point_estimate":524073.1961511297,"standard_error":180229.38286327937}}