{"Mean":{"confidence_interval":{"confidence_level":0.95,"lower_bound":5681.903695012973,"upper_bound":5686.431847388018},"point_estimate":5683.757008585071,"standard_error":1.1769179097995297},"Median":{"confidence_interval":{"confidence_level":0.95,"lower_bound":5679.987127578304,"upper_bound":5682.533333333334},"point_estimate":5680.464859053989,"standard_error":0.6206704700822498},"MedianAbsDev":{"confidence_interval":{"confidence_level":0.95,"lower_bound":1.2415193279202752,"upper_bound":3.831679843898308},"point_estimate":2.211248074961087,"standard_error":0.5998731088946739},"Slope":{"confidence_interval":{"confidence_level":0.95,"lower_bound":5682.198228151416,"upper_bound":5684.297977238068},"point_estimate":5683.16984316325,"standard_error":0.537800230141067},"StdDev":{"confidence_interval":{"confidence_level":0.95,"lower_bound":4.129691671511825,"upper_bound":18.860479095250046},"point_estimate":11.805680910201051,"standard_error":4.515974265715242}}