{"Mean":{"confidence_interval":{"confidence_level":0.95,"lower_bound":412.03487709541247,"upper_bound":412.34157601861125},"point_estimate":412.1620932097428,"standard_error":0.07996128722807469},"Median":{"confidence_interval":{"confidence_level":0.95,"lower_bound":411.95211844535686,"upper_bound":411.9697157130962},"point_estimate":411.9586578787504,"standard_error":0.0039049524511972364},"MedianAbsDev":{"confidence_interval":{"confidence_level":0.95,"lower_bound":0.02573771146777879,"upper_bound":0.05632040575337464},"point_estimate":0.036961813749891013,"standard_error":0.008401735985499701},"Slope":{"confidence_interval":{"confidence_level":0.95,"lower_bound":412.00494645411476,"upper_bound":412.24111916222085},"point_estimate":412.1044619016688,"standard_error":0.061502509572994184},"StdDev":{"confidence_interval":{"confidence_level":0.95,"lower_bound":0.21581731800599027,"upper_bound":1.277764315076932},"point_estimate":0.8032011322449417,"standard_error":0.2937560241876514}}