{"Mean":{"confidence_interval":{"confidence_level":0.95,"lower_bound":157801.03394922646,"upper_bound":157976.46008990513},"point_estimate":157884.1540389932,"standard_error":44.93325449973786},"Median":{"confidence_interval":{"confidence_level":0.95,"lower_bound":157655.95499021525,"upper_bound":157705.25054945055},"point_estimate":157682.03009404388,"standard_error":12.314032935144814},"MedianAbsDev":{"confidence_interval":{"confidence_level":0.95,"lower_bound":84.64688179928712,"upper_bound":198.29595605558305},"point_estimate":141.32141394488625,"standard_error":28.522041165519937},"Slope":{"confidence_interval":{"confidence_level":0.95,"lower_bound":157832.91859028765,"upper_bound":157986.06143492495},"point_estimate":157909.4012472292,"standard_error":39.081600933056265},"StdDev":{"confidence_interval":{"confidence_level":0.95,"lower_bound":331.3893148955169,"upper_bound":564.6058748289178},"point_estimate":452.76614701128244,"standard_error":59.87820120863906}}