{"Mean":{"confidence_interval":{"confidence_level":0.95,"lower_bound":18597489.5852902,"upper_bound":18616474.266814806},"point_estimate":18606434.46799531,"standard_error":4867.189080178539},"Median":{"confidence_interval":{"confidence_level":0.95,"lower_bound":18592337.202991456,"upper_bound":18607100.774193548},"point_estimate":18597592.576923076,"standard_error":3737.900177510144},"MedianAbsDev":{"confidence_interval":{"confidence_level":0.95,"lower_bound":23373.284136373626,"upper_bound":38913.05275353161},"point_estimate":30103.358217063356,"standard_error":4042.7476990165324},"Slope":{"confidence_interval":{"confidence_level":0.95,"lower_bound":18585322.321044456,"upper_bound":18609906.771579698},"point_estimate":18596110.095942073,"standard_error":6338.085642070698},"StdDev":{"confidence_interval":{"confidence_level":0.95,"lower_bound":33395.466750102336,"upper_bound":64384.48749498537},"point_estimate":48986.277388790884,"standard_error":8059.914652419512}}