{"Mean":{"confidence_interval":{"confidence_level":0.95,"lower_bound":212.45599040017123,"upper_bound":212.62989752795113},"point_estimate":212.5259471682899,"standard_error":0.04579589379239687},"Median":{"confidence_interval":{"confidence_level":0.95,"lower_bound":212.42729255517446,"upper_bound":212.4361015214892},"point_estimate":212.43186777290833,"standard_error":0.002295329829941768},"MedianAbsDev":{"confidence_interval":{"confidence_level":0.95,"lower_bound":0.012110614904650041,"upper_bound":0.02182734310754129},"point_estimate":0.01505521734111575,"standard_error":0.002375866836986248},"Slope":{"confidence_interval":{"confidence_level":0.95,"lower_bound":212.4513958029698,"upper_bound":212.5755098443366},"point_estimate":212.50108072711362,"standard_error":0.03247249605021278},"StdDev":{"confidence_interval":{"confidence_level":0.95,"lower_bound":0.09019340410513506,"upper_bound":0.7497986505871501},"point_estimate":0.4607464513121159,"standard_error":0.1897855156089964}}