{"Mean":{"confidence_interval":{"confidence_level":0.95,"lower_bound":10242.969576542117,"upper_bound":10250.79571577875},"point_estimate":10246.03006286931,"standard_error":2.099507344830751},"Median":{"confidence_interval":{"confidence_level":0.95,"lower_bound":10244.144835070256,"upper_bound":10245.776632302406},"point_estimate":10245.354350403319,"standard_error":0.4657557878018185},"MedianAbsDev":{"confidence_interval":{"confidence_level":0.95,"lower_bound":2.3562404810135975,"upper_bound":8.015642731404855},"point_estimate":5.760087025860167,"standard_error":1.4522138927408723},"Slope":{"confidence_interval":{"confidence_level":0.95,"lower_bound":10242.014072875327,"upper_bound":10246.593340210105},"point_estimate":10244.304125417619,"standard_error":1.1666943985221467},"StdDev":{"confidence_interval":{"confidence_level":0.95,"lower_bound":6.027065459727214,"upper_bound":34.93958374369801},"point_estimate":21.114533075342905,"standard_error":9.713657165835313}}