{"Mean":{"confidence_interval":{"confidence_level":0.95,"lower_bound":4126076.3293731166,"upper_bound":4139928.052409809},"point_estimate":4132314.7308983593,"standard_error":3535.399696637314},"Median":{"confidence_interval":{"confidence_level":0.95,"lower_bound":4121495.0865800865,"upper_bound":4126259.727272727},"point_estimate":4123464.313095238,"standard_error":1113.4152035965083},"MedianAbsDev":{"confidence_interval":{"confidence_level":0.95,"lower_bound":7632.513235404949,"upper_bound":14042.105018215589},"point_estimate":10540.600250216501,"standard_error":1551.9707352363585},"Slope":{"confidence_interval":{"confidence_level":0.95,"lower_bound":4121823.1464801487,"upper_bound":4138727.1181404465},"point_estimate":4129322.750551204,"standard_error":4356.947963107597},"StdDev":{"confidence_interval":{"confidence_level":0.95,"lower_bound":19707.83867794035,"upper_bound":50288.50019962363},"point_estimate":35564.12441276546,"standard_error":8032.62629498295}}