{"Mean":{"confidence_interval":{"confidence_level":0.95,"lower_bound":4489.969853144045,"upper_bound":4640.379694537206},"point_estimate":4556.506954750758,"standard_error":38.58323876451426},"Median":{"confidence_interval":{"confidence_level":0.95,"lower_bound":4420.566900233567,"upper_bound":4428.00993038493},"point_estimate":4422.90872217202,"standard_error":2.092187997915049},"MedianAbsDev":{"confidence_interval":{"confidence_level":0.95,"lower_bound":9.150776058207589,"upper_bound":19.62355137960013},"point_estimate":12.427323007167152,"standard_error":2.8311573294644385},"Slope":{"confidence_interval":{"confidence_level":0.95,"lower_bound":4427.214597955741,"upper_bound":4475.584519098477},"point_estimate":4446.455863231341,"standard_error":12.699824085347297},"StdDev":{"confidence_interval":{"confidence_level":0.95,"lower_bound":198.4122617446668,"upper_bound":571.0318296830201},"point_estimate":387.32493123433454,"standard_error":104.83243240567026}}