{"Mean":{"confidence_interval":{"confidence_level":0.95,"lower_bound":20762.38282772606,"upper_bound":20780.189308665755},"point_estimate":20769.863732658247,"standard_error":4.605484118207736},"Median":{"confidence_interval":{"confidence_level":0.95,"lower_bound":20757.926697896903,"upper_bound":20759.9287109375},"point_estimate":20758.905632411068,"standard_error":0.46882187412368465},"MedianAbsDev":{"confidence_interval":{"confidence_level":0.95,"lower_bound":3.632541532729761,"upper_bound":6.526692842166541},"point_estimate":4.943601710180281,"standard_error":0.6881208503621631},"Slope":{"confidence_interval":{"confidence_level":0.95,"lower_bound":20758.602935827297,"upper_bound":20769.336466735826},"point_estimate":20763.161771402887,"standard_error":2.791460899609435},"StdDev":{"confidence_interval":{"confidence_level":0.95,"lower_bound":14.139121331045773,"upper_bound":73.030002964544},"point_estimate":46.317265292121576,"standard_error":16.025605198880612}}