{"Mean":{"confidence_interval":{"confidence_level":0.95,"lower_bound":1449.903692822734,"upper_bound":1453.6672471652719},"point_estimate":1451.7968262030845,"standard_error":0.9611056084456933},"Median":{"confidence_interval":{"confidence_level":0.95,"lower_bound":1447.3769598787362,"upper_bound":1457.519037413751},"point_estimate":1454.5272883015173,"standard_error":3.2838994225620053},"MedianAbsDev":{"confidence_interval":{"confidence_level":0.95,"lower_bound":7.160190635451539,"upper_bound":15.525917215286979},"point_estimate":12.160285248001843,"standard_error":2.172743295555709},"Slope":{"confidence_interval":{"confidence_level":0.95,"lower_bound":1448.4628586715073,"upper_bound":1453.1827824150596},"point_estimate":1450.8205449656675,"standard_error":1.201766059995861},"StdDev":{"confidence_interval":{"confidence_level":0.95,"lower_bound":9.065308475273943,"upper_bound":10.079568649634219},"point_estimate":9.644199699766702,"standard_error":0.25782815654440233}}