{"Mean":{"confidence_interval":{"confidence_level":0.95,"lower_bound":8687.258889469342,"upper_bound":8830.75912090479},"point_estimate":8751.509297940738,"standard_error":36.79902048370919},"Median":{"confidence_interval":{"confidence_level":0.95,"lower_bound":8639.649839631851,"upper_bound":8660.430566133537},"point_estimate":8648.869605364791,"standard_error":5.357504192349862},"MedianAbsDev":{"confidence_interval":{"confidence_level":0.95,"lower_bound":29.9904334407911,"upper_bound":57.735992674351515},"point_estimate":42.41705593011391,"standard_error":7.302203607153273},"Slope":{"confidence_interval":{"confidence_level":0.95,"lower_bound":8659.078548747475,"upper_bound":8904.482568589494},"point_estimate":8757.634291341059,"standard_error":64.09753604285534},"StdDev":{"confidence_interval":{"confidence_level":0.95,"lower_bound":185.12426537910628,"upper_bound":516.9303594661186},"point_estimate":368.90966331199104,"standard_error":85.54949011249278}}