{"Mean":{"confidence_interval":{"confidence_level":0.95,"lower_bound":4454134.35989164,"upper_bound":4571187.73720771},"point_estimate":4515455.240135369,"standard_error":29780.21633229772},"Median":{"confidence_interval":{"confidence_level":0.95,"lower_bound":4494024.252873563,"upper_bound":4563007.805217832},"point_estimate":4533336.315955952,"standard_error":17501.660794005842},"MedianAbsDev":{"confidence_interval":{"confidence_level":0.95,"lower_bound":115200.70328429744,"upper_bound":210424.93922777692},"point_estimate":155798.46484354063,"standard_error":24891.845703257906},"Slope":{"confidence_interval":{"confidence_level":0.95,"lower_bound":4480645.4005680205,"upper_bound":4548836.508565411},"point_estimate":4515296.848024235,"standard_error":17425.3305342069},"StdDev":{"confidence_interval":{"confidence_level":0.95,"lower_bound":197732.97979448774,"upper_bound":406703.56965746725},"point_estimate":298192.53893112385,"standard_error":55801.143673209415}}