{"Mean":{"confidence_interval":{"confidence_level":0.95,"lower_bound":38523.57732510324,"upper_bound":39402.5990998603},"point_estimate":38974.54180824454,"standard_error":224.31909172001292},"Median":{"confidence_interval":{"confidence_level":0.95,"lower_bound":39655.351282051284,"upper_bound":39804.21339950372},"point_estimate":39725.35789973509,"standard_error":36.45865807812936},"MedianAbsDev":{"confidence_interval":{"confidence_level":0.95,"lower_bound":254.8939884359765,"upper_bound":1456.1032201459184},"point_estimate":794.408258612542,"standard_error":348.9645906582584},"Slope":{"confidence_interval":{"confidence_level":0.95,"lower_bound":37993.20410881629,"upper_bound":39116.60951772245},"point_estimate":38572.09814109195,"standard_error":287.2990631174449},"StdDev":{"confidence_interval":{"confidence_level":0.95,"lower_bound":1956.3008527931695,"upper_bound":2488.1932688975944},"point_estimate":2261.2178986744607,"standard_error":135.88958134115018}}