{"Mean":{"confidence_interval":{"confidence_level":0.95,"lower_bound":7801791.475438293,"upper_bound":7829575.271659375},"point_estimate":7814219.608653653,"standard_error":7141.178420566278},"Median":{"confidence_interval":{"confidence_level":0.95,"lower_bound":7789616.487692308,"upper_bound":7793692.691480562},"point_estimate":7791565.4277597405,"standard_error":990.3982629297831},"MedianAbsDev":{"confidence_interval":{"confidence_level":0.95,"lower_bound":4825.186820763638,"upper_bound":9331.35450683548},"point_estimate":6083.016908141475,"standard_error":1165.8873912779118},"Slope":{"confidence_interval":{"confidence_level":0.95,"lower_bound":7796857.003314247,"upper_bound":7816319.398116979},"point_estimate":7805676.4739382295,"standard_error":4986.198111610171},"StdDev":{"confidence_interval":{"confidence_level":0.95,"lower_bound":36075.85618481084,"upper_bound":103117.43222788314},"point_estimate":71671.34245243733,"standard_error":17479.727496153242}}