{"Mean":{"confidence_interval":{"confidence_level":0.95,"lower_bound":193342.2955862313,"upper_bound":193367.36423489204},"point_estimate":193353.96224474546,"standard_error":6.409200940229331},"Median":{"confidence_interval":{"confidence_level":0.95,"lower_bound":193337.00666666665,"upper_bound":193350.6352657005},"point_estimate":193343.44821428572,"standard_error":3.7447938211978027},"MedianAbsDev":{"confidence_interval":{"confidence_level":0.95,"lower_bound":21.591244616669332,"upper_bound":34.70210894451778},"point_estimate":27.684594456425014,"standard_error":3.2963287920860336},"Slope":{"confidence_interval":{"confidence_level":0.95,"lower_bound":193333.86245584956,"upper_bound":193357.82151687515},"point_estimate":193343.9563351559,"standard_error":6.2268270842272875},"StdDev":{"confidence_interval":{"confidence_level":0.95,"lower_bound":39.860511288167004,"upper_bound":86.45879921015883},"point_estimate":64.34793964678245,"standard_error":11.975768576907196}}