{"Mean":{"confidence_interval":{"confidence_level":0.95,"lower_bound":2808.47594892555,"upper_bound":2808.897984593874},"point_estimate":2808.6679202493856,"standard_error":0.1077277621575422},"Median":{"confidence_interval":{"confidence_level":0.95,"lower_bound":2808.35952043707,"upper_bound":2808.608834507312},"point_estimate":2808.459753136382,"standard_error":0.058137948257451104},"MedianAbsDev":{"confidence_interval":{"confidence_level":0.95,"lower_bound":0.3534642197690917,"upper_bound":0.585451413335589},"point_estimate":0.42653687054585643,"standard_error":0.05771346006561196},"Slope":{"confidence_interval":{"confidence_level":0.95,"lower_bound":2808.3520518048344,"upper_bound":2808.603661247498},"point_estimate":2808.4761093140305,"standard_error":0.06412238123197288},"StdDev":{"confidence_interval":{"confidence_level":0.95,"lower_bound":0.6262557168771754,"upper_bound":1.5336875106868422},"point_estimate":1.081077146848598,"standard_error":0.24196161824023066}}