{"Mean":{"confidence_interval":{"confidence_level":0.95,"lower_bound":1170.457083726358,"upper_bound":1171.1470646571393},"point_estimate":1170.754008669311,"standard_error":0.17815605246597202},"Median":{"confidence_interval":{"confidence_level":0.95,"lower_bound":1170.333253829402,"upper_bound":1170.3571053322826},"point_estimate":1170.3438660925362,"standard_error":0.005979987467082227},"MedianAbsDev":{"confidence_interval":{"confidence_level":0.95,"lower_bound":0.030456465230212792,"upper_bound":0.0602357754492499},"point_estimate":0.04155672472726683,"standard_error":0.007425271058473704},"Slope":{"confidence_interval":{"confidence_level":0.95,"lower_bound":1170.4186754024422,"upper_bound":1171.4166145817808},"point_estimate":1170.7948841111486,"standard_error":0.26987477337878935},"StdDev":{"confidence_interval":{"confidence_level":0.95,"lower_bound":0.5675660479731915,"upper_bound":2.6994338136388727},"point_estimate":1.7856689291620085,"standard_error":0.5561539903677136}}