{"Mean":{"confidence_interval":{"confidence_level":0.95,"lower_bound":451.11287609617517,"upper_bound":451.6158522945118},"point_estimate":451.3536172688226,"standard_error":0.1285195096219967},"Median":{"confidence_interval":{"confidence_level":0.95,"lower_bound":450.5671739626083,"upper_bound":452.0555401787384},"point_estimate":451.8184065777474,"standard_error":0.4007226022536512},"MedianAbsDev":{"confidence_interval":{"confidence_level":0.95,"lower_bound":0.5547298949712812,"upper_bound":1.6775412222126571},"point_estimate":1.0740226407148397,"standard_error":0.31809251361190743},"Slope":{"confidence_interval":{"confidence_level":0.95,"lower_bound":451.02921107772227,"upper_bound":451.52302814172657},"point_estimate":451.2749069486445,"standard_error":0.12588336280567508},"StdDev":{"confidence_interval":{"confidence_level":0.95,"lower_bound":0.9898546897724148,"upper_bound":1.670836699072688},"point_estimate":1.288076516438826,"standard_error":0.19598011373013222}}