{"Mean":{"confidence_interval":{"confidence_level":0.95,"lower_bound":630.006100827715,"upper_bound":630.2851827726381},"point_estimate":630.1315162667061,"standard_error":0.07177008076611491},"Median":{"confidence_interval":{"confidence_level":0.95,"lower_bound":629.7860649603352,"upper_bound":630.1312331104405},"point_estimate":629.8820656125046,"standard_error":0.09478553151735573},"MedianAbsDev":{"confidence_interval":{"confidence_level":0.95,"lower_bound":0.149252459424363,"upper_bound":0.4756189808099325},"point_estimate":0.30234679875882,"standard_error":0.08613426882562436},"Slope":{"confidence_interval":{"confidence_level":0.95,"lower_bound":630.0262796738613,"upper_bound":630.4353759586525},"point_estimate":630.1998571517742,"standard_error":0.1061106002871489},"StdDev":{"confidence_interval":{"confidence_level":0.95,"lower_bound":0.38709754416194947,"upper_bound":1.0203360036493752},"point_estimate":0.717235645056917,"standard_error":0.1653186039309381}}