{"Mean":{"confidence_interval":{"confidence_level":0.95,"lower_bound":7384.177843183939,"upper_bound":7386.291848096906},"point_estimate":7385.149113789492,"standard_error":0.5414485183286482},"Median":{"confidence_interval":{"confidence_level":0.95,"lower_bound":7383.106303588441,"upper_bound":7383.8309631354505},"point_estimate":7383.579279184509,"standard_error":0.19892885454762324},"MedianAbsDev":{"confidence_interval":{"confidence_level":0.95,"lower_bound":0.9102286422606819,"upper_bound":1.6215580190053989},"point_estimate":1.2815925477990702,"standard_error":0.1764892930802918},"Slope":{"confidence_interval":{"confidence_level":0.95,"lower_bound":7384.090604060831,"upper_bound":7386.502355074132},"point_estimate":7385.190492446884,"standard_error":0.6194295487527948},"StdDev":{"confidence_interval":{"confidence_level":0.95,"lower_bound":3.263592452533512,"upper_bound":7.445768641327406},"point_estimate":5.4523686241736025,"standard_error":1.0837235263088512}}