{"Mean":{"confidence_interval":{"confidence_level":0.95,"lower_bound":93.80261055560206,"upper_bound":93.81121810880548},"point_estimate":93.80684190157554,"standard_error":0.0021976736120121},"Median":{"confidence_interval":{"confidence_level":0.95,"lower_bound":93.7989574661779,"upper_bound":93.81099777919694},"point_estimate":93.80337158437831,"standard_error":0.0029692753695179605},"MedianAbsDev":{"confidence_interval":{"confidence_level":0.95,"lower_bound":0.017207338385334482,"upper_bound":0.026022182716471588},"point_estimate":0.020801715201807278,"standard_error":0.002178720036730215},"Slope":{"confidence_interval":{"confidence_level":0.95,"lower_bound":93.79190101115303,"upper_bound":93.799585520295},"point_estimate":93.79558486864956,"standard_error":0.0019605268741683286},"StdDev":{"confidence_interval":{"confidence_level":0.95,"lower_bound":0.018506332926303645,"upper_bound":0.025265825348514293},"point_estimate":0.022044916892788494,"standard_error":0.0017268920616843343}}