{"Mean":{"confidence_interval":{"confidence_level":0.95,"lower_bound":3381.849450153219,"upper_bound":3384.209778066764},"point_estimate":3382.7897206618463,"standard_error":0.6214301303944474},"Median":{"confidence_interval":{"confidence_level":0.95,"lower_bound":3381.269709897611,"upper_bound":3381.734215017065},"point_estimate":3381.468149364311,"standard_error":0.13172884058192452},"MedianAbsDev":{"confidence_interval":{"confidence_level":0.95,"lower_bound":0.5504865205808767,"upper_bound":1.1121324000136676},"point_estimate":0.7872818853800595,"standard_error":0.14660287515083936},"Slope":{"confidence_interval":{"confidence_level":0.95,"lower_bound":3381.832232599256,"upper_bound":3382.9997677509396},"point_estimate":3382.360517548775,"standard_error":0.3004261919576981},"StdDev":{"confidence_interval":{"confidence_level":0.95,"lower_bound":1.6046925347329262,"upper_bound":10.181692446391299},"point_estimate":6.245087100768682,"standard_error":2.6153530310654816}}