{"Mean":{"confidence_interval":{"confidence_level":0.95,"lower_bound":994.6720217659436,"upper_bound":994.7573138333855},"point_estimate":994.7143805815082,"standard_error":0.021732237607085272},"Median":{"confidence_interval":{"confidence_level":0.95,"lower_bound":994.5859296482412,"upper_bound":994.7421756932813},"point_estimate":994.6181949154641,"standard_error":0.0370687843233507},"MedianAbsDev":{"confidence_interval":{"confidence_level":0.95,"lower_bound":0.10305462491919706,"upper_bound":0.2789698366466745},"point_estimate":0.1643226757874721,"standard_error":0.048834659335316326},"Slope":{"confidence_interval":{"confidence_level":0.95,"lower_bound":994.612426019755,"upper_bound":994.6931447241225},"point_estimate":994.6504438195113,"standard_error":0.020676408986085158},"StdDev":{"confidence_interval":{"confidence_level":0.95,"lower_bound":0.19083809697066248,"upper_bound":0.24223694810755048},"point_estimate":0.21793796836014706,"standard_error":0.013108818345251206}}