{"Mean":{"confidence_interval":{"confidence_level":0.95,"lower_bound":1028.2910870501853,"upper_bound":1030.8806220127826},"point_estimate":1029.6047450014003,"standard_error":0.6586002299360886},"Median":{"confidence_interval":{"confidence_level":0.95,"lower_bound":1028.3033922996879,"upper_bound":1031.2379589713096},"point_estimate":1029.4119884448723,"standard_error":0.752673708436449},"MedianAbsDev":{"confidence_interval":{"confidence_level":0.95,"lower_bound":4.659228833834614,"upper_bound":7.4965839206728},"point_estimate":6.138283532173339,"standard_error":0.6942831949512586},"Slope":{"confidence_interval":{"confidence_level":0.95,"lower_bound":1028.5762556118032,"upper_bound":1031.211358623686},"point_estimate":1029.8728361807246,"standard_error":0.6709997251550002},"StdDev":{"confidence_interval":{"confidence_level":0.95,"lower_bound":5.344308075797225,"upper_bound":7.839029432876253},"point_estimate":6.621987688748983,"standard_error":0.6401114338833093}}