{"Mean":{"confidence_interval":{"confidence_level":0.95,"lower_bound":111130.35264293037,"upper_bound":111200.87026106373},"point_estimate":111163.40828557363,"standard_error":18.02697480585057},"Median":{"confidence_interval":{"confidence_level":0.95,"lower_bound":111104.85177748029,"upper_bound":111147.98717948717},"point_estimate":111124.47861842105,"standard_error":10.466239458468161},"MedianAbsDev":{"confidence_interval":{"confidence_level":0.95,"lower_bound":56.14165481145806,"upper_bound":90.2442178898661},"point_estimate":71.84287147014605,"standard_error":8.585693540011114},"Slope":{"confidence_interval":{"confidence_level":0.95,"lower_bound":111116.55612685092,"upper_bound":111197.14753665883},"point_estimate":111150.47824442145,"standard_error":20.92816254222673},"StdDev":{"confidence_interval":{"confidence_level":0.95,"lower_bound":114.36184118437663,"upper_bound":238.84509076769243},"point_estimate":181.8879469678141,"standard_error":31.81742560095193}}