{"Mean":{"confidence_interval":{"confidence_level":0.95,"lower_bound":512450.5722605478,"upper_bound":512923.56325149315},"point_estimate":512647.0561933172,"standard_error":122.7021516362481},"Median":{"confidence_interval":{"confidence_level":0.95,"lower_bound":512379.53125,"upper_bound":512442.8},"point_estimate":512404.8523735581,"standard_error":14.043118605178377},"MedianAbsDev":{"confidence_interval":{"confidence_level":0.95,"lower_bound":100.51470508087824,"upper_bound":187.8173471664524},"point_estimate":155.07944245511902,"standard_error":21.431813747836816},"Slope":{"confidence_interval":{"confidence_level":0.95,"lower_bound":512417.3815227545,"upper_bound":512564.8633970044},"point_estimate":512484.3135288902,"standard_error":37.836324909489726},"StdDev":{"confidence_interval":{"confidence_level":0.95,"lower_bound":336.14487549789516,"upper_bound":1951.1950964389514},"point_estimate":1228.262852473925,"standard_error":440.9199276581604}}