{"Mean":{"confidence_interval":{"confidence_level":0.95,"lower_bound":402653.4329512226,"upper_bound":405485.6480679676},"point_estimate":403910.54744810524,"standard_error":733.8335004225161},"Median":{"confidence_interval":{"confidence_level":0.95,"lower_bound":401932.00350439537,"upper_bound":402370.6666666667},"point_estimate":402074.6195614035,"standard_error":118.42263995329708},"MedianAbsDev":{"confidence_interval":{"confidence_level":0.95,"lower_bound":678.2614252046355,"upper_bound":1218.7027154676646},"point_estimate":926.8896550999688,"standard_error":130.3458111809897},"Slope":{"confidence_interval":{"confidence_level":0.95,"lower_bound":401879.1035998067,"upper_bound":405699.6622693471},"point_estimate":403129.2199339934,"standard_error":1115.8549328255353},"StdDev":{"confidence_interval":{"confidence_level":0.95,"lower_bound":3515.5918754544314,"upper_bound":10349.985257997465},"point_estimate":7379.702382591247,"standard_error":1834.8938964090576}}