{"Mean":{"confidence_interval":{"confidence_level":0.95,"lower_bound":128494.97533633532,"upper_bound":128605.20908920406},"point_estimate":128538.86615051072,"standard_error":29.020828607809836},"Median":{"confidence_interval":{"confidence_level":0.95,"lower_bound":128467.93529411765,"upper_bound":128483.52935971686},"point_estimate":128480.1125,"standard_error":4.589094615682616},"MedianAbsDev":{"confidence_interval":{"confidence_level":0.95,"lower_bound":20.32198507447632,"upper_bound":39.62080594818013},"point_estimate":31.461811069481886,"standard_error":4.7326503427087045},"Slope":{"confidence_interval":{"confidence_level":0.95,"lower_bound":128473.5615982222,"upper_bound":128521.1228449941},"point_estimate":128494.63937232156,"standard_error":12.18556367727237},"StdDev":{"confidence_interval":{"confidence_level":0.95,"lower_bound":71.12332963415308,"upper_bound":473.36611216417623},"point_estimate":290.60417011895584,"standard_error":120.64463482413247}}