{"Mean":{"confidence_interval":{"confidence_level":0.95,"lower_bound":27903.022166419614,"upper_bound":28174.24950678604},"point_estimate":28010.781959557884,"standard_error":71.38252911774705},"Median":{"confidence_interval":{"confidence_level":0.95,"lower_bound":27860.196296296297,"upper_bound":27888.899470899472},"point_estimate":27876.13405023959,"standard_error":6.936705233006099},"MedianAbsDev":{"confidence_interval":{"confidence_level":0.95,"lower_bound":51.66349876551566,"upper_bound":83.37416339160791},"point_estimate":69.76897954077485,"standard_error":7.60188530087763},"Slope":{"confidence_interval":{"confidence_level":0.95,"lower_bound":27858.277454517593,"upper_bound":28042.618269146722},"point_estimate":27920.675037354482,"standard_error":51.572092250313574},"StdDev":{"confidence_interval":{"confidence_level":0.95,"lower_bound":149.58440413572293,"upper_bound":1170.2179395792427},"point_estimate":715.5550548424719,"standard_error":302.15833321436656}}