{"Mean":{"confidence_interval":{"confidence_level":0.95,"lower_bound":606.5384018525217,"upper_bound":606.9913973469453},"point_estimate":606.7641715936314,"standard_error":0.11556876432364706},"Median":{"confidence_interval":{"confidence_level":0.95,"lower_bound":605.6264706222597,"upper_bound":607.7824954015941},"point_estimate":607.0714173308809,"standard_error":0.5778257968865395},"MedianAbsDev":{"confidence_interval":{"confidence_level":0.95,"lower_bound":0.22030786175925104,"upper_bound":1.7354820849924615},"point_estimate":1.2456562033200582,"standard_error":0.4500564870484594},"Slope":{"confidence_interval":{"confidence_level":0.95,"lower_bound":606.4775955277466,"upper_bound":607.0173570352831},"point_estimate":606.7469590251026,"standard_error":0.13780273937193982},"StdDev":{"confidence_interval":{"confidence_level":0.95,"lower_bound":1.0850655943577965,"upper_bound":1.2453648845548608},"point_estimate":1.1632021144166924,"standard_error":0.04119615004887945}}