{"Mean":{"confidence_interval":{"confidence_level":0.95,"lower_bound":8231.601057169706,"upper_bound":8236.341809838239},"point_estimate":8233.961552341061,"standard_error":1.2101533276176228},"Median":{"confidence_interval":{"confidence_level":0.95,"lower_bound":8228.598681621408,"upper_bound":8236.796905222438},"point_estimate":8234.701627066115,"standard_error":2.636611140780165},"MedianAbsDev":{"confidence_interval":{"confidence_level":0.95,"lower_bound":6.875257573124009,"upper_bound":12.465771222570972},"point_estimate":9.84800193613888,"standard_error":1.6297772136486064},"Slope":{"confidence_interval":{"confidence_level":0.95,"lower_bound":8232.553274604319,"upper_bound":8237.394994088267},"point_estimate":8234.956525359456,"standard_error":1.2349892895401031},"StdDev":{"confidence_interval":{"confidence_level":0.95,"lower_bound":9.760979593098225,"upper_bound":14.492392435042238},"point_estimate":12.150813596524662,"standard_error":1.2163116551247837}}