{"Mean":{"confidence_interval":{"confidence_level":0.95,"lower_bound":19183.121358745346,"upper_bound":19579.591907210674},"point_estimate":19373.13581460905,"standard_error":101.23434099986994},"Median":{"confidence_interval":{"confidence_level":0.95,"lower_bound":18879.575933411117,"upper_bound":19374.584905660377},"point_estimate":19056.75883045526,"standard_error":128.53205354084812},"MedianAbsDev":{"confidence_interval":{"confidence_level":0.95,"lower_bound":592.0423519403595,"upper_bound":1073.6994443397552},"point_estimate":804.5490864484603,"standard_error":123.05135912898334},"Slope":{"confidence_interval":{"confidence_level":0.95,"lower_bound":18923.98643929782,"upper_bound":19367.590960822094},"point_estimate":19135.84322742722,"standard_error":113.16550972935782},"StdDev":{"confidence_interval":{"confidence_level":0.95,"lower_bound":781.8075251286842,"upper_bound":1263.5320714423856},"point_estimate":1015.8963117994342,"standard_error":124.92347080960369}}