{"Mean":{"confidence_interval":{"confidence_level":0.95,"lower_bound":1023.982626603362,"upper_bound":1024.4278508909363},"point_estimate":1024.1670925150909,"standard_error":0.11605596685736323},"Median":{"confidence_interval":{"confidence_level":0.95,"lower_bound":1023.8938040535394,"upper_bound":1023.9172963651864},"point_estimate":1023.906402357577,"standard_error":0.005771843483692649},"MedianAbsDev":{"confidence_interval":{"confidence_level":0.95,"lower_bound":0.05099517237507608,"upper_bound":0.09310537686900178},"point_estimate":0.0722273570268096,"standard_error":0.011162089829809551},"Slope":{"confidence_interval":{"confidence_level":0.95,"lower_bound":1023.9671460943066,"upper_bound":1024.2880055828946},"point_estimate":1024.1117350398245,"standard_error":0.08224276762226437},"StdDev":{"confidence_interval":{"confidence_level":0.95,"lower_bound":0.380474363153316,"upper_bound":1.8451321370373388},"point_estimate":1.1618948488779406,"standard_error":0.4310385938682924}}