{"Mean":{"confidence_interval":{"confidence_level":0.95,"lower_bound":10934.100082946763,"upper_bound":10959.299010812474},"point_estimate":10946.620410012996,"standard_error":6.436557886953464},"Median":{"confidence_interval":{"confidence_level":0.95,"lower_bound":10923.737702773416,"upper_bound":10960.289738430583},"point_estimate":10951.693907817196,"standard_error":10.559728830047309},"MedianAbsDev":{"confidence_interval":{"confidence_level":0.95,"lower_bound":54.963205791249834,"upper_bound":88.06569523512213},"point_estimate":74.60811207870455,"standard_error":8.205014571617838},"Slope":{"confidence_interval":{"confidence_level":0.95,"lower_bound":10914.87986395132,"upper_bound":10937.69761096637},"point_estimate":10926.191751535003,"standard_error":5.826681373387783},"StdDev":{"confidence_interval":{"confidence_level":0.95,"lower_bound":56.24876345343758,"upper_bound":72.40236483892949},"point_estimate":64.80866553689694,"standard_error":4.111839318116889}}