{"Mean":{"confidence_interval":{"confidence_level":0.95,"lower_bound":11342.41811056762,"upper_bound":11343.010851725625},"point_estimate":11342.711933322847,"standard_error":0.15130200721568574},"Median":{"confidence_interval":{"confidence_level":0.95,"lower_bound":11342.38428297055,"upper_bound":11342.927272727273},"point_estimate":11342.667577214452,"standard_error":0.13426490021030385},"MedianAbsDev":{"confidence_interval":{"confidence_level":0.95,"lower_bound":0.673707773574754,"upper_bound":1.2018173374692354},"point_estimate":0.9105041148951398,"standard_error":0.13267023585746654},"Slope":{"confidence_interval":{"confidence_level":0.95,"lower_bound":11342.56472902587,"upper_bound":11342.899231095784},"point_estimate":11342.732427925628,"standard_error":0.08478530783876252},"StdDev":{"confidence_interval":{"confidence_level":0.95,"lower_bound":1.215153789085764,"upper_bound":1.7957951870176585},"point_estimate":1.521689553624513,"standard_error":0.14817758148015966}}