{"Mean":{"confidence_interval":{"confidence_level":0.95,"lower_bound":232.47326308830932,"upper_bound":232.538688179954},"point_estimate":232.50667189673618,"standard_error":0.016663964926195277},"Median":{"confidence_interval":{"confidence_level":0.95,"lower_bound":232.48729372094212,"upper_bound":232.52174853113985},"point_estimate":232.50187556435154,"standard_error":0.010543887520399434},"MedianAbsDev":{"confidence_interval":{"confidence_level":0.95,"lower_bound":0.06618072326268275,"upper_bound":0.12048240297264448},"point_estimate":0.08795675320075172,"standard_error":0.013642497063951927},"Slope":{"confidence_interval":{"confidence_level":0.95,"lower_bound":232.4908195463344,"upper_bound":232.52237675977992},"point_estimate":232.50687300521975,"standard_error":0.008031407385672146},"StdDev":{"confidence_interval":{"confidence_level":0.95,"lower_bound":0.12112787883509105,"upper_bound":0.20862606957982818},"point_estimate":0.16743235733234832,"standard_error":0.022296626556359604}}