{"Mean":{"confidence_interval":{"confidence_level":0.95,"lower_bound":213655.91155252536,"upper_bound":213713.55519204104},"point_estimate":213681.71444313205,"standard_error":14.78142333174984},"Median":{"confidence_interval":{"confidence_level":0.95,"lower_bound":213639.2101010101,"upper_bound":213644.84054054055},"point_estimate":213642.08196969697,"standard_error":1.3545324940050938},"MedianAbsDev":{"confidence_interval":{"confidence_level":0.95,"lower_bound":10.394475061347434,"upper_bound":19.289427930284532},"point_estimate":14.754045163895135,"standard_error":2.362982976057448},"Slope":{"confidence_interval":{"confidence_level":0.95,"lower_bound":213654.92064627612,"upper_bound":213716.99399815997},"point_estimate":213682.91719225654,"standard_error":15.910567753613732},"StdDev":{"confidence_interval":{"confidence_level":0.95,"lower_bound":76.79781965899805,"upper_bound":212.00958341545655},"point_estimate":149.1647825173442,"standard_error":34.97992567280078}}