{"Mean":{"confidence_interval":{"confidence_level":0.95,"lower_bound":4740.954418695131,"upper_bound":4743.174097988119},"point_estimate":4741.853514468458,"standard_error":0.5831419758200067},"Median":{"confidence_interval":{"confidence_level":0.95,"lower_bound":4740.9434100352555,"upper_bound":4741.130771275508},"point_estimate":4741.039599118687,"standard_error":0.05147842453102594},"MedianAbsDev":{"confidence_interval":{"confidence_level":0.95,"lower_bound":0.31388855341583183,"upper_bound":0.6355940105922148},"point_estimate":0.41998400733281627,"standard_error":0.08475066703751233},"Slope":{"confidence_interval":{"confidence_level":0.95,"lower_bound":4740.837081598242,"upper_bound":4741.635239575485},"point_estimate":4741.142344193571,"standard_error":0.21088976386199104},"StdDev":{"confidence_interval":{"confidence_level":0.95,"lower_bound":0.8771287567408896,"upper_bound":9.387119239010199},"point_estimate":5.8582443685764,"standard_error":2.3188892420382197}}