{"Mean":{"confidence_interval":{"confidence_level":0.95,"lower_bound":15864.503535989665,"upper_bound":15871.19423877763},"point_estimate":15867.523518715165,"standard_error":1.714264518951224},"Median":{"confidence_interval":{"confidence_level":0.95,"lower_bound":15862.152589220204,"upper_bound":15863.614982578398},"point_estimate":15862.936638758067,"standard_error":0.39120494560185015},"MedianAbsDev":{"confidence_interval":{"confidence_level":0.95,"lower_bound":2.6377823740231405,"upper_bound":5.5931470898271956},"point_estimate":4.060565749166769,"standard_error":0.7419596430782093},"Slope":{"confidence_interval":{"confidence_level":0.95,"lower_bound":15863.427513860288,"upper_bound":15874.64720250688},"point_estimate":15868.046474839382,"standard_error":2.953447816079889},"StdDev":{"confidence_interval":{"confidence_level":0.95,"lower_bound":8.84888649028907,"upper_bound":24.177097949168836},"point_estimate":17.253963222584517,"standard_error":3.9308319943195014}}