{"Mean":{"confidence_interval":{"confidence_level":0.95,"lower_bound":118878.21121850038,"upper_bound":120086.96346197066},"point_estimate":119403.70704660132,"standard_error":310.9272824117047},"Median":{"confidence_interval":{"confidence_level":0.95,"lower_bound":118319.35495820668,"upper_bound":118721.33050847458},"point_estimate":118449.14805484694,"standard_error":86.77914443154641},"MedianAbsDev":{"confidence_interval":{"confidence_level":0.95,"lower_bound":529.617464561314,"upper_bound":1021.6983970002035},"point_estimate":697.9138336615239,"standard_error":121.79900484488536},"Slope":{"confidence_interval":{"confidence_level":0.95,"lower_bound":118147.11720304996,"upper_bound":118349.9270436938},"point_estimate":118238.49764075661,"standard_error":51.80661360001596},"StdDev":{"confidence_interval":{"confidence_level":0.95,"lower_bound":1376.4626793889863,"upper_bound":4724.593820199097},"point_estimate":3115.3839887599233,"standard_error":917.9978235393969}}