{"Mean":{"confidence_interval":{"confidence_level":0.95,"lower_bound":4633620.2714971965,"upper_bound":4677943.862526651},"point_estimate":4654197.733822048,"standard_error":11350.515761151019},"Median":{"confidence_interval":{"confidence_level":0.95,"lower_bound":4604434.302325581,"upper_bound":4611530.5},"point_estimate":4607152.075520834,"standard_error":1825.5770162553824},"MedianAbsDev":{"confidence_interval":{"confidence_level":0.95,"lower_bound":7470.61485447716,"upper_bound":19393.765308066566},"point_estimate":13046.341139070932,"standard_error":3022.978055164303},"Slope":{"confidence_interval":{"confidence_level":0.95,"lower_bound":4614756.309150108,"upper_bound":4631814.284870407},"point_estimate":4622871.337074036,"standard_error":4370.840544855601},"StdDev":{"confidence_interval":{"confidence_level":0.95,"lower_bound":75212.77495971815,"upper_bound":144998.52158997042},"point_estimate":113959.905921453,"standard_error":17886.129739770957}}