{"Mean":{"confidence_interval":{"confidence_level":0.95,"lower_bound":562.9848821351947,"upper_bound":563.4146744135511},"point_estimate":563.1641098853238,"standard_error":0.11164563209128156},"Median":{"confidence_interval":{"confidence_level":0.95,"lower_bound":562.8514874141877,"upper_bound":562.8733301379183},"point_estimate":562.8620569391653,"standard_error":0.005479796884758459},"MedianAbsDev":{"confidence_interval":{"confidence_level":0.95,"lower_bound":0.08948111292155657,"upper_bound":0.18586538773352873},"point_estimate":0.1620171437278051,"standard_error":0.025585160804623985},"Slope":{"confidence_interval":{"confidence_level":0.95,"lower_bound":562.8586060864825,"upper_bound":563.0100100426606},"point_estimate":562.9273002868613,"standard_error":0.03885960058690738},"StdDev":{"confidence_interval":{"confidence_level":0.95,"lower_bound":0.44540647315997417,"upper_bound":1.7606437493574525},"point_estimate":1.1178607442898536,"standard_error":0.4034999370767613}}