{"Mean":{"confidence_interval":{"confidence_level":0.95,"lower_bound":72738.60780631778,"upper_bound":72797.04557784913},"point_estimate":72762.6220500968,"standard_error":15.217110624827647},"Median":{"confidence_interval":{"confidence_level":0.95,"lower_bound":72728.25595238095,"upper_bound":72729.54024144869},"point_estimate":72728.7338401975,"standard_error":0.3067554340072536},"MedianAbsDev":{"confidence_interval":{"confidence_level":0.95,"lower_bound":1.8345957496530743,"upper_bound":4.3943674512795905},"point_estimate":2.774650849260033,"standard_error":0.6499314945627664},"Slope":{"confidence_interval":{"confidence_level":0.95,"lower_bound":72737.06095289715,"upper_bound":72765.57720284359},"point_estimate":72749.32782895987,"standard_error":7.316437087047949},"StdDev":{"confidence_interval":{"confidence_level":0.95,"lower_bound":33.729879974664776,"upper_bound":245.5380758760792},"point_estimate":153.01723509726918,"standard_error":58.25335152135567}}