{"Mean":{"confidence_interval":{"confidence_level":0.95,"lower_bound":2915.3397987715043,"upper_bound":2919.0262076764425},"point_estimate":2916.6171873799917,"standard_error":1.135146153289536},"Median":{"confidence_interval":{"confidence_level":0.95,"lower_bound":2915.3005402160866,"upper_bound":2915.3898897058825},"point_estimate":2915.352939045183,"standard_error":0.024765740182404225},"MedianAbsDev":{"confidence_interval":{"confidence_level":0.95,"lower_bound":0.14583892106534477,"upper_bound":0.2715318837993118},"point_estimate":0.2108067144596254,"standard_error":0.03240936644310145},"Slope":{"confidence_interval":{"confidence_level":0.95,"lower_bound":2915.1495953636017,"upper_bound":2915.3532097874327},"point_estimate":2915.2570103182397,"standard_error":0.05208117650753209},"StdDev":{"confidence_interval":{"confidence_level":0.95,"lower_bound":0.45212275278580705,"upper_bound":19.48710769356259},"point_estimate":11.393170356921507,"standard_error":6.699283966988038}}