{"Mean":{"confidence_interval":{"confidence_level":0.95,"lower_bound":1129891.753298216,"upper_bound":1166546.777371125},"point_estimate":1148164.1081246585,"standard_error":9299.41443311504},"Median":{"confidence_interval":{"confidence_level":0.95,"lower_bound":1138679.7894736843,"upper_bound":1167136.8686868686},"point_estimate":1149114.4719696972,"standard_error":7803.895881325807},"MedianAbsDev":{"confidence_interval":{"confidence_level":0.95,"lower_bound":42285.385104435794,"upper_bound":63992.21288653722},"point_estimate":51165.72931517634,"standard_error":5376.547747431311},"Slope":{"confidence_interval":{"confidence_level":0.95,"lower_bound":1136104.8692256596,"upper_bound":1160322.922231128},"point_estimate":1147647.3821102409,"standard_error":6162.364297327955},"StdDev":{"confidence_interval":{"confidence_level":0.95,"lower_bound":57756.77726838352,"upper_bound":127710.21613819046},"point_estimate":93756.73937541901,"standard_error":18172.132880024965}}