{"Mean":{"confidence_interval":{"confidence_level":0.95,"lower_bound":407734.6714889589,"upper_bound":412618.4165380959},"point_estimate":409646.48138313775,"standard_error":1288.9484559481423},"Median":{"confidence_interval":{"confidence_level":0.95,"lower_bound":406970.5882352941,"upper_bound":407424.6031746032},"point_estimate":407124.72103875026,"standard_error":113.27421861798555},"MedianAbsDev":{"confidence_interval":{"confidence_level":0.95,"lower_bound":583.5871002775974,"upper_bound":1108.2751453127635},"point_estimate":782.5175215311527,"standard_error":131.2491889438689},"Slope":{"confidence_interval":{"confidence_level":0.95,"lower_bound":406985.30831661663,"upper_bound":409301.06293836207},"point_estimate":407819.99318161665,"standard_error":635.2879136640836},"StdDev":{"confidence_interval":{"confidence_level":0.95,"lower_bound":2924.4444264790413,"upper_bound":21258.34101995956},"point_estimate":12944.060364881616,"standard_error":5664.061647247308}}