{"Mean":{"confidence_interval":{"confidence_level":0.95,"lower_bound":25090.911788163165,"upper_bound":25278.89356489471},"point_estimate":25175.32026032614,"standard_error":48.04073713038541},"Median":{"confidence_interval":{"confidence_level":0.95,"lower_bound":25029.09383522727,"upper_bound":25059.801744186047},"point_estimate":25044.998541189932,"standard_error":7.91048918821767},"MedianAbsDev":{"confidence_interval":{"confidence_level":0.95,"lower_bound":63.58793255529605,"upper_bound":130.38500788191732},"point_estimate":95.30125315019849,"standard_error":17.011507892604524},"Slope":{"confidence_interval":{"confidence_level":0.95,"lower_bound":25033.951794523993,"upper_bound":25325.2299594026},"point_estimate":25139.906440446284,"standard_error":80.13203556859568},"StdDev":{"confidence_interval":{"confidence_level":0.95,"lower_bound":264.94109372375897,"upper_bound":692.4073942246881},"point_estimate":482.29807759267584,"standard_error":114.52692713579619}}