{"Mean":{"confidence_interval":{"confidence_level":0.95,"lower_bound":411.8977414637823,"upper_bound":412.0805170182349},"point_estimate":411.9796833837134,"standard_error":0.046839430874419385},"Median":{"confidence_interval":{"confidence_level":0.95,"lower_bound":411.8100418694319,"upper_bound":411.9144650268246},"point_estimate":411.8492334742142,"standard_error":0.0255680481509273},"MedianAbsDev":{"confidence_interval":{"confidence_level":0.95,"lower_bound":0.1265018619936184,"upper_bound":0.23204949342279726},"point_estimate":0.18027744549295344,"standard_error":0.02643684016809395},"Slope":{"confidence_interval":{"confidence_level":0.95,"lower_bound":411.82527728772715,"upper_bound":411.9729010840094},"point_estimate":411.8912678877033,"standard_error":0.0379424134449216},"StdDev":{"confidence_interval":{"confidence_level":0.95,"lower_bound":0.2424517603737185,"upper_bound":0.6864092857680449},"point_estimate":0.4702206335346277,"standard_error":0.11889112391564628}}