{"Mean":{"confidence_interval":{"confidence_level":0.95,"lower_bound":551287.3774146421,"upper_bound":552124.7330694481},"point_estimate":551664.8444695524,"standard_error":215.076428837219},"Median":{"confidence_interval":{"confidence_level":0.95,"lower_bound":551027.0045351475,"upper_bound":551435.13375},"point_estimate":551128.1646107456,"standard_error":110.33377055308969},"MedianAbsDev":{"confidence_interval":{"confidence_level":0.95,"lower_bound":745.733091648229,"upper_bound":1184.96926183799},"point_estimate":973.7522461690944,"standard_error":113.81456309056968},"Slope":{"confidence_interval":{"confidence_level":0.95,"lower_bound":550948.9273267098,"upper_bound":551464.735428304},"point_estimate":551180.4661208808,"standard_error":132.85904313329235},"StdDev":{"confidence_interval":{"confidence_level":0.95,"lower_bound":1170.8305103810078,"upper_bound":3112.433980371686},"point_estimate":2154.520051785071,"standard_error":516.4704791091451}}