{"Mean":{"confidence_interval":{"confidence_level":0.95,"lower_bound":12342.152256936495,"upper_bound":12348.60235675196},"point_estimate":12344.956318564124,"standard_error":1.6562966420494776},"Median":{"confidence_interval":{"confidence_level":0.95,"lower_bound":12338.141597379692,"upper_bound":12342.832621082622},"point_estimate":12339.202875482051,"standard_error":1.2440891634244085},"MedianAbsDev":{"confidence_interval":{"confidence_level":0.95,"lower_bound":2.537194321590074,"upper_bound":7.777519827819292},"point_estimate":4.368266468618671,"standard_error":1.2821647561596807},"Slope":{"confidence_interval":{"confidence_level":0.95,"lower_bound":12342.256572080005,"upper_bound":12354.403870533917},"point_estimate":12347.170715144483,"standard_error":3.19519717336456},"StdDev":{"confidence_interval":{"confidence_level":0.95,"lower_bound":8.023475032153057,"upper_bound":25.1296269212118},"point_estimate":16.64077593870613,"standard_error":4.920231640387388}}