{"Mean":{"confidence_interval":{"confidence_level":0.95,"lower_bound":102751.58524764795,"upper_bound":102757.09158627172},"point_estimate":102754.1860593783,"standard_error":1.4055391336234786},"Median":{"confidence_interval":{"confidence_level":0.95,"lower_bound":102748.64489795918,"upper_bound":102752.80300453515},"point_estimate":102751.28090686275,"standard_error":0.9304363283565587},"MedianAbsDev":{"confidence_interval":{"confidence_level":0.95,"lower_bound":5.78491977230189,"upper_bound":11.914283738048761},"point_estimate":7.235700840216597,"standard_error":1.6256171848792447},"Slope":{"confidence_interval":{"confidence_level":0.95,"lower_bound":102746.63445763035,"upper_bound":102750.07196103095},"point_estimate":102748.33602571303,"standard_error":0.874066880897557},"StdDev":{"confidence_interval":{"confidence_level":0.95,"lower_bound":10.092872491135656,"upper_bound":18.65145394046845},"point_estimate":14.12765617137568,"standard_error":2.3229668390654914}}