{"Mean":{"confidence_interval":{"confidence_level":0.95,"lower_bound":2585.145075208714,"upper_bound":2586.372728167794},"point_estimate":2585.693222886469,"standard_error":0.3144766104028221},"Median":{"confidence_interval":{"confidence_level":0.95,"lower_bound":2584.895583164545,"upper_bound":2585.1811951754385},"point_estimate":2585.0274492340236,"standard_error":0.06639278018613208},"MedianAbsDev":{"confidence_interval":{"confidence_level":0.95,"lower_bound":0.6497619596990449,"upper_bound":1.7556541862417832},"point_estimate":1.0366228081186606,"standard_error":0.31294252016288476},"Slope":{"confidence_interval":{"confidence_level":0.95,"lower_bound":2585.06295113129,"upper_bound":2585.8823833671468},"point_estimate":2585.456034077755,"standard_error":0.20912232372791725},"StdDev":{"confidence_interval":{"confidence_level":0.95,"lower_bound":1.6072081219307779,"upper_bound":4.559230613332947},"point_estimate":3.157961003913937,"standard_error":0.7810304336649985}}