{"Mean":{"confidence_interval":{"confidence_level":0.95,"lower_bound":1706689.6741077255,"upper_bound":1709237.2717205824},"point_estimate":1707849.1537694747,"standard_error":652.0026611374099},"Median":{"confidence_interval":{"confidence_level":0.95,"lower_bound":1705851.705882353,"upper_bound":1706926.053464755},"point_estimate":1706294.9764227644,"standard_error":307.55854900550554},"MedianAbsDev":{"confidence_interval":{"confidence_level":0.95,"lower_bound":2041.1416475518834,"upper_bound":3357.6955975316187},"point_estimate":2806.687546534958,"standard_error":337.686359578167},"Slope":{"confidence_interval":{"confidence_level":0.95,"lower_bound":1705673.5420377231,"upper_bound":1706808.5803478751},"point_estimate":1706241.6356997192,"standard_error":289.11827849940113},"StdDev":{"confidence_interval":{"confidence_level":0.95,"lower_bound":3771.4643117111636,"upper_bound":9255.482785483031},"point_estimate":6535.853872330335,"standard_error":1468.0925119863546}}