{"Mean":{"confidence_interval":{"confidence_level":0.95,"lower_bound":336.98417341822966,"upper_bound":337.2680531338395},"point_estimate":337.0977003669291,"standard_error":0.07444279481803598},"Median":{"confidence_interval":{"confidence_level":0.95,"lower_bound":336.9340041411391,"upper_bound":336.965544326334},"point_estimate":336.95181674586934,"standard_error":0.007902058994661246},"MedianAbsDev":{"confidence_interval":{"confidence_level":0.95,"lower_bound":0.046840730369645096,"upper_bound":0.08039708045355053},"point_estimate":0.06411942108766085,"standard_error":0.008516391412141328},"Slope":{"confidence_interval":{"confidence_level":0.95,"lower_bound":336.96735125260085,"upper_bound":337.1527084490204},"point_estimate":337.04762913623085,"standard_error":0.0481294860289091},"StdDev":{"confidence_interval":{"confidence_level":0.95,"lower_bound":0.18221807208382126,"upper_bound":1.2137820344559733},"point_estimate":0.7459510118857363,"standard_error":0.30667893833503923}}