{"Mean":{"confidence_interval":{"confidence_level":0.95,"lower_bound":1359799.4372138977,"upper_bound":1360732.006748852},"point_estimate":1360243.8649002349,"standard_error":237.97378246542488},"Median":{"confidence_interval":{"confidence_level":0.95,"lower_bound":1359971.9772727273,"upper_bound":1360629.9641739675},"point_estimate":1360394.7228571428,"standard_error":190.89335369809962},"MedianAbsDev":{"confidence_interval":{"confidence_level":0.95,"lower_bound":1072.3216847175838,"upper_bound":1870.837234679308},"point_estimate":1406.2639169843335,"standard_error":203.430101306805},"Slope":{"confidence_interval":{"confidence_level":0.95,"lower_bound":1359771.2254662851,"upper_bound":1360790.8753248842},"point_estimate":1360257.8333205262,"standard_error":259.93273979713206},"StdDev":{"confidence_interval":{"confidence_level":0.95,"lower_bound":1595.0430952203628,"upper_bound":3236.0341315799337},"point_estimate":2384.3035447065354,"standard_error":440.360788910862}}