{"Mean":{"confidence_interval":{"confidence_level":0.95,"lower_bound":25428.669839814855,"upper_bound":25438.128274749},"point_estimate":25432.90901299824,"standard_error":2.4155975097042104},"Median":{"confidence_interval":{"confidence_level":0.95,"lower_bound":25420.826617826617,"upper_bound":25434.483163422923},"point_estimate":25429.49993174993,"standard_error":3.8932402763905536},"MedianAbsDev":{"confidence_interval":{"confidence_level":0.95,"lower_bound":8.822119889992766,"upper_bound":23.320339028187302},"point_estimate":17.784644722108794,"standard_error":3.685200893862874},"Slope":{"confidence_interval":{"confidence_level":0.95,"lower_bound":25429.78651546288,"upper_bound":25434.495710126692},"point_estimate":25432.157649604225,"standard_error":1.2004924946283748},"StdDev":{"confidence_interval":{"confidence_level":0.95,"lower_bound":14.496789746233876,"upper_bound":35.25513671192687},"point_estimate":24.308621079046247,"standard_error":6.201891080185153}}