{"Mean":{"confidence_interval":{"confidence_level":0.95,"lower_bound":25418.24401573844,"upper_bound":25420.81553758718},"point_estimate":25419.403407413516,"standard_error":0.6580513732716603},"Median":{"confidence_interval":{"confidence_level":0.95,"lower_bound":25417.564743589744,"upper_bound":25418.16278166278},"point_estimate":25417.83939586357,"standard_error":0.14356481275923685},"MedianAbsDev":{"confidence_interval":{"confidence_level":0.95,"lower_bound":1.0160244947833288,"upper_bound":1.786984836122089},"point_estimate":1.3506695353242182,"standard_error":0.2054112103586258},"Slope":{"confidence_interval":{"confidence_level":0.95,"lower_bound":25417.93843263507,"upper_bound":25419.851237192463},"point_estimate":25418.679173591296,"standard_error":0.5054301932876984},"StdDev":{"confidence_interval":{"confidence_level":0.95,"lower_bound":3.2757008820486115,"upper_bound":9.178065311937617},"point_estimate":6.625609890883192,"standard_error":1.4775581379265676}}