{"Mean":{"confidence_interval":{"confidence_level":0.95,"lower_bound":2120292.44001661,"upper_bound":2203212.978251796},"point_estimate":2151449.4715962163,"standard_error":22823.937543406286},"Median":{"confidence_interval":{"confidence_level":0.95,"lower_bound":2105936.64516129,"upper_bound":2108561.8571428573},"point_estimate":2106786.579001368,"standard_error":579.9175037552641},"MedianAbsDev":{"confidence_interval":{"confidence_level":0.95,"lower_bound":3268.0289118283345,"upper_bound":6722.326019985393},"point_estimate":4491.551739563383,"standard_error":802.1373947603257},"Slope":{"confidence_interval":{"confidence_level":0.95,"lower_bound":2109143.7719100364,"upper_bound":2121264.9265233176},"point_estimate":2114718.4913639724,"standard_error":3111.0715425457174},"StdDev":{"confidence_interval":{"confidence_level":0.95,"lower_bound":41700.439840529725,"upper_bound":384756.1101498175},"point_estimate":229730.6577644698,"standard_error":113379.94136791781}}