{"Mean":{"confidence_interval":{"confidence_level":0.95,"lower_bound":178441219.43112758,"upper_bound":179117980.10396123},"point_estimate":178790205.1735545,"standard_error":173467.49437753958},"Median":{"confidence_interval":{"confidence_level":0.95,"lower_bound":179160683.2644995,"upper_bound":179627288.98979592},"point_estimate":179428820.50666666,"standard_error":124110.5388984521},"MedianAbsDev":{"confidence_interval":{"confidence_level":0.95,"lower_bound":777499.6697126236,"upper_bound":1573952.8999219295},"point_estimate":1231484.5100051903,"standard_error":211120.0735753396},"Slope":{"confidence_interval":{"confidence_level":0.95,"lower_bound":178990069.56686565,"upper_bound":179496402.91208127},"point_estimate":179253938.43967783,"standard_error":129173.10354795777},"StdDev":{"confidence_interval":{"confidence_level":0.95,"lower_bound":1429143.1514546056,"upper_bound":1974344.7309302907},"point_estimate":1731849.5014172948,"standard_error":138411.64418153267}}