{"Mean":{"confidence_interval":{"confidence_level":0.95,"lower_bound":62733.04138491418,"upper_bound":63112.62703045484},"point_estimate":62886.42287572166,"standard_error":99.36618203291155},"Median":{"confidence_interval":{"confidence_level":0.95,"lower_bound":62662.702227071495,"upper_bound":62727.877717391304},"point_estimate":62695.94732142857,"standard_error":19.004132875334168},"MedianAbsDev":{"confidence_interval":{"confidence_level":0.95,"lower_bound":84.08698303998267,"upper_bound":158.90244664406015},"point_estimate":122.67438284364457,"standard_error":19.69427108942542},"Slope":{"confidence_interval":{"confidence_level":0.95,"lower_bound":62660.86542179751,"upper_bound":63274.64380318247},"point_estimate":62859.29587649623,"standard_error":178.9288294373274},"StdDev":{"confidence_interval":{"confidence_level":0.95,"lower_bound":206.41945803844158,"upper_bound":1619.113320644007},"point_estimate":997.3857186156381,"standard_error":403.1523013785478}}