{"Mean":{"confidence_interval":{"confidence_level":0.95,"lower_bound":62725.39068358454,"upper_bound":64470.43005112791},"point_estimate":63419.78958527339,"standard_error":459.06947035485996},"Median":{"confidence_interval":{"confidence_level":0.95,"lower_bound":62353.701457162926,"upper_bound":62446.60678571429},"point_estimate":62407.65194436172,"standard_error":24.15897873670559},"MedianAbsDev":{"confidence_interval":{"confidence_level":0.95,"lower_bound":106.16894098842896,"upper_bound":231.664632540096},"point_estimate":154.9933224452659,"standard_error":32.02617065309428},"Slope":{"confidence_interval":{"confidence_level":0.95,"lower_bound":62421.67682217817,"upper_bound":63243.559895818165},"point_estimate":62766.93942607507,"standard_error":215.4867966762001},"StdDev":{"confidence_interval":{"confidence_level":0.95,"lower_bound":1207.45812492914,"upper_bound":7505.515483138459},"point_estimate":4602.438708656456,"standard_error":1943.123968760956}}