{"Mean":{"confidence_interval":{"confidence_level":0.95,"lower_bound":13272.970703107689,"upper_bound":13284.41674987956},"point_estimate":13277.754873744387,"standard_error":2.9806757766047847},"Median":{"confidence_interval":{"confidence_level":0.95,"lower_bound":13268.559576719577,"upper_bound":13278.045223367697},"point_estimate":13270.445633290543,"standard_error":3.3374407389433443},"MedianAbsDev":{"confidence_interval":{"confidence_level":0.95,"lower_bound":6.076463447677606,"upper_bound":12.976133674077628},"point_estimate":10.131983825568945,"standard_error":1.7152828615137734},"Slope":{"confidence_interval":{"confidence_level":0.95,"lower_bound":13276.399854889954,"upper_bound":13281.739510704627},"point_estimate":13278.878785754396,"standard_error":1.3623622322706126},"StdDev":{"confidence_interval":{"confidence_level":0.95,"lower_bound":9.464684896736047,"upper_bound":47.30130285235924},"point_estimate":29.823107536198997,"standard_error":10.742715477197368}}