{"Mean":{"confidence_interval":{"confidence_level":0.95,"lower_bound":762.3964827114505,"upper_bound":762.9631257860942},"point_estimate":762.6287346185019,"standard_error":0.14779794727496862},"Median":{"confidence_interval":{"confidence_level":0.95,"lower_bound":762.3234802576603,"upper_bound":762.4100076982294},"point_estimate":762.369029688389,"standard_error":0.01958871948618633},"MedianAbsDev":{"confidence_interval":{"confidence_level":0.95,"lower_bound":0.13786762259479235,"upper_bound":0.41465965435355806},"point_estimate":0.26173986922070924,"standard_error":0.07994250597074519},"Slope":{"confidence_interval":{"confidence_level":0.95,"lower_bound":762.2861122234248,"upper_bound":762.6708209648299},"point_estimate":762.4568165756633,"standard_error":0.09864437635476433},"StdDev":{"confidence_interval":{"confidence_level":0.95,"lower_bound":0.4379006993844123,"upper_bound":2.3663912199538344},"point_estimate":1.4795939356547492,"standard_error":0.5594187621022576}}