{"Mean":{"confidence_interval":{"confidence_level":0.95,"lower_bound":1255547.7955695314,"upper_bound":1255950.8129609532},"point_estimate":1255745.898939722,"standard_error":103.02453364779682},"Median":{"confidence_interval":{"confidence_level":0.95,"lower_bound":1255536.0697674418,"upper_bound":1255929.1797752809},"point_estimate":1255697.5434782607,"standard_error":101.66245730091852},"MedianAbsDev":{"confidence_interval":{"confidence_level":0.95,"lower_bound":620.691655647324,"upper_bound":1037.6470953409132},"point_estimate":816.0613995779389,"standard_error":100.98688676235336},"Slope":{"confidence_interval":{"confidence_level":0.95,"lower_bound":1255410.0550945364,"upper_bound":1255750.1236424067},"point_estimate":1255571.2326910004,"standard_error":86.68736683636978},"StdDev":{"confidence_interval":{"confidence_level":0.95,"lower_bound":833.1105326839402,"upper_bound":1224.0556871696722},"point_estimate":1036.1398307209413,"standard_error":100.25905901714678}}