{"Mean":{"confidence_interval":{"confidence_level":0.95,"lower_bound":9586479.526698694,"upper_bound":9613524.517725624},"point_estimate":9598951.655284364,"standard_error":6925.0111018885},"Median":{"confidence_interval":{"confidence_level":0.95,"lower_bound":9572772.28,"upper_bound":9576468.152205883},"point_estimate":9574606.125,"standard_error":1006.3398163592731},"MedianAbsDev":{"confidence_interval":{"confidence_level":0.95,"lower_bound":6640.413900846624,"upper_bound":13517.675557980274},"point_estimate":10141.66508380108,"standard_error":1718.8524128456968},"Slope":{"confidence_interval":{"confidence_level":0.95,"lower_bound":9581128.266588062,"upper_bound":9603550.766272701},"point_estimate":9591545.018197132,"standard_error":5736.579887858813},"StdDev":{"confidence_interval":{"confidence_level":0.95,"lower_bound":43026.99391398686,"upper_bound":92465.20257729509},"point_estimate":69702.73831938239,"standard_error":12631.347221648344}}