{"Mean":{"confidence_interval":{"confidence_level":0.95,"lower_bound":46037.34700474748,"upper_bound":46059.918330585664},"point_estimate":46047.69441613328,"standard_error":5.786427463360146},"Median":{"confidence_interval":{"confidence_level":0.95,"lower_bound":46027.9874041621,"upper_bound":46033.1673553719},"point_estimate":46031.149785902504,"standard_error":1.6469344618592825},"MedianAbsDev":{"confidence_interval":{"confidence_level":0.95,"lower_bound":10.525587320663151,"upper_bound":18.73940158118563},"point_estimate":14.988741373968523,"standard_error":2.1661353665825644},"Slope":{"confidence_interval":{"confidence_level":0.95,"lower_bound":46036.61548543441,"upper_bound":46071.673233350964},"point_estimate":46051.387888953075,"standard_error":9.157788584918949},"StdDev":{"confidence_interval":{"confidence_level":0.95,"lower_bound":34.232213935018734,"upper_bound":77.5442038966596},"point_estimate":58.08495886374116,"standard_error":11.046218076197588}}