{"Mean":{"confidence_interval":{"confidence_level":0.95,"lower_bound":9863.063379343195,"upper_bound":9867.077311521223},"point_estimate":9865.064524529818,"standard_error":1.021213669044089},"Median":{"confidence_interval":{"confidence_level":0.95,"lower_bound":9864.517777481753,"upper_bound":9866.152725986885},"point_estimate":9865.174978265091,"standard_error":0.4010413782180413},"MedianAbsDev":{"confidence_interval":{"confidence_level":0.95,"lower_bound":3.0059563356854015,"upper_bound":4.911791832532218},"point_estimate":3.985299614741088,"standard_error":0.5086302794473656},"Slope":{"confidence_interval":{"confidence_level":0.95,"lower_bound":9859.143350647231,"upper_bound":9864.772347564598},"point_estimate":9862.135466057614,"standard_error":1.44528219336618},"StdDev":{"confidence_interval":{"confidence_level":0.95,"lower_bound":7.053685829525243,"upper_bound":13.159852912470758},"point_estimate":10.247864329656515,"standard_error":1.5586296142745895}}