{"Mean":{"confidence_interval":{"confidence_level":0.95,"lower_bound":122144.20479781988,"upper_bound":123837.1656367554},"point_estimate":122817.26765927063,"standard_error":445.2229971504146},"Median":{"confidence_interval":{"confidence_level":0.95,"lower_bound":121848.34244080145,"upper_bound":122002.66256814174},"point_estimate":121916.32423631022,"standard_error":37.15798106029984},"MedianAbsDev":{"confidence_interval":{"confidence_level":0.95,"lower_bound":193.74465524873048,"upper_bound":385.4649635972411},"point_estimate":269.46901604641454,"standard_error":47.38897157409142},"Slope":{"confidence_interval":{"confidence_level":0.95,"lower_bound":121884.65357147294,"upper_bound":122511.17780829231},"point_estimate":122106.17273007898,"standard_error":171.2700088963048},"StdDev":{"confidence_interval":{"confidence_level":0.95,"lower_bound":966.8355122512338,"upper_bound":7311.707826743161},"point_estimate":4470.993102886868,"standard_error":1890.888302194143}}