{"Mean":{"confidence_interval":{"confidence_level":0.95,"lower_bound":333387.7963485154,"upper_bound":333614.7246304881},"point_estimate":333479.2429177674,"standard_error":59.652932217403894},"Median":{"confidence_interval":{"confidence_level":0.95,"lower_bound":333352.32616487454,"upper_bound":333382.45991561183},"point_estimate":333366.8583530339,"standard_error":7.47564565554441},"MedianAbsDev":{"confidence_interval":{"confidence_level":0.95,"lower_bound":50.48629375355197,"upper_bound":92.2458644783387},"point_estimate":69.08313700884563,"standard_error":10.178125020207636},"Slope":{"confidence_interval":{"confidence_level":0.95,"lower_bound":333385.3050815076,"upper_bound":333521.26726204605},"point_estimate":333445.99081227527,"standard_error":34.89458851193528},"StdDev":{"confidence_interval":{"confidence_level":0.95,"lower_bound":186.89524254175197,"upper_bound":975.6101201929284},"point_estimate":601.1056050458624,"standard_error":248.9544370943069}}