{"Mean":{"confidence_interval":{"confidence_level":0.95,"lower_bound":62755.10885975086,"upper_bound":64501.476455600525},"point_estimate":63453.376241540536,"standard_error":460.1292387450333},"Median":{"confidence_interval":{"confidence_level":0.95,"lower_bound":62404.68117283951,"upper_bound":62507.98934659091},"point_estimate":62457.470438076416,"standard_error":24.701750812543303},"MedianAbsDev":{"confidence_interval":{"confidence_level":0.95,"lower_bound":135.74355696761418,"upper_bound":266.06346209701974},"point_estimate":198.59214599121495,"standard_error":34.76797411634573},"Slope":{"confidence_interval":{"confidence_level":0.95,"lower_bound":62482.374389669516,"upper_bound":63204.07808872017},"point_estimate":62783.40051407566,"standard_error":187.19752567492677},"StdDev":{"confidence_interval":{"confidence_level":0.95,"lower_bound":1135.9523634391057,"upper_bound":7541.550280535589},"point_estimate":4630.532764355453,"standard_error":1928.7567772708649}}