{"Mean":{"confidence_interval":{"confidence_level":0.95,"lower_bound":680.9027437647419,"upper_bound":681.2763462177451},"point_estimate":681.0675447992855,"standard_error":0.09601980168085202},"Median":{"confidence_interval":{"confidence_level":0.95,"lower_bound":680.7522948656766,"upper_bound":680.8420272986986},"point_estimate":680.8049774912747,"standard_error":0.022606701583850763},"MedianAbsDev":{"confidence_interval":{"confidence_level":0.95,"lower_bound":0.14516563511046116,"upper_bound":0.26341658355059133},"point_estimate":0.20773455927308676,"standard_error":0.03013737085429169},"Slope":{"confidence_interval":{"confidence_level":0.95,"lower_bound":680.7974304344979,"upper_bound":681.2011272671797},"point_estimate":680.9681302314879,"standard_error":0.10404939036579938},"StdDev":{"confidence_interval":{"confidence_level":0.95,"lower_bound":0.4116394142520365,"upper_bound":1.4052864298668062},"point_estimate":0.9635726281355178,"standard_error":0.2595763508574562}}