{"Mean":{"confidence_interval":{"confidence_level":0.95,"lower_bound":924.155191515048,"upper_bound":924.5879174507706},"point_estimate":924.342129278255,"standard_error":0.11139749992052765},"Median":{"confidence_interval":{"confidence_level":0.95,"lower_bound":923.9869194222404,"upper_bound":924.0745428973277},"point_estimate":924.0194432315168,"standard_error":0.018714366388238528},"MedianAbsDev":{"confidence_interval":{"confidence_level":0.95,"lower_bound":0.08358147110522536,"upper_bound":0.21422739421811576},"point_estimate":0.13780180189226143,"standard_error":0.031062210582118235},"Slope":{"confidence_interval":{"confidence_level":0.95,"lower_bound":924.1886635322808,"upper_bound":924.7381292717014},"point_estimate":924.4227472449992,"standard_error":0.1421068578713614},"StdDev":{"confidence_interval":{"confidence_level":0.95,"lower_bound":0.45935062442343133,"upper_bound":1.705754695671174},"point_estimate":1.1204806604177049,"standard_error":0.3394150734130759}}