{"Mean":{"confidence_interval":{"confidence_level":0.95,"lower_bound":8795.750831695936,"upper_bound":8843.830455388275},"point_estimate":8817.14978086955,"standard_error":12.37285857850803},"Median":{"confidence_interval":{"confidence_level":0.95,"lower_bound":8781.05814159292,"upper_bound":8792.598230088495},"point_estimate":8785.253573859769,"standard_error":2.6887536814385085},"MedianAbsDev":{"confidence_interval":{"confidence_level":0.95,"lower_bound":17.651632961332005,"upper_bound":29.75828032997161},"point_estimate":22.381829190198655,"standard_error":3.0810546490523416},"Slope":{"confidence_interval":{"confidence_level":0.95,"lower_bound":8784.638401690892,"upper_bound":8835.209161098957},"point_estimate":8803.1831136528,"standard_error":13.63109304887546},"StdDev":{"confidence_interval":{"confidence_level":0.95,"lower_bound":55.72761828143118,"upper_bound":183.00306173925355},"point_estimate":124.93900954539652,"standard_error":33.09524816363097}}