{"Mean":{"confidence_interval":{"confidence_level":0.95,"lower_bound":307238.74997463217,"upper_bound":307332.3820596568},"point_estimate":307280.5996520044,"standard_error":24.046020042138863},"Median":{"confidence_interval":{"confidence_level":0.95,"lower_bound":307196.26923076925,"upper_bound":307220.8526785714},"point_estimate":307206.4044651217,"standard_error":7.323662435512843},"MedianAbsDev":{"confidence_interval":{"confidence_level":0.95,"lower_bound":33.44419157194352,"upper_bound":68.68446069921774},"point_estimate":48.668710764687525,"standard_error":9.211553663271342},"Slope":{"confidence_interval":{"confidence_level":0.95,"lower_bound":307221.93645980937,"upper_bound":307406.0637308715},"point_estimate":307298.8407108024,"standard_error":48.26236518222206},"StdDev":{"confidence_interval":{"confidence_level":0.95,"lower_bound":121.68817902746882,"upper_bound":352.84784044281423},"point_estimate":243.08939644693652,"standard_error":61.12586883918784}}