{"Mean":{"confidence_interval":{"confidence_level":0.95,"lower_bound":664.888437792194,"upper_bound":665.7802251420032},"point_estimate":665.3157323037069,"standard_error":0.22720893382012514},"Median":{"confidence_interval":{"confidence_level":0.95,"lower_bound":664.0833431569021,"upper_bound":665.6749606958024},"point_estimate":664.3605051011114,"standard_error":0.49678166758632913},"MedianAbsDev":{"confidence_interval":{"confidence_level":0.95,"lower_bound":1.5457362459124764,"upper_bound":2.8445841775910483},"point_estimate":2.1375821634325347,"standard_error":0.3309502999107179},"Slope":{"confidence_interval":{"confidence_level":0.95,"lower_bound":664.4043647976413,"upper_bound":665.3961055642795},"point_estimate":664.885803639198,"standard_error":0.2533574248437645},"StdDev":{"confidence_interval":{"confidence_level":0.95,"lower_bound":1.7477800877765892,"upper_bound":2.9386414544611523},"point_estimate":2.2880188303116995,"standard_error":0.3280605873037769}}