{"Mean":{"confidence_interval":{"confidence_level":0.95,"lower_bound":565.4733621896102,"upper_bound":565.9438162753052},"point_estimate":565.6692903002047,"standard_error":0.12235590690128043},"Median":{"confidence_interval":{"confidence_level":0.95,"lower_bound":565.3226171529619,"upper_bound":565.3548726832755},"point_estimate":565.3421641479501,"standard_error":0.009005794029035443},"MedianAbsDev":{"confidence_interval":{"confidence_level":0.95,"lower_bound":0.05244891555471229,"upper_bound":0.1290350174903463},"point_estimate":0.08901160213065198,"standard_error":0.01971257312321329},"Slope":{"confidence_interval":{"confidence_level":0.95,"lower_bound":565.3704386499423,"upper_bound":565.5472427571676},"point_estimate":565.4532246891184,"standard_error":0.04540747410794068},"StdDev":{"confidence_interval":{"confidence_level":0.95,"lower_bound":0.44766407312579004,"upper_bound":1.9519043094616984},"point_estimate":1.2315970789646384,"standard_error":0.45167438458066966}}