{"Mean":{"confidence_interval":{"confidence_level":0.95,"lower_bound":1075.9813454763123,"upper_bound":1076.4720800195837},"point_estimate":1076.1860661438775,"standard_error":0.12748622620069935},"Median":{"confidence_interval":{"confidence_level":0.95,"lower_bound":1075.7802215850595,"upper_bound":1075.8269905577513},"point_estimate":1075.8003516314861,"standard_error":0.012377591038601634},"MedianAbsDev":{"confidence_interval":{"confidence_level":0.95,"lower_bound":0.04262553291876334,"upper_bound":0.12044812190932869},"point_estimate":0.0691084801076078,"standard_error":0.019983765426861425},"Slope":{"confidence_interval":{"confidence_level":0.95,"lower_bound":1075.8522292990224,"upper_bound":1076.1692684014993},"point_estimate":1075.9920508477844,"standard_error":0.08149699528004734},"StdDev":{"confidence_interval":{"confidence_level":0.95,"lower_bound":0.4675517665277654,"upper_bound":2.0347772791359127},"point_estimate":1.2862690671945636,"standard_error":0.47015455465014433}}