{"Mean":{"confidence_interval":{"confidence_level":0.95,"lower_bound":1066353.4150056352,"upper_bound":1073967.7991599548},"point_estimate":1069877.0647012263,"standard_error":1946.646870858859},"Median":{"confidence_interval":{"confidence_level":0.95,"lower_bound":1062744.9614583333,"upper_bound":1065745.7936507936},"point_estimate":1063506.6555555556,"standard_error":738.7296152256966},"MedianAbsDev":{"confidence_interval":{"confidence_level":0.95,"lower_bound":4818.436500455623,"upper_bound":10053.911546454718},"point_estimate":6492.752894467251,"standard_error":1439.2429449180468},"Slope":{"confidence_interval":{"confidence_level":0.95,"lower_bound":1059793.3770789353,"upper_bound":1063284.431398523},"point_estimate":1061364.661457071,"standard_error":887.41435136585},"StdDev":{"confidence_interval":{"confidence_level":0.95,"lower_bound":12751.839828276323,"upper_bound":26452.95867264334},"point_estimate":19592.539911115808,"standard_error":3612.4798186870044}}