{"Mean":{"confidence_interval":{"confidence_level":0.95,"lower_bound":1602.081202005563,"upper_bound":1602.708394015064},"point_estimate":1602.3615670300424,"standard_error":0.16085545890287734},"Median":{"confidence_interval":{"confidence_level":0.95,"lower_bound":1601.9049744232175,"upper_bound":1602.0301680123625},"point_estimate":1601.9658032396705,"standard_error":0.032102092108411674},"MedianAbsDev":{"confidence_interval":{"confidence_level":0.95,"lower_bound":0.20159764850553769,"upper_bound":0.3597456720996221},"point_estimate":0.28837015815357003,"standard_error":0.041452291009126965},"Slope":{"confidence_interval":{"confidence_level":0.95,"lower_bound":1602.0959951430375,"upper_bound":1603.2869931026657},"point_estimate":1602.5879051823456,"standard_error":0.31111747472994905},"StdDev":{"confidence_interval":{"confidence_level":0.95,"lower_bound":0.7757655310661672,"upper_bound":2.2895253407904006},"point_estimate":1.6153664844906563,"standard_error":0.38780429879157646}}