{"Mean":{"confidence_interval":{"confidence_level":0.95,"lower_bound":8994.800989111494,"upper_bound":9002.39680822179},"point_estimate":8998.029462066947,"standard_error":1.9690011785452743},"Median":{"confidence_interval":{"confidence_level":0.95,"lower_bound":8991.985485485486,"upper_bound":8995.713579433092},"point_estimate":8994.381644144145,"standard_error":0.9069988017276883},"MedianAbsDev":{"confidence_interval":{"confidence_level":0.95,"lower_bound":4.526963083412495,"upper_bound":7.670060247253124},"point_estimate":5.9645709301445855,"standard_error":0.8282381555669903},"Slope":{"confidence_interval":{"confidence_level":0.95,"lower_bound":8993.156086051104,"upper_bound":8999.466994035673},"point_estimate":8995.897579988738,"standard_error":1.6259166292157656},"StdDev":{"confidence_interval":{"confidence_level":0.95,"lower_bound":6.8184050535534375,"upper_bound":31.09221553866346},"point_estimate":19.88195438582155,"standard_error":6.79155722329587}}