{"Mean":{"confidence_interval":{"confidence_level":0.95,"lower_bound":27722.64406729949,"upper_bound":27822.637864358538},"point_estimate":27766.82453664652,"standard_error":25.59813845604982},"Median":{"confidence_interval":{"confidence_level":0.95,"lower_bound":27692.11747685185,"upper_bound":27714.635101010103},"point_estimate":27703.349760501107,"standard_error":5.4734911305045},"MedianAbsDev":{"confidence_interval":{"confidence_level":0.95,"lower_bound":49.09196130433283,"upper_bound":82.63668534460662},"point_estimate":65.95345850230737,"standard_error":8.4307112276034},"Slope":{"confidence_interval":{"confidence_level":0.95,"lower_bound":27690.04606527394,"upper_bound":27728.166519591432},"point_estimate":27707.003526180975,"standard_error":9.743481902119072},"StdDev":{"confidence_interval":{"confidence_level":0.95,"lower_bound":113.60098637411939,"upper_bound":372.0221575008265},"point_estimate":257.43843182123976,"standard_error":66.82840953304755}}