{"Mean":{"confidence_interval":{"confidence_level":0.95,"lower_bound":161745.12200505243,"upper_bound":161888.7034303115},"point_estimate":161807.284095159,"standard_error":36.94275116946817},"Median":{"confidence_interval":{"confidence_level":0.95,"lower_bound":161696.58902939165,"upper_bound":161730.04232804233},"point_estimate":161714.97407026473,"standard_error":7.982703797222567},"MedianAbsDev":{"confidence_interval":{"confidence_level":0.95,"lower_bound":44.999671783686104,"upper_bound":77.331980165541},"point_estimate":60.16969735573222,"standard_error":8.586008139908751},"Slope":{"confidence_interval":{"confidence_level":0.95,"lower_bound":161720.18137496518,"upper_bound":161808.31528280364},"point_estimate":161758.42585699508,"standard_error":22.673026978375262},"StdDev":{"confidence_interval":{"confidence_level":0.95,"lower_bound":145.75846358771994,"upper_bound":562.1983138881529},"point_estimate":370.68509286654114,"standard_error":110.06568399919976}}