{"Mean":{"confidence_interval":{"confidence_level":0.95,"lower_bound":18795.436794460464,"upper_bound":18923.280837088238},"point_estimate":18854.7991069452,"standard_error":32.55452378980386},"Median":{"confidence_interval":{"confidence_level":0.95,"lower_bound":18713.71875,"upper_bound":18770.752182018292},"point_estimate":18744.157725239715,"standard_error":15.37749283979304},"MedianAbsDev":{"confidence_interval":{"confidence_level":0.95,"lower_bound":82.30833199375394,"upper_bound":168.9001685165425},"point_estimate":128.14140311598464,"standard_error":23.48253269473419},"Slope":{"confidence_interval":{"confidence_level":0.95,"lower_bound":18743.070391206078,"upper_bound":18902.99874029152},"point_estimate":18814.396735060418,"standard_error":41.096984677596474},"StdDev":{"confidence_interval":{"confidence_level":0.95,"lower_bound":224.86628456958115,"upper_bound":408.84347673477845},"point_estimate":323.9603435229385,"standard_error":46.81463038595263}}