{"Mean":{"confidence_interval":{"confidence_level":0.95,"lower_bound":4420.213436532092,"upper_bound":4420.372837335281},"point_estimate":4420.2910002258195,"standard_error":0.04067201521717849},"Median":{"confidence_interval":{"confidence_level":0.95,"lower_bound":4420.15432224026,"upper_bound":4420.261904761905},"point_estimate":4420.195014450281,"standard_error":0.024091960597613777},"MedianAbsDev":{"confidence_interval":{"confidence_level":0.95,"lower_bound":0.18330257530851726,"upper_bound":0.32139122025557776},"point_estimate":0.23673643960033564,"standard_error":0.03519049673456596},"Slope":{"confidence_interval":{"confidence_level":0.95,"lower_bound":4420.223213633087,"upper_bound":4420.348403022563},"point_estimate":4420.282138542612,"standard_error":0.031941942139119314},"StdDev":{"confidence_interval":{"confidence_level":0.95,"lower_bound":0.31759164745804097,"upper_bound":0.4943299377564264},"point_estimate":0.4085672430328984,"standard_error":0.045242771874441146}}