{"Mean":{"confidence_interval":{"confidence_level":0.95,"lower_bound":222984.34454219547,"upper_bound":225109.400172882},"point_estimate":223938.6650627382,"standard_error":546.1101727007741},"Median":{"confidence_interval":{"confidence_level":0.95,"lower_bound":221646.37634408602,"upper_bound":222430.02},"point_estimate":222075.466984127,"standard_error":171.53445489298255},"MedianAbsDev":{"confidence_interval":{"confidence_level":0.95,"lower_bound":779.3982195241139,"upper_bound":1761.9408475316866},"point_estimate":1201.6661053328717,"standard_error":253.99001753409814},"Slope":{"confidence_interval":{"confidence_level":0.95,"lower_bound":221847.57430135953,"upper_bound":223298.2341137321},"point_estimate":222497.91147687307,"standard_error":372.87883118973895},"StdDev":{"confidence_interval":{"confidence_level":0.95,"lower_bound":2826.8572456590946,"upper_bound":8072.472472459489},"point_estimate":5514.8872297633425,"standard_error":1432.4411110198791}}