{"Mean":{"confidence_interval":{"confidence_level":0.95,"lower_bound":74831334.95909636,"upper_bound":75158203.41843648},"point_estimate":74964894.60157707,"standard_error":85475.86574134618},"Median":{"confidence_interval":{"confidence_level":0.95,"lower_bound":74797853.4516129,"upper_bound":74857049.50130051},"point_estimate":74824949.74486804,"standard_error":14495.066971917604},"MedianAbsDev":{"confidence_interval":{"confidence_level":0.95,"lower_bound":97804.66589693868,"upper_bound":187797.34941235848},"point_estimate":150834.6195896505,"standard_error":23356.817633607137},"Slope":{"confidence_interval":{"confidence_level":0.95,"lower_bound":74816473.55081926,"upper_bound":74863766.37418692},"point_estimate":74839372.13912517,"standard_error":12031.419234569135},"StdDev":{"confidence_interval":{"confidence_level":0.95,"lower_bound":212593.95083639043,"upper_bound":1381748.003398834},"point_estimate":858385.6775432572,"standard_error":332430.6784887378}}