{"Mean":{"confidence_interval":{"confidence_level":0.95,"lower_bound":78994.84718866722,"upper_bound":79055.07002300526},"point_estimate":79018.81279260843,"standard_error":15.847178539451155},"Median":{"confidence_interval":{"confidence_level":0.95,"lower_bound":78988.89078309078,"upper_bound":78993.393006993},"point_estimate":78990.8771062271,"standard_error":1.184637310916481},"MedianAbsDev":{"confidence_interval":{"confidence_level":0.95,"lower_bound":8.657569090343276,"upper_bound":21.531797596963074},"point_estimate":12.126466227009947,"standard_error":3.7271614702408895},"Slope":{"confidence_interval":{"confidence_level":0.95,"lower_bound":78979.81059957613,"upper_bound":79022.70943950205},"point_estimate":78998.91943708723,"standard_error":10.984627063819223},"StdDev":{"confidence_interval":{"confidence_level":0.95,"lower_bound":45.01049446782461,"upper_bound":259.6323561949321},"point_estimate":159.3211083833544,"standard_error":67.12687989444277}}