{"Mean":{"confidence_interval":{"confidence_level":0.95,"lower_bound":47003.53355797129,"upper_bound":47022.16340108209},"point_estimate":47012.11110644639,"standard_error":4.778491001568089},"Median":{"confidence_interval":{"confidence_level":0.95,"lower_bound":46997.17970401691,"upper_bound":47003.43388429752},"point_estimate":47000.192964124,"standard_error":1.8923667467728096},"MedianAbsDev":{"confidence_interval":{"confidence_level":0.95,"lower_bound":10.470250839896408,"upper_bound":18.010735516220077},"point_estimate":14.027909659023535,"standard_error":1.9146194285103557},"Slope":{"confidence_interval":{"confidence_level":0.95,"lower_bound":46999.66725816753,"upper_bound":47033.06089632178},"point_estimate":47013.89347058586,"standard_error":8.708929406570462},"StdDev":{"confidence_interval":{"confidence_level":0.95,"lower_bound":28.580085664568433,"upper_bound":64.90738489220422},"point_estimate":48.10657425964611,"standard_error":9.306621226310984}}