{"Mean":{"confidence_interval":{"confidence_level":0.95,"lower_bound":851.0271233281202,"upper_bound":851.451776254236},"point_estimate":851.2357907398568,"standard_error":0.10832186960759281},"Median":{"confidence_interval":{"confidence_level":0.95,"lower_bound":850.866354532449,"upper_bound":851.5200836359635},"point_estimate":851.0075497463909,"standard_error":0.18483564980745518},"MedianAbsDev":{"confidence_interval":{"confidence_level":0.95,"lower_bound":0.9503436898161263,"upper_bound":1.6469510768051547},"point_estimate":1.532007036092375,"standard_error":0.20472587863795796},"Slope":{"confidence_interval":{"confidence_level":0.95,"lower_bound":850.8700494861943,"upper_bound":851.3926420106854},"point_estimate":851.131589662278,"standard_error":0.133204147341918},"StdDev":{"confidence_interval":{"confidence_level":0.95,"lower_bound":0.8972297764638549,"upper_bound":1.293144897499754},"point_estimate":1.0859687934697952,"standard_error":0.10292810291941541}}