{"Mean":{"confidence_interval":{"confidence_level":0.95,"lower_bound":170970.46852938583,"upper_bound":171029.50849968236},"point_estimate":170998.3423260001,"standard_error":15.053979775189287},"Median":{"confidence_interval":{"confidence_level":0.95,"lower_bound":170961.10912698414,"upper_bound":170999.97506291466},"point_estimate":170983.48645652592,"standard_error":9.224957941131846},"MedianAbsDev":{"confidence_interval":{"confidence_level":0.95,"lower_bound":60.67246995940129,"upper_bound":100.19378266740046},"point_estimate":80.60271179016412,"standard_error":9.936794589706052},"Slope":{"confidence_interval":{"confidence_level":0.95,"lower_bound":170981.61473741013,"upper_bound":171042.7532604381},"point_estimate":171010.00851632925,"standard_error":15.653670176871296},"StdDev":{"confidence_interval":{"confidence_level":0.95,"lower_bound":101.38673316809215,"upper_bound":196.00682176454004},"point_estimate":151.23917597189583,"standard_error":24.30881857005601}}