{"Mean":{"confidence_interval":{"confidence_level":0.95,"lower_bound":49740.54748850572,"upper_bound":49839.43808745297},"point_estimate":49791.608603527966,"standard_error":25.257568797642953},"Median":{"confidence_interval":{"confidence_level":0.95,"lower_bound":49761.744897959186,"upper_bound":49901.045774647886},"point_estimate":49825.56036392405,"standard_error":37.08570527018256},"MedianAbsDev":{"confidence_interval":{"confidence_level":0.95,"lower_bound":180.21196062667667,"upper_bound":271.58311740637197},"point_estimate":222.82135157466823,"standard_error":23.22335787474785},"Slope":{"confidence_interval":{"confidence_level":0.95,"lower_bound":49770.45594361487,"upper_bound":49855.7569600557},"point_estimate":49814.0785854884,"standard_error":21.74609561292035},"StdDev":{"confidence_interval":{"confidence_level":0.95,"lower_bound":198.5192969076301,"upper_bound":304.57454588444097},"point_estimate":253.93717672437225,"standard_error":27.15248540521428}}