{"Mean":{"confidence_interval":{"confidence_level":0.95,"lower_bound":155.30620156505307,"upper_bound":155.7596158987885},"point_estimate":155.52772673680408,"standard_error":0.11572395795541295},"Median":{"confidence_interval":{"confidence_level":0.95,"lower_bound":155.1243259678928,"upper_bound":155.6440537715007},"point_estimate":155.39757036596038,"standard_error":0.13914788542391784},"MedianAbsDev":{"confidence_interval":{"confidence_level":0.95,"lower_bound":0.9592012394203752,"upper_bound":1.5861477401159139},"point_estimate":1.2880669580874884,"standard_error":0.16119028564607055},"Slope":{"confidence_interval":{"confidence_level":0.95,"lower_bound":155.51875715230648,"upper_bound":156.07173417297216},"point_estimate":155.80842229107137,"standard_error":0.1407412440621599},"StdDev":{"confidence_interval":{"confidence_level":0.95,"lower_bound":0.9867410089761391,"upper_bound":1.322522235914254},"point_estimate":1.1592428955098422,"standard_error":0.08617925225700862}}