{"Mean":{"confidence_interval":{"confidence_level":0.95,"lower_bound":33979090.3577599,"upper_bound":34356133.63387095},"point_estimate":34167553.17529298,"standard_error":96680.10183221281},"Median":{"confidence_interval":{"confidence_level":0.95,"lower_bound":33835342.09268293,"upper_bound":34394701.36421052},"point_estimate":34087056.41234347,"standard_error":159076.300742737},"MedianAbsDev":{"confidence_interval":{"confidence_level":0.95,"lower_bound":805105.9957128628,"upper_bound":1352926.4355347222},"point_estimate":1089393.0484203529,"standard_error":146024.47080111253},"Slope":{"confidence_interval":{"confidence_level":0.95,"lower_bound":34670427.29559237,"upper_bound":34984005.79557493},"point_estimate":34830979.55543077,"standard_error":80182.98335077046},"StdDev":{"confidence_interval":{"confidence_level":0.95,"lower_bound":861477.0852039609,"upper_bound":1067540.1238540008},"point_estimate":971789.528837343,"standard_error":52424.878121458576}}