{"Mean":{"confidence_interval":{"confidence_level":0.95,"lower_bound":21060.51889697638,"upper_bound":21247.754292384336},"point_estimate":21144.38370975468,"standard_error":48.05171719343181},"Median":{"confidence_interval":{"confidence_level":0.95,"lower_bound":20957.056221889055,"upper_bound":20996.70882740448},"point_estimate":20974.396739130436,"standard_error":8.930030833962158},"MedianAbsDev":{"confidence_interval":{"confidence_level":0.95,"lower_bound":37.95854991253997,"upper_bound":95.05227266414087},"point_estimate":63.304884450737404,"standard_error":13.677214767184047},"Slope":{"confidence_interval":{"confidence_level":0.95,"lower_bound":20978.661040106566,"upper_bound":21121.970921149663},"point_estimate":21042.059460810455,"standard_error":37.00973286517235},"StdDev":{"confidence_interval":{"confidence_level":0.95,"lower_bound":252.2008165603559,"upper_bound":703.5862065420101},"point_estimate":484.0015253063315,"standard_error":121.17866210321291}}