{"Mean":{"confidence_interval":{"confidence_level":0.95,"lower_bound":266963.7114712372,"upper_bound":267366.71991653583},"point_estimate":267142.580329527,"standard_error":103.86919223492717},"Median":{"confidence_interval":{"confidence_level":0.95,"lower_bound":266864.28499034746,"upper_bound":266961.15},"point_estimate":266910.60278895916,"standard_error":23.536670264599962},"MedianAbsDev":{"confidence_interval":{"confidence_level":0.95,"lower_bound":225.91595334197638,"upper_bound":498.83853602592995},"point_estimate":332.31743535152134,"standard_error":71.79647247874719},"Slope":{"confidence_interval":{"confidence_level":0.95,"lower_bound":266773.43484168174,"upper_bound":267003.2705365577},"point_estimate":266878.3429865524,"standard_error":58.75190354379444},"StdDev":{"confidence_interval":{"confidence_level":0.95,"lower_bound":517.105174075087,"upper_bound":1548.2979384047724},"point_estimate":1045.206377079845,"standard_error":279.60030471174156}}