{"Mean":{"confidence_interval":{"confidence_level":0.95,"lower_bound":665.5169858052716,"upper_bound":665.9384135113213},"point_estimate":665.7247903656287,"standard_error":0.10739721910543285},"Median":{"confidence_interval":{"confidence_level":0.95,"lower_bound":665.3889114421346,"upper_bound":665.9228989281779},"point_estimate":665.7192596977195,"standard_error":0.17935817557608771},"MedianAbsDev":{"confidence_interval":{"confidence_level":0.95,"lower_bound":0.7136722711174414,"upper_bound":1.526079817586978},"point_estimate":1.1638394517160602,"standard_error":0.21616596770940655},"Slope":{"confidence_interval":{"confidence_level":0.95,"lower_bound":665.3209009623638,"upper_bound":665.8404071098879},"point_estimate":665.5777395155924,"standard_error":0.1328791303468479},"StdDev":{"confidence_interval":{"confidence_level":0.95,"lower_bound":0.9206645431874585,"upper_bound":1.2285313617825306},"point_estimate":1.0788514121474009,"standard_error":0.07863448179718495}}