{"Mean":{"confidence_interval":{"confidence_level":0.95,"lower_bound":45799803.49659163,"upper_bound":46332506.49239569},"point_estimate":46071524.5557867,"standard_error":135557.86556823354},"Median":{"confidence_interval":{"confidence_level":0.95,"lower_bound":45746797.871212125,"upper_bound":46439768.39622641},"point_estimate":46166506.03831418,"standard_error":182541.81043291607},"MedianAbsDev":{"confidence_interval":{"confidence_level":0.95,"lower_bound":1306917.411473015,"upper_bound":1973370.588203991},"point_estimate":1749693.273148615,"standard_error":163416.13449603584},"Slope":{"confidence_interval":{"confidence_level":0.95,"lower_bound":46828563.86337862,"upper_bound":47241523.44380572},"point_estimate":47048727.98235555,"standard_error":105603.60654755191},"StdDev":{"confidence_interval":{"confidence_level":0.95,"lower_bound":1214511.4076715272,"upper_bound":1491975.6933921606},"point_estimate":1364303.2584829642,"standard_error":70465.84485347295}}