{"Mean":{"confidence_interval":{"confidence_level":0.95,"lower_bound":488.31149321758426,"upper_bound":488.37209807599817},"point_estimate":488.3417379821104,"standard_error":0.015483626569503434},"Median":{"confidence_interval":{"confidence_level":0.95,"lower_bound":488.2578110840527,"upper_bound":488.42956507925703},"point_estimate":488.37537339264884,"standard_error":0.05362110613286768},"MedianAbsDev":{"confidence_interval":{"confidence_level":0.95,"lower_bound":0.15037167189550818,"upper_bound":0.23234286619721817},"point_estimate":0.2116496656662641,"standard_error":0.021116206988124123},"Slope":{"confidence_interval":{"confidence_level":0.95,"lower_bound":488.27852534243067,"upper_bound":488.3511492418037},"point_estimate":488.3152655102407,"standard_error":0.018477776300791622},"StdDev":{"confidence_interval":{"confidence_level":0.95,"lower_bound":0.14297814871633188,"upper_bound":0.16565464356544632},"point_estimate":0.15529485884293803,"standard_error":0.005785636958069262}}