{"Mean":{"confidence_interval":{"confidence_level":0.95,"lower_bound":518.6064730045581,"upper_bound":519.8512259637515},"point_estimate":519.2220034702965,"standard_error":0.31769359374519035},"Median":{"confidence_interval":{"confidence_level":0.95,"lower_bound":518.6039655518659,"upper_bound":519.7533005011232},"point_estimate":519.1851950378798,"standard_error":0.29488817590666994},"MedianAbsDev":{"confidence_interval":{"confidence_level":0.95,"lower_bound":1.998466595800939,"upper_bound":3.3341270776633025},"point_estimate":2.6197218005278304,"standard_error":0.3453048028681739},"Slope":{"confidence_interval":{"confidence_level":0.95,"lower_bound":518.5863327256008,"upper_bound":519.7827176887793},"point_estimate":519.1913059251423,"standard_error":0.3067252824245571},"StdDev":{"confidence_interval":{"confidence_level":0.95,"lower_bound":2.5885140514079836,"upper_bound":3.7537156908571334},"point_estimate":3.1829143633398025,"standard_error":0.2985255442099688}}