{"Mean":{"confidence_interval":{"confidence_level":0.95,"lower_bound":28691091.457297567,"upper_bound":28732176.03403105},"point_estimate":28710437.903526336,"standard_error":10477.599802764447},"Median":{"confidence_interval":{"confidence_level":0.95,"lower_bound":28657678.6875,"upper_bound":28678773.13471971},"point_estimate":28663995.064814813,"standard_error":5691.097033076759},"MedianAbsDev":{"confidence_interval":{"confidence_level":0.95,"lower_bound":26006.6568865156,"upper_bound":65008.91879533484},"point_estimate":36637.99776850694,"standard_error":10649.555683531227},"Slope":{"confidence_interval":{"confidence_level":0.95,"lower_bound":28687680.72651518,"upper_bound":28724553.98164633},"point_estimate":28705738.612093985,"standard_error":9415.10200526965},"StdDev":{"confidence_interval":{"confidence_level":0.95,"lower_bound":74821.55529997399,"upper_bound":136644.9145091737},"point_estimate":105161.88986044395,"standard_error":16239.295132787678}}