{"Mean":{"confidence_interval":{"confidence_level":0.95,"lower_bound":49120.709416563834,"upper_bound":49134.756590326644},"point_estimate":49126.97963593311,"standard_error":3.6009894376752087},"Median":{"confidence_interval":{"confidence_level":0.95,"lower_bound":49117.457875457876,"upper_bound":49121.11814345991},"point_estimate":49118.75224867725,"standard_error":0.9370117766592272},"MedianAbsDev":{"confidence_interval":{"confidence_level":0.95,"lower_bound":8.603233956636268,"upper_bound":15.331271091451649},"point_estimate":11.326181852211064,"standard_error":1.598463789771382},"Slope":{"confidence_interval":{"confidence_level":0.95,"lower_bound":49117.82365476066,"upper_bound":49136.58247778091},"point_estimate":49124.58212347034,"standard_error":5.188822357550986},"StdDev":{"confidence_interval":{"confidence_level":0.95,"lower_bound":15.387688890404101,"upper_bound":50.85878111011813},"point_estimate":36.16722895954938,"standard_error":8.66290911400701}}