{"Mean":{"confidence_interval":{"confidence_level":0.95,"lower_bound":533125.5742436944,"upper_bound":552191.9288336299},"point_estimate":541377.1888144423,"standard_error":4906.963682348165},"Median":{"confidence_interval":{"confidence_level":0.95,"lower_bound":526827.57,"upper_bound":528035.0625},"point_estimate":527394.4793956045,"standard_error":333.18253753261075},"MedianAbsDev":{"confidence_interval":{"confidence_level":0.95,"lower_bound":1096.4367099114386,"upper_bound":2332.0408990634405},"point_estimate":1647.982655392911,"standard_error":309.64194877718705},"Slope":{"confidence_interval":{"confidence_level":0.95,"lower_bound":527220.1481988581,"upper_bound":532493.474435589},"point_estimate":529306.3922934831,"standard_error":1395.4814406870703},"StdDev":{"confidence_interval":{"confidence_level":0.95,"lower_bound":20734.552089116227,"upper_bound":75597.52700598878},"point_estimate":49532.63873952897,"standard_error":15454.958280032019}}