{"Mean":{"confidence_interval":{"confidence_level":0.95,"lower_bound":64861.325457956176,"upper_bound":66571.92309791982},"point_estimate":65546.83645757724,"standard_error":451.0453759975324},"Median":{"confidence_interval":{"confidence_level":0.95,"lower_bound":64669.4495967742,"upper_bound":64741.760416666664},"point_estimate":64691.66616334034,"standard_error":17.37023187659923},"MedianAbsDev":{"confidence_interval":{"confidence_level":0.95,"lower_bound":115.12894227423844,"upper_bound":191.00395727019585},"point_estimate":146.05554268885373,"standard_error":18.437597010977637},"Slope":{"confidence_interval":{"confidence_level":0.95,"lower_bound":64722.41512941703,"upper_bound":65337.4220856774},"point_estimate":64985.8917838407,"standard_error":159.7327433654001},"StdDev":{"confidence_interval":{"confidence_level":0.95,"lower_bound":761.7094553978543,"upper_bound":7344.143536031813},"point_estimate":4523.51285769839,"standard_error":1872.2844905177612}}