{"Mean":{"confidence_interval":{"confidence_level":0.95,"lower_bound":64554471.85423583,"upper_bound":65746198.25207253},"point_estimate":65136139.467904046,"standard_error":304005.14964965393},"Median":{"confidence_interval":{"confidence_level":0.95,"lower_bound":64260496.53125,"upper_bound":65371073.63780488},"point_estimate":64848540.88176964,"standard_error":289558.8982868027},"MedianAbsDev":{"confidence_interval":{"confidence_level":0.95,"lower_bound":1827386.0621084922,"upper_bound":3019964.5445200233},"point_estimate":2291282.546445776,"standard_error":298421.0422738238},"Slope":{"confidence_interval":{"confidence_level":0.95,"lower_bound":64084367.29422148,"upper_bound":65090389.76024464},"point_estimate":64600786.60394562,"standard_error":256726.49511804065},"StdDev":{"confidence_interval":{"confidence_level":0.95,"lower_bound":2462232.2149428274,"upper_bound":3589618.964785248},"point_estimate":3067045.488951099,"standard_error":289303.8461419692}}