{"Mean":{"confidence_interval":{"confidence_level":0.95,"lower_bound":9804441.966683393,"upper_bound":9836936.802456876},"point_estimate":9819226.219323752,"standard_error":8343.356568770028},"Median":{"confidence_interval":{"confidence_level":0.95,"lower_bound":9790095.041851617,"upper_bound":9805132.6},"point_estimate":9798190.906223893,"standard_error":3902.6689900360166},"MedianAbsDev":{"confidence_interval":{"confidence_level":0.95,"lower_bound":20215.56111498412,"upper_bound":35161.102493773484},"point_estimate":27877.76242383684,"standard_error":3955.7762071968914},"Slope":{"confidence_interval":{"confidence_level":0.95,"lower_bound":9797153.974269958,"upper_bound":9817519.982718376},"point_estimate":9806599.883901285,"standard_error":5208.710858426412},"StdDev":{"confidence_interval":{"confidence_level":0.95,"lower_bound":45190.62376825631,"upper_bound":116595.57954895422},"point_estimate":84132.93105899577,"standard_error":18239.00883666735}}