{"Mean":{"confidence_interval":{"confidence_level":0.95,"lower_bound":12024502.665331353,"upper_bound":12071080.039728679},"point_estimate":12044277.753538368,"standard_error":12101.61708559219},"Median":{"confidence_interval":{"confidence_level":0.95,"lower_bound":12015164.91025641,"upper_bound":12020453.6},"point_estimate":12016645.366005354,"standard_error":1339.123948109227},"MedianAbsDev":{"confidence_interval":{"confidence_level":0.95,"lower_bound":11259.091036520633,"upper_bound":24876.376067579105},"point_estimate":17888.30075396165,"standard_error":3425.3561178633586},"Slope":{"confidence_interval":{"confidence_level":0.95,"lower_bound":12022480.887800196,"upper_bound":12045454.458888369},"point_estimate":12033138.479166543,"standard_error":5891.994783263642},"StdDev":{"confidence_interval":{"confidence_level":0.95,"lower_bound":41396.43075509189,"upper_bound":188978.4313908562},"point_estimate":121261.29392416157,"standard_error":40601.13608034092}}