{"Mean":{"confidence_interval":{"confidence_level":0.95,"lower_bound":106562.15154912621,"upper_bound":106858.68071519249},"point_estimate":106711.60133123593,"standard_error":75.80023686682856},"Median":{"confidence_interval":{"confidence_level":0.95,"lower_bound":106534.92833333333,"upper_bound":106941.425},"point_estimate":106753.34236596737,"standard_error":95.9618126748125},"MedianAbsDev":{"confidence_interval":{"confidence_level":0.95,"lower_bound":591.5778013063458,"upper_bound":866.2701036206246},"point_estimate":735.3931534332742,"standard_error":70.57037173194662},"Slope":{"confidence_interval":{"confidence_level":0.95,"lower_bound":106619.57669294634,"upper_bound":106891.37412790318},"point_estimate":106753.8189206443,"standard_error":69.25527441441119},"StdDev":{"confidence_interval":{"confidence_level":0.95,"lower_bound":635.2675845293593,"upper_bound":880.4358062315116},"point_estimate":760.8994878867741,"standard_error":62.72480693234642}}