{"Mean":{"confidence_interval":{"confidence_level":0.95,"lower_bound":16842.039173682195,"upper_bound":16855.537873413377},"point_estimate":16847.346672282383,"standard_error":3.5725740231478915},"Median":{"confidence_interval":{"confidence_level":0.95,"lower_bound":16838.923436586792,"upper_bound":16841.74162728162},"point_estimate":16839.743144082186,"standard_error":0.7211050815603555},"MedianAbsDev":{"confidence_interval":{"confidence_level":0.95,"lower_bound":3.732474065031474,"upper_bound":6.662726848134893},"point_estimate":5.087020973069846,"standard_error":0.7345100109967597},"Slope":{"confidence_interval":{"confidence_level":0.95,"lower_bound":16839.279261831223,"upper_bound":16843.94399000154},"point_estimate":16841.36548238836,"standard_error":1.1983323256644716},"StdDev":{"confidence_interval":{"confidence_level":0.95,"lower_bound":9.71217536049109,"upper_bound":58.93547919078985},"point_estimate":35.944447717828304,"standard_error":15.708647788171293}}