{"Mean":{"confidence_interval":{"confidence_level":0.95,"lower_bound":1463.2697946614537,"upper_bound":1464.121432660129},"point_estimate":1463.6949204136502,"standard_error":0.2165436958508474},"Median":{"confidence_interval":{"confidence_level":0.95,"lower_bound":1461.6929651545036,"upper_bound":1464.994572900218},"point_estimate":1464.9319228383279,"standard_error":0.8898341701954584},"MedianAbsDev":{"confidence_interval":{"confidence_level":0.95,"lower_bound":0.7644401461121841,"upper_bound":3.7693152949385733},"point_estimate":2.4476957829189963,"standard_error":0.6407640156028683},"Slope":{"confidence_interval":{"confidence_level":0.95,"lower_bound":1462.8736509185812,"upper_bound":1463.8998305223188},"point_estimate":1463.3846916684956,"standard_error":0.2626068290757409},"StdDev":{"confidence_interval":{"confidence_level":0.95,"lower_bound":2.0014529192605908,"upper_bound":2.3548432483725987},"point_estimate":2.181400548640931,"standard_error":0.09063515283877574}}