{"Mean":{"confidence_interval":{"confidence_level":0.95,"lower_bound":353697.5163557213,"upper_bound":357803.1949820254},"point_estimate":355351.4613286563,"standard_error":1080.85768807146},"Median":{"confidence_interval":{"confidence_level":0.95,"lower_bound":353228.96949317737,"upper_bound":353590.0571095571},"point_estimate":353352.4282387401,"standard_error":83.60497281160613},"MedianAbsDev":{"confidence_interval":{"confidence_level":0.95,"lower_bound":515.2469370063839,"upper_bound":835.264505774411},"point_estimate":664.2089793450456,"standard_error":83.40944093519286},"Slope":{"confidence_interval":{"confidence_level":0.95,"lower_bound":353220.01727531373,"upper_bound":354949.025625669},"point_estimate":353785.3919777351,"standard_error":489.67260641079633},"StdDev":{"confidence_interval":{"confidence_level":0.95,"lower_bound":1707.3888651902755,"upper_bound":17649.288009386346},"point_estimate":10857.399385817853,"standard_error":4483.863359395423}}