{"Mean":{"confidence_interval":{"confidence_level":0.95,"lower_bound":5061226.539364494,"upper_bound":5067951.132238151},"point_estimate":5064449.913538955,"standard_error":1712.3913104523415},"Median":{"confidence_interval":{"confidence_level":0.95,"lower_bound":5060939.395833334,"upper_bound":5064901.546103897},"point_estimate":5062778.757142857,"standard_error":1045.6005812404237},"MedianAbsDev":{"confidence_interval":{"confidence_level":0.95,"lower_bound":7102.31642074793,"upper_bound":12811.33934339038},"point_estimate":9381.418730947154,"standard_error":1439.2773816786844},"Slope":{"confidence_interval":{"confidence_level":0.95,"lower_bound":5062357.841801442,"upper_bound":5067247.005440287},"point_estimate":5064548.876802128,"standard_error":1249.5073135918649},"StdDev":{"confidence_interval":{"confidence_level":0.95,"lower_bound":12099.985794598753,"upper_bound":22621.823430478948},"point_estimate":17219.13289363689,"standard_error":2760.870885732929}}