{"Mean":{"confidence_interval":{"confidence_level":0.95,"lower_bound":451.53694317759727,"upper_bound":452.1658627039263},"point_estimate":451.8388205125755,"standard_error":0.1602976126950247},"Median":{"confidence_interval":{"confidence_level":0.95,"lower_bound":450.5041423938271,"upper_bound":452.9708987008955},"point_estimate":452.3516631021881,"standard_error":0.7965426483221327},"MedianAbsDev":{"confidence_interval":{"confidence_level":0.95,"lower_bound":0.2802757739583287,"upper_bound":2.02291683324585},"point_estimate":1.293887267392157,"standard_error":0.5317862608693377},"Slope":{"confidence_interval":{"confidence_level":0.95,"lower_bound":451.46213714904235,"upper_bound":452.12149833224555},"point_estimate":451.7900342000633,"standard_error":0.16797855132303385},"StdDev":{"confidence_interval":{"confidence_level":0.95,"lower_bound":1.2828339512615021,"upper_bound":2.067265527147449},"point_estimate":1.6055167201778402,"standard_error":0.2427591820693849}}