{"Mean":{"confidence_interval":{"confidence_level":0.95,"lower_bound":1256289.9713242818,"upper_bound":1257788.7325526057},"point_estimate":1256982.6162693864,"standard_error":381.24105771146316},"Median":{"confidence_interval":{"confidence_level":0.95,"lower_bound":1255807.5683333334,"upper_bound":1256584.0},"point_estimate":1256201.5029239766,"standard_error":228.75967168846304},"MedianAbsDev":{"confidence_interval":{"confidence_level":0.95,"lower_bound":1141.841946244429,"upper_bound":2317.091338070438},"point_estimate":1521.4064992206168,"standard_error":308.90199094943364},"Slope":{"confidence_interval":{"confidence_level":0.95,"lower_bound":1255460.8591526877,"upper_bound":1256438.5724217952},"point_estimate":1255946.0963972218,"standard_error":248.629158777814},"StdDev":{"confidence_interval":{"confidence_level":0.95,"lower_bound":2336.663858899243,"upper_bound":5158.889657921617},"point_estimate":3827.424006350777,"standard_error":731.6082632351975}}