{"Mean":{"confidence_interval":{"confidence_level":0.95,"lower_bound":21383707.829460345,"upper_bound":21420667.034620397},"point_estimate":21400747.77816604,"standard_error":9499.024069863863},"Median":{"confidence_interval":{"confidence_level":0.95,"lower_bound":21359419.74117647,"upper_bound":21370958.451408632},"point_estimate":21366533.425213676,"standard_error":3044.319946617587},"MedianAbsDev":{"confidence_interval":{"confidence_level":0.95,"lower_bound":16278.166122959863,"upper_bound":33890.12554448257},"point_estimate":24447.93010314223,"standard_error":4555.993005585789},"Slope":{"confidence_interval":{"confidence_level":0.95,"lower_bound":21376739.26450445,"upper_bound":21406410.23141778},"point_estimate":21390849.777372543,"standard_error":7591.305825914863},"StdDev":{"confidence_interval":{"confidence_level":0.95,"lower_bound":57267.89473717108,"upper_bound":127841.51761278855},"point_estimate":95229.73311973066,"standard_error":18008.45660560458}}