{"Mean":{"confidence_interval":{"confidence_level":0.95,"lower_bound":21393871.04553388,"upper_bound":21431124.39918846},"point_estimate":21411296.51624043,"standard_error":9540.976331548178},"Median":{"confidence_interval":{"confidence_level":0.95,"lower_bound":21366908.94736842,"upper_bound":21377254.448717948},"point_estimate":21370691.24296435,"standard_error":2249.8732457327596},"MedianAbsDev":{"confidence_interval":{"confidence_level":0.95,"lower_bound":13940.442213953913,"upper_bound":32599.207791389366},"point_estimate":21641.74347203225,"standard_error":4909.263247695633},"Slope":{"confidence_interval":{"confidence_level":0.95,"lower_bound":21392636.17358211,"upper_bound":21430453.928398266},"point_estimate":21410856.4210433,"standard_error":9643.861951962392},"StdDev":{"confidence_interval":{"confidence_level":0.95,"lower_bound":62887.49513265541,"upper_bound":128213.61034540179},"point_estimate":95638.09494707809,"standard_error":17100.674190144582}}