{"Mean":{"confidence_interval":{"confidence_level":0.95,"lower_bound":139795.91193253384,"upper_bound":139807.38046833334},"point_estimate":139800.60442499153,"standard_error":2.9800749902926773},"Median":{"confidence_interval":{"confidence_level":0.95,"lower_bound":139793.7768394146,"upper_bound":139796.67021276595},"point_estimate":139794.72237860662,"standard_error":0.6403954021909184},"MedianAbsDev":{"confidence_interval":{"confidence_level":0.95,"lower_bound":5.0547782190852715,"upper_bound":8.445979471283465},"point_estimate":6.2929980186169265,"standard_error":0.8337085597017766},"Slope":{"confidence_interval":{"confidence_level":0.95,"lower_bound":139793.97714531742,"upper_bound":139796.4838290118},"point_estimate":139795.17750664992,"standard_error":0.6406234332761843},"StdDev":{"confidence_interval":{"confidence_level":0.95,"lower_bound":10.41350050414698,"upper_bound":47.7826016722127},"point_estimate":29.87230222730543,"standard_error":11.427013676137964}}