{"Mean":{"confidence_interval":{"confidence_level":0.95,"lower_bound":8960628.752922822,"upper_bound":8987924.001880663},"point_estimate":8971324.506692763,"standard_error":7219.116243964014},"Median":{"confidence_interval":{"confidence_level":0.95,"lower_bound":8957867.63095238,"upper_bound":8964802.42857143},"point_estimate":8961160.910609858,"standard_error":1751.5229979399383},"MedianAbsDev":{"confidence_interval":{"confidence_level":0.95,"lower_bound":11834.232738361676,"upper_bound":18415.793268706006},"point_estimate":15484.468733537253,"standard_error":1657.2054350744927},"Slope":{"confidence_interval":{"confidence_level":0.95,"lower_bound":8956417.86852384,"upper_bound":8981903.895263357},"point_estimate":8966403.631573815,"standard_error":6693.07680833545},"StdDev":{"confidence_interval":{"confidence_level":0.95,"lower_bound":19893.70523350993,"upper_bound":119594.66531264392},"point_estimate":72824.1397475222,"standard_error":32096.851256523732}}