{"Mean":{"confidence_interval":{"confidence_level":0.95,"lower_bound":68749.20139922123,"upper_bound":69190.73611777095},"point_estimate":68946.50919172453,"standard_error":113.10179719237426},"Median":{"confidence_interval":{"confidence_level":0.95,"lower_bound":68593.235,"upper_bound":68648.38636363637},"point_estimate":68629.00233686066,"standard_error":13.132604079294738},"MedianAbsDev":{"confidence_interval":{"confidence_level":0.95,"lower_bound":94.53520959922659,"upper_bound":161.36657639376372},"point_estimate":128.7761591622469,"standard_error":16.552564380300215},"Slope":{"confidence_interval":{"confidence_level":0.95,"lower_bound":68601.19801639841,"upper_bound":69197.16386715756},"point_estimate":68838.78164405694,"standard_error":158.78352689273243},"StdDev":{"confidence_interval":{"confidence_level":0.95,"lower_bound":557.9601288363797,"upper_bound":1609.4938188133451},"point_estimate":1136.2202422794815,"standard_error":268.8153818244653}}