{"Mean":{"confidence_interval":{"confidence_level":0.95,"lower_bound":9958.512848318494,"upper_bound":10019.244031368728},"point_estimate":9986.757043696538,"standard_error":15.548577279485963},"Median":{"confidence_interval":{"confidence_level":0.95,"lower_bound":9914.926749999999,"upper_bound":9928.391609375001},"point_estimate":9918.943491847825,"standard_error":3.709106595375367},"MedianAbsDev":{"confidence_interval":{"confidence_level":0.95,"lower_bound":15.417142264345998,"upper_bound":34.62687639582857},"point_estimate":20.620694597849983,"standard_error":5.0282070657860665},"Slope":{"confidence_interval":{"confidence_level":0.95,"lower_bound":9916.592462663191,"upper_bound":9928.321895937996},"point_estimate":9921.841593763855,"standard_error":2.990318487105381},"StdDev":{"confidence_interval":{"confidence_level":0.95,"lower_bound":107.02645539876232,"upper_bound":198.80293433104495},"point_estimate":156.01641846807397,"standard_error":23.535984178325428}}