{"Mean":{"confidence_interval":{"confidence_level":0.95,"lower_bound":1330325.4084272676,"upper_bound":1331523.3268813204},"point_estimate":1330801.8093864513,"standard_error":316.39358122504916},"Median":{"confidence_interval":{"confidence_level":0.95,"lower_bound":1330018.2105263157,"upper_bound":1330094.7241379311},"point_estimate":1330052.687121212,"standard_error":17.750267889555335},"MedianAbsDev":{"confidence_interval":{"confidence_level":0.95,"lower_bound":121.40908987233215,"upper_bound":236.4924981513023},"point_estimate":174.69745053481998,"standard_error":29.222681987504657},"Slope":{"confidence_interval":{"confidence_level":0.95,"lower_bound":1330197.382529351,"upper_bound":1330583.8404384078},"point_estimate":1330376.9856539087,"standard_error":99.2342810208109},"StdDev":{"confidence_interval":{"confidence_level":0.95,"lower_bound":895.1667843057152,"upper_bound":5191.910804754156},"point_estimate":3184.152209046472,"standard_error":1351.4144520018945}}