{"Mean":{"confidence_interval":{"confidence_level":0.95,"lower_bound":8838.869287759424,"upper_bound":8992.148158605805},"point_estimate":8908.833152113943,"standard_error":39.18948942012711},"Median":{"confidence_interval":{"confidence_level":0.95,"lower_bound":8758.237060041409,"upper_bound":8797.321081235697},"point_estimate":8777.586867911152,"standard_error":9.267190485736709},"MedianAbsDev":{"confidence_interval":{"confidence_level":0.95,"lower_bound":51.54719508136076,"upper_bound":104.48382170989923},"point_estimate":71.00576285961682,"standard_error":13.09257961443291},"Slope":{"confidence_interval":{"confidence_level":0.95,"lower_bound":8782.72071311536,"upper_bound":8961.991111013636},"point_estimate":8861.929605791533,"standard_error":46.2646084014607},"StdDev":{"confidence_interval":{"confidence_level":0.95,"lower_bound":227.09853393629234,"upper_bound":534.4886678555465},"point_estimate":392.7313445144398,"standard_error":78.37166777475939}}