{"Mean":{"confidence_interval":{"confidence_level":0.95,"lower_bound":72195.61360671784,"upper_bound":72738.20489217888},"point_estimate":72433.09728728324,"standard_error":140.49688639824925},"Median":{"confidence_interval":{"confidence_level":0.95,"lower_bound":72047.77027027027,"upper_bound":72136.66641156463},"point_estimate":72085.22505562376,"standard_error":21.53009078614869},"MedianAbsDev":{"confidence_interval":{"confidence_level":0.95,"lower_bound":117.24642648988973,"upper_bound":204.43011267253755},"point_estimate":147.72582369710184,"standard_error":22.570844667058395},"Slope":{"confidence_interval":{"confidence_level":0.95,"lower_bound":72051.7272235724,"upper_bound":72563.96711496555},"point_estimate":72233.89047689417,"standard_error":141.82146638734255},"StdDev":{"confidence_interval":{"confidence_level":0.95,"lower_bound":582.5418450466722,"upper_bound":2099.0359726945812},"point_estimate":1408.0773586490768,"standard_error":394.70207156978296}}