{"Mean":{"confidence_interval":{"confidence_level":0.95,"lower_bound":17686.147091649596,"upper_bound":17696.138373329766},"point_estimate":17690.346949070656,"standard_error":2.599195040824529},"Median":{"confidence_interval":{"confidence_level":0.95,"lower_bound":17683.162628794205,"upper_bound":17688.130878667256},"point_estimate":17686.390511424448,"standard_error":1.1437363152460092},"MedianAbsDev":{"confidence_interval":{"confidence_level":0.95,"lower_bound":6.70545428191536,"upper_bound":12.008907835267028},"point_estimate":9.341658692554555,"standard_error":1.32207495911301},"Slope":{"confidence_interval":{"confidence_level":0.95,"lower_bound":17681.21981207624,"upper_bound":17686.98398915319},"point_estimate":17683.793237097474,"standard_error":1.4778478346924224},"StdDev":{"confidence_interval":{"confidence_level":0.95,"lower_bound":10.320886262585107,"upper_bound":41.10694020193743},"point_estimate":26.133771913069932,"standard_error":9.387596289648535}}