{"Mean":{"confidence_interval":{"confidence_level":0.95,"lower_bound":266615.15998695855,"upper_bound":276355.1430788022},"point_estimate":270757.7491529634,"standard_error":2512.8752707259014},"Median":{"confidence_interval":{"confidence_level":0.95,"lower_bound":263515.07608695654,"upper_bound":263889.8419642857},"point_estimate":263683.736768018,"standard_error":92.2847482889513},"MedianAbsDev":{"confidence_interval":{"confidence_level":0.95,"lower_bound":509.7730279314638,"upper_bound":911.1676768508659},"point_estimate":695.8856391899448,"standard_error":99.48596071619919},"Slope":{"confidence_interval":{"confidence_level":0.95,"lower_bound":263751.7220148149,"upper_bound":267083.4651131669},"point_estimate":265079.97581794,"standard_error":882.4652498825899},"StdDev":{"confidence_interval":{"confidence_level":0.95,"lower_bound":10625.598152633609,"upper_bound":39077.98984643075},"point_estimate":25312.295018463163,"standard_error":8354.49116408401}}