{"Mean":{"confidence_interval":{"confidence_level":0.95,"lower_bound":952.226599238845,"upper_bound":953.8365114009198},"point_estimate":952.8136040426731,"standard_error":0.4569483131873592},"Median":{"confidence_interval":{"confidence_level":0.95,"lower_bound":952.0167274740542,"upper_bound":952.1631009615385},"point_estimate":952.0703945151234,"standard_error":0.03355400334986187},"MedianAbsDev":{"confidence_interval":{"confidence_level":0.95,"lower_bound":0.10279048033942274,"upper_bound":0.24563157350788878},"point_estimate":0.1727430751534532,"standard_error":0.03703002888895298},"Slope":{"confidence_interval":{"confidence_level":0.95,"lower_bound":952.1712757378126,"upper_bound":952.5030030219102},"point_estimate":952.3222414460447,"standard_error":0.08517972627725184},"StdDev":{"confidence_interval":{"confidence_level":0.95,"lower_bound":0.5966386460082033,"upper_bound":7.748513667615713},"point_estimate":4.580974735503714,"standard_error":2.42242978875496}}