{"Mean":{"confidence_interval":{"confidence_level":0.95,"lower_bound":112.67677358229508,"upper_bound":112.7754323754969},"point_estimate":112.71829041830303,"standard_error":0.02556464685643444},"Median":{"confidence_interval":{"confidence_level":0.95,"lower_bound":112.65008383953429,"upper_bound":112.67763570722482},"point_estimate":112.66480617619024,"standard_error":0.008514000083025242},"MedianAbsDev":{"confidence_interval":{"confidence_level":0.95,"lower_bound":0.03560835781683984,"upper_bound":0.055650001957013195},"point_estimate":0.046709407637584466,"standard_error":0.005059935995280266},"Slope":{"confidence_interval":{"confidence_level":0.95,"lower_bound":112.66024238349665,"upper_bound":112.72385609344755},"point_estimate":112.6876294148913,"standard_error":0.016341765948451267},"StdDev":{"confidence_interval":{"confidence_level":0.95,"lower_bound":0.08115982034047912,"upper_bound":0.4065464371078068},"point_estimate":0.2578176590152563,"standard_error":0.091115863837403}}