{"Mean":{"confidence_interval":{"confidence_level":0.95,"lower_bound":98275.51510468869,"upper_bound":98322.25096840393},"point_estimate":98297.55636138227,"standard_error":11.946967679503178},"Median":{"confidence_interval":{"confidence_level":0.95,"lower_bound":98255.24431818182,"upper_bound":98284.39214876032},"point_estimate":98270.13842975206,"standard_error":7.264667442343079},"MedianAbsDev":{"confidence_interval":{"confidence_level":0.95,"lower_bound":39.327955396811824,"upper_bound":65.80161446615662},"point_estimate":52.57968022577654,"standard_error":6.94098149528438},"Slope":{"confidence_interval":{"confidence_level":0.95,"lower_bound":98263.71827411036,"upper_bound":98325.8040139213},"point_estimate":98289.78842752932,"standard_error":16.15315635894917},"StdDev":{"confidence_interval":{"confidence_level":0.95,"lower_bound":80.25275746903174,"upper_bound":154.50036876719457},"point_estimate":119.97581970817436,"standard_error":18.96008081069758}}