{"Mean":{"confidence_interval":{"confidence_level":0.95,"lower_bound":6030.966430177362,"upper_bound":6033.7805418898},"point_estimate":6032.253924397606,"standard_error":0.7180152164992303},"Median":{"confidence_interval":{"confidence_level":0.95,"lower_bound":6030.342803030303,"upper_bound":6031.782727272727},"point_estimate":6031.199283883612,"standard_error":0.38398677644375806},"MedianAbsDev":{"confidence_interval":{"confidence_level":0.95,"lower_bound":2.0581606025943766,"upper_bound":3.9441877315996394},"point_estimate":2.8074153683405103,"standard_error":0.4745302807632757},"Slope":{"confidence_interval":{"confidence_level":0.95,"lower_bound":6028.915262392776,"upper_bound":6033.389331744429},"point_estimate":6030.740142491861,"standard_error":1.1658235794540088},"StdDev":{"confidence_interval":{"confidence_level":0.95,"lower_bound":4.137673409631278,"upper_bound":9.794416425809471},"point_estimate":7.212933340245125,"standard_error":1.4471046643501004}}