{"Mean":{"confidence_interval":{"confidence_level":0.95,"lower_bound":107724.95884468555,"upper_bound":107729.1360220897},"point_estimate":107726.85723270012,"standard_error":1.0672333797432765},"Median":{"confidence_interval":{"confidence_level":0.95,"lower_bound":107724.5,"upper_bound":107726.07864583333},"point_estimate":107725.35900178252,"standard_error":0.40588746896178723},"MedianAbsDev":{"confidence_interval":{"confidence_level":0.95,"lower_bound":3.3332477747227878,"upper_bound":5.421255674083257},"point_estimate":4.144731776415237,"standard_error":0.5545002937374208},"Slope":{"confidence_interval":{"confidence_level":0.95,"lower_bound":107723.81113017886,"upper_bound":107725.71891969103},"point_estimate":107724.69861120141,"standard_error":0.4883086285813367},"StdDev":{"confidence_interval":{"confidence_level":0.95,"lower_bound":5.8472272116046105,"upper_bound":15.198941931932215},"point_estimate":10.68120062115923,"standard_error":2.449003876837681}}