{"Mean":{"confidence_interval":{"confidence_level":0.95,"lower_bound":103178.78564094903,"upper_bound":103409.39044903308},"point_estimate":103292.44033846847,"standard_error":58.633305539442084},"Median":{"confidence_interval":{"confidence_level":0.95,"lower_bound":103037.62307692308,"upper_bound":103406.94841653248},"point_estimate":103214.1341025641,"standard_error":80.35485395962912},"MedianAbsDev":{"confidence_interval":{"confidence_level":0.95,"lower_bound":483.4736275166274,"upper_bound":760.1243240734904},"point_estimate":655.829348222989,"standard_error":73.35579445051972},"Slope":{"confidence_interval":{"confidence_level":0.95,"lower_bound":103208.43494294703,"upper_bound":103455.9106652274},"point_estimate":103333.64715649476,"standard_error":63.08912616907955},"StdDev":{"confidence_interval":{"confidence_level":0.95,"lower_bound":501.5994072514715,"upper_bound":672.6573828600079},"point_estimate":588.6544426436831,"standard_error":43.83511314116845}}