{"Mean":{"confidence_interval":{"confidence_level":0.95,"lower_bound":8590.350631795054,"upper_bound":8707.78730406398},"point_estimate":8632.136999016857,"standard_error":34.97210940908005},"Median":{"confidence_interval":{"confidence_level":0.95,"lower_bound":8602.946547314577,"upper_bound":8608.538431677018},"point_estimate":8603.930745341615,"standard_error":1.427399490613859},"MedianAbsDev":{"confidence_interval":{"confidence_level":0.95,"lower_bound":5.686417542345661,"upper_bound":10.048866378726474},"point_estimate":8.079425072189958,"standard_error":1.1008301266209726},"Slope":{"confidence_interval":{"confidence_level":0.95,"lower_bound":8566.389153120428,"upper_bound":8592.986736414843},"point_estimate":8579.81768351527,"standard_error":6.8155522546580825},"StdDev":{"confidence_interval":{"confidence_level":0.95,"lower_bound":33.77288411039771,"upper_bound":601.640555878437},"point_estimate":352.4677377509968,"standard_error":199.00056568135338}}