{"Mean":{"confidence_interval":{"confidence_level":0.95,"lower_bound":705779.5063707703,"upper_bound":721131.4767828117},"point_estimate":712789.5532389175,"standard_error":3931.9813398248675},"Median":{"confidence_interval":{"confidence_level":0.95,"lower_bound":702370.3591836735,"upper_bound":712577.9557570594},"point_estimate":706245.1312229438,"standard_error":2412.292648824097},"MedianAbsDev":{"confidence_interval":{"confidence_level":0.95,"lower_bound":14087.015938766372,"upper_bound":25359.81181300863},"point_estimate":18779.65446445231,"standard_error":2807.4593046795644},"Slope":{"confidence_interval":{"confidence_level":0.95,"lower_bound":703943.1860890867,"upper_bound":713607.730794903},"point_estimate":708462.7097916359,"standard_error":2472.9580112741387},"StdDev":{"confidence_interval":{"confidence_level":0.95,"lower_bound":22607.714137297808,"upper_bound":56967.27159897038},"point_estimate":39558.85541902743,"standard_error":9550.829789247975}}