{"Mean":{"confidence_interval":{"confidence_level":0.95,"lower_bound":1615037.2598765688,"upper_bound":1646989.3135398927},"point_estimate":1628979.8017462234,"standard_error":8217.03459098531},"Median":{"confidence_interval":{"confidence_level":0.95,"lower_bound":1606381.611111111,"upper_bound":1607910.809825196},"point_estimate":1606879.879399586,"standard_error":363.75228481682467},"MedianAbsDev":{"confidence_interval":{"confidence_level":0.95,"lower_bound":2493.770237619135,"upper_bound":4866.07182012011},"point_estimate":3096.084297998798,"standard_error":578.7556990197239},"Slope":{"confidence_interval":{"confidence_level":0.95,"lower_bound":1608574.880920538,"upper_bound":1622009.5151717216},"point_estimate":1614105.016409044,"standard_error":3487.0538543788357},"StdDev":{"confidence_interval":{"confidence_level":0.95,"lower_bound":25413.276522623903,"upper_bound":121893.46591719266},"point_estimate":82725.43029079774,"standard_error":24007.996816648567}}