{"Mean":{"confidence_interval":{"confidence_level":0.95,"lower_bound":1051689.319147374,"upper_bound":1058392.1974196702},"point_estimate":1054726.4421298658,"standard_error":1717.2515599459107},"Median":{"confidence_interval":{"confidence_level":0.95,"lower_bound":1048627.4342105263,"upper_bound":1050518.5681818181},"point_estimate":1049448.2886363636,"standard_error":469.8420082056398},"MedianAbsDev":{"confidence_interval":{"confidence_level":0.95,"lower_bound":2343.2703429508624,"upper_bound":4268.09141195214},"point_estimate":3059.339218148695,"standard_error":478.2037549070172},"Slope":{"confidence_interval":{"confidence_level":0.95,"lower_bound":1049175.503892281,"upper_bound":1057351.3654147633},"point_estimate":1052494.6671375795,"standard_error":2134.1647379784094},"StdDev":{"confidence_interval":{"confidence_level":0.95,"lower_bound":9700.555266921263,"upper_bound":23296.634133379874},"point_estimate":17211.42267156823,"standard_error":3468.474901818633}}