{"Mean":{"confidence_interval":{"confidence_level":0.95,"lower_bound":147629.80445191814,"upper_bound":147800.54631817914},"point_estimate":147715.648334438,"standard_error":43.51981712602801},"Median":{"confidence_interval":{"confidence_level":0.95,"lower_bound":147909.29994010183,"upper_bound":147914.5529100529},"point_estimate":147912.2,"standard_error":1.4562877714753215},"MedianAbsDev":{"confidence_interval":{"confidence_level":0.95,"lower_bound":12.287236389001245,"upper_bound":47.372858717794294},"point_estimate":22.376902349999032,"standard_error":12.341330649203224},"Slope":{"confidence_interval":{"confidence_level":0.95,"lower_bound":147302.7996899381,"upper_bound":147534.6353687054},"point_estimate":147407.62239439297,"standard_error":59.05883019685293},"StdDev":{"confidence_interval":{"confidence_level":0.95,"lower_bound":377.4449815757089,"upper_bound":492.72799528960155},"point_estimate":438.82843584002256,"standard_error":29.34823549024478}}