{"Mean":{"confidence_interval":{"confidence_level":0.95,"lower_bound":60652.11765446233,"upper_bound":60663.44567441818},"point_estimate":60657.12066859971,"standard_error":2.8987324838167416},"Median":{"confidence_interval":{"confidence_level":0.95,"lower_bound":60650.81994261119,"upper_bound":60661.74857685009},"point_estimate":60655.2878342246,"standard_error":2.9195169634710525},"MedianAbsDev":{"confidence_interval":{"confidence_level":0.95,"lower_bound":13.003624299055893,"upper_bound":21.040315996428518},"point_estimate":16.724257548396444,"standard_error":1.995491687399806},"Slope":{"confidence_interval":{"confidence_level":0.95,"lower_bound":60644.067290433064,"upper_bound":60651.007592148926},"point_estimate":60647.35610601622,"standard_error":1.7722042512470537},"StdDev":{"confidence_interval":{"confidence_level":0.95,"lower_bound":15.53408211210039,"upper_bound":43.956800222495175},"point_estimate":29.050724306495766,"standard_error":8.780574835264089}}