{"Mean":{"confidence_interval":{"confidence_level":0.95,"lower_bound":30716.08685549756,"upper_bound":30718.334796786326},"point_estimate":30717.171878641617,"standard_error":0.5758357855810343},"Median":{"confidence_interval":{"confidence_level":0.95,"lower_bound":30715.297826752372,"upper_bound":30717.165580288005},"point_estimate":30716.01066156066,"standard_error":0.4716307509676921},"MedianAbsDev":{"confidence_interval":{"confidence_level":0.95,"lower_bound":2.6133471113892233,"upper_bound":4.415215681958375},"point_estimate":3.2080673648756233,"standard_error":0.46534277069593205},"Slope":{"confidence_interval":{"confidence_level":0.95,"lower_bound":30714.98551811905,"upper_bound":30716.171585209417},"point_estimate":30715.568238196953,"standard_error":0.30264588204047443},"StdDev":{"confidence_interval":{"confidence_level":0.95,"lower_bound":4.408800013479555,"upper_bound":7.022300642319315},"point_estimate":5.777311241877843,"standard_error":0.6714556451681236}}