{"Mean":{"confidence_interval":{"confidence_level":0.95,"lower_bound":581.0044219858775,"upper_bound":581.4962963594161},"point_estimate":581.2221723532331,"standard_error":0.12525752156691286},"Median":{"confidence_interval":{"confidence_level":0.95,"lower_bound":580.9697884535451,"upper_bound":581.0019421946799},"point_estimate":580.9835060588161,"standard_error":0.008315917852239087},"MedianAbsDev":{"confidence_interval":{"confidence_level":0.95,"lower_bound":0.039264341333354345,"upper_bound":0.06970923758682762},"point_estimate":0.052761531653553025,"standard_error":0.0077636157144715615},"Slope":{"confidence_interval":{"confidence_level":0.95,"lower_bound":580.9856152711551,"upper_bound":581.1578414596366},"point_estimate":581.056948276926,"standard_error":0.044085253844352836},"StdDev":{"confidence_interval":{"confidence_level":0.95,"lower_bound":0.21866665802279842,"upper_bound":1.858953788559772},"point_estimate":1.2657237176269112,"standard_error":0.3843860669909447}}