{"Mean":{"confidence_interval":{"confidence_level":0.95,"lower_bound":21128.346874676154,"upper_bound":21141.256148196764},"point_estimate":21133.8742095961,"standard_error":3.3314857965349765},"Median":{"confidence_interval":{"confidence_level":0.95,"lower_bound":21122.51472007722,"upper_bound":21127.44137618832},"point_estimate":21123.43012572534,"standard_error":1.3022573620936897},"MedianAbsDev":{"confidence_interval":{"confidence_level":0.95,"lower_bound":3.4835577035533456,"upper_bound":9.829026125735753},"point_estimate":5.650540361008017,"standard_error":1.727335562017984},"Slope":{"confidence_interval":{"confidence_level":0.95,"lower_bound":21127.585909394253,"upper_bound":21143.56335289072},"point_estimate":21134.024642177777,"standard_error":4.225125749912919},"StdDev":{"confidence_interval":{"confidence_level":0.95,"lower_bound":12.520327938426,"upper_bound":51.69849995708951},"point_estimate":33.45207792690534,"standard_error":10.720005159537578}}