{"Mean":{"confidence_interval":{"confidence_level":0.95,"lower_bound":6594693.642968501,"upper_bound":6649532.719173616},"point_estimate":6619463.858041997,"standard_error":14114.902184393566},"Median":{"confidence_interval":{"confidence_level":0.95,"lower_bound":6562375.296544036,"upper_bound":6574500.14404762},"point_estimate":6566728.212865497,"standard_error":3646.917430635323},"MedianAbsDev":{"confidence_interval":{"confidence_level":0.95,"lower_bound":10377.704972802458,"upper_bound":30659.164585365295},"point_estimate":18178.580710897226,"standard_error":5658.5345294220615},"Slope":{"confidence_interval":{"confidence_level":0.95,"lower_bound":6581789.237409921,"upper_bound":6612463.223246069},"point_estimate":6595929.277337077,"standard_error":7845.259916624739},"StdDev":{"confidence_interval":{"confidence_level":0.95,"lower_bound":70519.7331874381,"upper_bound":201911.25697227192},"point_estimate":141896.21219254797,"standard_error":33823.33646505159}}