{"Mean":{"confidence_interval":{"confidence_level":0.95,"lower_bound":982.8229485231493,"upper_bound":983.6704287661206},"point_estimate":983.1563635176035,"standard_error":0.22398862770196426},"Median":{"confidence_interval":{"confidence_level":0.95,"lower_bound":982.6010519167136,"upper_bound":982.9083998005982},"point_estimate":982.7600236247779,"standard_error":0.08162583479953216},"MedianAbsDev":{"confidence_interval":{"confidence_level":0.95,"lower_bound":0.461955116889095,"upper_bound":0.7834634604497234},"point_estimate":0.6783440755453579,"standard_error":0.08279346351855564},"Slope":{"confidence_interval":{"confidence_level":0.95,"lower_bound":982.7383236458194,"upper_bound":983.1139929913426},"point_estimate":982.9152460956129,"standard_error":0.09610571206194658},"StdDev":{"confidence_interval":{"confidence_level":0.95,"lower_bound":0.6968918474636008,"upper_bound":3.683474145072464},"point_estimate":2.25015891824908,"standard_error":0.9797851958223966}}