{"Mean":{"confidence_interval":{"confidence_level":0.95,"lower_bound":4793.617965009737,"upper_bound":4796.155031935286},"point_estimate":4794.730969530882,"standard_error":0.6554732263217048},"Median":{"confidence_interval":{"confidence_level":0.95,"lower_bound":4792.782828928673,"upper_bound":4792.92637014826},"point_estimate":4792.8595219933895,"standard_error":0.03792952246261658},"MedianAbsDev":{"confidence_interval":{"confidence_level":0.95,"lower_bound":0.17920774279203516,"upper_bound":0.36298209926729447},"point_estimate":0.25952744319028426,"standard_error":0.05026563019006128},"Slope":{"confidence_interval":{"confidence_level":0.95,"lower_bound":4793.329172244035,"upper_bound":4795.850053746821},"point_estimate":4794.402812840661,"standard_error":0.64913897486608},"StdDev":{"confidence_interval":{"confidence_level":0.95,"lower_bound":2.8697018552893194,"upper_bound":9.873726900037664},"point_estimate":6.5887018570454154,"standard_error":1.8559454125088506}}