{"Mean":{"confidence_interval":{"confidence_level":0.95,"lower_bound":25903.793974614793,"upper_bound":25918.586579666528},"point_estimate":25910.30876746445,"standard_error":3.805529626871838},"Median":{"confidence_interval":{"confidence_level":0.95,"lower_bound":25893.61376176566,"upper_bound":25904.979853479854},"point_estimate":25897.126088726087,"standard_error":3.326185659512319},"MedianAbsDev":{"confidence_interval":{"confidence_level":0.95,"lower_bound":5.39483178811093,"upper_bound":18.955190622228532},"point_estimate":10.493814189975891,"standard_error":4.264791967245517},"Slope":{"confidence_interval":{"confidence_level":0.95,"lower_bound":25904.78143155774,"upper_bound":25923.296504272137},"point_estimate":25912.668802067346,"standard_error":4.7998157100179775},"StdDev":{"confidence_interval":{"confidence_level":0.95,"lower_bound":16.874860826030385,"upper_bound":57.613892957174286},"point_estimate":38.26329517025489,"standard_error":10.954799265025601}}