{"Mean":{"confidence_interval":{"confidence_level":0.95,"lower_bound":10004316.816259429,"upper_bound":10011279.299529672},"point_estimate":10007740.677933749,"standard_error":1787.7591071603101},"Median":{"confidence_interval":{"confidence_level":0.95,"lower_bound":10003997.904761905,"upper_bound":10012250.140517242},"point_estimate":10008662.97631242,"standard_error":2443.1186188391716},"MedianAbsDev":{"confidence_interval":{"confidence_level":0.95,"lower_bound":10504.270070005436,"upper_bound":19207.780559407856},"point_estimate":13705.012764154477,"standard_error":2148.4264865368646},"Slope":{"confidence_interval":{"confidence_level":0.95,"lower_bound":10005594.458544014,"upper_bound":10010870.786044806},"point_estimate":10008278.881613713,"standard_error":1346.8000524929607},"StdDev":{"confidence_interval":{"confidence_level":0.95,"lower_bound":14463.323149311876,"upper_bound":21363.315347712833},"point_estimate":17880.86823035885,"standard_error":1774.2999868611848}}