{"Mean":{"confidence_interval":{"confidence_level":0.95,"lower_bound":204585.58149126777,"upper_bound":204754.98392856613},"point_estimate":204655.45944795947,"standard_error":44.46848598106755},"Median":{"confidence_interval":{"confidence_level":0.95,"lower_bound":204544.4527777778,"upper_bound":204560.6131147541},"point_estimate":204548.92157894737,"standard_error":3.984259374099014},"MedianAbsDev":{"confidence_interval":{"confidence_level":0.95,"lower_bound":19.620746642247962,"upper_bound":40.68013682717795},"point_estimate":28.320126982275823,"standard_error":5.64097017074819},"Slope":{"confidence_interval":{"confidence_level":0.95,"lower_bound":204572.00632548402,"upper_bound":204664.87196583112},"point_estimate":204613.02730781736,"standard_error":23.839510287328277},"StdDev":{"confidence_interval":{"confidence_level":0.95,"lower_bound":118.31731948328634,"upper_bound":720.7419828369492},"point_estimate":448.7766438273625,"standard_error":174.4665944436753}}