{"Mean":{"confidence_interval":{"confidence_level":0.95,"lower_bound":20356.900471536614,"upper_bound":20481.167741298028},"point_estimate":20406.464156065962,"standard_error":32.68721787541299},"Median":{"confidence_interval":{"confidence_level":0.95,"lower_bound":20325.491997584577,"upper_bound":20353.83251231527},"point_estimate":20339.197360248447,"standard_error":7.277802809872889},"MedianAbsDev":{"confidence_interval":{"confidence_level":0.95,"lower_bound":32.89631896338122,"upper_bound":62.41006525546704},"point_estimate":46.89594563050779,"standard_error":8.099237860551495},"Slope":{"confidence_interval":{"confidence_level":0.95,"lower_bound":20329.50453216186,"upper_bound":20528.48496655136},"point_estimate":20394.70862408507,"standard_error":57.642021339794205},"StdDev":{"confidence_interval":{"confidence_level":0.95,"lower_bound":76.73437422772233,"upper_bound":533.5651703777362},"point_estimate":327.1430286764677,"standard_error":136.65875856185053}}