{"Mean":{"confidence_interval":{"confidence_level":0.95,"lower_bound":583.4473801100343,"upper_bound":584.3420051273653},"point_estimate":583.8921735322218,"standard_error":0.22810350733343907},"Median":{"confidence_interval":{"confidence_level":0.95,"lower_bound":582.3621428623394,"upper_bound":585.6227529923141},"point_estimate":584.5081319527286,"standard_error":0.820165696394865},"MedianAbsDev":{"confidence_interval":{"confidence_level":0.95,"lower_bound":0.9359787465092513,"upper_bound":3.337402246288465},"point_estimate":2.355040997653929,"standard_error":0.6815123632880351},"Slope":{"confidence_interval":{"confidence_level":0.95,"lower_bound":583.3398299672087,"upper_bound":584.4067381128478},"point_estimate":583.8781353755038,"standard_error":0.2723631675058579},"StdDev":{"confidence_interval":{"confidence_level":0.95,"lower_bound":2.0594505041469904,"upper_bound":2.5812421064899556},"point_estimate":2.2941254945584983,"standard_error":0.1383239677588395}}