{"Mean":{"confidence_interval":{"confidence_level":0.95,"lower_bound":26700.955953671313,"upper_bound":26867.460720711362},"point_estimate":26768.6855686435,"standard_error":45.159969618692486},"Median":{"confidence_interval":{"confidence_level":0.95,"lower_bound":26676.76090225564,"upper_bound":26725.245520716686},"point_estimate":26680.63784815145,"standard_error":14.425760205422977},"MedianAbsDev":{"confidence_interval":{"confidence_level":0.95,"lower_bound":6.700449630829568,"upper_bound":65.22973158801798},"point_estimate":17.258453626100554,"standard_error":16.433119879510343},"Slope":{"confidence_interval":{"confidence_level":0.95,"lower_bound":26722.39037388404,"upper_bound":26921.0949668473},"point_estimate":26801.602057508186,"standard_error":52.331336108959036},"StdDev":{"confidence_interval":{"confidence_level":0.95,"lower_bound":34.690116068212504,"upper_bound":706.1157035617689},"point_estimate":453.9324532488368,"standard_error":185.00304933966726}}