{"Mean":{"confidence_interval":{"confidence_level":0.95,"lower_bound":566.0188480930908,"upper_bound":566.43692507445},"point_estimate":566.1771522373125,"standard_error":0.11169394794355147},"Median":{"confidence_interval":{"confidence_level":0.95,"lower_bound":565.9606478819245,"upper_bound":566.0050253769033},"point_estimate":565.989240058389,"standard_error":0.009915650750995535},"MedianAbsDev":{"confidence_interval":{"confidence_level":0.95,"lower_bound":0.07502390734099999,"upper_bound":0.14191452306992794},"point_estimate":0.12126738001905146,"standard_error":0.01659887136746268},"Slope":{"confidence_interval":{"confidence_level":0.95,"lower_bound":565.9950599460891,"upper_bound":566.1795114546169},"point_estimate":566.0737769167474,"standard_error":0.04757193936992524},"StdDev":{"confidence_interval":{"confidence_level":0.95,"lower_bound":0.25579460836339357,"upper_bound":1.8604647203662499},"point_estimate":1.1210481771477059,"standard_error":0.5231320252548438}}