{"Mean":{"confidence_interval":{"confidence_level":0.95,"lower_bound":335097.07329586917,"upper_bound":338405.1475333454},"point_estimate":336563.64867090003,"standard_error":851.4302211007357},"Median":{"confidence_interval":{"confidence_level":0.95,"lower_bound":334119.6111111111,"upper_bound":334634.5638095238},"point_estimate":334310.1342031687,"standard_error":134.83342009801632},"MedianAbsDev":{"confidence_interval":{"confidence_level":0.95,"lower_bound":601.2833296933896,"upper_bound":1122.4253740459594},"point_estimate":805.2836795495397,"standard_error":136.02367719129944},"Slope":{"confidence_interval":{"confidence_level":0.95,"lower_bound":334160.76136626204,"upper_bound":336670.4227125067},"point_estimate":334995.31944534753,"standard_error":728.8075543163872},"StdDev":{"confidence_interval":{"confidence_level":0.95,"lower_bound":3697.656410495746,"upper_bound":12076.535336481715},"point_estimate":8523.469861742264,"standard_error":2105.514608397389}}