{"Mean":{"confidence_interval":{"confidence_level":0.95,"lower_bound":39094.32878497678,"upper_bound":39237.31308645163},"point_estimate":39155.93039621775,"standard_error":36.82462736697678},"Median":{"confidence_interval":{"confidence_level":0.95,"lower_bound":39024.54025044723,"upper_bound":39043.431818181816},"point_estimate":39033.14385570104,"standard_error":4.466446001892617},"MedianAbsDev":{"confidence_interval":{"confidence_level":0.95,"lower_bound":24.27325651722116,"upper_bound":55.64913657612945},"point_estimate":38.548825210678714,"standard_error":8.520521613266267},"Slope":{"confidence_interval":{"confidence_level":0.95,"lower_bound":39023.883380788255,"upper_bound":39054.140559096806},"point_estimate":39036.58431278489,"standard_error":7.807079453934915},"StdDev":{"confidence_interval":{"confidence_level":0.95,"lower_bound":169.5692366871134,"upper_bound":563.5764790936813},"point_estimate":368.85299742531026,"standard_error":117.07359435135838}}