{"Mean":{"confidence_interval":{"confidence_level":0.95,"lower_bound":15200.217747335793,"upper_bound":15308.14786202833},"point_estimate":15247.86865234721,"standard_error":27.634529261948714},"Median":{"confidence_interval":{"confidence_level":0.95,"lower_bound":15152.073410157916,"upper_bound":15208.040530303031},"point_estimate":15166.317468805704,"standard_error":15.651742600136915},"MedianAbsDev":{"confidence_interval":{"confidence_level":0.95,"lower_bound":69.78633933403394,"upper_bound":130.17804061445227},"point_estimate":88.06592039755598,"standard_error":16.938006070546038},"Slope":{"confidence_interval":{"confidence_level":0.95,"lower_bound":15142.653862863126,"upper_bound":15317.566472921268},"point_estimate":15203.995433588136,"standard_error":49.33797463128402},"StdDev":{"confidence_interval":{"confidence_level":0.95,"lower_bound":128.31950512649237,"upper_bound":409.65026430853544},"point_estimate":277.599742390053,"standard_error":73.5678200881867}}