{"Mean":{"confidence_interval":{"confidence_level":0.95,"lower_bound":20377.308485332294,"upper_bound":20512.06590488805},"point_estimate":20437.70669088049,"standard_error":34.56234895701194},"Median":{"confidence_interval":{"confidence_level":0.95,"lower_bound":20332.361807580175,"upper_bound":20357.11198940285},"point_estimate":20342.635181638638,"standard_error":6.436836199029372},"MedianAbsDev":{"confidence_interval":{"confidence_level":0.95,"lower_bound":34.271087381982326,"upper_bound":60.74274134584089},"point_estimate":46.194087624595625,"standard_error":7.035522600539528},"Slope":{"confidence_interval":{"confidence_level":0.95,"lower_bound":20340.795585526233,"upper_bound":20501.81165503526},"point_estimate":20410.488071101354,"standard_error":41.459210083454124},"StdDev":{"confidence_interval":{"confidence_level":0.95,"lower_bound":172.43755630841284,"upper_bound":487.8290822733532},"point_estimate":347.6900474309412,"standard_error":79.84960527586696}}