{"Mean":{"confidence_interval":{"confidence_level":0.95,"lower_bound":91714476.01067789,"upper_bound":91819735.84376179},"point_estimate":91761123.56322058,"standard_error":27038.768806866374},"Median":{"confidence_interval":{"confidence_level":0.95,"lower_bound":91701541.46464646,"upper_bound":91761282.58856276},"point_estimate":91740539.48266807,"standard_error":14507.148866140935},"MedianAbsDev":{"confidence_interval":{"confidence_level":0.95,"lower_bound":97694.9967033675,"upper_bound":159065.90243962622},"point_estimate":121913.50904295225,"standard_error":15253.19427475053},"Slope":{"confidence_interval":{"confidence_level":0.95,"lower_bound":91713742.46308288,"upper_bound":91759742.52994561},"point_estimate":91736270.16455446,"standard_error":11746.432900692264},"StdDev":{"confidence_interval":{"confidence_level":0.95,"lower_bound":145740.91187152616,"upper_bound":404281.8082167729},"point_estimate":270995.5253462231,"standard_error":77427.29963192773}}