{"Mean":{"confidence_interval":{"confidence_level":0.95,"lower_bound":31550.7624548294,"upper_bound":32418.730103229635},"point_estimate":31876.507518761107,"standard_error":237.96339647679338},"Median":{"confidence_interval":{"confidence_level":0.95,"lower_bound":31428.184452266483,"upper_bound":31478.320833333335},"point_estimate":31461.27059986385,"standard_error":11.658933519397388},"MedianAbsDev":{"confidence_interval":{"confidence_level":0.95,"lower_bound":74.70367459089756,"upper_bound":154.2440642928701},"point_estimate":112.6299413539621,"standard_error":21.48903001263445},"Slope":{"confidence_interval":{"confidence_level":0.95,"lower_bound":31478.58308950157,"upper_bound":31877.127064320477},"point_estimate":31630.95755255283,"standard_error":107.85496736630147},"StdDev":{"confidence_interval":{"confidence_level":0.95,"lower_bound":383.6085779283081,"upper_bound":3992.1241857903765},"point_estimate":2384.5744784629205,"standard_error":1170.8730292719283}}