{"Mean":{"confidence_interval":{"confidence_level":0.95,"lower_bound":38830.24984176875,"upper_bound":39330.598641622804},"point_estimate":39027.288507172845,"standard_error":132.81898485988134},"Median":{"confidence_interval":{"confidence_level":0.95,"lower_bound":38749.689458689456,"upper_bound":38795.74391009782},"point_estimate":38769.027355638944,"standard_error":11.905962904759317},"MedianAbsDev":{"confidence_interval":{"confidence_level":0.95,"lower_bound":73.83314291583707,"upper_bound":133.505412864517},"point_estimate":110.04278175080142,"standard_error":15.704550822659842},"Slope":{"confidence_interval":{"confidence_level":0.95,"lower_bound":38756.140390513116,"upper_bound":39066.52830575671},"point_estimate":38886.191222903,"standard_error":81.69824481885618},"StdDev":{"confidence_interval":{"confidence_level":0.95,"lower_bound":297.3425005250507,"upper_bound":2192.9085097268353},"point_estimate":1334.783679412567,"standard_error":584.4711817080901}}