{"Mean":{"confidence_interval":{"confidence_level":0.95,"lower_bound":2606.0470486193994,"upper_bound":2606.937719871622},"point_estimate":2606.464133057833,"standard_error":0.2276479165362029},"Median":{"confidence_interval":{"confidence_level":0.95,"lower_bound":2605.355855263158,"upper_bound":2606.1908382066276},"point_estimate":2605.691223657736,"standard_error":0.22033684987612542},"MedianAbsDev":{"confidence_interval":{"confidence_level":0.95,"lower_bound":0.9344979013362675,"upper_bound":1.7933163993718841},"point_estimate":1.403217597833228,"standard_error":0.24556641396582396},"Slope":{"confidence_interval":{"confidence_level":0.95,"lower_bound":2605.4429511534536,"upper_bound":2606.3913498325146},"point_estimate":2605.878895304613,"standard_error":0.24295806128921849},"StdDev":{"confidence_interval":{"confidence_level":0.95,"lower_bound":1.532598056943353,"upper_bound":2.962575292292359},"point_estimate":2.2807300351973914,"standard_error":0.3670440395807748}}