{"Mean":{"confidence_interval":{"confidence_level":0.95,"lower_bound":4517066.923263395,"upper_bound":4540132.716984897},"point_estimate":4527372.8481040895,"standard_error":5925.555344103464},"Median":{"confidence_interval":{"confidence_level":0.95,"lower_bound":4508014.804761905,"upper_bound":4510058.166666667},"point_estimate":4508620.709030101,"standard_error":509.4802012706861},"MedianAbsDev":{"confidence_interval":{"confidence_level":0.95,"lower_bound":3399.6832011813062,"upper_bound":8714.22151330384},"point_estimate":5942.073418717207,"standard_error":1349.7240821058836},"Slope":{"confidence_interval":{"confidence_level":0.95,"lower_bound":4510551.723599454,"upper_bound":4530567.404267379},"point_estimate":4519490.5255741095,"standard_error":5151.24097575902},"StdDev":{"confidence_interval":{"confidence_level":0.95,"lower_bound":28711.27872643918,"upper_bound":86169.24394291156},"point_estimate":59550.266434541365,"standard_error":15045.873903691008}}