{"Mean":{"confidence_interval":{"confidence_level":0.95,"lower_bound":177.004971570335,"upper_bound":177.23504968025185},"point_estimate":177.09966665632592,"standard_error":0.06016429383942266},"Median":{"confidence_interval":{"confidence_level":0.95,"lower_bound":176.97572991597656,"upper_bound":176.99287247087676},"point_estimate":176.9819308292149,"standard_error":0.00430895865363884},"MedianAbsDev":{"confidence_interval":{"confidence_level":0.95,"lower_bound":0.025842978124175225,"upper_bound":0.046021282476322714},"point_estimate":0.0351472728054149,"standard_error":0.004920982051825126},"Slope":{"confidence_interval":{"confidence_level":0.95,"lower_bound":176.99362991096797,"upper_bound":177.04580309661827},"point_estimate":177.01776055821264,"standard_error":0.013359710230491454},"StdDev":{"confidence_interval":{"confidence_level":0.95,"lower_bound":0.10291598232953884,"upper_bound":0.9553214539496229},"point_estimate":0.6021116914902008,"standard_error":0.2286262392320069}}