{"Mean":{"confidence_interval":{"confidence_level":0.95,"lower_bound":13181597.110760022,"upper_bound":13306206.984748228},"point_estimate":13236807.920947947,"standard_error":31986.470656389694},"Median":{"confidence_interval":{"confidence_level":0.95,"lower_bound":13134072.285714285,"upper_bound":13158958.59047619},"point_estimate":13146333.238916256,"standard_error":7019.43460079642},"MedianAbsDev":{"confidence_interval":{"confidence_level":0.95,"lower_bound":27341.695826623625,"upper_bound":57143.8025582807},"point_estimate":40208.11786628829,"standard_error":7809.944850987846},"Slope":{"confidence_interval":{"confidence_level":0.95,"lower_bound":13161793.301014632,"upper_bound":13195211.35866274},"point_estimate":13177504.430503916,"standard_error":8539.51367171464},"StdDev":{"confidence_interval":{"confidence_level":0.95,"lower_bound":120819.10893344365,"upper_bound":463502.96160810767},"point_estimate":322571.09481508814,"standard_error":84132.27961413261}}