{"Mean":{"confidence_interval":{"confidence_level":0.95,"lower_bound":4396226.07254103,"upper_bound":4433840.9853564985},"point_estimate":4414583.403328801,"standard_error":9601.371587211243},"Median":{"confidence_interval":{"confidence_level":0.95,"lower_bound":4363248.7764705885,"upper_bound":4383948.875},"point_estimate":4376360.8,"standard_error":5163.334957652807},"MedianAbsDev":{"confidence_interval":{"confidence_level":0.95,"lower_bound":30374.208468273275,"upper_bound":79244.60583371547},"point_estimate":49663.82710245713,"standard_error":11508.042821427833},"Slope":{"confidence_interval":{"confidence_level":0.95,"lower_bound":4403368.00375535,"upper_bound":4457282.336887647},"point_estimate":4429808.383851042,"standard_error":13742.587697541469},"StdDev":{"confidence_interval":{"confidence_level":0.95,"lower_bound":81930.54238763513,"upper_bound":107790.56542389173},"point_estimate":96423.54259636154,"standard_error":6595.763939584113}}