{"Mean":{"confidence_interval":{"confidence_level":0.95,"lower_bound":72184.12097820677,"upper_bound":72502.80374206917},"point_estimate":72323.9476850219,"standard_error":82.20012550725255},"Median":{"confidence_interval":{"confidence_level":0.95,"lower_bound":72067.45904761905,"upper_bound":72167.3729790058},"point_estimate":72121.08708090379,"standard_error":25.88395926256667},"MedianAbsDev":{"confidence_interval":{"confidence_level":0.95,"lower_bound":132.1111712010722,"upper_bound":239.26820316933382},"point_estimate":182.40940150262148,"standard_error":26.72060749755158},"Slope":{"confidence_interval":{"confidence_level":0.95,"lower_bound":72062.9076160372,"upper_bound":72593.97872292857},"point_estimate":72239.11882940319,"standard_error":153.66739611202814},"StdDev":{"confidence_interval":{"confidence_level":0.95,"lower_bound":323.7943750358131,"upper_bound":1220.0999446952162},"point_estimate":824.8105621402083,"standard_error":227.0759197675982}}