{"Mean":{"confidence_interval":{"confidence_level":0.95,"lower_bound":278.6580364942696,"upper_bound":278.94193415820286},"point_estimate":278.77380141494797,"standard_error":0.07455029315144666},"Median":{"confidence_interval":{"confidence_level":0.95,"lower_bound":278.61806111022236,"upper_bound":278.63363474520133},"point_estimate":278.62358193143643,"standard_error":0.004430536313512773},"MedianAbsDev":{"confidence_interval":{"confidence_level":0.95,"lower_bound":0.020902985686337718,"upper_bound":0.04346242402286738},"point_estimate":0.02900258773557767,"standard_error":0.006030141959518618},"Slope":{"confidence_interval":{"confidence_level":0.95,"lower_bound":278.64121319838705,"upper_bound":278.71763376836276},"point_estimate":278.674874586521,"standard_error":0.019643262674072518},"StdDev":{"confidence_interval":{"confidence_level":0.95,"lower_bound":0.13381441692559734,"upper_bound":1.2087795409965265},"point_estimate":0.7508656757345524,"standard_error":0.2985981243070785}}