{"Mean":{"confidence_interval":{"confidence_level":0.95,"lower_bound":1140.298763978033,"upper_bound":1157.2259958921668},"point_estimate":1146.0088755201525,"standard_error":5.519281130847182},"Median":{"confidence_interval":{"confidence_level":0.95,"lower_bound":1140.4091863854596,"upper_bound":1140.6873034591194},"point_estimate":1140.543315329218,"standard_error":0.07985799912101146},"MedianAbsDev":{"confidence_interval":{"confidence_level":0.95,"lower_bound":0.49265182243728983,"upper_bound":0.7620856176883116},"point_estimate":0.6369169747179445,"standard_error":0.06801433245789466},"Slope":{"confidence_interval":{"confidence_level":0.95,"lower_bound":1140.0347512188705,"upper_bound":1140.6407338302392},"point_estimate":1140.3634837603786,"standard_error":0.15537110163313853},"StdDev":{"confidence_interval":{"confidence_level":0.95,"lower_bound":0.8260309527160046,"upper_bound":94.9982134920042},"point_estimate":55.40233939103248,"standard_error":34.32062105721233}}