{"Mean":{"confidence_interval":{"confidence_level":0.95,"lower_bound":1104.3225212612604,"upper_bound":1104.8599795713149},"point_estimate":1104.56699001283,"standard_error":0.13677816281725858},"Median":{"confidence_interval":{"confidence_level":0.95,"lower_bound":1104.3295118895746,"upper_bound":1104.66015350313},"point_estimate":1104.489487835268,"standard_error":0.0901653866932131},"MedianAbsDev":{"confidence_interval":{"confidence_level":0.95,"lower_bound":0.4848469999391088,"upper_bound":0.7712049630828568},"point_estimate":0.6163859886307209,"standard_error":0.07039291343990958},"Slope":{"confidence_interval":{"confidence_level":0.95,"lower_bound":1104.4803377627286,"upper_bound":1104.8974118201959},"point_estimate":1104.6725828455656,"standard_error":0.1065497912990548},"StdDev":{"confidence_interval":{"confidence_level":0.95,"lower_bound":0.6427806538885529,"upper_bound":2.0928775247683222},"point_estimate":1.3773869592045287,"standard_error":0.40065786247185503}}