{"Mean":{"confidence_interval":{"confidence_level":0.95,"lower_bound":23187.424452328458,"upper_bound":23407.034564838283},"point_estimate":23269.40582438785,"standard_error":60.705349423840914},"Median":{"confidence_interval":{"confidence_level":0.95,"lower_bound":23149.572419420645,"upper_bound":23171.38855517393},"point_estimate":23158.47396620558,"standard_error":6.1121171112277795},"MedianAbsDev":{"confidence_interval":{"confidence_level":0.95,"lower_bound":30.67973251704984,"upper_bound":62.984675352892836},"point_estimate":44.58781314310236,"standard_error":8.603588381082181},"Slope":{"confidence_interval":{"confidence_level":0.95,"lower_bound":23159.404464058865,"upper_bound":23309.017619226313},"point_estimate":23210.59394132263,"standard_error":41.56331259239434},"StdDev":{"confidence_interval":{"confidence_level":0.95,"lower_bound":96.81897966388355,"upper_bound":1023.5908845876426},"point_estimate":609.4226073825674,"standard_error":305.0474876247969}}