{"Mean":{"confidence_interval":{"confidence_level":0.95,"lower_bound":88794.41959122467,"upper_bound":89647.06691305611},"point_estimate":89154.39615288009,"standard_error":220.76572286645225},"Median":{"confidence_interval":{"confidence_level":0.95,"lower_bound":88573.1717948718,"upper_bound":88665.71875},"point_estimate":88636.02767380264,"standard_error":22.39117235973387},"MedianAbsDev":{"confidence_interval":{"confidence_level":0.95,"lower_bound":149.25170672525664,"upper_bound":297.10060387861785},"point_estimate":228.6649336511871,"standard_error":38.83729231067446},"Slope":{"confidence_interval":{"confidence_level":0.95,"lower_bound":88592.49306964516,"upper_bound":89215.40533031564},"point_estimate":88847.96540121177,"standard_error":162.2463075713184},"StdDev":{"confidence_interval":{"confidence_level":0.95,"lower_bound":788.8859637965425,"upper_bound":3477.5346505958196},"point_estimate":2221.8123199942283,"standard_error":772.1211939537078}}