{"Mean":{"confidence_interval":{"confidence_level":0.95,"lower_bound":331.55941405982526,"upper_bound":331.68981282635707},"point_estimate":331.61840428557036,"standard_error":0.03338507965045139},"Median":{"confidence_interval":{"confidence_level":0.95,"lower_bound":331.51155778894474,"upper_bound":331.5320072033421},"point_estimate":331.5233894884257,"standard_error":0.00540911878212804},"MedianAbsDev":{"confidence_interval":{"confidence_level":0.95,"lower_bound":0.03670279840288138,"upper_bound":0.06457472013674896},"point_estimate":0.050240229135851314,"standard_error":0.00707541559336524},"Slope":{"confidence_interval":{"confidence_level":0.95,"lower_bound":331.55047566154815,"upper_bound":331.793577994595},"point_estimate":331.6523287577239,"standard_error":0.06366812685598233},"StdDev":{"confidence_interval":{"confidence_level":0.95,"lower_bound":0.17969350294070127,"upper_bound":0.4678279164311133},"point_estimate":0.3350579381175967,"standard_error":0.07407107894018505}}