{"Mean":{"confidence_interval":{"confidence_level":0.95,"lower_bound":1580423.3888444037,"upper_bound":1594884.9482986329},"point_estimate":1586576.7836797896,"standard_error":3746.0210879621286},"Median":{"confidence_interval":{"confidence_level":0.95,"lower_bound":1576903.2449690402,"upper_bound":1578014.2957665904},"point_estimate":1577402.429400749,"standard_error":345.68922933748775},"MedianAbsDev":{"confidence_interval":{"confidence_level":0.95,"lower_bound":2348.8458385674535,"upper_bound":4077.1661435534006},"point_estimate":3303.8143772119283,"standard_error":432.7725343285443},"Slope":{"confidence_interval":{"confidence_level":0.95,"lower_bound":1577388.6701669875,"upper_bound":1590418.2608105424},"point_estimate":1582663.09928772,"standard_error":3448.5167006129323},"StdDev":{"confidence_interval":{"confidence_level":0.95,"lower_bound":13446.408162069592,"upper_bound":58884.87247199908},"point_estimate":37786.46861910505,"standard_error":12912.599899130855}}