{"Mean":{"confidence_interval":{"confidence_level":0.95,"lower_bound":117.51515740138935,"upper_bound":117.59283798570131},"point_estimate":117.54771072969555,"standard_error":0.020153667585694868},"Median":{"confidence_interval":{"confidence_level":0.95,"lower_bound":117.49690516045177,"upper_bound":117.50024922377371},"point_estimate":117.49823029993698,"standard_error":0.0009306331436086056},"MedianAbsDev":{"confidence_interval":{"confidence_level":0.95,"lower_bound":0.006165232228172469,"upper_bound":0.011955533358883625},"point_estimate":0.008437394005923313,"standard_error":0.0015451010162143837},"Slope":{"confidence_interval":{"confidence_level":0.95,"lower_bound":117.51242367801893,"upper_bound":117.56659567595412},"point_estimate":117.53638662602363,"standard_error":0.01387112674400276},"StdDev":{"confidence_interval":{"confidence_level":0.95,"lower_bound":0.07166134758813784,"upper_bound":0.31727530533674136},"point_estimate":0.20190848314459972,"standard_error":0.0704763491069433}}