{"Mean":{"confidence_interval":{"confidence_level":0.95,"lower_bound":837629.6390835026,"upper_bound":838066.9679318416},"point_estimate":837823.6204942458,"standard_error":112.42412361586602},"Median":{"confidence_interval":{"confidence_level":0.95,"lower_bound":837569.6008570364,"upper_bound":837662.6291666667},"point_estimate":837612.984375,"standard_error":24.498995106185987},"MedianAbsDev":{"confidence_interval":{"confidence_level":0.95,"lower_bound":160.59702623967812,"upper_bound":250.047977422433},"point_estimate":202.3993348682424,"standard_error":21.75125587513678},"Slope":{"confidence_interval":{"confidence_level":0.95,"lower_bound":837556.9212074137,"upper_bound":837754.1377084223},"point_estimate":837649.8046756317,"standard_error":50.33465565697818},"StdDev":{"confidence_interval":{"confidence_level":0.95,"lower_bound":500.424614691444,"upper_bound":1611.9241221107231},"point_estimate":1130.4865359163914,"standard_error":279.89654010561054}}