{"Mean":{"confidence_interval":{"confidence_level":0.95,"lower_bound":755.6219016292999,"upper_bound":756.6344691442177},"point_estimate":756.0344360663355,"standard_error":0.2654943324183132},"Median":{"confidence_interval":{"confidence_level":0.95,"lower_bound":755.4247464493892,"upper_bound":755.6857633587787},"point_estimate":755.5332919981533,"standard_error":0.08247826024005067},"MedianAbsDev":{"confidence_interval":{"confidence_level":0.95,"lower_bound":0.19697634922612492,"upper_bound":0.40009585167553297},"point_estimate":0.2641246060400163,"standard_error":0.0483417482927751},"Slope":{"confidence_interval":{"confidence_level":0.95,"lower_bound":755.610364801424,"upper_bound":755.8319484872455},"point_estimate":755.7149736721877,"standard_error":0.05691906715257906},"StdDev":{"confidence_interval":{"confidence_level":0.95,"lower_bound":0.4651353272083439,"upper_bound":4.267601637822076},"point_estimate":2.669827271838481,"standard_error":1.042280431794192}}