{"Mean":{"confidence_interval":{"confidence_level":0.95,"lower_bound":37385014.8554516,"upper_bound":37512829.25005808},"point_estimate":37440360.10526309,"standard_error":33000.91426497027},"Median":{"confidence_interval":{"confidence_level":0.95,"lower_bound":37327606.76923077,"upper_bound":37394799.0},"point_estimate":37343559.9047619,"standard_error":19903.46858349956},"MedianAbsDev":{"confidence_interval":{"confidence_level":0.95,"lower_bound":65762.63167634109,"upper_bound":124958.69998493324},"point_estimate":90878.82468657913,"standard_error":14726.675381004952},"Slope":{"confidence_interval":{"confidence_level":0.95,"lower_bound":37368860.3168942,"upper_bound":37416655.052540265},"point_estimate":37391751.83167135,"standard_error":12120.771823333049},"StdDev":{"confidence_interval":{"confidence_level":0.95,"lower_bound":124609.38111284455,"upper_bound":500890.08140822547},"point_estimate":331417.632548161,"standard_error":100594.86736594973}}