{"Mean":{"confidence_interval":{"confidence_level":0.95,"lower_bound":37453678.20668339,"upper_bound":37644877.01533315},"point_estimate":37533195.24056928,"standard_error":50133.78242521305},"Median":{"confidence_interval":{"confidence_level":0.95,"lower_bound":37401970.952380955,"upper_bound":37489297.5557192},"point_estimate":37459895.53419811,"standard_error":19009.817164329103},"MedianAbsDev":{"confidence_interval":{"confidence_level":0.95,"lower_bound":114202.37131812109,"upper_bound":171400.8508427256},"point_estimate":147115.84393700733,"standard_error":14427.952064974075},"Slope":{"confidence_interval":{"confidence_level":0.95,"lower_bound":37458236.388892524,"upper_bound":37500509.18697514},"point_estimate":37479718.88492094,"standard_error":10782.009136166214},"StdDev":{"confidence_interval":{"confidence_level":0.95,"lower_bound":125465.30823852347,"upper_bound":799830.4777610993},"point_estimate":504356.30337948113,"standard_error":186378.25202635166}}