{"Mean":{"confidence_interval":{"confidence_level":0.95,"lower_bound":102487.19011048877,"upper_bound":102518.2953956413},"point_estimate":102501.91970044322,"standard_error":7.963670811833505},"Median":{"confidence_interval":{"confidence_level":0.95,"lower_bound":102492.45139263253,"upper_bound":102500.94239130434},"point_estimate":102496.61157894737,"standard_error":2.039154044238922},"MedianAbsDev":{"confidence_interval":{"confidence_level":0.95,"lower_bound":14.955722899722357,"upper_bound":26.453758257452456},"point_estimate":19.229603439304107,"standard_error":3.0048244083803866},"Slope":{"confidence_interval":{"confidence_level":0.95,"lower_bound":102489.44735192209,"upper_bound":102524.14004409159},"point_estimate":102505.39142396927,"standard_error":8.903829754519098},"StdDev":{"confidence_interval":{"confidence_level":0.95,"lower_bound":54.55331146311431,"upper_bound":103.09497892589411},"point_estimate":80.26804265522348,"standard_error":12.460369300107953}}