{"Mean":{"confidence_interval":{"confidence_level":0.95,"lower_bound":26724625.65557379,"upper_bound":26987976.10774711},"point_estimate":26818364.46511939,"standard_error":78604.1145216227},"Median":{"confidence_interval":{"confidence_level":0.95,"lower_bound":26685425.208791208,"upper_bound":26707237.362676054},"point_estimate":26697572.89181287,"standard_error":5313.77786539092},"MedianAbsDev":{"confidence_interval":{"confidence_level":0.95,"lower_bound":21878.213698761054,"upper_bound":56736.26558641481},"point_estimate":35300.37487231565,"standard_error":8926.001996405086},"Slope":{"confidence_interval":{"confidence_level":0.95,"lower_bound":26721755.096763954,"upper_bound":26760472.7796658},"point_estimate":26740243.9310832,"standard_error":9875.852180955922},"StdDev":{"confidence_interval":{"confidence_level":0.95,"lower_bound":81084.80167699078,"upper_bound":1354976.4132097303},"point_estimate":794092.4416422317,"standard_error":449832.4656211706}}