{"Mean":{"confidence_interval":{"confidence_level":0.95,"lower_bound":55723.29909038954,"upper_bound":55757.31126843603},"point_estimate":55736.85610916057,"standard_error":8.888978311829218},"Median":{"confidence_interval":{"confidence_level":0.95,"lower_bound":55713.17162698413,"upper_bound":55722.31481481482},"point_estimate":55716.44850088183,"standard_error":2.3138362140333326},"MedianAbsDev":{"confidence_interval":{"confidence_level":0.95,"lower_bound":10.213276700401098,"upper_bound":16.101969916153156},"point_estimate":12.026060386162117,"standard_error":1.4855428069580592},"Slope":{"confidence_interval":{"confidence_level":0.95,"lower_bound":55718.369039250785,"upper_bound":55736.21997656314},"point_estimate":55726.50444460864,"standard_error":4.57064025218884},"StdDev":{"confidence_interval":{"confidence_level":0.95,"lower_bound":29.21600353100844,"upper_bound":144.02709942538814},"point_estimate":89.02395496107262,"standard_error":36.726457587718926}}