{"Mean":{"confidence_interval":{"confidence_level":0.95,"lower_bound":661.2825717609269,"upper_bound":661.8016230059095},"point_estimate":661.495099402063,"standard_error":0.13585986252737586},"Median":{"confidence_interval":{"confidence_level":0.95,"lower_bound":661.188036450259,"upper_bound":661.226675573369},"point_estimate":661.2070897852514,"standard_error":0.01067120197829436},"MedianAbsDev":{"confidence_interval":{"confidence_level":0.95,"lower_bound":0.06092314978026214,"upper_bound":0.0963648282321309},"point_estimate":0.07877653500757638,"standard_error":0.009455634537847118},"Slope":{"confidence_interval":{"confidence_level":0.95,"lower_bound":661.2824144781592,"upper_bound":661.6076012323814},"point_estimate":661.4199045882514,"standard_error":0.08416846852530126},"StdDev":{"confidence_interval":{"confidence_level":0.95,"lower_bound":0.3429891920946006,"upper_bound":2.2007157061117284},"point_estimate":1.3702406686600117,"standard_error":0.531038831494377}}