{"Mean":{"confidence_interval":{"confidence_level":0.95,"lower_bound":4554.358097612325,"upper_bound":4558.344955599648},"point_estimate":4556.078358626494,"standard_error":1.0234210415634568},"Median":{"confidence_interval":{"confidence_level":0.95,"lower_bound":4552.933001679804,"upper_bound":4553.082274580669},"point_estimate":4553.0000470477535,"standard_error":0.03451776049672474},"MedianAbsDev":{"confidence_interval":{"confidence_level":0.95,"lower_bound":0.15078755866289417,"upper_bound":0.3716378049606166},"point_estimate":0.23806632638020603,"standard_error":0.05362478608204767},"Slope":{"confidence_interval":{"confidence_level":0.95,"lower_bound":4553.4972303633185,"upper_bound":4556.204759755873},"point_estimate":4554.599963327156,"standard_error":0.7085569267393147},"StdDev":{"confidence_interval":{"confidence_level":0.95,"lower_bound":4.483832787238367,"upper_bound":15.588404278835718},"point_estimate":10.259620984945418,"standard_error":3.0497368865421786}}