{"Mean":{"confidence_interval":{"confidence_level":0.95,"lower_bound":19134569.05618733,"upper_bound":19168800.53061432},"point_estimate":19150576.73376392,"standard_error":8741.01577522484},"Median":{"confidence_interval":{"confidence_level":0.95,"lower_bound":19112727.81967213,"upper_bound":19121630.423012316},"point_estimate":19115822.79504614,"standard_error":2116.348145161294},"MedianAbsDev":{"confidence_interval":{"confidence_level":0.95,"lower_bound":14851.165908607065,"upper_bound":32202.64265378132},"point_estimate":21977.840834262242,"standard_error":4488.029976549114},"Slope":{"confidence_interval":{"confidence_level":0.95,"lower_bound":19135683.37724507,"upper_bound":19167934.653205507},"point_estimate":19151199.982234374,"standard_error":8265.789288975595},"StdDev":{"confidence_interval":{"confidence_level":0.95,"lower_bound":57794.47411008217,"upper_bound":116787.31491367443},"point_estimate":88110.55506578255,"standard_error":15311.871854444233}}