{"Mean":{"confidence_interval":{"confidence_level":0.95,"lower_bound":113858.78650349166,"upper_bound":114130.94319723212},"point_estimate":113956.75164057691,"standard_error":79.3763581992416},"Median":{"confidence_interval":{"confidence_level":0.95,"lower_bound":113845.92857142857,"upper_bound":113863.70943562611},"point_estimate":113850.10217391304,"standard_error":4.358557220323045},"MedianAbsDev":{"confidence_interval":{"confidence_level":0.95,"lower_bound":32.56921845330628,"upper_bound":52.23172317773961},"point_estimate":41.147768176410246,"standard_error":4.815904358521841},"Slope":{"confidence_interval":{"confidence_level":0.95,"lower_bound":113842.09581014482,"upper_bound":113885.65664780723},"point_estimate":113860.21648424544,"standard_error":11.366277165491681},"StdDev":{"confidence_interval":{"confidence_level":0.95,"lower_bound":85.812212075883,"upper_bound":1356.4290539568137},"point_estimate":797.2025792905927,"standard_error":438.97282117544285}}