{"Mean":{"confidence_interval":{"confidence_level":0.95,"lower_bound":106429.64855405204,"upper_bound":106498.62178012085},"point_estimate":106460.778696447,"standard_error":17.754074721739972},"Median":{"confidence_interval":{"confidence_level":0.95,"lower_bound":106412.905,"upper_bound":106424.57023809524},"point_estimate":106420.1793123543,"standard_error":3.2101355918921985},"MedianAbsDev":{"confidence_interval":{"confidence_level":0.95,"lower_bound":23.959124449631595,"upper_bound":40.83602413395363},"point_estimate":34.13611189003134,"standard_error":4.225055030529396},"Slope":{"confidence_interval":{"confidence_level":0.95,"lower_bound":106417.92483430763,"upper_bound":106482.69926232746},"point_estimate":106446.02091029998,"standard_error":16.673526724022572},"StdDev":{"confidence_interval":{"confidence_level":0.95,"lower_bound":91.1604153450975,"upper_bound":246.74028539691616},"point_estimate":178.27494738468027,"standard_error":39.31010657072692}}