{"Mean":{"confidence_interval":{"confidence_level":0.95,"lower_bound":82107.21269366355,"upper_bound":82989.7704345327},"point_estimate":82500.3264932569,"standard_error":226.1522420857121},"Median":{"confidence_interval":{"confidence_level":0.95,"lower_bound":81833.3641025641,"upper_bound":81921.78809171598},"point_estimate":81874.37723387723,"standard_error":23.585391482799178},"MedianAbsDev":{"confidence_interval":{"confidence_level":0.95,"lower_bound":123.79014572877169,"upper_bound":213.68139640101785},"point_estimate":168.57950317732238,"standard_error":22.61118884946041},"Slope":{"confidence_interval":{"confidence_level":0.95,"lower_bound":81834.08736567342,"upper_bound":82635.32795946657},"point_estimate":82142.99816575917,"standard_error":213.57442275807526},"StdDev":{"confidence_interval":{"confidence_level":0.95,"lower_bound":1056.9498204050367,"upper_bound":3192.93159355696},"point_estimate":2264.219112294181,"standard_error":537.0507729814643}}