{"Mean":{"confidence_interval":{"confidence_level":0.95,"lower_bound":81791.44613427811,"upper_bound":83919.8718680626},"point_estimate":82586.21355895262,"standard_error":583.1105777888002},"Median":{"confidence_interval":{"confidence_level":0.95,"lower_bound":81516.5871040724,"upper_bound":81640.4246153846},"point_estimate":81548.63229248354,"standard_error":33.45772291897073},"MedianAbsDev":{"confidence_interval":{"confidence_level":0.95,"lower_bound":161.22102605428722,"upper_bound":279.92078869203436},"point_estimate":208.09349630560502,"standard_error":29.28416704572397},"Slope":{"confidence_interval":{"confidence_level":0.95,"lower_bound":81543.30381342146,"upper_bound":82086.0706431842},"point_estimate":81766.64027372657,"standard_error":141.56841997451716},"StdDev":{"confidence_interval":{"confidence_level":0.95,"lower_bound":994.6816189984786,"upper_bound":9846.891877235157},"point_estimate":5873.6933915472555,"standard_error":2903.4383338339776}}