{"Mean":{"confidence_interval":{"confidence_level":0.95,"lower_bound":413.01376558879144,"upper_bound":413.2310514726588},"point_estimate":413.1094418562544,"standard_error":0.05599911109713069},"Median":{"confidence_interval":{"confidence_level":0.95,"lower_bound":412.94905089695453,"upper_bound":412.98542239101556},"point_estimate":412.96522038884393,"standard_error":0.009919661202545298},"MedianAbsDev":{"confidence_interval":{"confidence_level":0.95,"lower_bound":0.05067161271523292,"upper_bound":0.09612582437369095},"point_estimate":0.07175954645336823,"standard_error":0.011745583833614475},"Slope":{"confidence_interval":{"confidence_level":0.95,"lower_bound":412.99056512615283,"upper_bound":413.2303514473131},"point_estimate":413.08916979187876,"standard_error":0.062462027847176825},"StdDev":{"confidence_interval":{"confidence_level":0.95,"lower_bound":0.22303373599074336,"upper_bound":0.8270318063892541},"point_estimate":0.5645866507940499,"standard_error":0.15614556111089783}}