{"Mean":{"confidence_interval":{"confidence_level":0.95,"lower_bound":284664.904665519,"upper_bound":284749.2096810158},"point_estimate":284705.98503744206,"standard_error":21.47171963621158},"Median":{"confidence_interval":{"confidence_level":0.95,"lower_bound":284644.1444047619,"upper_bound":284705.39361702127},"point_estimate":284675.98913433903,"standard_error":16.707900001923846},"MedianAbsDev":{"confidence_interval":{"confidence_level":0.95,"lower_bound":106.02079121335103,"upper_bound":187.78258498857625},"point_estimate":146.25270589707597,"standard_error":21.171099563619126},"Slope":{"confidence_interval":{"confidence_level":0.95,"lower_bound":284657.184723656,"upper_bound":284743.47517092817},"point_estimate":284698.05478868034,"standard_error":22.016911089768396},"StdDev":{"confidence_interval":{"confidence_level":0.95,"lower_bound":165.73883658900604,"upper_bound":264.2477826625209},"point_estimate":216.7123533855735,"standard_error":25.27185081052243}}