{"Mean":{"confidence_interval":{"confidence_level":0.95,"lower_bound":1222963.942519713,"upper_bound":1223398.2735445085},"point_estimate":1223156.3145954108,"standard_error":111.3747124774456},"Median":{"confidence_interval":{"confidence_level":0.95,"lower_bound":1222797.3201754387,"upper_bound":1222896.7105646632},"point_estimate":1222852.3541666665,"standard_error":27.78021643623838},"MedianAbsDev":{"confidence_interval":{"confidence_level":0.95,"lower_bound":157.20778145322467,"upper_bound":275.297399779091},"point_estimate":210.7762962579152,"standard_error":29.639710065950066},"Slope":{"confidence_interval":{"confidence_level":0.95,"lower_bound":1222920.891057669,"upper_bound":1223551.4696277208},"point_estimate":1223190.3626777006,"standard_error":162.76730586447428},"StdDev":{"confidence_interval":{"confidence_level":0.95,"lower_bound":561.2453140126858,"upper_bound":1642.1524903240604},"point_estimate":1116.649662143283,"standard_error":291.3765852283575}}