{"Mean":{"confidence_interval":{"confidence_level":0.95,"lower_bound":72649.05025533293,"upper_bound":72681.97047564562},"point_estimate":72663.58518808117,"standard_error":8.484043772461828},"Median":{"confidence_interval":{"confidence_level":0.95,"lower_bound":72641.58714285714,"upper_bound":72650.98285714285},"point_estimate":72645.53373370814,"standard_error":2.5381258988420963},"MedianAbsDev":{"confidence_interval":{"confidence_level":0.95,"lower_bound":13.24736974189542,"upper_bound":23.515012186048327},"point_estimate":18.079964586557843,"standard_error":2.5879144379980685},"Slope":{"confidence_interval":{"confidence_level":0.95,"lower_bound":72645.7778680109,"upper_bound":72671.25624713843},"point_estimate":72657.40478498596,"standard_error":6.550705152781113},"StdDev":{"confidence_interval":{"confidence_level":0.95,"lower_bound":38.23857764510369,"upper_bound":127.13180021032409},"point_estimate":85.42180600094642,"standard_error":23.680412009615132}}