{"Mean":{"confidence_interval":{"confidence_level":0.95,"lower_bound":160024.4594212609,"upper_bound":160373.39364594957},"point_estimate":160196.9046806022,"standard_error":88.58461758646743},"Median":{"confidence_interval":{"confidence_level":0.95,"lower_bound":160013.60846560847,"upper_bound":160372.61344537814},"point_estimate":160215.8657969517,"standard_error":85.6818784217285},"MedianAbsDev":{"confidence_interval":{"confidence_level":0.95,"lower_bound":539.267059176101,"upper_bound":910.791987313071},"point_estimate":642.6817023888285,"standard_error":97.7871700444374},"Slope":{"confidence_interval":{"confidence_level":0.95,"lower_bound":159921.9845754924,"upper_bound":160286.8620103852},"point_estimate":160103.79948447295,"standard_error":92.66878611260071},"StdDev":{"confidence_interval":{"confidence_level":0.95,"lower_bound":707.4962037179962,"upper_bound":1060.8665636816572},"point_estimate":890.0404593936202,"standard_error":90.46782270020245}}