{"Mean":{"confidence_interval":{"confidence_level":0.95,"lower_bound":10208.666118235395,"upper_bound":10214.556774785458},"point_estimate":10211.318062875798,"standard_error":1.5172945933838495},"Median":{"confidence_interval":{"confidence_level":0.95,"lower_bound":10205.812306548707,"upper_bound":10208.946134020618},"point_estimate":10207.11051299897,"standard_error":0.8118472571696664},"MedianAbsDev":{"confidence_interval":{"confidence_level":0.95,"lower_bound":3.7270477022455957,"upper_bound":6.256053586394637},"point_estimate":5.059841040896989,"standard_error":0.6246012976684088},"Slope":{"confidence_interval":{"confidence_level":0.95,"lower_bound":10209.322378084218,"upper_bound":10215.921519691581},"point_estimate":10212.279201034737,"standard_error":1.6948248990190287},"StdDev":{"confidence_interval":{"confidence_level":0.95,"lower_bound":7.709360516168774,"upper_bound":21.541845367687305},"point_estimate":15.250189702883391,"standard_error":3.5952924392124395}}