{"Mean":{"confidence_interval":{"confidence_level":0.95,"lower_bound":561.886973874784,"upper_bound":563.1150701423269},"point_estimate":562.3263260699852,"standard_error":0.3618898237688926},"Median":{"confidence_interval":{"confidence_level":0.95,"lower_bound":561.7720057090143,"upper_bound":561.8632508807484},"point_estimate":561.8290610051098,"standard_error":0.0265028882383345},"MedianAbsDev":{"confidence_interval":{"confidence_level":0.95,"lower_bound":0.07004578221441253,"upper_bound":0.14425494832499963},"point_estimate":0.1006165540465824,"standard_error":0.020060173523648972},"Slope":{"confidence_interval":{"confidence_level":0.95,"lower_bound":561.8694077914215,"upper_bound":562.1927946689486},"point_estimate":562.0030268027825,"standard_error":0.08461533971082902},"StdDev":{"confidence_interval":{"confidence_level":0.95,"lower_bound":0.3353350909893053,"upper_bound":6.191696898320518},"point_estimate":3.6381907834135836,"standard_error":2.0240443308511233}}