{"Mean":{"confidence_interval":{"confidence_level":0.95,"lower_bound":3784.2884635605205,"upper_bound":3785.7589337081054},"point_estimate":3784.9475843902364,"standard_error":0.3766387913715012},"Median":{"confidence_interval":{"confidence_level":0.95,"lower_bound":3783.764629645164,"upper_bound":3783.844314985938},"point_estimate":3783.787215742073,"standard_error":0.02114308448339755},"MedianAbsDev":{"confidence_interval":{"confidence_level":0.95,"lower_bound":0.13283551036028132,"upper_bound":0.25106397706122613},"point_estimate":0.17044199840665314,"standard_error":0.030576387420310488},"Slope":{"confidence_interval":{"confidence_level":0.95,"lower_bound":3784.1821607426978,"upper_bound":3786.9216680650125},"point_estimate":3785.3315777397497,"standard_error":0.7192750454387006},"StdDev":{"confidence_interval":{"confidence_level":0.95,"lower_bound":1.9236646469462835,"upper_bound":5.33622462710926},"point_estimate":3.768623289724998,"standard_error":0.8807970361090383}}