{"Mean":{"confidence_interval":{"confidence_level":0.95,"lower_bound":418.3597083305637,"upper_bound":419.75954440016756},"point_estimate":419.01433236261283,"standard_error":0.3553903117471209},"Median":{"confidence_interval":{"confidence_level":0.95,"lower_bound":418.11427860450107,"upper_bound":419.11017290357216},"point_estimate":418.5322572631887,"standard_error":0.25472428055438884},"MedianAbsDev":{"confidence_interval":{"confidence_level":0.95,"lower_bound":1.5664850060960775,"upper_bound":2.8188947688694648},"point_estimate":2.1459327183831522,"standard_error":0.31638864115499776},"Slope":{"confidence_interval":{"confidence_level":0.95,"lower_bound":419.09108951324055,"upper_bound":421.3596982683047},"point_estimate":420.0534885962859,"standard_error":0.5897728998124524},"StdDev":{"confidence_interval":{"confidence_level":0.95,"lower_bound":2.3071028800382116,"upper_bound":4.871774944999601},"point_estimate":3.5627596769303054,"standard_error":0.6824105929675949}}