{"Mean":{"confidence_interval":{"confidence_level":0.95,"lower_bound":3940.846634776818,"upper_bound":3946.5371981370763},"point_estimate":3942.7844826208257,"standard_error":1.8207395962913036},"Median":{"confidence_interval":{"confidence_level":0.95,"lower_bound":3940.730411686587,"upper_bound":3940.8508189464364},"point_estimate":3940.7960381427984,"standard_error":0.030393491788810845},"MedianAbsDev":{"confidence_interval":{"confidence_level":0.95,"lower_bound":0.2290829296722842,"upper_bound":0.44342353996259887},"point_estimate":0.33936068979776324,"standard_error":0.05397616136834916},"Slope":{"confidence_interval":{"confidence_level":0.95,"lower_bound":3940.6994293367698,"upper_bound":3940.8110821814357},"point_estimate":3940.752864716691,"standard_error":0.028511840267897104},"StdDev":{"confidence_interval":{"confidence_level":0.95,"lower_bound":0.46110453666569934,"upper_bound":31.427260720646036},"point_estimate":18.334745298510985,"standard_error":11.16647430010713}}