{"Mean":{"confidence_interval":{"confidence_level":0.95,"lower_bound":64131329.017958656,"upper_bound":64417637.84411997},"point_estimate":64252273.24006023,"standard_error":74589.20940922612},"Median":{"confidence_interval":{"confidence_level":0.95,"lower_bound":64125331.52586207,"upper_bound":64172881.5},"point_estimate":64137324.063179545,"standard_error":12068.99076241296},"MedianAbsDev":{"confidence_interval":{"confidence_level":0.95,"lower_bound":96979.83271271063,"upper_bound":184785.99973077394},"point_estimate":143626.34882612483,"standard_error":20134.543204907954},"Slope":{"confidence_interval":{"confidence_level":0.95,"lower_bound":64121457.992236085,"upper_bound":64172444.30485889},"point_estimate":64146026.71517068,"standard_error":12974.450599889302},"StdDev":{"confidence_interval":{"confidence_level":0.95,"lower_bound":164216.47793081397,"upper_bound":1172386.9410830133},"point_estimate":754390.3965398264,"standard_error":269589.84670627455}}