{"Mean":{"confidence_interval":{"confidence_level":0.95,"lower_bound":125275.96799394568,"upper_bound":125325.77849462208},"point_estimate":125298.71701957492,"standard_error":12.717442136958693},"Median":{"confidence_interval":{"confidence_level":0.95,"lower_bound":125260.98863636363,"upper_bound":125299.16174295775},"point_estimate":125282.98333333334,"standard_error":9.501334737019336},"MedianAbsDev":{"confidence_interval":{"confidence_level":0.95,"lower_bound":56.825155031170304,"upper_bound":82.98286528550618},"point_estimate":71.08090228562503,"standard_error":6.569261265597111},"Slope":{"confidence_interval":{"confidence_level":0.95,"lower_bound":125288.8720028828,"upper_bound":125336.95705101395},"point_estimate":125312.28007795183,"standard_error":12.305478014943775},"StdDev":{"confidence_interval":{"confidence_level":0.95,"lower_bound":72.0183067169151,"upper_bound":177.81694092981343},"point_estimate":127.69063550231371,"standard_error":27.30145758560331}}