{"Mean":{"confidence_interval":{"confidence_level":0.95,"lower_bound":12988.519592033232,"upper_bound":12997.916016193292},"point_estimate":12992.40246243787,"standard_error":2.4514357149127544},"Median":{"confidence_interval":{"confidence_level":0.95,"lower_bound":12986.15677179963,"upper_bound":12986.765557359307},"point_estimate":12986.34663984341,"standard_error":0.14365278551259503},"MedianAbsDev":{"confidence_interval":{"confidence_level":0.95,"lower_bound":0.49666344038124305,"upper_bound":1.2728643048878767},"point_estimate":0.8565930562044419,"standard_error":0.20510790201795792},"Slope":{"confidence_interval":{"confidence_level":0.95,"lower_bound":12988.101049487168,"upper_bound":12995.094096308047},"point_estimate":12991.05482050977,"standard_error":1.8125541078458354},"StdDev":{"confidence_interval":{"confidence_level":0.95,"lower_bound":7.105444326413074,"upper_bound":39.07321043752898},"point_estimate":24.550265146461506,"standard_error":9.090363399218381}}