{"Mean":{"confidence_interval":{"confidence_level":0.95,"lower_bound":277918.344258818,"upper_bound":278102.7032863472},"point_estimate":278001.439687982,"standard_error":47.32212173147467},"Median":{"confidence_interval":{"confidence_level":0.95,"lower_bound":277828.4704636092,"upper_bound":277865.1964285714},"point_estimate":277840.9545454546,"standard_error":9.853123365841585},"MedianAbsDev":{"confidence_interval":{"confidence_level":0.95,"lower_bound":46.378613315212654,"upper_bound":90.87832468631727},"point_estimate":63.33138930904005,"standard_error":11.528970460416131},"Slope":{"confidence_interval":{"confidence_level":0.95,"lower_bound":277830.01671796927,"upper_bound":277960.09941287397},"point_estimate":277883.604790897,"standard_error":33.57793947158249},"StdDev":{"confidence_interval":{"confidence_level":0.95,"lower_bound":248.39134693464084,"upper_bound":660.5223970660072},"point_estimate":477.3512931131017,"standard_error":104.77643959293674}}