{"Mean":{"confidence_interval":{"confidence_level":0.95,"lower_bound":603.596809600709,"upper_bound":604.0734410305703},"point_estimate":603.7581553264482,"standard_error":0.1545280563965354},"Median":{"confidence_interval":{"confidence_level":0.95,"lower_bound":603.5953009682443,"upper_bound":603.6077825313959},"point_estimate":603.600989245683,"standard_error":0.002661268155010941},"MedianAbsDev":{"confidence_interval":{"confidence_level":0.95,"lower_bound":0.01987171087509995,"upper_bound":0.034583341199058516},"point_estimate":0.027178783810273225,"standard_error":0.003611541715693069},"Slope":{"confidence_interval":{"confidence_level":0.95,"lower_bound":603.598449646602,"upper_bound":603.7360774795926},"point_estimate":603.6418908570439,"standard_error":0.039743224705515334},"StdDev":{"confidence_interval":{"confidence_level":0.95,"lower_bound":0.0349383592832662,"upper_bound":2.6591937310084908},"point_estimate":1.5508562876480811,"standard_error":0.9551186079823559}}