{"Mean":{"confidence_interval":{"confidence_level":0.95,"lower_bound":580.3355143989477,"upper_bound":581.6661212862145},"point_estimate":581.0120657025615,"standard_error":0.33900240154632066},"Median":{"confidence_interval":{"confidence_level":0.95,"lower_bound":580.1792131844763,"upper_bound":581.9179822487661},"point_estimate":580.945604288499,"standard_error":0.3986958355753958},"MedianAbsDev":{"confidence_interval":{"confidence_level":0.95,"lower_bound":2.138158358126505,"upper_bound":3.6561418464527207},"point_estimate":2.9518832228738985,"standard_error":0.4012139387056781},"Slope":{"confidence_interval":{"confidence_level":0.95,"lower_bound":579.9285880974093,"upper_bound":581.3071756142865},"point_estimate":580.617292185935,"standard_error":0.3511244541143846},"StdDev":{"confidence_interval":{"confidence_level":0.95,"lower_bound":2.608739346902686,"upper_bound":4.2167151452066625},"point_estimate":3.403685219928722,"standard_error":0.4175013870965103}}