{"Mean":{"confidence_interval":{"confidence_level":0.95,"lower_bound":1075793.8152056537,"upper_bound":1077446.1471936207},"point_estimate":1076549.5648244964,"standard_error":424.0752709113076},"Median":{"confidence_interval":{"confidence_level":0.95,"lower_bound":1075073.35,"upper_bound":1075938.9140749602},"point_estimate":1075413.5274725275,"standard_error":239.99652996245925},"MedianAbsDev":{"confidence_interval":{"confidence_level":0.95,"lower_bound":1323.8394796181053,"upper_bound":2374.2345480143076},"point_estimate":1881.3948440115973,"standard_error":273.4862897364678},"Slope":{"confidence_interval":{"confidence_level":0.95,"lower_bound":1074995.4636576327,"upper_bound":1076305.3223235866},"point_estimate":1075584.0795950938,"standard_error":336.1121211006768},"StdDev":{"confidence_interval":{"confidence_level":0.95,"lower_bound":2430.3521733237612,"upper_bound":5894.465308557198},"point_estimate":4260.130004593198,"standard_error":895.3992660894676}}