{"Mean":{"confidence_interval":{"confidence_level":0.95,"lower_bound":678.7803781022385,"upper_bound":679.0703976266066},"point_estimate":678.9101629149419,"standard_error":0.07454246967637237},"Median":{"confidence_interval":{"confidence_level":0.95,"lower_bound":678.701614481409,"upper_bound":678.7723046239437},"point_estimate":678.7367240115453,"standard_error":0.02106265167502733},"MedianAbsDev":{"confidence_interval":{"confidence_level":0.95,"lower_bound":0.09495917434157565,"upper_bound":0.1925455590696433},"point_estimate":0.14055666820234947,"standard_error":0.024053647277017032},"Slope":{"confidence_interval":{"confidence_level":0.95,"lower_bound":678.7671646561007,"upper_bound":679.2071895699149},"point_estimate":678.9492724158943,"standard_error":0.11472574406008196},"StdDev":{"confidence_interval":{"confidence_level":0.95,"lower_bound":0.36496285467049716,"upper_bound":1.0747020333264687},"point_estimate":0.7489827607384503,"standard_error":0.1831699861088807}}