{"Mean":{"confidence_interval":{"confidence_level":0.95,"lower_bound":173958.3129311027,"upper_bound":174514.52530148445},"point_estimate":174238.8964495179,"standard_error":141.86056646230222},"Median":{"confidence_interval":{"confidence_level":0.95,"lower_bound":174031.29374406458,"upper_bound":174481.46331407246},"point_estimate":174199.65036231885,"standard_error":126.13796471437065},"MedianAbsDev":{"confidence_interval":{"confidence_level":0.95,"lower_bound":865.6827130354256,"upper_bound":1529.4098887832042},"point_estimate":1158.2421075609236,"standard_error":172.7859974839552},"Slope":{"confidence_interval":{"confidence_level":0.95,"lower_bound":174435.63439145344,"upper_bound":175018.83849545036},"point_estimate":174730.94669425153,"standard_error":148.48560653313024},"StdDev":{"confidence_interval":{"confidence_level":0.95,"lower_bound":1183.2640146248868,"upper_bound":1648.973054536519},"point_estimate":1426.7611312000447,"standard_error":118.65180243265168}}