{"Mean":{"confidence_interval":{"confidence_level":0.95,"lower_bound":453581.50958980864,"upper_bound":456814.85556234315},"point_estimate":454976.13752223435,"standard_error":834.5705026439147},"Median":{"confidence_interval":{"confidence_level":0.95,"lower_bound":452909.3222222222,"upper_bound":453378.2083333333},"point_estimate":453126.61135721626,"standard_error":133.21002016038128},"MedianAbsDev":{"confidence_interval":{"confidence_level":0.95,"lower_bound":618.6578527203756,"upper_bound":1064.930314717634},"point_estimate":895.7336231600493,"standard_error":118.70024654018665},"Slope":{"confidence_interval":{"confidence_level":0.95,"lower_bound":452948.6330517664,"upper_bound":457127.54374671716},"point_estimate":454585.80928624206,"standard_error":1119.1220817306396},"StdDev":{"confidence_interval":{"confidence_level":0.95,"lower_bound":2516.589143712181,"upper_bound":12796.383093989463},"point_estimate":8408.235182031476,"standard_error":2617.0906834056136}}