{"Mean":{"confidence_interval":{"confidence_level":0.95,"lower_bound":1438.7345678732875,"upper_bound":1440.6225324892862},"point_estimate":1439.641122520632,"standard_error":0.48189950566306183},"Median":{"confidence_interval":{"confidence_level":0.95,"lower_bound":1435.533962264151,"upper_bound":1443.0213703017866},"point_estimate":1438.8240315413045,"standard_error":2.2851270420490963},"MedianAbsDev":{"confidence_interval":{"confidence_level":0.95,"lower_bound":0.4611006750781886,"upper_bound":6.211165535593388},"point_estimate":5.3089406093083875,"standard_error":1.7296607962842616},"Slope":{"confidence_interval":{"confidence_level":0.95,"lower_bound":1438.1078018251444,"upper_bound":1440.0102263939168},"point_estimate":1439.0492825744677,"standard_error":0.4847152816562493},"StdDev":{"confidence_interval":{"confidence_level":0.95,"lower_bound":3.7462588612554883,"upper_bound":6.021217305969542},"point_estimate":4.8186403084565015,"standard_error":0.6059669928217681}}