{"Mean":{"confidence_interval":{"confidence_level":0.95,"lower_bound":31701.050556197875,"upper_bound":31836.52955942176},"point_estimate":31761.823193698776,"standard_error":34.78363711787384},"Median":{"confidence_interval":{"confidence_level":0.95,"lower_bound":31654.35615536537,"upper_bound":31697.92521994135},"point_estimate":31673.889558022624,"standard_error":9.699661418570022},"MedianAbsDev":{"confidence_interval":{"confidence_level":0.95,"lower_bound":55.17433476195993,"upper_bound":94.00754114764051},"point_estimate":74.92789254073135,"standard_error":9.66531853416103},"Slope":{"confidence_interval":{"confidence_level":0.95,"lower_bound":31654.87969391416,"upper_bound":31721.930390546473},"point_estimate":31682.221198892155,"standard_error":17.370138702909617},"StdDev":{"confidence_interval":{"confidence_level":0.95,"lower_bound":174.11053898682724,"upper_bound":489.209344520114},"point_estimate":349.76562291747257,"standard_error":79.77309843916348}}