{"Mean":{"confidence_interval":{"confidence_level":0.95,"lower_bound":166522.87908028532,"upper_bound":166644.85884085062},"point_estimate":166580.87699763474,"standard_error":31.217843179788673},"Median":{"confidence_interval":{"confidence_level":0.95,"lower_bound":166437.9176470588,"upper_bound":166503.27519379844},"point_estimate":166466.03969594595,"standard_error":16.94872756001505},"MedianAbsDev":{"confidence_interval":{"confidence_level":0.95,"lower_bound":111.38987682034761,"upper_bound":211.7863454895807},"point_estimate":148.87949519063946,"standard_error":27.09296192381983},"Slope":{"confidence_interval":{"confidence_level":0.95,"lower_bound":166669.1090185847,"upper_bound":166874.68166374956},"point_estimate":166772.34043938722,"standard_error":52.3445402756406},"StdDev":{"confidence_interval":{"confidence_level":0.95,"lower_bound":239.21193561449357,"upper_bound":390.84990070118397},"point_estimate":313.8650895258527,"standard_error":39.37893400189731}}