{"Mean":{"confidence_interval":{"confidence_level":0.95,"lower_bound":6013056.054767165,"upper_bound":6035647.857073779},"point_estimate":6023501.747002743,"standard_error":5776.460444170156},"Median":{"confidence_interval":{"confidence_level":0.95,"lower_bound":6001697.532608695,"upper_bound":6010033.52},"point_estimate":6007393.076979471,"standard_error":1977.1749607739264},"MedianAbsDev":{"confidence_interval":{"confidence_level":0.95,"lower_bound":11721.972722813749,"upper_bound":20611.651924259357},"point_estimate":16221.526175803632,"standard_error":2184.0660732493343},"Slope":{"confidence_interval":{"confidence_level":0.95,"lower_bound":6007721.5687315,"upper_bound":6027776.87744223},"point_estimate":6016957.543647111,"standard_error":5128.314462615012},"StdDev":{"confidence_interval":{"confidence_level":0.95,"lower_bound":36840.282661961435,"upper_bound":75341.22417200285},"point_estimate":58018.3955158209,"standard_error":9809.914219451335}}