{"Mean":{"confidence_interval":{"confidence_level":0.95,"lower_bound":258.0755223809344,"upper_bound":258.2696595949074},"point_estimate":258.1490726299791,"standard_error":0.052317326555985706},"Median":{"confidence_interval":{"confidence_level":0.95,"lower_bound":258.04500338767104,"upper_bound":258.0532159930465},"point_estimate":258.04839728068544,"standard_error":0.0021398336435392734},"MedianAbsDev":{"confidence_interval":{"confidence_level":0.95,"lower_bound":0.011247714327732583,"upper_bound":0.021581966850154906},"point_estimate":0.014820361862058548,"standard_error":0.0026859006473000514},"Slope":{"confidence_interval":{"confidence_level":0.95,"lower_bound":258.06799064543,"upper_bound":258.13613973466954},"point_estimate":258.0990506709742,"standard_error":0.017471925521953605},"StdDev":{"confidence_interval":{"confidence_level":0.95,"lower_bound":0.10680012961279386,"upper_bound":0.8732725158176443},"point_estimate":0.5245012934269648,"standard_error":0.24815782942765963}}