{"Mean":{"confidence_interval":{"confidence_level":0.95,"lower_bound":14988.101650883154,"upper_bound":15476.002372835432},"point_estimate":15201.10369058534,"standard_error":125.44350447908712},"Median":{"confidence_interval":{"confidence_level":0.95,"lower_bound":14786.884545454546,"upper_bound":14810.803297561779},"point_estimate":14797.230929989551,"standard_error":6.919183297543979},"MedianAbsDev":{"confidence_interval":{"confidence_level":0.95,"lower_bound":29.516965276157517,"upper_bound":61.017307985887264},"point_estimate":43.419243277152326,"standard_error":8.343242015018756},"Slope":{"confidence_interval":{"confidence_level":0.95,"lower_bound":14806.438959637355,"upper_bound":14957.605968710144},"point_estimate":14863.837547724921,"standard_error":40.13170133647208},"StdDev":{"confidence_interval":{"confidence_level":0.95,"lower_bound":599.7682284143025,"upper_bound":1896.43933115579},"point_estimate":1264.8491805923547,"standard_error":361.0470736218658}}