{"Mean":{"confidence_interval":{"confidence_level":0.95,"lower_bound":14712.130494605903,"upper_bound":14797.445334310984},"point_estimate":14749.771055415822,"standard_error":22.051173659170438},"Median":{"confidence_interval":{"confidence_level":0.95,"lower_bound":14685.354907044872,"upper_bound":14705.01505972592},"point_estimate":14693.26650570676,"standard_error":4.981128244272957},"MedianAbsDev":{"confidence_interval":{"confidence_level":0.95,"lower_bound":25.039576216888292,"upper_bound":45.15135978952928},"point_estimate":32.003431157343094,"standard_error":5.0346357140585365},"Slope":{"confidence_interval":{"confidence_level":0.95,"lower_bound":14687.80231976871,"upper_bound":14725.652876428127},"point_estimate":14703.273457009323,"standard_error":9.832866684700317},"StdDev":{"confidence_interval":{"confidence_level":0.95,"lower_bound":100.05305048657681,"upper_bound":326.7101408602885},"point_estimate":221.4330205647389,"standard_error":59.65571268790763}}