{"Mean":{"confidence_interval":{"confidence_level":0.95,"lower_bound":757.021493709598,"upper_bound":757.7103989450733},"point_estimate":757.31631165836,"standard_error":0.1780986587357269},"Median":{"confidence_interval":{"confidence_level":0.95,"lower_bound":756.8459480122324,"upper_bound":756.8601554536187},"point_estimate":756.850733903479,"standard_error":0.0043248622101150535},"MedianAbsDev":{"confidence_interval":{"confidence_level":0.95,"lower_bound":0.02104713108294867,"upper_bound":0.04508153232061262},"point_estimate":0.028031986093736486,"standard_error":0.006067421859337612},"Slope":{"confidence_interval":{"confidence_level":0.95,"lower_bound":756.9172237194105,"upper_bound":757.3560445946321},"point_estimate":757.0933615892741,"standard_error":0.1157838927405037},"StdDev":{"confidence_interval":{"confidence_level":0.95,"lower_bound":0.5710831542391384,"upper_bound":2.761951601798923},"point_estimate":1.7893712495511929,"standard_error":0.5814251438607357}}