{"Mean":{"confidence_interval":{"confidence_level":0.95,"lower_bound":24347.81376946224,"upper_bound":24364.847159877037},"point_estimate":24355.493958445582,"standard_error":4.373033410495697},"Median":{"confidence_interval":{"confidence_level":0.95,"lower_bound":24338.170373781897,"upper_bound":24342.409918699188},"point_estimate":24340.013798946922,"standard_error":1.1563794212847354},"MedianAbsDev":{"confidence_interval":{"confidence_level":0.95,"lower_bound":6.149028992826667,"upper_bound":13.30359661923022},"point_estimate":9.83712985137784,"standard_error":1.910851132375794},"Slope":{"confidence_interval":{"confidence_level":0.95,"lower_bound":24347.34303887818,"upper_bound":24367.03317267824},"point_estimate":24356.33441529373,"standard_error":5.049179165164853},"StdDev":{"confidence_interval":{"confidence_level":0.95,"lower_bound":23.715736460882894,"upper_bound":61.75177490925396},"point_estimate":43.893446061875196,"standard_error":9.846022068709363}}