{"Mean":{"confidence_interval":{"confidence_level":0.95,"lower_bound":15289.50018749926,"upper_bound":15295.177955015972},"point_estimate":15292.04612666093,"standard_error":1.4590355980455718},"Median":{"confidence_interval":{"confidence_level":0.95,"lower_bound":15288.096380090497,"upper_bound":15288.836346153847},"point_estimate":15288.439729047073,"standard_error":0.21504130936266794},"MedianAbsDev":{"confidence_interval":{"confidence_level":0.95,"lower_bound":1.0661402256411512,"upper_bound":1.8521807844239144},"point_estimate":1.5188808457775966,"standard_error":0.19770255202812653},"Slope":{"confidence_interval":{"confidence_level":0.95,"lower_bound":15288.132916874467,"upper_bound":15293.2340599471},"point_estimate":15290.423946482364,"standard_error":1.3078198524423212},"StdDev":{"confidence_interval":{"confidence_level":0.95,"lower_bound":7.295522353637025,"upper_bound":20.865691109517048},"point_estimate":14.737847717916562,"standard_error":3.480988284530003}}