{"Mean":{"confidence_interval":{"confidence_level":0.95,"lower_bound":20070.011309669524,"upper_bound":20085.66508364982},"point_estimate":20076.468168810112,"standard_error":4.085235441616411},"Median":{"confidence_interval":{"confidence_level":0.95,"lower_bound":20066.348975510205,"upper_bound":20068.24823529412},"point_estimate":20067.61907015359,"standard_error":0.6234605062087419},"MedianAbsDev":{"confidence_interval":{"confidence_level":0.95,"lower_bound":2.226773476304216,"upper_bound":4.002827517646774},"point_estimate":2.956530267510639,"standard_error":0.4683411145665546},"Slope":{"confidence_interval":{"confidence_level":0.95,"lower_bound":20069.90131617969,"upper_bound":20082.73160797756},"point_estimate":20074.946293955963,"standard_error":3.376808008454747},"StdDev":{"confidence_interval":{"confidence_level":0.95,"lower_bound":10.264093742107702,"upper_bound":65.90349770774613},"point_estimate":41.214264978905824,"standard_error":15.650475930617628}}