{"Mean":{"confidence_interval":{"confidence_level":0.95,"lower_bound":3514.0126507540413,"upper_bound":3516.4265764420043},"point_estimate":3514.940097595454,"standard_error":0.6484141625492271},"Median":{"confidence_interval":{"confidence_level":0.95,"lower_bound":3513.5869446747106,"upper_bound":3513.757110862262},"point_estimate":3513.674924012158,"standard_error":0.03996050393004501},"MedianAbsDev":{"confidence_interval":{"confidence_level":0.95,"lower_bound":0.2635026873595771,"upper_bound":0.4721669098498159},"point_estimate":0.36966750913879276,"standard_error":0.05453807006929191},"Slope":{"confidence_interval":{"confidence_level":0.95,"lower_bound":3513.855259116955,"upper_bound":3514.848154597562},"point_estimate":3514.308475937146,"standard_error":0.2550106296757562},"StdDev":{"confidence_interval":{"confidence_level":0.95,"lower_bound":1.4413687901565615,"upper_bound":10.81970210696521},"point_estimate":6.519056349162007,"standard_error":3.0564677004845557}}