{"Mean":{"confidence_interval":{"confidence_level":0.95,"lower_bound":388035.4514713165,"upper_bound":388567.8664831387},"point_estimate":388278.6070728671,"standard_error":136.03441467806942},"Median":{"confidence_interval":{"confidence_level":0.95,"lower_bound":388504.26515151514,"upper_bound":388585.7708333334},"point_estimate":388541.31502445845,"standard_error":21.270329729808413},"MedianAbsDev":{"confidence_interval":{"confidence_level":0.95,"lower_bound":96.56471271746804,"upper_bound":709.536507842211},"point_estimate":149.33252680966643,"standard_error":142.6540534634482},"Slope":{"confidence_interval":{"confidence_level":0.95,"lower_bound":388543.8643021512,"upper_bound":388707.5705770556},"point_estimate":388622.7048894143,"standard_error":41.66821811008503},"StdDev":{"confidence_interval":{"confidence_level":0.95,"lower_bound":778.9497042011158,"upper_bound":1938.2143891504036},"point_estimate":1363.1004586528995,"standard_error":313.16042985109726}}