{"Mean":{"confidence_interval":{"confidence_level":0.95,"lower_bound":154.22747174710113,"upper_bound":154.2808866753535},"point_estimate":154.2505872318373,"standard_error":0.01381394614259189},"Median":{"confidence_interval":{"confidence_level":0.95,"lower_bound":154.21641647421094,"upper_bound":154.22138824736976},"point_estimate":154.21927367642942,"standard_error":0.0012317944792608923},"MedianAbsDev":{"confidence_interval":{"confidence_level":0.95,"lower_bound":0.010569970132189846,"upper_bound":0.018809975266567525},"point_estimate":0.014429110853670239,"standard_error":0.0019994553054256746},"Slope":{"confidence_interval":{"confidence_level":0.95,"lower_bound":154.2231115551321,"upper_bound":154.26556721546663},"point_estimate":154.24196619126943,"standard_error":0.010941991006483257},"StdDev":{"confidence_interval":{"confidence_level":0.95,"lower_bound":0.05124552029893758,"upper_bound":0.21202179675754124},"point_estimate":0.13882514732799273,"standard_error":0.04269420331813498}}