{"Mean":{"confidence_interval":{"confidence_level":0.95,"lower_bound":95.07222457946672,"upper_bound":95.15704278284043},"point_estimate":95.10816319118965,"standard_error":0.021958586858311587},"Median":{"confidence_interval":{"confidence_level":0.95,"lower_bound":95.0590447545517,"upper_bound":95.08704717978284},"point_estimate":95.07833855704496,"standard_error":0.008019588397438063},"MedianAbsDev":{"confidence_interval":{"confidence_level":0.95,"lower_bound":0.03936370965515564,"upper_bound":0.06263336393047332},"point_estimate":0.0473639872413473,"standard_error":0.00587039480127085},"Slope":{"confidence_interval":{"confidence_level":0.95,"lower_bound":95.0688087539137,"upper_bound":95.11740041115193},"point_estimate":95.09044001896565,"standard_error":0.012402001659049462},"StdDev":{"confidence_interval":{"confidence_level":0.95,"lower_bound":0.07700439566112915,"upper_bound":0.3449496938185794},"point_estimate":0.21975609936417148,"standard_error":0.07564173239137502}}