{"Mean":{"confidence_interval":{"confidence_level":0.95,"lower_bound":335558.3556219917,"upper_bound":340622.8545610883},"point_estimate":337726.59483661095,"standard_error":1312.1931923789577},"Median":{"confidence_interval":{"confidence_level":0.95,"lower_bound":333893.65476190473,"upper_bound":335029.94202898553},"point_estimate":334422.7160130719,"standard_error":260.56860327485333},"MedianAbsDev":{"confidence_interval":{"confidence_level":0.95,"lower_bound":1905.217710324757,"upper_bound":3383.442048975072},"point_estimate":2546.6024911922923,"standard_error":373.39552489885835},"Slope":{"confidence_interval":{"confidence_level":0.95,"lower_bound":333044.2822075966,"upper_bound":334971.38839320536},"point_estimate":333897.1512989508,"standard_error":498.36461236342893},"StdDev":{"confidence_interval":{"confidence_level":0.95,"lower_bound":4955.6465618699685,"upper_bound":20426.62485253279},"point_estimate":13175.396119391396,"standard_error":4277.214063905608}}