{"Mean":{"confidence_interval":{"confidence_level":0.95,"lower_bound":17456.090050783096,"upper_bound":17471.824156026207},"point_estimate":17462.795258200258,"standard_error":4.058216949384412},"Median":{"confidence_interval":{"confidence_level":0.95,"lower_bound":17447.671209870598,"upper_bound":17464.977000979397},"point_estimate":17456.468984962405,"standard_error":6.670889224730579},"MedianAbsDev":{"confidence_interval":{"confidence_level":0.95,"lower_bound":11.073123902368847,"upper_bound":25.762007102443004},"point_estimate":19.583167275933903,"standard_error":4.251988765513467},"Slope":{"confidence_interval":{"confidence_level":0.95,"lower_bound":17455.476967269715,"upper_bound":17470.758779647167},"point_estimate":17462.029767213957,"standard_error":3.958820050967506},"StdDev":{"confidence_interval":{"confidence_level":0.95,"lower_bound":16.11175409622796,"upper_bound":63.41937868220344},"point_estimate":40.81236275044011,"standard_error":13.437266570384892}}