{"Mean":{"confidence_interval":{"confidence_level":0.95,"lower_bound":100086.97729303292,"upper_bound":100138.79279777542},"point_estimate":100110.53278805388,"standard_error":13.261678223950678},"Median":{"confidence_interval":{"confidence_level":0.95,"lower_bound":100072.53619471745,"upper_bound":100091.05068493151},"point_estimate":100081.3413875598,"standard_error":5.046647423943493},"MedianAbsDev":{"confidence_interval":{"confidence_level":0.95,"lower_bound":26.86385148413866,"upper_bound":45.96408199146136},"point_estimate":36.350465670203704,"standard_error":4.95509478270674},"Slope":{"confidence_interval":{"confidence_level":0.95,"lower_bound":100083.49783242753,"upper_bound":100117.67711941763},"point_estimate":100099.39922062952,"standard_error":8.775736031019443},"StdDev":{"confidence_interval":{"confidence_level":0.95,"lower_bound":72.77312993211717,"upper_bound":188.93909705525556},"point_estimate":132.18815084928784,"standard_error":30.503446250608032}}