{"Mean":{"confidence_interval":{"confidence_level":0.95,"lower_bound":28097.961317772988,"upper_bound":28279.825585320872},"point_estimate":28174.51934595224,"standard_error":47.24775747671948},"Median":{"confidence_interval":{"confidence_level":0.95,"lower_bound":28038.183343596058,"upper_bound":28078.0489010989},"point_estimate":28062.271454506874,"standard_error":10.268435861537451},"MedianAbsDev":{"confidence_interval":{"confidence_level":0.95,"lower_bound":48.05613586221561,"upper_bound":89.95134186036259},"point_estimate":63.53516919355669,"standard_error":10.910888585581866},"Slope":{"confidence_interval":{"confidence_level":0.95,"lower_bound":28049.75924972009,"upper_bound":28353.181493854598},"point_estimate":28154.150850471826,"standard_error":85.670185420378},"StdDev":{"confidence_interval":{"confidence_level":0.95,"lower_bound":178.24064860143113,"upper_bound":743.2947675085896},"point_estimate":475.2955624846048,"standard_error":164.6475413442668}}