{"Mean":{"confidence_interval":{"confidence_level":0.95,"lower_bound":20001812.52272206,"upper_bound":20038567.211522505},"point_estimate":20018849.62509144,"standard_error":9438.18703287133},"Median":{"confidence_interval":{"confidence_level":0.95,"lower_bound":19976494.8,"upper_bound":19985337.30232558},"point_estimate":19980199.108333334,"standard_error":2110.5926866247705},"MedianAbsDev":{"confidence_interval":{"confidence_level":0.95,"lower_bound":11362.345380886662,"upper_bound":23026.180413305523},"point_estimate":16170.245435998226,"standard_error":2915.6599507397814},"Slope":{"confidence_interval":{"confidence_level":0.95,"lower_bound":19995557.691976454,"upper_bound":20023758.895222463},"point_estimate":20008951.182890497,"standard_error":7188.332652654626},"StdDev":{"confidence_interval":{"confidence_level":0.95,"lower_bound":62076.01504468064,"upper_bound":127944.3122966208},"point_estimate":95027.44050094068,"standard_error":17241.615113529544}}