{"Mean":{"confidence_interval":{"confidence_level":0.95,"lower_bound":16386.06456572433,"upper_bound":16408.763090943903},"point_estimate":16397.606043884876,"standard_error":5.8040906047694465},"Median":{"confidence_interval":{"confidence_level":0.95,"lower_bound":16388.275956284153,"upper_bound":16393.316598360656},"point_estimate":16390.877997184965,"standard_error":1.3387462938167034},"MedianAbsDev":{"confidence_interval":{"confidence_level":0.95,"lower_bound":7.210508715825412,"upper_bound":17.67150607560748},"point_estimate":10.081139297031845,"standard_error":2.8045971187306336},"Slope":{"confidence_interval":{"confidence_level":0.95,"lower_bound":16386.57640289487,"upper_bound":16415.610744349662},"point_estimate":16402.134308590146,"standard_error":7.422527584416583},"StdDev":{"confidence_interval":{"confidence_level":0.95,"lower_bound":41.95672928101689,"upper_bound":73.05813087512345},"point_estimate":58.40442768896802,"standard_error":7.9577816879272625}}