{"Mean":{"confidence_interval":{"confidence_level":0.95,"lower_bound":15348.551373792623,"upper_bound":15357.563724633206},"point_estimate":15352.628664368272,"standard_error":2.303318195708555},"Median":{"confidence_interval":{"confidence_level":0.95,"lower_bound":15342.336307692309,"upper_bound":15346.531713900134},"point_estimate":15343.529901016856,"standard_error":1.378282929141697},"MedianAbsDev":{"confidence_interval":{"confidence_level":0.95,"lower_bound":3.113352556307238,"upper_bound":7.974540824934061},"point_estimate":4.719388896536289,"standard_error":1.3215032968773708},"Slope":{"confidence_interval":{"confidence_level":0.95,"lower_bound":15346.004076660427,"upper_bound":15356.866739052795},"point_estimate":15350.694921462755,"standard_error":2.809108848922453},"StdDev":{"confidence_interval":{"confidence_level":0.95,"lower_bound":12.988269694084465,"upper_bound":32.26219820174201},"point_estimate":23.179254768971205,"standard_error":4.974694138726517}}