{"Mean":{"confidence_interval":{"confidence_level":0.95,"lower_bound":1470.2413531723823,"upper_bound":1471.3265113965747},"point_estimate":1470.7730485549553,"standard_error":0.2769967303085778},"Median":{"confidence_interval":{"confidence_level":0.95,"lower_bound":1468.5534918276373,"upper_bound":1472.6176154122047},"point_estimate":1471.1331484869802,"standard_error":1.1815725825511216},"MedianAbsDev":{"confidence_interval":{"confidence_level":0.95,"lower_bound":1.2256064636254664,"upper_bound":3.9429506416865308},"point_estimate":3.448767977405231,"standard_error":0.7902400912000823},"Slope":{"confidence_interval":{"confidence_level":0.95,"lower_bound":1470.079090016588,"upper_bound":1471.2154168818472},"point_estimate":1470.639705141923,"standard_error":0.28988054215977926},"StdDev":{"confidence_interval":{"confidence_level":0.95,"lower_bound":2.3452989037809955,"upper_bound":3.333300904939303},"point_estimate":2.7837824701037053,"standard_error":0.2660823044579376}}