{"Mean":{"confidence_interval":{"confidence_level":0.95,"lower_bound":32319.596559146765,"upper_bound":32345.244777119035},"point_estimate":32330.214461214928,"standard_error":6.669014550805652},"Median":{"confidence_interval":{"confidence_level":0.95,"lower_bound":32312.77743957933,"upper_bound":32315.339227186476},"point_estimate":32313.572807646357,"standard_error":0.7666693958083974},"MedianAbsDev":{"confidence_interval":{"confidence_level":0.95,"lower_bound":3.0036481440193525,"upper_bound":6.779622560172281},"point_estimate":4.178691963667917,"standard_error":1.0365549548721613},"Slope":{"confidence_interval":{"confidence_level":0.95,"lower_bound":32317.703596954976,"upper_bound":32327.19681126749},"point_estimate":32322.113407570898,"standard_error":2.436850881862891},"StdDev":{"confidence_interval":{"confidence_level":0.95,"lower_bound":17.43011701549254,"upper_bound":106.83505393562912},"point_estimate":67.07886485872588,"standard_error":24.606446249298756}}