{"Mean":{"confidence_interval":{"confidence_level":0.95,"lower_bound":268408.10331142443,"upper_bound":270483.5482138992},"point_estimate":269349.2596696448,"standard_error":531.2702139427688},"Median":{"confidence_interval":{"confidence_level":0.95,"lower_bound":267487.6692307692,"upper_bound":267993.92713219614},"point_estimate":267800.34090909094,"standard_error":118.54245246738505},"MedianAbsDev":{"confidence_interval":{"confidence_level":0.95,"lower_bound":533.7559123324365,"upper_bound":1040.640365063845},"point_estimate":791.7841767502757,"standard_error":124.0619162561775},"Slope":{"confidence_interval":{"confidence_level":0.95,"lower_bound":267626.4660276314,"upper_bound":269920.1710725053},"point_estimate":268533.1577205556,"standard_error":611.7312113164086},"StdDev":{"confidence_interval":{"confidence_level":0.95,"lower_bound":2899.1316273640373,"upper_bound":7317.92946284347},"point_estimate":5355.160916251461,"standard_error":1128.5671654459918}}