{"Mean":{"confidence_interval":{"confidence_level":0.95,"lower_bound":267777.7734823194,"upper_bound":271128.39035878563},"point_estimate":269050.6469080812,"standard_error":904.7964893763515},"Median":{"confidence_interval":{"confidence_level":0.95,"lower_bound":267471.30898876407,"upper_bound":267684.87903225806},"point_estimate":267622.8612804878,"standard_error":64.7655140867252},"MedianAbsDev":{"confidence_interval":{"confidence_level":0.95,"lower_bound":378.3651291917791,"upper_bound":734.6980795629185},"point_estimate":584.6041062630081,"standard_error":95.37115734890021},"Slope":{"confidence_interval":{"confidence_level":0.95,"lower_bound":267470.2725225954,"upper_bound":267915.25785004953},"point_estimate":267650.59270503913,"standard_error":115.42403086984467},"StdDev":{"confidence_interval":{"confidence_level":0.95,"lower_bound":1234.7606931467722,"upper_bound":15246.198208312018},"point_estimate":9139.918196810238,"standard_error":4362.628435325689}}