{"Mean":{"confidence_interval":{"confidence_level":0.95,"lower_bound":49972364.32046471,"upper_bound":50050128.18764618},"point_estimate":50007857.81267235,"standard_error":19927.392020742427},"Median":{"confidence_interval":{"confidence_level":0.95,"lower_bound":49919158.708333336,"upper_bound":49990452.98315939},"point_estimate":49961960.95126051,"standard_error":18148.182794563578},"MedianAbsDev":{"confidence_interval":{"confidence_level":0.95,"lower_bound":70500.56965845985,"upper_bound":140077.4495895495},"point_estimate":111855.27784161488,"standard_error":16969.164564482704},"Slope":{"confidence_interval":{"confidence_level":0.95,"lower_bound":49960487.1093102,"upper_bound":49996809.66074},"point_estimate":49978518.45757943,"standard_error":9293.231039789087},"StdDev":{"confidence_interval":{"confidence_level":0.95,"lower_bound":121188.29025610749,"upper_bound":278347.96495544974},"point_estimate":199780.96442956652,"standard_error":42010.69804725601}}