{"Mean":{"confidence_interval":{"confidence_level":0.95,"lower_bound":50058937.57157518,"upper_bound":50211705.23142947},"point_estimate":50120943.0090192,"standard_error":39854.1319510386},"Median":{"confidence_interval":{"confidence_level":0.95,"lower_bound":50021769.58418804,"upper_bound":50104486.027841344},"point_estimate":50057245.973484844,"standard_error":22204.29180460815},"MedianAbsDev":{"confidence_interval":{"confidence_level":0.95,"lower_bound":118186.14604113776,"upper_bound":181115.49804326912},"point_estimate":152545.1837726366,"standard_error":15963.915578742537},"Slope":{"confidence_interval":{"confidence_level":0.95,"lower_bound":50055894.51306831,"upper_bound":50106155.14642014},"point_estimate":50080140.35245456,"standard_error":12794.403451805423},"StdDev":{"confidence_interval":{"confidence_level":0.95,"lower_bound":145174.50150315883,"upper_bound":645712.6755942818},"point_estimate":401244.57062438276,"standard_error":161052.40134145084}}