{"Mean":{"confidence_interval":{"confidence_level":0.95,"lower_bound":2210949.3240252854,"upper_bound":2211887.802604257},"point_estimate":2211364.274783917,"standard_error":241.2024277752176},"Median":{"confidence_interval":{"confidence_level":0.95,"lower_bound":2210649.396825397,"upper_bound":2210852.7359346645},"point_estimate":2210750.903846154,"standard_error":48.80494875512137},"MedianAbsDev":{"confidence_interval":{"confidence_level":0.95,"lower_bound":408.57984274614273,"upper_bound":820.9581464505321},"point_estimate":554.8835905355575,"standard_error":116.01200435886845},"Slope":{"confidence_interval":{"confidence_level":0.95,"lower_bound":2210840.7775429823,"upper_bound":2211593.946739186},"point_estimate":2211165.7373045664,"standard_error":194.52063981455782},"StdDev":{"confidence_interval":{"confidence_level":0.95,"lower_bound":1087.3074915420934,"upper_bound":3578.473702450666},"point_estimate":2418.980005509058,"standard_error":652.2172191230953}}