{"Mean":{"confidence_interval":{"confidence_level":0.95,"lower_bound":13683480.739392912,"upper_bound":13738267.721405463},"point_estimate":13710597.509257881,"standard_error":14052.433751767565},"Median":{"confidence_interval":{"confidence_level":0.95,"lower_bound":13666360.54,"upper_bound":13716881.805635422},"point_estimate":13689885.276866883,"standard_error":14475.137706740808},"MedianAbsDev":{"confidence_interval":{"confidence_level":0.95,"lower_bound":89938.99954694672,"upper_bound":155107.30221770008},"point_estimate":126771.59943697571,"standard_error":16913.54987288033},"Slope":{"confidence_interval":{"confidence_level":0.95,"lower_bound":13609712.810741547,"upper_bound":13652675.847748598},"point_estimate":13630864.799308408,"standard_error":10977.131919085698},"StdDev":{"confidence_interval":{"confidence_level":0.95,"lower_bound":116217.28704770263,"upper_bound":164186.64502156887},"point_estimate":141052.99225596245,"standard_error":12232.33450406206}}