{"Mean":{"confidence_interval":{"confidence_level":0.95,"lower_bound":59631.7051700174,"upper_bound":61628.94651861506},"point_estimate":60507.36342425119,"standard_error":513.3320860962222},"Median":{"confidence_interval":{"confidence_level":0.95,"lower_bound":58945.041452205885,"upper_bound":59006.694444444445},"point_estimate":58972.08832442068,"standard_error":16.247827861949634},"MedianAbsDev":{"confidence_interval":{"confidence_level":0.95,"lower_bound":95.47157283744214,"upper_bound":205.53256276107646},"point_estimate":149.93647565647237,"standard_error":26.8084257434002},"Slope":{"confidence_interval":{"confidence_level":0.95,"lower_bound":59010.43660438992,"upper_bound":59459.588800402074},"point_estimate":59203.249145246395,"standard_error":115.9570450869606},"StdDev":{"confidence_interval":{"confidence_level":0.95,"lower_bound":2301.2935635759736,"upper_bound":7722.072031274018},"point_estimate":5141.515992519813,"standard_error":1456.245448131562}}