{"Mean":{"confidence_interval":{"confidence_level":0.95,"lower_bound":114646.53182590149,"upper_bound":114762.9398262849},"point_estimate":114704.87157567844,"standard_error":29.66366309818039},"Median":{"confidence_interval":{"confidence_level":0.95,"lower_bound":114763.32078853047,"upper_bound":114824.66666666667},"point_estimate":114794.55035650624,"standard_error":15.965899533695161},"MedianAbsDev":{"confidence_interval":{"confidence_level":0.95,"lower_bound":93.25140239546992,"upper_bound":186.16796804902694},"point_estimate":122.70370966772612,"standard_error":22.184908522915407},"Slope":{"confidence_interval":{"confidence_level":0.95,"lower_bound":114564.28961740487,"upper_bound":114713.82771108141},"point_estimate":114641.3517862831,"standard_error":38.195259050765635},"StdDev":{"confidence_interval":{"confidence_level":0.95,"lower_bound":247.15581563971122,"upper_bound":348.7172842964066},"point_estimate":298.30295033978075,"standard_error":25.900517736719664}}