{"Mean":{"confidence_interval":{"confidence_level":0.95,"lower_bound":177148.15874052266,"upper_bound":177385.96994380598},"point_estimate":177243.53039796342,"standard_error":62.52768238008879},"Median":{"confidence_interval":{"confidence_level":0.95,"lower_bound":177103.0180617255,"upper_bound":177170.67188905028},"point_estimate":177133.70458937198,"standard_error":17.786441230873333},"MedianAbsDev":{"confidence_interval":{"confidence_level":0.95,"lower_bound":95.99941729847336,"upper_bound":179.85519987708716},"point_estimate":129.5419203435919,"standard_error":21.88877780446073},"Slope":{"confidence_interval":{"confidence_level":0.95,"lower_bound":177124.64757841078,"upper_bound":177233.74034070957},"point_estimate":177173.97776464213,"standard_error":27.929264172734662},"StdDev":{"confidence_interval":{"confidence_level":0.95,"lower_bound":184.40090086266756,"upper_bound":1018.4356108374702},"point_estimate":627.071862531666,"standard_error":258.1794208244631}}