{"Mean":{"confidence_interval":{"confidence_level":0.95,"lower_bound":47407.624365025054,"upper_bound":47588.380252347415},"point_estimate":47489.32509634777,"standard_error":46.341869975760815},"Median":{"confidence_interval":{"confidence_level":0.95,"lower_bound":47349.386042098,"upper_bound":47395.987727049585},"point_estimate":47373.32537217786,"standard_error":13.733885576376863},"MedianAbsDev":{"confidence_interval":{"confidence_level":0.95,"lower_bound":70.61899741736168,"upper_bound":134.61401782754027},"point_estimate":100.44850155001592,"standard_error":16.755771784948077},"Slope":{"confidence_interval":{"confidence_level":0.95,"lower_bound":47369.04867250715,"upper_bound":47608.8575006237},"point_estimate":47461.18277945492,"standard_error":64.62974497450028},"StdDev":{"confidence_interval":{"confidence_level":0.95,"lower_bound":242.75783591512175,"upper_bound":634.064145168188},"point_estimate":464.5644251188553,"standard_error":99.493730426215}}