{"Mean":{"confidence_interval":{"confidence_level":0.95,"lower_bound":22538.678028485756,"upper_bound":23187.380907633804},"point_estimate":22797.393026505524,"standard_error":169.727815837057},"Median":{"confidence_interval":{"confidence_level":0.95,"lower_bound":22434.405238828967,"upper_bound":22456.059253246753},"point_estimate":22444.207633399208,"standard_error":6.06441780987522},"MedianAbsDev":{"confidence_interval":{"confidence_level":0.95,"lower_bound":33.830108194775526,"upper_bound":72.30127415452978},"point_estimate":43.74472136204107,"standard_error":9.609626839456098},"Slope":{"confidence_interval":{"confidence_level":0.95,"lower_bound":22458.851469460726,"upper_bound":22681.212427993425},"point_estimate":22553.14893137821,"standard_error":58.00023195189366},"StdDev":{"confidence_interval":{"confidence_level":0.95,"lower_bound":400.12171857587475,"upper_bound":2768.135680146205},"point_estimate":1701.9415388220502,"standard_error":699.8406251464629}}