{"Mean":{"confidence_interval":{"confidence_level":0.95,"lower_bound":921.9842978224374,"upper_bound":922.6289851639004},"point_estimate":922.2586320604584,"standard_error":0.16743564572693656},"Median":{"confidence_interval":{"confidence_level":0.95,"lower_bound":921.8264205812154,"upper_bound":922.1838877602844},"point_estimate":922.0590774268219,"standard_error":0.086552388490854},"MedianAbsDev":{"confidence_interval":{"confidence_level":0.95,"lower_bound":0.481442097572675,"upper_bound":0.7699546134255453},"point_estimate":0.6256663764085354,"standard_error":0.07331373188227891},"Slope":{"confidence_interval":{"confidence_level":0.95,"lower_bound":921.9389111856633,"upper_bound":922.5524215272665},"point_estimate":922.1998467395309,"standard_error":0.15868495555636242},"StdDev":{"confidence_interval":{"confidence_level":0.95,"lower_bound":0.6578077085665196,"upper_bound":2.620367493473595},"point_estimate":1.6833554381533584,"standard_error":0.5585779746391503}}