{"Mean":{"confidence_interval":{"confidence_level":0.95,"lower_bound":1894.9905697948525,"upper_bound":1896.2030746990997},"point_estimate":1895.5832220834127,"standard_error":0.3092977127478435},"Median":{"confidence_interval":{"confidence_level":0.95,"lower_bound":1893.6142881974622,"upper_bound":1896.8192789624006},"point_estimate":1896.5880228659735,"standard_error":0.8983983020436722},"MedianAbsDev":{"confidence_interval":{"confidence_level":0.95,"lower_bound":2.1243975565761186,"upper_bound":4.482831473516638},"point_estimate":3.970057945442187,"standard_error":0.5982343019388654},"Slope":{"confidence_interval":{"confidence_level":0.95,"lower_bound":1894.498438047232,"upper_bound":1895.786801620986},"point_estimate":1895.1434182023265,"standard_error":0.32934067484017693},"StdDev":{"confidence_interval":{"confidence_level":0.95,"lower_bound":2.5106001020691706,"upper_bound":3.806041243852865},"point_estimate":3.112178532052076,"standard_error":0.3425668607160366}}