{"Mean":{"confidence_interval":{"confidence_level":0.95,"lower_bound":137815.61101610094,"upper_bound":140346.81116614718},"point_estimate":138923.3659059822,"standard_error":650.1945952111313},"Median":{"confidence_interval":{"confidence_level":0.95,"lower_bound":137445.44594594595,"upper_bound":138270.6642563897},"point_estimate":137830.57496843435,"standard_error":208.76896945260137},"MedianAbsDev":{"confidence_interval":{"confidence_level":0.95,"lower_bound":1254.806121486962,"upper_bound":2070.5903988756195},"point_estimate":1596.422119130154,"standard_error":206.96417442317392},"Slope":{"confidence_interval":{"confidence_level":0.95,"lower_bound":137628.40222213324,"upper_bound":138449.6272196524},"point_estimate":137993.3114563322,"standard_error":209.7336862127281},"StdDev":{"confidence_interval":{"confidence_level":0.95,"lower_bound":2532.329855417585,"upper_bound":9984.780876042962},"point_estimate":6569.8933290206705,"standard_error":1965.2223552150697}}