{"Mean":{"confidence_interval":{"confidence_level":0.95,"lower_bound":461.65490544005837,"upper_bound":461.881077538994},"point_estimate":461.7489390865036,"standard_error":0.05883769382640418},"Median":{"confidence_interval":{"confidence_level":0.95,"lower_bound":461.6122428296341,"upper_bound":461.644486321759},"point_estimate":461.6238728750924,"standard_error":0.009149381590003869},"MedianAbsDev":{"confidence_interval":{"confidence_level":0.95,"lower_bound":0.04686596756403084,"upper_bound":0.09014452048685523},"point_estimate":0.06590631377128514,"standard_error":0.011158641028854476},"Slope":{"confidence_interval":{"confidence_level":0.95,"lower_bound":461.64787359910736,"upper_bound":461.7927549521681},"point_estimate":461.71220969720395,"standard_error":0.03743362839616383},"StdDev":{"confidence_interval":{"confidence_level":0.95,"lower_bound":0.17056763650076268,"upper_bound":0.9339075756781665},"point_estimate":0.5892115108758427,"standard_error":0.21102050461630997}}