{"Mean":{"confidence_interval":{"confidence_level":0.95,"lower_bound":168441.1488383237,"upper_bound":169859.11813603697},"point_estimate":169085.33269569572,"standard_error":362.54011404094274},"Median":{"confidence_interval":{"confidence_level":0.95,"lower_bound":167750.32134751772,"upper_bound":167915.45239968528},"point_estimate":167793.13863296324,"standard_error":41.50001786400018},"MedianAbsDev":{"confidence_interval":{"confidence_level":0.95,"lower_bound":326.0417519199313,"upper_bound":567.3824691995651},"point_estimate":440.77951870924267,"standard_error":62.39601437089987},"Slope":{"confidence_interval":{"confidence_level":0.95,"lower_bound":167702.3164265632,"upper_bound":168547.0339322306},"point_estimate":168061.52499482784,"standard_error":218.5097212773314},"StdDev":{"confidence_interval":{"confidence_level":0.95,"lower_bound":2115.7105100701415,"upper_bound":5025.9453883245815},"point_estimate":3633.211556095035,"standard_error":755.2550087786558}}