{"Mean":{"confidence_interval":{"confidence_level":0.95,"lower_bound":1361.0354514800358,"upper_bound":1361.3935610525953},"point_estimate":1361.1784454469632,"standard_error":0.09441389174825864},"Median":{"confidence_interval":{"confidence_level":0.95,"lower_bound":1361.0009395490165,"upper_bound":1361.126038654328},"point_estimate":1361.0442568574836,"standard_error":0.03920042376861341},"MedianAbsDev":{"confidence_interval":{"confidence_level":0.95,"lower_bound":0.17368228622650841,"upper_bound":0.31222861243812394},"point_estimate":0.22687316384457823,"standard_error":0.03547094386523136},"Slope":{"confidence_interval":{"confidence_level":0.95,"lower_bound":1361.1472053134082,"upper_bound":1361.3291350581742},"point_estimate":1361.2403866615134,"standard_error":0.046482284369283935},"StdDev":{"confidence_interval":{"confidence_level":0.95,"lower_bound":0.29689777547370694,"upper_bound":1.5631489113205623},"point_estimate":0.950842609393905,"standard_error":0.4130425153994087}}