{"Mean":{"confidence_interval":{"confidence_level":0.95,"lower_bound":59811.78830225031,"upper_bound":60062.18512737114},"point_estimate":59937.65606716415,"standard_error":63.77632809940948},"Median":{"confidence_interval":{"confidence_level":0.95,"lower_bound":59825.43422708618,"upper_bound":60092.89969834087},"point_estimate":59981.84967448518,"standard_error":81.96732082252502},"MedianAbsDev":{"confidence_interval":{"confidence_level":0.95,"lower_bound":481.98617399605774,"upper_bound":786.9405109750192},"point_estimate":596.8593685892023,"standard_error":75.79280694110074},"Slope":{"confidence_interval":{"confidence_level":0.95,"lower_bound":59721.14074358309,"upper_bound":59983.99471462297},"point_estimate":59858.0196402959,"standard_error":66.96770346329068},"StdDev":{"confidence_interval":{"confidence_level":0.95,"lower_bound":550.5531072919716,"upper_bound":726.5854348202695},"point_estimate":641.4160021177787,"standard_error":44.87128437340494}}