{"Mean":{"confidence_interval":{"confidence_level":0.95,"lower_bound":89734.42476768047,"upper_bound":89803.11415139853},"point_estimate":89761.99218887056,"standard_error":18.1511751870603},"Median":{"confidence_interval":{"confidence_level":0.95,"lower_bound":89721.82142857143,"upper_bound":89729.29230605286},"point_estimate":89725.82681272822,"standard_error":1.6284593291834648},"MedianAbsDev":{"confidence_interval":{"confidence_level":0.95,"lower_bound":8.4719998495981,"upper_bound":14.789425763578123},"point_estimate":12.435102552594026,"standard_error":1.5326374393060034},"Slope":{"confidence_interval":{"confidence_level":0.95,"lower_bound":89727.99826479447,"upper_bound":89772.28237517415},"point_estimate":89746.04592236836,"standard_error":11.49341232939177},"StdDev":{"confidence_interval":{"confidence_level":0.95,"lower_bound":42.02364423308364,"upper_bound":298.5608654883832},"point_estimate":183.2969973476717,"standard_error":76.8521472063345}}