{"Mean":{"confidence_interval":{"confidence_level":0.95,"lower_bound":19127.237784073615,"upper_bound":19137.096472956975},"point_estimate":19131.72107290396,"standard_error":2.5268047373337144},"Median":{"confidence_interval":{"confidence_level":0.95,"lower_bound":19124.060053981106,"upper_bound":19129.377364030897},"point_estimate":19125.8046875,"standard_error":1.4098273833854016},"MedianAbsDev":{"confidence_interval":{"confidence_level":0.95,"lower_bound":8.420941742117037,"upper_bound":17.099449271690574},"point_estimate":13.474662055285133,"standard_error":2.2788189470625313},"Slope":{"confidence_interval":{"confidence_level":0.95,"lower_bound":19121.550707718743,"upper_bound":19136.346707066303},"point_estimate":19127.517250173354,"standard_error":3.89254130665895},"StdDev":{"confidence_interval":{"confidence_level":0.95,"lower_bound":13.146254644813096,"upper_bound":35.17003008185926},"point_estimate":25.427137361492694,"standard_error":5.5418832209226965}}