{"Mean":{"confidence_interval":{"confidence_level":0.95,"lower_bound":462.4001493917587,"upper_bound":462.54060629250137},"point_estimate":462.4629241382534,"standard_error":0.03609202785076522},"Median":{"confidence_interval":{"confidence_level":0.95,"lower_bound":462.35124716553287,"upper_bound":462.38048566816286},"point_estimate":462.3684096404685,"standard_error":0.007743621888509171},"MedianAbsDev":{"confidence_interval":{"confidence_level":0.95,"lower_bound":0.06361379643753176,"upper_bound":0.10861316647484542},"point_estimate":0.09029827266246222,"standard_error":0.011977774820720061},"Slope":{"confidence_interval":{"confidence_level":0.95,"lower_bound":462.3875687586165,"upper_bound":462.53039572825406},"point_estimate":462.4521740329056,"standard_error":0.03673527929085736},"StdDev":{"confidence_interval":{"confidence_level":0.95,"lower_bound":0.1881320294902602,"upper_bound":0.5272132766779376},"point_estimate":0.3626842403320162,"standard_error":0.09087745481389294}}