{"Mean":{"confidence_interval":{"confidence_level":0.95,"lower_bound":1013.8189172275661,"upper_bound":1016.7759767689347},"point_estimate":1015.2934843477101,"standard_error":0.7535356602402474},"Median":{"confidence_interval":{"confidence_level":0.95,"lower_bound":1013.0588405112459,"upper_bound":1017.0024487257557},"point_estimate":1015.3345061412488,"standard_error":0.9456173962451603},"MedianAbsDev":{"confidence_interval":{"confidence_level":0.95,"lower_bound":6.447222310226836,"upper_bound":10.55366701334175},"point_estimate":9.02776310889095,"standard_error":1.0849273174107932},"Slope":{"confidence_interval":{"confidence_level":0.95,"lower_bound":1013.2469177699138,"upper_bound":1016.7488334966055},"point_estimate":1014.9266992822504,"standard_error":0.8927312835414712},"StdDev":{"confidence_interval":{"confidence_level":0.95,"lower_bound":6.571404802579203,"upper_bound":8.460595655990598},"point_estimate":7.559466253252619,"standard_error":0.4834577541123969}}