{"Mean":{"confidence_interval":{"confidence_level":0.95,"lower_bound":2775.941061784661,"upper_bound":2779.441322610079},"point_estimate":2777.623359497156,"standard_error":0.8919390033395224},"Median":{"confidence_interval":{"confidence_level":0.95,"lower_bound":2773.0405997869234,"upper_bound":2782.321134835818},"point_estimate":2781.9862210584715,"standard_error":2.3592872413002564},"MedianAbsDev":{"confidence_interval":{"confidence_level":0.95,"lower_bound":2.576356851046616,"upper_bound":11.402929848932706},"point_estimate":5.8962096756759035,"standard_error":2.3419802619046686},"Slope":{"confidence_interval":{"confidence_level":0.95,"lower_bound":2775.5183356159487,"upper_bound":2779.451284548264},"point_estimate":2777.510682141336,"standard_error":0.9990414522270087},"StdDev":{"confidence_interval":{"confidence_level":0.95,"lower_bound":6.886044916822021,"upper_bound":11.65481041598671},"point_estimate":8.954986600972648,"standard_error":1.387743193019855}}