{"Mean":{"confidence_interval":{"confidence_level":0.95,"lower_bound":14239.75029241169,"upper_bound":14246.983611519294},"point_estimate":14242.965226222088,"standard_error":1.8609545404574732},"Median":{"confidence_interval":{"confidence_level":0.95,"lower_bound":14235.1421802935,"upper_bound":14236.622420634922},"point_estimate":14236.19975107431,"standard_error":0.48459615775416615},"MedianAbsDev":{"confidence_interval":{"confidence_level":0.95,"lower_bound":2.0832462725389154,"upper_bound":5.234876877505625},"point_estimate":3.6826282397097305,"standard_error":0.8341940268504117},"Slope":{"confidence_interval":{"confidence_level":0.95,"lower_bound":14236.113410705308,"upper_bound":14240.40677029404},"point_estimate":14238.066549346619,"standard_error":1.1003029944875857},"StdDev":{"confidence_interval":{"confidence_level":0.95,"lower_bound":10.112530908134305,"upper_bound":27.37742618879785},"point_estimate":18.7396597636175,"standard_error":4.894670931254894}}