{"Mean":{"confidence_interval":{"confidence_level":0.95,"lower_bound":11453436.123569606,"upper_bound":11562382.777483119},"point_estimate":11501605.272918234,"standard_error":28078.130431709058},"Median":{"confidence_interval":{"confidence_level":0.95,"lower_bound":11407237.378024194,"upper_bound":11434112.705882354},"point_estimate":11411945.79935065,"standard_error":6575.4626941208435},"MedianAbsDev":{"confidence_interval":{"confidence_level":0.95,"lower_bound":20090.743951823668,"upper_bound":57685.12671219286},"point_estimate":30823.026901992056,"standard_error":9004.694723473727},"Slope":{"confidence_interval":{"confidence_level":0.95,"lower_bound":11429144.688744709,"upper_bound":11460064.915801344},"point_estimate":11443578.952756021,"standard_error":7903.953087324142},"StdDev":{"confidence_interval":{"confidence_level":0.95,"lower_bound":128781.92090338077,"upper_bound":408174.87273248006},"point_estimate":281686.52513601416,"standard_error":72932.75878958836}}