{"Mean":{"confidence_interval":{"confidence_level":0.95,"lower_bound":83838.2917540327,"upper_bound":83865.01083164309},"point_estimate":83850.45121761695,"standard_error":6.8279821840148704},"Median":{"confidence_interval":{"confidence_level":0.95,"lower_bound":83833.93450652357,"upper_bound":83845.31912878787},"point_estimate":83839.04147043433,"standard_error":3.205868271972942},"MedianAbsDev":{"confidence_interval":{"confidence_level":0.95,"lower_bound":15.373888575799183,"upper_bound":28.70269914320974},"point_estimate":20.429859484481433,"standard_error":3.348734027663734},"Slope":{"confidence_interval":{"confidence_level":0.95,"lower_bound":83846.13372995675,"upper_bound":83873.83459503006},"point_estimate":83859.04903748583,"standard_error":7.090975300939464},"StdDev":{"confidence_interval":{"confidence_level":0.95,"lower_bound":40.206532337113394,"upper_bound":97.6268278147599},"point_estimate":68.71149437300252,"standard_error":15.453942764437558}}