{"Mean":{"confidence_interval":{"confidence_level":0.95,"lower_bound":25932.90172494908,"upper_bound":25951.827561822978},"point_estimate":25940.095461417815,"standard_error":5.115514284427988},"Median":{"confidence_interval":{"confidence_level":0.95,"lower_bound":25926.73420888055,"upper_bound":25934.84455128205},"point_estimate":25929.479774167652,"standard_error":2.250202187281231},"MedianAbsDev":{"confidence_interval":{"confidence_level":0.95,"lower_bound":3.725033649193917,"upper_bound":12.34631055003827},"point_estimate":7.600731158020476,"standard_error":2.1570476570572357},"Slope":{"confidence_interval":{"confidence_level":0.95,"lower_bound":25932.256981686725,"upper_bound":25941.647434939612},"point_estimate":25936.749678568314,"standard_error":2.3991005897397395},"StdDev":{"confidence_interval":{"confidence_level":0.95,"lower_bound":11.636355703349032,"upper_bound":85.50237100398495},"point_estimate":51.37387388504945,"standard_error":24.438928949131896}}