{"Mean":{"confidence_interval":{"confidence_level":0.95,"lower_bound":184754.1756416753,"upper_bound":186948.7864085572},"point_estimate":185612.85942164843,"standard_error":578.8177239072054},"Median":{"confidence_interval":{"confidence_level":0.95,"lower_bound":184305.08796296295,"upper_bound":184475.0510080645},"point_estimate":184380.06365740742,"standard_error":39.575085363773205},"MedianAbsDev":{"confidence_interval":{"confidence_level":0.95,"lower_bound":252.91900861455073,"upper_bound":533.3790244182316},"point_estimate":380.8384973661232,"standard_error":72.50441493216155},"Slope":{"confidence_interval":{"confidence_level":0.95,"lower_bound":184327.80482887913,"upper_bound":185148.6274842075},"point_estimate":184642.84844933747,"standard_error":215.64851432412664},"StdDev":{"confidence_interval":{"confidence_level":0.95,"lower_bound":1506.8994326175186,"upper_bound":9551.322293881294},"point_estimate":5825.823624784637,"standard_error":2534.4494462297434}}