{"Mean":{"confidence_interval":{"confidence_level":0.95,"lower_bound":8279.0882603476,"upper_bound":8281.949160530758},"point_estimate":8280.468463751984,"standard_error":0.7288380981463599},"Median":{"confidence_interval":{"confidence_level":0.95,"lower_bound":8277.399865591398,"upper_bound":8282.4945342312},"point_estimate":8281.735340375588,"standard_error":1.3164020299160735},"MedianAbsDev":{"confidence_interval":{"confidence_level":0.95,"lower_bound":2.390918213367062,"upper_bound":7.839464197017988},"point_estimate":6.153394168698034,"standard_error":1.4608944295857764},"Slope":{"confidence_interval":{"confidence_level":0.95,"lower_bound":8275.598784400909,"upper_bound":8279.528098436325},"point_estimate":8277.44748751293,"standard_error":1.0049062409126954},"StdDev":{"confidence_interval":{"confidence_level":0.95,"lower_bound":5.420853062584821,"upper_bound":9.12477822254603},"point_estimate":7.325204902252402,"standard_error":0.9514742066327168}}