{"Mean":{"confidence_interval":{"confidence_level":0.95,"lower_bound":3284454.056697449,"upper_bound":3285058.5705613885},"point_estimate":3284741.1674168883,"standard_error":154.4398490874379},"Median":{"confidence_interval":{"confidence_level":0.95,"lower_bound":3284213.4545454546,"upper_bound":3284683.5376344086},"point_estimate":3284454.27994228,"standard_error":137.67891471831462},"MedianAbsDev":{"confidence_interval":{"confidence_level":0.95,"lower_bound":762.7002287230223,"upper_bound":1168.470874287696},"point_estimate":1024.7082380577922,"standard_error":108.22099576879491},"Slope":{"confidence_interval":{"confidence_level":0.95,"lower_bound":3284728.7022076054,"upper_bound":3285296.7367155203},"point_estimate":3285007.115197281,"standard_error":144.93532900198883},"StdDev":{"confidence_interval":{"confidence_level":0.95,"lower_bound":1129.6652072955308,"upper_bound":1982.344088602072},"point_estimate":1552.619906700027,"standard_error":221.7121627394853}}