{"Mean":{"confidence_interval":{"confidence_level":0.95,"lower_bound":3160192.981796655,"upper_bound":3166795.1982862838},"point_estimate":3163507.160846075,"standard_error":1690.5333785917044},"Median":{"confidence_interval":{"confidence_level":0.95,"lower_bound":3159121.226190476,"upper_bound":3168473.875},"point_estimate":3165956.7802197803,"standard_error":2536.424140970627},"MedianAbsDev":{"confidence_interval":{"confidence_level":0.95,"lower_bound":13464.96803373084,"upper_bound":21091.05820238289},"point_estimate":17250.351777856293,"standard_error":1937.02590818975},"Slope":{"confidence_interval":{"confidence_level":0.95,"lower_bound":3153329.792140386,"upper_bound":3161499.893284489},"point_estimate":3157335.7447702084,"standard_error":2089.3573663729962},"StdDev":{"confidence_interval":{"confidence_level":0.95,"lower_bound":14452.150021271535,"upper_bound":19191.87728190788},"point_estimate":16915.360603599147,"standard_error":1211.0071853026125}}