{"Mean":{"confidence_interval":{"confidence_level":0.95,"lower_bound":631558.5225865674,"upper_bound":632000.172971258},"point_estimate":631736.586276865,"standard_error":115.73344185801545},"Median":{"confidence_interval":{"confidence_level":0.95,"lower_bound":631427.5416666666,"upper_bound":631543.5833333334},"point_estimate":631490.4823369565,"standard_error":32.12741041710988},"MedianAbsDev":{"confidence_interval":{"confidence_level":0.95,"lower_bound":136.36511482045523,"upper_bound":221.02354028360426},"point_estimate":167.5873353580653,"standard_error":20.92354221408416},"Slope":{"confidence_interval":{"confidence_level":0.95,"lower_bound":631523.4183988527,"upper_bound":631833.6251963973},"point_estimate":631653.7773415103,"standard_error":80.87673580472561},"StdDev":{"confidence_interval":{"confidence_level":0.95,"lower_bound":386.8255213794006,"upper_bound":1876.021786003689},"point_estimate":1163.497568597277,"standard_error":471.13324109797117}}