{"Mean":{"confidence_interval":{"confidence_level":0.95,"lower_bound":96615.64333128248,"upper_bound":96690.27562046499},"point_estimate":96648.10784623571,"standard_error":19.143759465180167},"Median":{"confidence_interval":{"confidence_level":0.95,"lower_bound":96609.24242424243,"upper_bound":96650.08330799636},"point_estimate":96634.86700204556,"standard_error":9.38649106259036},"MedianAbsDev":{"confidence_interval":{"confidence_level":0.95,"lower_bound":58.58642563371077,"upper_bound":97.42732311092392},"point_estimate":71.5419037096616,"standard_error":9.907173624735982},"Slope":{"confidence_interval":{"confidence_level":0.95,"lower_bound":96654.2001558881,"upper_bound":96693.51412857545},"point_estimate":96673.6498273708,"standard_error":10.025650723215808},"StdDev":{"confidence_interval":{"confidence_level":0.95,"lower_bound":92.2566085850841,"upper_bound":293.8784497038626},"point_estimate":191.69530439791268,"standard_error":60.40467180495886}}