{"Mean":{"confidence_interval":{"confidence_level":0.95,"lower_bound":5750278.374118513,"upper_bound":5783881.842080677},"point_estimate":5765249.714414727,"standard_error":8621.88354571141},"Median":{"confidence_interval":{"confidence_level":0.95,"lower_bound":5735603.71,"upper_bound":5739966.980397422},"point_estimate":5737070.15,"standard_error":1152.480140664434},"MedianAbsDev":{"confidence_interval":{"confidence_level":0.95,"lower_bound":5953.044184355937,"upper_bound":11456.19841382772},"point_estimate":7671.275843807484,"standard_error":1487.0826529937456},"Slope":{"confidence_interval":{"confidence_level":0.95,"lower_bound":5739571.133792034,"upper_bound":5758217.7757473765},"point_estimate":5747864.989170977,"standard_error":4794.795699798564},"StdDev":{"confidence_interval":{"confidence_level":0.95,"lower_bound":40610.47989167545,"upper_bound":124374.37589929708},"point_estimate":86694.37803400133,"standard_error":21329.284708342082}}