{"Mean":{"confidence_interval":{"confidence_level":0.95,"lower_bound":38748.299033517884,"upper_bound":38778.20639878291},"point_estimate":38760.3185853677,"standard_error":7.802095405148025},"Median":{"confidence_interval":{"confidence_level":0.95,"lower_bound":38743.467892182445,"upper_bound":38746.5802496115},"point_estimate":38745.20172135557,"standard_error":0.6728558707672923},"MedianAbsDev":{"confidence_interval":{"confidence_level":0.95,"lower_bound":4.626162048227119,"upper_bound":7.638759409842791},"point_estimate":5.959780735505368,"standard_error":0.7987782075597551},"Slope":{"confidence_interval":{"confidence_level":0.95,"lower_bound":38746.81270763308,"upper_bound":38772.23053220124},"point_estimate":38757.09822293711,"standard_error":6.674984914476739},"StdDev":{"confidence_interval":{"confidence_level":0.95,"lower_bound":20.547311238224967,"upper_bound":126.82141065723262},"point_estimate":78.2255806939255,"standard_error":31.647349925843816}}