{"Mean":{"confidence_interval":{"confidence_level":0.95,"lower_bound":1131.2587058143463,"upper_bound":1132.311135473812},"point_estimate":1131.7549613677843,"standard_error":0.26909401666361943},"Median":{"confidence_interval":{"confidence_level":0.95,"lower_bound":1130.7607466063348,"upper_bound":1131.6281965583437},"point_estimate":1130.9060143288084,"standard_error":0.2095239794990763},"MedianAbsDev":{"confidence_interval":{"confidence_level":0.95,"lower_bound":1.2672910417720047,"upper_bound":2.226627710431004},"point_estimate":1.702206012063917,"standard_error":0.2514124005543568},"Slope":{"confidence_interval":{"confidence_level":0.95,"lower_bound":1130.5331919146504,"upper_bound":1131.5103646537987},"point_estimate":1130.9865256531732,"standard_error":0.24928283837540077},"StdDev":{"confidence_interval":{"confidence_level":0.95,"lower_bound":1.8752993793351016,"upper_bound":3.449140338110044},"point_estimate":2.709822283152149,"standard_error":0.40363710670554775}}