{"Mean":{"confidence_interval":{"confidence_level":0.95,"lower_bound":551076.6323256167,"upper_bound":560353.3081921819},"point_estimate":555396.3033813849,"standard_error":2381.4836560875447},"Median":{"confidence_interval":{"confidence_level":0.95,"lower_bound":548826.7529411765,"upper_bound":553537.1934264773},"point_estimate":550980.6246118012,"standard_error":1461.014776489177},"MedianAbsDev":{"confidence_interval":{"confidence_level":0.95,"lower_bound":13041.54658309167,"upper_bound":19954.185212964876},"point_estimate":16723.17393407302,"standard_error":1684.809588074109},"Slope":{"confidence_interval":{"confidence_level":0.95,"lower_bound":544795.0876168413,"upper_bound":550756.4664228014},"point_estimate":547805.8460795034,"standard_error":1518.4890760036678},"StdDev":{"confidence_interval":{"confidence_level":0.95,"lower_bound":15097.704309168807,"upper_bound":32923.104809043936},"point_estimate":23945.30903492264,"standard_error":4728.11725142877}}