{"Mean":{"confidence_interval":{"confidence_level":0.95,"lower_bound":8136.642034273632,"upper_bound":8138.209514576292},"point_estimate":8137.378351817521,"standard_error":0.400012721192587},"Median":{"confidence_interval":{"confidence_level":0.95,"lower_bound":8136.138865355767,"upper_bound":8136.966627634661},"point_estimate":8136.5410767511175,"standard_error":0.20364018888227392},"MedianAbsDev":{"confidence_interval":{"confidence_level":0.95,"lower_bound":1.5763412229057057,"upper_bound":2.6456912902983003},"point_estimate":2.1136957987168907,"standard_error":0.26523546699864836},"Slope":{"confidence_interval":{"confidence_level":0.95,"lower_bound":8135.067435236221,"upper_bound":8135.834722207623},"point_estimate":8135.449026277475,"standard_error":0.19587949869377289},"StdDev":{"confidence_interval":{"confidence_level":0.95,"lower_bound":2.732426457462427,"upper_bound":5.3019910870351605},"point_estimate":4.023397610726737,"standard_error":0.6695569503218457}}