{"Mean":{"confidence_interval":{"confidence_level":0.95,"lower_bound":27559.473504331752,"upper_bound":30502.89690569135},"point_estimate":28719.351245064976,"standard_error":779.8537996403998},"Median":{"confidence_interval":{"confidence_level":0.95,"lower_bound":26197.884976134977,"upper_bound":27313.95947426068},"point_estimate":26666.828014320417,"standard_error":261.66605425528826},"MedianAbsDev":{"confidence_interval":{"confidence_level":0.95,"lower_bound":1084.7053512271934,"upper_bound":2621.794072650361},"point_estimate":1672.5267435362064,"standard_error":361.72650264671796},"Slope":{"confidence_interval":{"confidence_level":0.95,"lower_bound":27329.59423071267,"upper_bound":28866.650802330907},"point_estimate":28070.59877462373,"standard_error":393.4405258489956},"StdDev":{"confidence_interval":{"confidence_level":0.95,"lower_bound":2651.0485908584346,"upper_bound":12736.319567137114},"point_estimate":7800.910972372085,"standard_error":3404.38450542647}}