{"Mean":{"confidence_interval":{"confidence_level":0.95,"lower_bound":6339.606594902626,"upper_bound":6343.093302993534},"point_estimate":6341.111114165368,"standard_error":0.9003827523635872},"Median":{"confidence_interval":{"confidence_level":0.95,"lower_bound":6338.78050955414,"upper_bound":6338.921367237703},"point_estimate":6338.812473460722,"standard_error":0.039086196199006586},"MedianAbsDev":{"confidence_interval":{"confidence_level":0.95,"lower_bound":0.2562098821110905,"upper_bound":0.5233739009280457},"point_estimate":0.3624332750224712,"standard_error":0.06993852343251065},"Slope":{"confidence_interval":{"confidence_level":0.95,"lower_bound":6339.381418351515,"upper_bound":6343.511440104331},"point_estimate":6341.047234019723,"standard_error":1.0878581740884503},"StdDev":{"confidence_interval":{"confidence_level":0.95,"lower_bound":3.1394939718520716,"upper_bound":13.870802901749105},"point_estimate":9.04042588744715,"standard_error":2.8310050104586293}}