{"Mean":{"confidence_interval":{"confidence_level":0.95,"lower_bound":695.4955321866737,"upper_bound":696.7318029692351},"point_estimate":695.9569320242751,"standard_error":0.3391804568246542},"Median":{"confidence_interval":{"confidence_level":0.95,"lower_bound":695.3879290441743,"upper_bound":695.4294489424983},"point_estimate":695.4063471488209,"standard_error":0.010879984457329265},"MedianAbsDev":{"confidence_interval":{"confidence_level":0.95,"lower_bound":0.07288690130126729,"upper_bound":0.13261055165687274},"point_estimate":0.10234680636433212,"standard_error":0.015171765818195525},"Slope":{"confidence_interval":{"confidence_level":0.95,"lower_bound":695.5030437190705,"upper_bound":697.4985598476188},"point_estimate":696.1998625704219,"standard_error":0.5614913870397649},"StdDev":{"confidence_interval":{"confidence_level":0.95,"lower_bound":0.45832176958919346,"upper_bound":5.706725021506068},"point_estimate":3.400999098905545,"standard_error":1.6858380007450813}}