{"Mean":{"confidence_interval":{"confidence_level":0.95,"lower_bound":5164.963370439264,"upper_bound":5167.385240435502},"point_estimate":5166.0187182215695,"standard_error":0.6256082450522583},"Median":{"confidence_interval":{"confidence_level":0.95,"lower_bound":5164.411790780142,"upper_bound":5164.618118375365},"point_estimate":5164.458940684548,"standard_error":0.058112494154518794},"MedianAbsDev":{"confidence_interval":{"confidence_level":0.95,"lower_bound":0.2657886750254152,"upper_bound":0.4553284544937586},"point_estimate":0.3240422945776872,"standard_error":0.04925170127996025},"Slope":{"confidence_interval":{"confidence_level":0.95,"lower_bound":5164.748174861996,"upper_bound":5166.310363232474},"point_estimate":5165.4449450458105,"standard_error":0.4018471712679845},"StdDev":{"confidence_interval":{"confidence_level":0.95,"lower_bound":2.125741668580446,"upper_bound":9.30922080529026},"point_estimate":6.297767805766936,"standard_error":1.8642023406138684}}