{"Mean":{"confidence_interval":{"confidence_level":0.95,"lower_bound":14692706.298608687,"upper_bound":14728779.854465675},"point_estimate":14709661.148678841,"standard_error":9275.055149270958},"Median":{"confidence_interval":{"confidence_level":0.95,"lower_bound":14677161.52688172,"upper_bound":14692759.53125},"point_estimate":14684450.575438596,"standard_error":3952.23339915819},"MedianAbsDev":{"confidence_interval":{"confidence_level":0.95,"lower_bound":22703.575075559085,"upper_bound":44430.80745415034},"point_estimate":28189.35977342943,"standard_error":5754.497357426126},"Slope":{"confidence_interval":{"confidence_level":0.95,"lower_bound":14694506.52939481,"upper_bound":14730635.271066876},"point_estimate":14710854.507279444,"standard_error":9237.27273554852},"StdDev":{"confidence_interval":{"confidence_level":0.95,"lower_bound":59053.93177671141,"upper_bound":122441.60484682383},"point_estimate":93874.39855023379,"standard_error":16230.96193935915}}