{"Mean":{"confidence_interval":{"confidence_level":0.95,"lower_bound":5654497.202191159,"upper_bound":5672386.145962738},"point_estimate":5662768.910639983,"standard_error":4569.268986905594},"Median":{"confidence_interval":{"confidence_level":0.95,"lower_bound":5649254.697368421,"upper_bound":5661042.66},"point_estimate":5655488.152777778,"standard_error":2703.7781266063976},"MedianAbsDev":{"confidence_interval":{"confidence_level":0.95,"lower_bound":15792.973747625632,"upper_bound":25908.586848693212},"point_estimate":18571.69053186981,"standard_error":2549.723754464151},"Slope":{"confidence_interval":{"confidence_level":0.95,"lower_bound":5656243.897346126,"upper_bound":5684868.122915497},"point_estimate":5668921.679671938,"standard_error":7261.207952112995},"StdDev":{"confidence_interval":{"confidence_level":0.95,"lower_bound":28562.649296570835,"upper_bound":60715.531702422886},"point_estimate":46196.07215631281,"standard_error":8245.462847338891}}