{"Mean":{"confidence_interval":{"confidence_level":0.95,"lower_bound":752.6366352857809,"upper_bound":753.2065040333193},"point_estimate":752.8585558605065,"standard_error":0.1513704612347288},"Median":{"confidence_interval":{"confidence_level":0.95,"lower_bound":752.4528517110266,"upper_bound":752.6930578965936},"point_estimate":752.651475500685,"standard_error":0.06773496351758602},"MedianAbsDev":{"confidence_interval":{"confidence_level":0.95,"lower_bound":0.19556446357742469,"upper_bound":0.4240446248292052},"point_estimate":0.34942538663270445,"standard_error":0.05827713316049553},"Slope":{"confidence_interval":{"confidence_level":0.95,"lower_bound":752.601805409958,"upper_bound":752.8209185898021},"point_estimate":752.7052793061384,"standard_error":0.05599112632231941},"StdDev":{"confidence_interval":{"confidence_level":0.95,"lower_bound":0.40817423321006086,"upper_bound":2.502880986548126},"point_estimate":1.5214507009709068,"standard_error":0.6785487792062848}}