{"Mean":{"confidence_interval":{"confidence_level":0.95,"lower_bound":651.1403022520592,"upper_bound":651.412232980829},"point_estimate":651.2606191616092,"standard_error":0.07011930140144908},"Median":{"confidence_interval":{"confidence_level":0.95,"lower_bound":651.0678331466966,"upper_bound":651.0927701960292},"point_estimate":651.0749683407462,"standard_error":0.006836329640907813},"MedianAbsDev":{"confidence_interval":{"confidence_level":0.95,"lower_bound":0.0319099221308448,"upper_bound":0.06258593460111442},"point_estimate":0.04382560277190111,"standard_error":0.008077725869931818},"Slope":{"confidence_interval":{"confidence_level":0.95,"lower_bound":651.119831047086,"upper_bound":651.5666077211201},"point_estimate":651.297399936223,"standard_error":0.11858869327193579},"StdDev":{"confidence_interval":{"confidence_level":0.95,"lower_bound":0.2769376530029029,"upper_bound":1.018313722950428},"point_estimate":0.7058648039794496,"standard_error":0.18763531238944675}}