{"Mean":{"confidence_interval":{"confidence_level":0.95,"lower_bound":98.83593376231153,"upper_bound":99.07045528083493},"point_estimate":98.95289098556448,"standard_error":0.05978710179425695},"Median":{"confidence_interval":{"confidence_level":0.95,"lower_bound":98.81836895990988,"upper_bound":99.14573740219578},"point_estimate":98.96323073848306,"standard_error":0.08974783200391341},"MedianAbsDev":{"confidence_interval":{"confidence_level":0.95,"lower_bound":0.48790561251509396,"upper_bound":0.750893219235688},"point_estimate":0.600967728715627,"standard_error":0.06928734999628983},"Slope":{"confidence_interval":{"confidence_level":0.95,"lower_bound":98.66841155529288,"upper_bound":98.94180149159246},"point_estimate":98.80240524258998,"standard_error":0.06994645517699936},"StdDev":{"confidence_interval":{"confidence_level":0.95,"lower_bound":0.5065292784744851,"upper_bound":0.6940439519357245},"point_estimate":0.6003516699202106,"standard_error":0.047890563485893656}}