{"Mean":{"confidence_interval":{"confidence_level":0.95,"lower_bound":206552.2289976898,"upper_bound":214643.80731298943},"point_estimate":209886.56141815192,"standard_error":2118.2048557111116},"Median":{"confidence_interval":{"confidence_level":0.95,"lower_bound":205480.98170731706,"upper_bound":205736.34671052633},"point_estimate":205572.22348111658,"standard_error":75.77759523318925},"MedianAbsDev":{"confidence_interval":{"confidence_level":0.95,"lower_bound":406.95290599505785,"upper_bound":773.2874519214167},"point_estimate":581.4738284302274,"standard_error":96.62480992569213},"Slope":{"confidence_interval":{"confidence_level":0.95,"lower_bound":205575.57324295808,"upper_bound":206645.1899647368},"point_estimate":206022.88580700458,"standard_error":278.3576404408009},"StdDev":{"confidence_interval":{"confidence_level":0.95,"lower_bound":3436.5487514021042,"upper_bound":33100.37403042347},"point_estimate":21173.68441790638,"standard_error":7994.007786132692}}