{"Mean":{"confidence_interval":{"confidence_level":0.95,"lower_bound":279567.49776899454,"upper_bound":284408.336227623},"point_estimate":281750.6501765935,"standard_error":1239.0443807342951},"Median":{"confidence_interval":{"confidence_level":0.95,"lower_bound":278619.0523715415,"upper_bound":281950.982319079},"point_estimate":280964.4668859649,"standard_error":880.631611036427},"MedianAbsDev":{"confidence_interval":{"confidence_level":0.95,"lower_bound":5097.299519917897,"upper_bound":7777.760901132662},"point_estimate":6709.736725247908,"standard_error":735.2433916808159},"Slope":{"confidence_interval":{"confidence_level":0.95,"lower_bound":276493.90060719603,"upper_bound":279892.65492875973},"point_estimate":278274.9160410817,"standard_error":868.6468350877498},"StdDev":{"confidence_interval":{"confidence_level":0.95,"lower_bound":6772.896171602727,"upper_bound":18421.31914351305},"point_estimate":12491.340207141604,"standard_error":3317.3848051717296}}