{"Mean":{"confidence_interval":{"confidence_level":0.95,"lower_bound":36363.89216705599,"upper_bound":36383.89339950469},"point_estimate":36372.91432521307,"standard_error":5.139141117881032},"Median":{"confidence_interval":{"confidence_level":0.95,"lower_bound":36355.81143374741,"upper_bound":36359.83},"point_estimate":36357.09333967962,"standard_error":0.9300944980010168},"MedianAbsDev":{"confidence_interval":{"confidence_level":0.95,"lower_bound":6.8218739966168345,"upper_bound":14.238911923465668},"point_estimate":10.71335617744894,"standard_error":1.8985056331297958},"Slope":{"confidence_interval":{"confidence_level":0.95,"lower_bound":36362.70629694121,"upper_bound":36386.764570332176},"point_estimate":36373.339847685194,"standard_error":6.172299547356061},"StdDev":{"confidence_interval":{"confidence_level":0.95,"lower_bound":26.732745664282476,"upper_bound":73.72137341246882},"point_estimate":51.640754308914886,"standard_error":12.190186655462925}}