{"Mean":{"confidence_interval":{"confidence_level":0.95,"lower_bound":669.587181467561,"upper_bound":669.7901729265614},"point_estimate":669.6797082304422,"standard_error":0.051942700388271285},"Median":{"confidence_interval":{"confidence_level":0.95,"lower_bound":669.5008029073699,"upper_bound":669.6085019330455},"point_estimate":669.52908848606,"standard_error":0.028004565838224898},"MedianAbsDev":{"confidence_interval":{"confidence_level":0.95,"lower_bound":0.09891021536288036,"upper_bound":0.17559754664206806},"point_estimate":0.1388256859449422,"standard_error":0.01888095671819161},"Slope":{"confidence_interval":{"confidence_level":0.95,"lower_bound":669.6389587032877,"upper_bound":669.8926062715307},"point_estimate":669.757788723924,"standard_error":0.06497709258722044},"StdDev":{"confidence_interval":{"confidence_level":0.95,"lower_bound":0.2972000444214964,"upper_bound":0.73132353731848},"point_estimate":0.523403341346831,"standard_error":0.11342537450235671}}