{"Mean":{"confidence_interval":{"confidence_level":0.95,"lower_bound":25033602.361881886,"upper_bound":25081797.595456984},"point_estimate":25056762.25073174,"standard_error":12294.113659476709},"Median":{"confidence_interval":{"confidence_level":0.95,"lower_bound":25000849.431666665,"upper_bound":25049860.26966292},"point_estimate":25027126.59108527,"standard_error":13405.727160028291},"MedianAbsDev":{"confidence_interval":{"confidence_level":0.95,"lower_bound":68344.0601973255,"upper_bound":118972.38335942959},"point_estimate":100399.28168610955,"standard_error":13833.881480944383},"Slope":{"confidence_interval":{"confidence_level":0.95,"lower_bound":25035073.136073582,"upper_bound":25073324.12391787},"point_estimate":25053538.895141125,"standard_error":9737.818525497101},"StdDev":{"confidence_interval":{"confidence_level":0.95,"lower_bound":93867.9019381545,"upper_bound":149994.95731039273},"point_estimate":123770.09768889469,"standard_error":14356.94693521751}}