{"Mean":{"confidence_interval":{"confidence_level":0.95,"lower_bound":3995.6409078666093,"upper_bound":3997.206505623849},"point_estimate":3996.3209865773847,"standard_error":0.40444672430219997},"Median":{"confidence_interval":{"confidence_level":0.95,"lower_bound":3995.5134662203286,"upper_bound":3995.637740675403},"point_estimate":3995.5411304470854,"standard_error":0.029866073328987476},"MedianAbsDev":{"confidence_interval":{"confidence_level":0.95,"lower_bound":0.21656259296639893,"upper_bound":0.4176571528617712},"point_estimate":0.26292513375203536,"standard_error":0.04874836120581572},"Slope":{"confidence_interval":{"confidence_level":0.95,"lower_bound":3995.4511494004537,"upper_bound":3996.6502070328793},"point_estimate":3995.9800040161695,"standard_error":0.3075267734333243},"StdDev":{"confidence_interval":{"confidence_level":0.95,"lower_bound":1.6347371372419781,"upper_bound":6.164893142211853},"point_estimate":4.071843171536643,"standard_error":1.214952295958229}}