{"Mean":{"confidence_interval":{"confidence_level":0.95,"lower_bound":472.59794278494775,"upper_bound":472.88108694102823},"point_estimate":472.72921968326455,"standard_error":0.07228833316758858},"Median":{"confidence_interval":{"confidence_level":0.95,"lower_bound":472.4519780793867,"upper_bound":472.6279267520962},"point_estimate":472.56245158528526,"standard_error":0.03890191567483063},"MedianAbsDev":{"confidence_interval":{"confidence_level":0.95,"lower_bound":0.21471338915628047,"upper_bound":0.3832008655661405},"point_estimate":0.2817507032182752,"standard_error":0.04539809712153111},"Slope":{"confidence_interval":{"confidence_level":0.95,"lower_bound":472.43557743560564,"upper_bound":472.60184501451204},"point_estimate":472.5125680314775,"standard_error":0.042380125332395956},"StdDev":{"confidence_interval":{"confidence_level":0.95,"lower_bound":0.45991040262572547,"upper_bound":0.9490679814164692},"point_estimate":0.7270396027227184,"standard_error":0.12525059864000246}}