{"Mean":{"confidence_interval":{"confidence_level":0.95,"lower_bound":398703.39522674127,"upper_bound":398967.7490946058},"point_estimate":398827.687327916,"standard_error":67.35007167178968},"Median":{"confidence_interval":{"confidence_level":0.95,"lower_bound":398666.22275436355,"upper_bound":398782.76097560977},"point_estimate":398738.26696969697,"standard_error":36.193096580532405},"MedianAbsDev":{"confidence_interval":{"confidence_level":0.95,"lower_bound":178.26286055083773,"upper_bound":323.48169656925705},"point_estimate":259.2993061184997,"standard_error":37.66810150539597},"Slope":{"confidence_interval":{"confidence_level":0.95,"lower_bound":398705.50536433654,"upper_bound":398940.35014157026},"point_estimate":398804.4817023792,"standard_error":61.08483325602485},"StdDev":{"confidence_interval":{"confidence_level":0.95,"lower_bound":393.8381189984413,"upper_bound":920.7554877251803},"point_estimate":677.2371712881244,"standard_error":134.0780334988633}}