{"Mean":{"confidence_interval":{"confidence_level":0.95,"lower_bound":739357.8692610926,"upper_bound":739933.9524612832},"point_estimate":739616.5197238931,"standard_error":146.72950343818113},"Median":{"confidence_interval":{"confidence_level":0.95,"lower_bound":739512.3846153846,"upper_bound":739564.7441176471},"point_estimate":739555.6932692308,"standard_error":14.554881622494847},"MedianAbsDev":{"confidence_interval":{"confidence_level":0.95,"lower_bound":107.62761846579593,"upper_bound":213.6905729526001},"point_estimate":149.11819717016212,"standard_error":27.027970433414918},"Slope":{"confidence_interval":{"confidence_level":0.95,"lower_bound":739635.5749496412,"upper_bound":739834.8736154968},"point_estimate":739726.3512487069,"standard_error":50.92310457853748},"StdDev":{"confidence_interval":{"confidence_level":0.95,"lower_bound":525.3492820512631,"upper_bound":2302.9424862551728},"point_estimate":1473.8530457093136,"standard_error":476.59744218835215}}