{"Mean":{"confidence_interval":{"confidence_level":0.95,"lower_bound":21388.483176653488,"upper_bound":21395.173431962437},"point_estimate":21391.496531705125,"standard_error":1.7177216425384259},"Median":{"confidence_interval":{"confidence_level":0.95,"lower_bound":21385.373629916183,"upper_bound":21387.09070548712},"point_estimate":21386.269195976263,"standard_error":0.43481627136664236},"MedianAbsDev":{"confidence_interval":{"confidence_level":0.95,"lower_bound":2.8654943717183587,"upper_bound":5.6058441946809685},"point_estimate":4.117110546208153,"standard_error":0.6794461626634053},"Slope":{"confidence_interval":{"confidence_level":0.95,"lower_bound":21389.537329579594,"upper_bound":21398.6410665281},"point_estimate":21393.62095356376,"standard_error":2.341003157465841},"StdDev":{"confidence_interval":{"confidence_level":0.95,"lower_bound":8.647345763789618,"upper_bound":24.267413478804276},"point_estimate":17.21580184609206,"standard_error":3.9829824197276467}}