{"Mean":{"confidence_interval":{"confidence_level":0.95,"lower_bound":24157.511266289923,"upper_bound":24534.901600162295},"point_estimate":24341.53427672637,"standard_error":96.53081053073234},"Median":{"confidence_interval":{"confidence_level":0.95,"lower_bound":23963.192261427426,"upper_bound":24354.024312896407},"point_estimate":24164.14950166113,"standard_error":109.39253242931146},"MedianAbsDev":{"confidence_interval":{"confidence_level":0.95,"lower_bound":529.6699817924912,"upper_bound":942.614430850222},"point_estimate":699.4526174659543,"standard_error":106.93126942368599},"Slope":{"confidence_interval":{"confidence_level":0.95,"lower_bound":23828.42179716048,"upper_bound":24229.06348772386},"point_estimate":24020.0133455449,"standard_error":102.18665795708658},"StdDev":{"confidence_interval":{"confidence_level":0.95,"lower_bound":774.1196830034784,"upper_bound":1151.9864538098507},"point_estimate":967.2240795362309,"standard_error":96.54052056655051}}