{"Mean":{"confidence_interval":{"confidence_level":0.95,"lower_bound":83404.8284348146,"upper_bound":83471.13000386016},"point_estimate":83436.59658828388,"standard_error":16.911581195587225},"Median":{"confidence_interval":{"confidence_level":0.95,"lower_bound":83341.0925925926,"upper_bound":83348.94092261905},"point_estimate":83345.10892210144,"standard_error":2.273270870357289},"MedianAbsDev":{"confidence_interval":{"confidence_level":0.95,"lower_bound":16.254520794949936,"upper_bound":39.05760191902697},"point_estimate":25.453087640898364,"standard_error":5.778997893763884},"Slope":{"confidence_interval":{"confidence_level":0.95,"lower_bound":83486.25365852444,"upper_bound":83580.2711944942},"point_estimate":83535.07895128318,"standard_error":23.947717936246235},"StdDev":{"confidence_interval":{"confidence_level":0.95,"lower_bound":133.90216779991374,"upper_bound":205.80154984384745},"point_estimate":169.4071691779379,"standard_error":18.664690195571982}}