{"Mean":{"confidence_interval":{"confidence_level":0.95,"lower_bound":27845.270033527413,"upper_bound":28609.329972962816},"point_estimate":28141.395612592558,"standard_error":203.168785304319},"Median":{"confidence_interval":{"confidence_level":0.95,"lower_bound":27711.42908653846,"upper_bound":27752.39153633105},"point_estimate":27725.377205836012,"standard_error":10.528280388471066},"MedianAbsDev":{"confidence_interval":{"confidence_level":0.95,"lower_bound":51.3047268211931,"upper_bound":114.25595952553178},"point_estimate":75.3261038096012,"standard_error":14.879334163000964},"Slope":{"confidence_interval":{"confidence_level":0.95,"lower_bound":27747.718834076044,"upper_bound":27920.17229960313},"point_estimate":27820.051481125724,"standard_error":44.8110268760517},"StdDev":{"confidence_interval":{"confidence_level":0.95,"lower_bound":379.27378956555094,"upper_bound":3359.9957458186636},"point_estimate":2033.5631454327056,"standard_error":910.1916181020648}}