{"Mean":{"confidence_interval":{"confidence_level":0.95,"lower_bound":2420029.260744158,"upper_bound":2428600.6674455837},"point_estimate":2424039.11186654,"standard_error":2204.003191719656},"Median":{"confidence_interval":{"confidence_level":0.95,"lower_bound":2419408.5949999997,"upper_bound":2421902.64668616},"point_estimate":2420633.883290816,"standard_error":764.3081682688677},"MedianAbsDev":{"confidence_interval":{"confidence_level":0.95,"lower_bound":5078.418836310376,"upper_bound":10809.898446719651},"point_estimate":7384.015405610557,"standard_error":1660.7008484788973},"Slope":{"confidence_interval":{"confidence_level":0.95,"lower_bound":2411136.5582760884,"upper_bound":2418095.648381914},"point_estimate":2414777.4959006947,"standard_error":1770.3702251010325},"StdDev":{"confidence_interval":{"confidence_level":0.95,"lower_bound":14076.036627681264,"upper_bound":29735.260932649475},"point_estimate":22020.586638769357,"standard_error":4064.000067062305}}