{"Mean":{"confidence_interval":{"confidence_level":0.95,"lower_bound":1811826.765291141,"upper_bound":1894700.6298198847},"point_estimate":1841669.7171403603,"standard_error":23995.38152039289},"Median":{"confidence_interval":{"confidence_level":0.95,"lower_bound":1804241.7794117648,"upper_bound":1806446.303030303},"point_estimate":1804713.8634040882,"standard_error":560.801132939441},"MedianAbsDev":{"confidence_interval":{"confidence_level":0.95,"lower_bound":3655.9083018551723,"upper_bound":7018.446636357834},"point_estimate":4482.681356237918,"standard_error":857.5206485354778},"Slope":{"confidence_interval":{"confidence_level":0.95,"lower_bound":1808507.5118543694,"upper_bound":1821438.4489594833},"point_estimate":1814408.9663661888,"standard_error":3309.294977523129},"StdDev":{"confidence_interval":{"confidence_level":0.95,"lower_bound":21651.527752520724,"upper_bound":408463.58772989706},"point_estimate":240512.29186646966,"standard_error":130973.02996393289}}