{"Mean":{"confidence_interval":{"confidence_level":0.95,"lower_bound":1674903.502722469,"upper_bound":1724951.5187584816},"point_estimate":1700426.0252345048,"standard_error":12718.067962658193},"Median":{"confidence_interval":{"confidence_level":0.95,"lower_bound":1687473.2515479876,"upper_bound":1710949.258576549},"point_estimate":1699952.2115800865,"standard_error":6947.560911234443},"MedianAbsDev":{"confidence_interval":{"confidence_level":0.95,"lower_bound":40443.93349052094,"upper_bound":76581.95341292332},"point_estimate":59114.82761094817,"standard_error":9663.011981753276},"Slope":{"confidence_interval":{"confidence_level":0.95,"lower_bound":1685423.2141204707,"upper_bound":1707343.8657831259},"point_estimate":1696251.1619920202,"standard_error":5594.841380400113},"StdDev":{"confidence_interval":{"confidence_level":0.95,"lower_bound":68362.00468487025,"upper_bound":177226.7629745667},"point_estimate":127790.8216355505,"standard_error":27267.26836668422}}