{"Mean":{"confidence_interval":{"confidence_level":0.95,"lower_bound":590224.2826515115,"upper_bound":593434.0699913849},"point_estimate":591625.4097544821,"standard_error":825.6945409087601},"Median":{"confidence_interval":{"confidence_level":0.95,"lower_bound":588097.3708812261,"upper_bound":588896.05},"point_estimate":588384.4480106101,"standard_error":263.3124291702034},"MedianAbsDev":{"confidence_interval":{"confidence_level":0.95,"lower_bound":927.7701725734111,"upper_bound":2556.138988641191},"point_estimate":1575.3739350099052,"standard_error":490.4793667471621},"Slope":{"confidence_interval":{"confidence_level":0.95,"lower_bound":588317.8010704672,"upper_bound":589708.7248137755},"point_estimate":588953.4695138171,"standard_error":356.5346296858014},"StdDev":{"confidence_interval":{"confidence_level":0.95,"lower_bound":4009.3083212084534,"upper_bound":12575.62707694199},"point_estimate":8280.09878353854,"standard_error":2543.200249524765}}