{"Mean":{"confidence_interval":{"confidence_level":0.95,"lower_bound":1772.6996279230668,"upper_bound":1773.215872223989},"point_estimate":1772.932300767862,"standard_error":0.13291528437469025},"Median":{"confidence_interval":{"confidence_level":0.95,"lower_bound":1772.5435164835164,"upper_bound":1772.564732142857},"point_estimate":1772.5472831010452,"standard_error":0.005299832614817427},"MedianAbsDev":{"confidence_interval":{"confidence_level":0.95,"lower_bound":0.039234910546420865,"upper_bound":0.08116173301366864},"point_estimate":0.061683871187534156,"standard_error":0.010887728844964093},"Slope":{"confidence_interval":{"confidence_level":0.95,"lower_bound":1772.6677699101874,"upper_bound":1773.2450168772975},"point_estimate":1772.9274605068715,"standard_error":0.14829008647267017},"StdDev":{"confidence_interval":{"confidence_level":0.95,"lower_bound":0.7278429218016583,"upper_bound":1.8249332491830388},"point_estimate":1.33335070256306,"standard_error":0.2802347908161644}}