{"Mean":{"confidence_interval":{"confidence_level":0.95,"lower_bound":590.0633266897977,"upper_bound":590.4448813185851},"point_estimate":590.2227550284831,"standard_error":0.09913794456103509},"Median":{"confidence_interval":{"confidence_level":0.95,"lower_bound":589.963552256421,"upper_bound":590.0569184035737},"point_estimate":590.0247097447096,"standard_error":0.02270633543079028},"MedianAbsDev":{"confidence_interval":{"confidence_level":0.95,"lower_bound":0.10041837042904415,"upper_bound":0.16135240165548995},"point_estimate":0.13371946527210807,"standard_error":0.015552996629577504},"Slope":{"confidence_interval":{"confidence_level":0.95,"lower_bound":590.0877494549044,"upper_bound":590.344798560606},"point_estimate":590.1988684904817,"standard_error":0.0661096300380328},"StdDev":{"confidence_interval":{"confidence_level":0.95,"lower_bound":0.30823176362454496,"upper_bound":1.5768128844342044},"point_estimate":0.9950271582385983,"standard_error":0.35794179519783015}}