{"Mean":{"confidence_interval":{"confidence_level":0.95,"lower_bound":1216301.7709733807,"upper_bound":1216996.9393258356},"point_estimate":1216618.5897529202,"standard_error":178.0975595192768},"Median":{"confidence_interval":{"confidence_level":0.95,"lower_bound":1216000.2604166667,"upper_bound":1216128.9314058959},"point_estimate":1216047.2796257795,"standard_error":32.50655504563285},"MedianAbsDev":{"confidence_interval":{"confidence_level":0.95,"lower_bound":231.68969709678245,"upper_bound":486.4252282941052},"point_estimate":362.69094543471635,"standard_error":70.33946688541812},"Slope":{"confidence_interval":{"confidence_level":0.95,"lower_bound":1216144.0725709924,"upper_bound":1216743.8665355046},"point_estimate":1216404.7955874095,"standard_error":153.82732012932323},"StdDev":{"confidence_interval":{"confidence_level":0.95,"lower_bound":970.7595657327023,"upper_bound":2429.927075520711},"point_estimate":1786.5346270618525,"standard_error":366.5422579880155}}