{"Mean":{"confidence_interval":{"confidence_level":0.95,"lower_bound":297.35740786017107,"upper_bound":298.1463158702913},"point_estimate":297.75160180480106,"standard_error":0.20080037219126926},"Median":{"confidence_interval":{"confidence_level":0.95,"lower_bound":297.3503052685038,"upper_bound":298.33862462462463},"point_estimate":297.8153832228455,"standard_error":0.25282142862740675},"MedianAbsDev":{"confidence_interval":{"confidence_level":0.95,"lower_bound":1.53534645811811,"upper_bound":2.5474767813440287},"point_estimate":2.019340797924481,"standard_error":0.25523882186234986},"Slope":{"confidence_interval":{"confidence_level":0.95,"lower_bound":296.9931238696544,"upper_bound":297.9548655028089},"point_estimate":297.4567438838277,"standard_error":0.2455830069947272},"StdDev":{"confidence_interval":{"confidence_level":0.95,"lower_bound":1.7092411468841548,"upper_bound":2.3173924151500684},"point_estimate":2.019927722624966,"standard_error":0.1553417906977954}}