{"Mean":{"confidence_interval":{"confidence_level":0.95,"lower_bound":372208.84211227024,"upper_bound":372719.5416536802},"point_estimate":372432.5857624816,"standard_error":131.7103051244618},"Median":{"confidence_interval":{"confidence_level":0.95,"lower_bound":372103.1435597462,"upper_bound":372208.4653043848},"point_estimate":372156.1133538602,"standard_error":37.99002833211459},"MedianAbsDev":{"confidence_interval":{"confidence_level":0.95,"lower_bound":147.89056415471092,"upper_bound":281.70360375817154},"point_estimate":192.92282785657335,"standard_error":34.37401179233132},"Slope":{"confidence_interval":{"confidence_level":0.95,"lower_bound":372139.0316252227,"upper_bound":372289.30815359077},"point_estimate":372209.20236441557,"standard_error":38.47256800609329},"StdDev":{"confidence_interval":{"confidence_level":0.95,"lower_bound":472.38316104318574,"upper_bound":1970.8083346090484},"point_estimate":1326.0880441896034,"standard_error":386.3794162788271}}