{"Mean":{"confidence_interval":{"confidence_level":0.95,"lower_bound":358627.89137024444,"upper_bound":359072.8695022644},"point_estimate":358833.4246166793,"standard_error":113.76706327254016},"Median":{"confidence_interval":{"confidence_level":0.95,"lower_bound":358475.61187214614,"upper_bound":358611.3224043716},"point_estimate":358526.6225296443,"standard_error":32.242130821504816},"MedianAbsDev":{"confidence_interval":{"confidence_level":0.95,"lower_bound":201.5882895384723,"upper_bound":467.81622131819825},"point_estimate":302.9365718945499,"standard_error":73.28658033062759},"Slope":{"confidence_interval":{"confidence_level":0.95,"lower_bound":358341.7162844145,"upper_bound":358595.53090773395},"point_estimate":358462.2902408748,"standard_error":64.49543943266981},"StdDev":{"confidence_interval":{"confidence_level":0.95,"lower_bound":675.7223613392882,"upper_bound":1531.7580659091088},"point_estimate":1144.7846349342403,"standard_error":217.65206916334512}}