{"Mean":{"confidence_interval":{"confidence_level":0.95,"lower_bound":849879.0773980677,"upper_bound":850782.3353577189},"point_estimate":850310.0664040574,"standard_error":230.8917972868803},"Median":{"confidence_interval":{"confidence_level":0.95,"lower_bound":849820.0196078431,"upper_bound":850617.795021645},"point_estimate":850034.1019607843,"standard_error":210.53082273029446},"MedianAbsDev":{"confidence_interval":{"confidence_level":0.95,"lower_bound":1036.9390525719537,"upper_bound":1736.6988156463108},"point_estimate":1217.1779348448301,"standard_error":188.27618598766531},"Slope":{"confidence_interval":{"confidence_level":0.95,"lower_bound":850004.2525876391,"upper_bound":850700.3362979457},"point_estimate":850336.2277833604,"standard_error":177.4525646214274},"StdDev":{"confidence_interval":{"confidence_level":0.95,"lower_bound":1564.160788139181,"upper_bound":3096.2420689084756},"point_estimate":2311.4427228662635,"standard_error":401.98673947955695}}