{"Mean":{"confidence_interval":{"confidence_level":0.95,"lower_bound":172056.14670154758,"upper_bound":173039.60474922307},"point_estimate":172494.3468544853,"standard_error":252.58863647346422},"Median":{"confidence_interval":{"confidence_level":0.95,"lower_bound":171693.13178294574,"upper_bound":171911.06122269202},"point_estimate":171814.6721590909,"standard_error":54.69123186407507},"MedianAbsDev":{"confidence_interval":{"confidence_level":0.95,"lower_bound":269.9498829309104,"upper_bound":514.4924275658732},"point_estimate":363.90235904255775,"standard_error":65.59676933634798},"Slope":{"confidence_interval":{"confidence_level":0.95,"lower_bound":171738.91147689402,"upper_bound":172915.94737959717},"point_estimate":172130.37673809173,"standard_error":340.8944790115848},"StdDev":{"confidence_interval":{"confidence_level":0.95,"lower_bound":1118.65997600922,"upper_bound":3582.3316784223575},"point_estimate":2540.06595816044,"standard_error":616.7486124399221}}