{"Mean":{"confidence_interval":{"confidence_level":0.95,"lower_bound":174238.78912441473,"upper_bound":179040.02257296932},"point_estimate":176322.91586022562,"standard_error":1240.2765257607593},"Median":{"confidence_interval":{"confidence_level":0.95,"lower_bound":171959.46527777778,"upper_bound":172328.10185185185},"point_estimate":172107.85816993465,"standard_error":101.55433975763239},"MedianAbsDev":{"confidence_interval":{"confidence_level":0.95,"lower_bound":443.70024608924564,"upper_bound":980.7673414740115},"point_estimate":642.6721805345373,"standard_error":142.21682605598022},"Slope":{"confidence_interval":{"confidence_level":0.95,"lower_bound":172179.25459245994,"upper_bound":174077.40644667315},"point_estimate":172938.03784739668,"standard_error":499.59727299436975},"StdDev":{"confidence_interval":{"confidence_level":0.95,"lower_bound":5810.642038168577,"upper_bound":18980.318134482044},"point_estimate":12476.06065604818,"standard_error":3871.212601600474}}