{"Mean":{"confidence_interval":{"confidence_level":0.95,"lower_bound":138390.7038844869,"upper_bound":138499.114253522},"point_estimate":138435.76932039185,"standard_error":28.272241353483658},"Median":{"confidence_interval":{"confidence_level":0.95,"lower_bound":138366.36644345237,"upper_bound":138378.55487804877},"point_estimate":138373.78587962964,"standard_error":3.0854025100220177},"MedianAbsDev":{"confidence_interval":{"confidence_level":0.95,"lower_bound":16.92437815698393,"upper_bound":30.01039284876206},"point_estimate":24.899687417327538,"standard_error":3.4527311535533225},"Slope":{"confidence_interval":{"confidence_level":0.95,"lower_bound":138379.25875168288,"upper_bound":138454.5858124613},"point_estimate":138411.75024456924,"standard_error":19.494342347222737},"StdDev":{"confidence_interval":{"confidence_level":0.95,"lower_bound":82.68718783139101,"upper_bound":450.56044026827766},"point_estimate":283.278072392928,"standard_error":103.89744546042813}}