{"Mean":{"confidence_interval":{"confidence_level":0.95,"lower_bound":2660069.801683128,"upper_bound":2661105.5004045335},"point_estimate":2660570.17698656,"standard_error":264.8481640753317},"Median":{"confidence_interval":{"confidence_level":0.95,"lower_bound":2659645.5774044795,"upper_bound":2660126.1764705884},"point_estimate":2659776.6728329808,"standard_error":145.01634028289274},"MedianAbsDev":{"confidence_interval":{"confidence_level":0.95,"lower_bound":1020.9642477708591,"upper_bound":2383.911762731834},"point_estimate":1558.7138323274523,"standard_error":363.4033356118258},"Slope":{"confidence_interval":{"confidence_level":0.95,"lower_bound":2659880.8853957616,"upper_bound":2660954.246464246},"point_estimate":2660376.4213004285,"standard_error":274.30115346249056},"StdDev":{"confidence_interval":{"confidence_level":0.95,"lower_bound":2029.6000684411135,"upper_bound":3213.097885768572},"point_estimate":2650.1873687281527,"standard_error":302.7366507653087}}