{"Mean":{"confidence_interval":{"confidence_level":0.95,"lower_bound":309010.380293148,"upper_bound":309286.9782182757},"point_estimate":309125.3647946578,"standard_error":71.74675133133871},"Median":{"confidence_interval":{"confidence_level":0.95,"lower_bound":308947.337962963,"upper_bound":308973.7530864198},"point_estimate":308961.0021302495,"standard_error":5.956517686875843},"MedianAbsDev":{"confidence_interval":{"confidence_level":0.95,"lower_bound":44.06045064630191,"upper_bound":90.25886770701747},"point_estimate":64.69755566111947,"standard_error":12.189440920990007},"Slope":{"confidence_interval":{"confidence_level":0.95,"lower_bound":308988.576348902,"upper_bound":309086.712085589},"point_estimate":309033.8082362938,"standard_error":25.120109375197476},"StdDev":{"confidence_interval":{"confidence_level":0.95,"lower_bound":197.16559737405458,"upper_bound":1142.3496704560953},"point_estimate":720.4320352361142,"standard_error":261.7130729753168}}