{"Mean":{"confidence_interval":{"confidence_level":0.95,"lower_bound":85214.87494015961,"upper_bound":85256.44560888926},"point_estimate":85233.69974712959,"standard_error":10.698017512296916},"Median":{"confidence_interval":{"confidence_level":0.95,"lower_bound":85202.39670138889,"upper_bound":85221.93518518518},"point_estimate":85211.27107699806,"standard_error":4.301011598448077},"MedianAbsDev":{"confidence_interval":{"confidence_level":0.95,"lower_bound":31.980065211392137,"upper_bound":62.1444114930201},"point_estimate":46.69456749713626,"standard_error":7.550537291062448},"Slope":{"confidence_interval":{"confidence_level":0.95,"lower_bound":85203.06013288704,"upper_bound":85254.9386346291},"point_estimate":85224.86503152554,"standard_error":13.410907455849776},"StdDev":{"confidence_interval":{"confidence_level":0.95,"lower_bound":60.59011846297063,"upper_bound":155.1997527993732},"point_estimate":107.23809088763102,"standard_error":26.443413561881314}}