{"Mean":{"confidence_interval":{"confidence_level":0.95,"lower_bound":13263.947142819701,"upper_bound":13270.285940247932},"point_estimate":13266.953918670179,"standard_error":1.6263722825052715},"Median":{"confidence_interval":{"confidence_level":0.95,"lower_bound":13257.109206349207,"upper_bound":13262.665},"point_estimate":13257.602562091502,"standard_error":1.385864408137551},"MedianAbsDev":{"confidence_interval":{"confidence_level":0.95,"lower_bound":2.2696364064285346,"upper_bound":10.58463087847158},"point_estimate":3.455437725144997,"standard_error":2.015126051206069},"Slope":{"confidence_interval":{"confidence_level":0.95,"lower_bound":13263.939158564433,"upper_bound":13270.53203882163},"point_estimate":13267.162380375352,"standard_error":1.6846563636745726},"StdDev":{"confidence_interval":{"confidence_level":0.95,"lower_bound":11.674059085197207,"upper_bound":20.806414162297205},"point_estimate":16.406941727415134,"standard_error":2.348624669328911}}