{"Mean":{"confidence_interval":{"confidence_level":0.95,"lower_bound":1145242.9077093326,"upper_bound":1146507.6783316513},"point_estimate":1145850.0078055782,"standard_error":324.9962127450215},"Median":{"confidence_interval":{"confidence_level":0.95,"lower_bound":1144535.3684210526,"upper_bound":1145743.855670103},"point_estimate":1145045.0793745522,"standard_error":262.46441396545094},"MedianAbsDev":{"confidence_interval":{"confidence_level":0.95,"lower_bound":1540.3696133642106,"upper_bound":2883.5141465217134},"point_estimate":2316.752295526688,"standard_error":348.55170147424224},"Slope":{"confidence_interval":{"confidence_level":0.95,"lower_bound":1144495.7276238983,"upper_bound":1145526.4088194615},"point_estimate":1144966.2927648884,"standard_error":264.3757512481852},"StdDev":{"confidence_interval":{"confidence_level":0.95,"lower_bound":2444.7997745761068,"upper_bound":3941.575221857616},"point_estimate":3231.0536309983117,"standard_error":382.16824793180155}}