{"Mean":{"confidence_interval":{"confidence_level":0.95,"lower_bound":145434.73736306487,"upper_bound":145564.3373893026},"point_estimate":145489.70851221378,"standard_error":33.7435890463537},"Median":{"confidence_interval":{"confidence_level":0.95,"lower_bound":145407.88214285715,"upper_bound":145411.71240601502},"point_estimate":145409.44731707318,"standard_error":0.9886758098569532},"MedianAbsDev":{"confidence_interval":{"confidence_level":0.95,"lower_bound":4.230546043153225,"upper_bound":9.943185856629887},"point_estimate":6.871350553540508,"standard_error":1.4739197705065943},"Slope":{"confidence_interval":{"confidence_level":0.95,"lower_bound":145425.96700563145,"upper_bound":145474.4513146762},"point_estimate":145447.5292326205,"standard_error":12.428712044197235},"StdDev":{"confidence_interval":{"confidence_level":0.95,"lower_bound":84.93751873235594,"upper_bound":527.8911993449811},"point_estimate":339.0038068791888,"standard_error":117.57135821801943}}