{"Mean":{"confidence_interval":{"confidence_level":0.95,"lower_bound":477577.66859111324,"upper_bound":484807.37129040854},"point_estimate":480441.84093222476,"standard_error":1908.8949601970342},"Median":{"confidence_interval":{"confidence_level":0.95,"lower_bound":476157.7891646966,"upper_bound":476561.63095238095},"point_estimate":476331.4725490196,"standard_error":118.98578537592142},"MedianAbsDev":{"confidence_interval":{"confidence_level":0.95,"lower_bound":590.4109438297841,"upper_bound":1124.3894142533932},"point_estimate":830.5730918091425,"standard_error":147.34749000424796},"Slope":{"confidence_interval":{"confidence_level":0.95,"lower_bound":476284.7321589362,"upper_bound":477405.340098699},"point_estimate":476779.54205999704,"standard_error":289.3628869351821},"StdDev":{"confidence_interval":{"confidence_level":0.95,"lower_bound":4671.130721377799,"upper_bound":31413.032377135114},"point_estimate":19190.282171143273,"standard_error":8247.385134353386}}