{"Mean":{"confidence_interval":{"confidence_level":0.95,"lower_bound":373.6318116140674,"upper_bound":373.98901405058734},"point_estimate":373.785898632235,"standard_error":0.09258625894860346},"Median":{"confidence_interval":{"confidence_level":0.95,"lower_bound":373.483244350968,"upper_bound":373.66353750221725},"point_estimate":373.6417595777092,"standard_error":0.05695610290096264},"MedianAbsDev":{"confidence_interval":{"confidence_level":0.95,"lower_bound":0.057823237931496484,"upper_bound":0.2670104694352573},"point_estimate":0.24033453415174222,"standard_error":0.06093856572280027},"Slope":{"confidence_interval":{"confidence_level":0.95,"lower_bound":373.58975446935204,"upper_bound":373.78374174421197},"point_estimate":373.6711501372074,"standard_error":0.05005896257527321},"StdDev":{"confidence_interval":{"confidence_level":0.95,"lower_bound":0.2636555670578311,"upper_bound":1.4400645410961737},"point_estimate":0.9355652141346055,"standard_error":0.2995764450651634}}