{"Mean":{"confidence_interval":{"confidence_level":0.95,"lower_bound":17184844.344540276,"upper_bound":17226344.074579153},"point_estimate":17203467.946537472,"standard_error":10629.860193543987},"Median":{"confidence_interval":{"confidence_level":0.95,"lower_bound":17159607.759259257,"upper_bound":17169844.903846152},"point_estimate":17163625.8216967,"standard_error":2413.0554026982054},"MedianAbsDev":{"confidence_interval":{"confidence_level":0.95,"lower_bound":10936.780052292836,"upper_bound":23478.301498967605},"point_estimate":16187.659117598421,"standard_error":3227.615285997233},"Slope":{"confidence_interval":{"confidence_level":0.95,"lower_bound":17175848.829713266,"upper_bound":17204078.56359262},"point_estimate":17189221.90156347,"standard_error":7214.602577641047},"StdDev":{"confidence_interval":{"confidence_level":0.95,"lower_bound":58506.53360053892,"upper_bound":154677.49478039204},"point_estimate":106868.7540263396,"standard_error":26130.543225906593}}