{"Mean":{"confidence_interval":{"confidence_level":0.95,"lower_bound":16132.817689459462,"upper_bound":16326.490898947422},"point_estimate":16211.258431200444,"standard_error":50.60958897595546},"Median":{"confidence_interval":{"confidence_level":0.95,"lower_bound":16098.114431239388,"upper_bound":16125.978870967741},"point_estimate":16116.654832865825,"standard_error":8.178005961922498},"MedianAbsDev":{"confidence_interval":{"confidence_level":0.95,"lower_bound":36.88875287094445,"upper_bound":64.31514431951143},"point_estimate":49.24972546867109,"standard_error":6.617661516464575},"Slope":{"confidence_interval":{"confidence_level":0.95,"lower_bound":16099.607538013257,"upper_bound":16191.195069238818},"point_estimate":16131.97304084814,"standard_error":24.95607132599361},"StdDev":{"confidence_interval":{"confidence_level":0.95,"lower_bound":129.66468140287483,"upper_bound":821.2162185965688},"point_estimate":507.86463540145485,"standard_error":201.189398001164}}