{"Mean":{"confidence_interval":{"confidence_level":0.95,"lower_bound":15489.234974091374,"upper_bound":15717.93805323323},"point_estimate":15586.346315872946,"standard_error":58.99344606670875},"Median":{"confidence_interval":{"confidence_level":0.95,"lower_bound":15445.08859375,"upper_bound":15467.414044117648},"point_estimate":15452.087588141025,"standard_error":6.0376795685805416},"MedianAbsDev":{"confidence_interval":{"confidence_level":0.95,"lower_bound":28.95703073590994,"upper_bound":57.69175854203414},"point_estimate":44.33431180745866,"standard_error":7.370330893453567},"Slope":{"confidence_interval":{"confidence_level":0.95,"lower_bound":15447.44713112289,"upper_bound":15539.220298685821},"point_estimate":15482.330638253658,"standard_error":24.34144859210584},"StdDev":{"confidence_interval":{"confidence_level":0.95,"lower_bound":124.04404677210788,"upper_bound":912.9693972174323},"point_estimate":593.3601060632018,"standard_error":198.1845191441084}}