{"Mean":{"confidence_interval":{"confidence_level":0.95,"lower_bound":134.43287019650666,"upper_bound":134.50311721083142},"point_estimate":134.46378524867927,"standard_error":0.01808672396507573},"Median":{"confidence_interval":{"confidence_level":0.95,"lower_bound":134.4110394455406,"upper_bound":134.42495974811263},"point_estimate":134.41963006333836,"standard_error":0.0037109271854754607},"MedianAbsDev":{"confidence_interval":{"confidence_level":0.95,"lower_bound":0.012522766804981933,"upper_bound":0.024079311534244623},"point_estimate":0.016653224514730766,"standard_error":0.0029821056215834233},"Slope":{"confidence_interval":{"confidence_level":0.95,"lower_bound":134.430446543466,"upper_bound":134.5557176963271},"point_estimate":134.47838502944018,"standard_error":0.03376933738511899},"StdDev":{"confidence_interval":{"confidence_level":0.95,"lower_bound":0.07437766657131677,"upper_bound":0.2630856995293193},"point_estimate":0.1808287787874557,"standard_error":0.04810607253147779}}