{"Mean":{"confidence_interval":{"confidence_level":0.95,"lower_bound":29459.194576070695,"upper_bound":29485.186582360257},"point_estimate":29470.172335111485,"standard_error":6.774069923591264},"Median":{"confidence_interval":{"confidence_level":0.95,"lower_bound":29451.81319554849,"upper_bound":29461.013964409292},"point_estimate":29455.92680995475,"standard_error":2.0343058108336245},"MedianAbsDev":{"confidence_interval":{"confidence_level":0.95,"lower_bound":12.02441483676011,"upper_bound":18.233354573009223},"point_estimate":16.093368092524486,"standard_error":1.5976139906628977},"Slope":{"confidence_interval":{"confidence_level":0.95,"lower_bound":29453.299299632556,"upper_bound":29464.461379228593},"point_estimate":29458.456804388075,"standard_error":2.854828946943087},"StdDev":{"confidence_interval":{"confidence_level":0.95,"lower_bound":22.37237138723633,"upper_bound":106.84325352192},"point_estimate":67.96695678940799,"standard_error":23.817544582061906}}