{"Mean":{"confidence_interval":{"confidence_level":0.95,"lower_bound":1228.9001710173295,"upper_bound":1247.2949676827052},"point_estimate":1235.1200913707503,"standard_error":5.960423579954477},"Median":{"confidence_interval":{"confidence_level":0.95,"lower_bound":1228.7016858852721,"upper_bound":1228.8166638327502},"point_estimate":1228.7605523367408,"standard_error":0.029300192335454663},"MedianAbsDev":{"confidence_interval":{"confidence_level":0.95,"lower_bound":0.2543291735980864,"upper_bound":0.4637817787226248},"point_estimate":0.3488471801156702,"standard_error":0.054056301536930834},"Slope":{"confidence_interval":{"confidence_level":0.95,"lower_bound":1228.765904783261,"upper_bound":1229.0508817274863},"point_estimate":1228.8822335769742,"standard_error":0.07352561903742062},"StdDev":{"confidence_interval":{"confidence_level":0.95,"lower_bound":0.8121136801832765,"upper_bound":102.32361091017053},"point_estimate":59.68667395676486,"standard_error":36.72918875716609}}