{"Mean":{"confidence_interval":{"confidence_level":0.95,"lower_bound":1204.1361220235683,"upper_bound":1205.340556232746},"point_estimate":1204.71076857999,"standard_error":0.30703021368784406},"Median":{"confidence_interval":{"confidence_level":0.95,"lower_bound":1203.0881444193717,"upper_bound":1203.3907174235242},"point_estimate":1203.220249667303,"standard_error":0.06544016079832525},"MedianAbsDev":{"confidence_interval":{"confidence_level":0.95,"lower_bound":0.46850062848154495,"upper_bound":0.9264872346965423},"point_estimate":0.6479734474118346,"standard_error":0.10961104473809198},"Slope":{"confidence_interval":{"confidence_level":0.95,"lower_bound":1204.4197073323774,"upper_bound":1205.6284087916374},"point_estimate":1205.0197615940845,"standard_error":0.30827824416827154},"StdDev":{"confidence_interval":{"confidence_level":0.95,"lower_bound":2.320411049866965,"upper_bound":3.790665043423031},"point_estimate":3.0804788760922235,"standard_error":0.3775624447708836}}