{"Mean":{"confidence_interval":{"confidence_level":0.95,"lower_bound":175680.738275819,"upper_bound":175945.78783557386},"point_estimate":175798.74106650078,"standard_error":68.24179611016535},"Median":{"confidence_interval":{"confidence_level":0.95,"lower_bound":175605.17613636365,"upper_bound":175878.8870056497},"point_estimate":175844.56500819,"standard_error":71.20889354814508},"MedianAbsDev":{"confidence_interval":{"confidence_level":0.95,"lower_bound":280.6972711623074,"upper_bound":494.69525751311124},"point_estimate":378.5949521361113,"standard_error":55.17990075418091},"Slope":{"confidence_interval":{"confidence_level":0.95,"lower_bound":175513.64353086412,"upper_bound":175723.32238990883},"point_estimate":175612.37164819468,"standard_error":53.579362770286124},"StdDev":{"confidence_interval":{"confidence_level":0.95,"lower_bound":359.2373831658286,"upper_bound":1009.4867684147998},"point_estimate":684.5270649768971,"standard_error":181.42424018801782}}