{"Mean":{"confidence_interval":{"confidence_level":0.95,"lower_bound":14500885.75342658,"upper_bound":14542451.321022352},"point_estimate":14519678.209734429,"standard_error":10662.167499040657},"Median":{"confidence_interval":{"confidence_level":0.95,"lower_bound":14477227.272679983,"upper_bound":14484605.5},"point_estimate":14480858.340638608,"standard_error":2120.1062208674452},"MedianAbsDev":{"confidence_interval":{"confidence_level":0.95,"lower_bound":9861.329122311243,"upper_bound":21338.81952326479},"point_estimate":14468.552433409266,"standard_error":2985.8065309757612},"Slope":{"confidence_interval":{"confidence_level":0.95,"lower_bound":14492473.68124315,"upper_bound":14518351.499479648},"point_estimate":14504677.102544703,"standard_error":6596.530789516653},"StdDev":{"confidence_interval":{"confidence_level":0.95,"lower_bound":57580.35218888019,"upper_bound":151937.99010035009},"point_estimate":107291.49358252798,"standard_error":24632.142670459612}}