{"Mean":{"confidence_interval":{"confidence_level":0.95,"lower_bound":14923784.431204703,"upper_bound":14952432.06002732},"point_estimate":14937233.624070859,"standard_error":7323.854717847749},"Median":{"confidence_interval":{"confidence_level":0.95,"lower_bound":14903788.411764706,"upper_bound":14911414.859649124},"point_estimate":14906815.627659574,"standard_error":1777.4293542176817},"MedianAbsDev":{"confidence_interval":{"confidence_level":0.95,"lower_bound":10217.547753600793,"upper_bound":22818.8941725954},"point_estimate":15433.75100099608,"standard_error":3105.7157556990396},"Slope":{"confidence_interval":{"confidence_level":0.95,"lower_bound":14923269.81143968,"upper_bound":14957653.464235181},"point_estimate":14939620.213355992,"standard_error":8780.298237137002},"StdDev":{"confidence_interval":{"confidence_level":0.95,"lower_bound":52283.35721721647,"upper_bound":91945.98375156625},"point_estimate":73571.24824224199,"standard_error":10136.647988566443}}