{"Mean":{"confidence_interval":{"confidence_level":0.95,"lower_bound":36365.234942425304,"upper_bound":36391.97470552499},"point_estimate":36376.2516834499,"standard_error":6.966181334527392},"Median":{"confidence_interval":{"confidence_level":0.95,"lower_bound":36359.62967032967,"upper_bound":36360.4126984127},"point_estimate":36359.958687479564,"standard_error":0.21448334355066626},"MedianAbsDev":{"confidence_interval":{"confidence_level":0.95,"lower_bound":1.381947486499147,"upper_bound":3.36798349470019},"point_estimate":2.4101876844867607,"standard_error":0.46044885759183324},"Slope":{"confidence_interval":{"confidence_level":0.95,"lower_bound":36362.65574867221,"upper_bound":36378.4880341055},"point_estimate":36369.373409930544,"standard_error":4.083004028257959},"StdDev":{"confidence_interval":{"confidence_level":0.95,"lower_bound":18.91334346838959,"upper_bound":112.7039815273741},"point_estimate":70.37672964521354,"standard_error":26.63588778308282}}