{"Mean":{"confidence_interval":{"confidence_level":0.95,"lower_bound":3206.623556842602,"upper_bound":3208.4150082092833},"point_estimate":3207.3878156486976,"standard_error":0.46625210965305536},"Median":{"confidence_interval":{"confidence_level":0.95,"lower_bound":3206.1701818993415,"upper_bound":3206.234335916342},"point_estimate":3206.210754655035,"standard_error":0.017095183267625446},"MedianAbsDev":{"confidence_interval":{"confidence_level":0.95,"lower_bound":0.10271139144098107,"upper_bound":0.2186738931663416},"point_estimate":0.15083419365426295,"standard_error":0.028325390762537827},"Slope":{"confidence_interval":{"confidence_level":0.95,"lower_bound":3206.489623502019,"upper_bound":3208.6597121402765},"point_estimate":3207.3777046039627,"standard_error":0.567523305549877},"StdDev":{"confidence_interval":{"confidence_level":0.95,"lower_bound":1.5801817187927485,"upper_bound":7.280897246959119},"point_estimate":4.687368936647738,"standard_error":1.5549409110899555}}