{"Mean":{"confidence_interval":{"confidence_level":0.95,"lower_bound":34585.37431040362,"upper_bound":34758.76164691681},"point_estimate":34654.34234089964,"standard_error":45.376652264838356},"Median":{"confidence_interval":{"confidence_level":0.95,"lower_bound":34523.39716024341,"upper_bound":34535.89060642093},"point_estimate":34529.16218685529,"standard_error":3.4614015057816534},"MedianAbsDev":{"confidence_interval":{"confidence_level":0.95,"lower_bound":15.213937336037533,"upper_bound":38.230862970691796},"point_estimate":25.06098096312778,"standard_error":6.495943103439676},"Slope":{"confidence_interval":{"confidence_level":0.95,"lower_bound":34532.00226387392,"upper_bound":34556.84510506697},"point_estimate":34543.30385083799,"standard_error":6.312036720682286},"StdDev":{"confidence_interval":{"confidence_level":0.95,"lower_bound":141.59023424849423,"upper_bound":732.7710813821012},"point_estimate":451.7163619896254,"standard_error":187.88031225843122}}