{"Mean":{"confidence_interval":{"confidence_level":0.95,"lower_bound":198520.5297873602,"upper_bound":198917.91407287307},"point_estimate":198723.4046403146,"standard_error":101.05874423035173},"Median":{"confidence_interval":{"confidence_level":0.95,"lower_bound":198715.6692874693,"upper_bound":199214.33975903614},"point_estimate":198996.94033333333,"standard_error":115.53399403288431},"MedianAbsDev":{"confidence_interval":{"confidence_level":0.95,"lower_bound":605.0745156042084,"upper_bound":1113.8300889211978},"point_estimate":860.973764925366,"standard_error":129.86833589824477},"Slope":{"confidence_interval":{"confidence_level":0.95,"lower_bound":198401.17665625465,"upper_bound":198927.55288350477},"point_estimate":198669.09814334268,"standard_error":134.23505400467442},"StdDev":{"confidence_interval":{"confidence_level":0.95,"lower_bound":847.720522378161,"upper_bound":1169.1477635198767},"point_estimate":1015.5884101715109,"standard_error":81.70711831701198}}