{"Mean":{"confidence_interval":{"confidence_level":0.95,"lower_bound":6351.187940378742,"upper_bound":6352.984606202408},"point_estimate":6352.005595372515,"standard_error":0.4608689344155711},"Median":{"confidence_interval":{"confidence_level":0.95,"lower_bound":6350.55383945323,"upper_bound":6350.933431952662},"point_estimate":6350.74090909091,"standard_error":0.09518925937931988},"MedianAbsDev":{"confidence_interval":{"confidence_level":0.95,"lower_bound":0.5441753032793893,"upper_bound":1.0496169066790706},"point_estimate":0.7654132148001893,"standard_error":0.13015705866377258},"Slope":{"confidence_interval":{"confidence_level":0.95,"lower_bound":6350.975679316706,"upper_bound":6352.952510969409},"point_estimate":6351.870343635971,"standard_error":0.509325581871042},"StdDev":{"confidence_interval":{"confidence_level":0.95,"lower_bound":2.6390713536620463,"upper_bound":6.216691811458429},"point_estimate":4.636600896181481,"standard_error":0.9104117725787472}}