{"Mean":{"confidence_interval":{"confidence_level":0.95,"lower_bound":8462445.015787162,"upper_bound":8472584.050493525},"point_estimate":8467400.328075493,"standard_error":2581.1894463367007},"Median":{"confidence_interval":{"confidence_level":0.95,"lower_bound":8460276.530120483,"upper_bound":8469887.232558139},"point_estimate":8463940.032856386,"standard_error":2434.9730641414426},"MedianAbsDev":{"confidence_interval":{"confidence_level":0.95,"lower_bound":14664.618067775196,"upper_bound":25933.84222575935},"point_estimate":19663.609404747196,"standard_error":2834.9372645793524},"Slope":{"confidence_interval":{"confidence_level":0.95,"lower_bound":8457727.921295075,"upper_bound":8468003.967169955},"point_estimate":8462444.483856954,"standard_error":2606.687816841658},"StdDev":{"confidence_interval":{"confidence_level":0.95,"lower_bound":19085.34771705518,"upper_bound":32990.86164373444},"point_estimate":25939.77917329961,"standard_error":3613.392351030713}}