{"Mean":{"confidence_interval":{"confidence_level":0.95,"lower_bound":10830.29440604382,"upper_bound":10844.101853480292},"point_estimate":10835.70332569523,"standard_error":3.656519574236354},"Median":{"confidence_interval":{"confidence_level":0.95,"lower_bound":10824.54910184486,"upper_bound":10830.154465318275},"point_estimate":10829.776577742636,"standard_error":1.78043799057475},"MedianAbsDev":{"confidence_interval":{"confidence_level":0.95,"lower_bound":2.5139008637388516,"upper_bound":9.745421437007021},"point_estimate":8.913022242040444,"standard_error":2.1451891630145274},"Slope":{"confidence_interval":{"confidence_level":0.95,"lower_bound":10829.170197978654,"upper_bound":10837.428628342084},"point_estimate":10832.739669849205,"standard_error":2.137417743248329},"StdDev":{"confidence_interval":{"confidence_level":0.95,"lower_bound":10.454438060416585,"upper_bound":60.49776224758979},"point_estimate":36.82670952435924,"standard_error":16.2791797232541}}