{"Mean":{"confidence_interval":{"confidence_level":0.95,"lower_bound":72630.57727447434,"upper_bound":73187.39028065928},"point_estimate":72888.92001840743,"standard_error":142.6204746003073},"Median":{"confidence_interval":{"confidence_level":0.95,"lower_bound":72459.71193092622,"upper_bound":72741.05405405405},"point_estimate":72550.43016698724,"standard_error":72.53566159846822},"MedianAbsDev":{"confidence_interval":{"confidence_level":0.95,"lower_bound":444.00714274232257,"upper_bound":811.3743496845061},"point_estimate":561.9470360908567,"standard_error":100.60402128007895},"Slope":{"confidence_interval":{"confidence_level":0.95,"lower_bound":72527.40034433974,"upper_bound":73101.03175484957},"point_estimate":72764.74724988917,"standard_error":149.14683264598352},"StdDev":{"confidence_interval":{"confidence_level":0.95,"lower_bound":833.093295944623,"upper_bound":1934.3868227142964},"point_estimate":1432.6103020404514,"standard_error":281.0112478520217}}