{"Mean":{"confidence_interval":{"confidence_level":0.95,"lower_bound":709.8317613133657,"upper_bound":710.0322565235307},"point_estimate":709.9226010220566,"standard_error":0.05157943157280406},"Median":{"confidence_interval":{"confidence_level":0.95,"lower_bound":709.7486074921612,"upper_bound":709.7961697253887},"point_estimate":709.7742162976056,"standard_error":0.0108333659497315},"MedianAbsDev":{"confidence_interval":{"confidence_level":0.95,"lower_bound":0.06472409890755182,"upper_bound":0.12391471495764787},"point_estimate":0.08511751543604353,"standard_error":0.015290365922697035},"Slope":{"confidence_interval":{"confidence_level":0.95,"lower_bound":709.8121458134439,"upper_bound":710.0496604668291},"point_estimate":709.9197727025471,"standard_error":0.061049379471372844},"StdDev":{"confidence_interval":{"confidence_level":0.95,"lower_bound":0.2891817502676199,"upper_bound":0.7139632701417089},"point_estimate":0.5171964941361479,"standard_error":0.10946557847606436}}