{"Mean":{"confidence_interval":{"confidence_level":0.95,"lower_bound":5746.205716330259,"upper_bound":5748.884461434843},"point_estimate":5747.37421704017,"standard_error":0.6904224456504949},"Median":{"confidence_interval":{"confidence_level":0.95,"lower_bound":5745.611460165871,"upper_bound":5745.7005697451605},"point_estimate":5745.671072874191,"standard_error":0.018599089241556305},"MedianAbsDev":{"confidence_interval":{"confidence_level":0.95,"lower_bound":0.15832711223732523,"upper_bound":0.3814509905344956},"point_estimate":0.2756418081137315,"standard_error":0.06204510206380876},"Slope":{"confidence_interval":{"confidence_level":0.95,"lower_bound":5746.099695017167,"upper_bound":5749.56496207452},"point_estimate":5747.511330556056,"standard_error":0.9045552661532901},"StdDev":{"confidence_interval":{"confidence_level":0.95,"lower_bound":2.624531764326402,"upper_bound":10.177407670523086},"point_estimate":6.929469859893186,"standard_error":1.9414673221394718}}