{"Mean":{"confidence_interval":{"confidence_level":0.95,"lower_bound":916281.0638640573,"upper_bound":916842.2934865908},"point_estimate":916578.573115191,"standard_error":142.56353118028332},"Median":{"confidence_interval":{"confidence_level":0.95,"lower_bound":916417.6538461539,"upper_bound":916747.1666666667},"point_estimate":916575.0402255639,"standard_error":86.75903904600113},"MedianAbsDev":{"confidence_interval":{"confidence_level":0.95,"lower_bound":427.9953082373534,"upper_bound":788.4489419233373},"point_estimate":597.6645874265719,"standard_error":90.89783273146635},"Slope":{"confidence_interval":{"confidence_level":0.95,"lower_bound":916596.9360028799,"upper_bound":916878.6096283024},"point_estimate":916730.3934653465,"standard_error":71.78793257167828},"StdDev":{"confidence_interval":{"confidence_level":0.95,"lower_bound":756.8137785644265,"upper_bound":2095.5599378829907},"point_estimate":1434.2862376145304,"standard_error":357.07654048007396}}