{"Mean":{"confidence_interval":{"confidence_level":0.95,"lower_bound":931.5413227689963,"upper_bound":931.9581946486222},"point_estimate":931.7269642026762,"standard_error":0.10726078602732003},"Median":{"confidence_interval":{"confidence_level":0.95,"lower_bound":931.3959817228867,"upper_bound":931.49849376896},"point_estimate":931.4543286819274,"standard_error":0.02787739494369703},"MedianAbsDev":{"confidence_interval":{"confidence_level":0.95,"lower_bound":0.09973504138182372,"upper_bound":0.17823442062701766},"point_estimate":0.1375802760623899,"standard_error":0.019616762280687598},"Slope":{"confidence_interval":{"confidence_level":0.95,"lower_bound":931.5195319459567,"upper_bound":932.3357835692213},"point_estimate":931.8326901051684,"standard_error":0.21945221633835352},"StdDev":{"confidence_interval":{"confidence_level":0.95,"lower_bound":0.5124533961115741,"upper_bound":1.5679669243447854},"point_estimate":1.0766295084115531,"standard_error":0.27509852580739114}}