{"Mean":{"confidence_interval":{"confidence_level":0.95,"lower_bound":505663.27540439443,"upper_bound":505767.38189724146},"point_estimate":505713.74593148276,"standard_error":26.522472589320593},"Median":{"confidence_interval":{"confidence_level":0.95,"lower_bound":505655.375,"upper_bound":505730.64743589744},"point_estimate":505691.85170454544,"standard_error":19.821794226201003},"MedianAbsDev":{"confidence_interval":{"confidence_level":0.95,"lower_bound":119.20326776626696,"upper_bound":213.7512256998966},"point_estimate":160.00157743892424,"standard_error":24.07563727056023},"Slope":{"confidence_interval":{"confidence_level":0.95,"lower_bound":505658.36214536463,"upper_bound":505713.31615289155},"point_estimate":505685.71375794295,"standard_error":14.020605919086748},"StdDev":{"confidence_interval":{"confidence_level":0.95,"lower_bound":199.88996765908624,"upper_bound":327.84740009605406},"point_estimate":266.9793067680355,"standard_error":32.73476945044989}}