{"Mean":{"confidence_interval":{"confidence_level":0.95,"lower_bound":1048597.1146121947,"upper_bound":1099976.4890625873},"point_estimate":1069743.9289194054,"standard_error":13400.706338345752},"Median":{"confidence_interval":{"confidence_level":0.95,"lower_bound":1034684.4761904762,"upper_bound":1036311.0},"point_estimate":1035575.2250980393,"standard_error":459.8056368576584},"MedianAbsDev":{"confidence_interval":{"confidence_level":0.95,"lower_bound":2164.410994344352,"upper_bound":4397.802389078961},"point_estimate":3285.91432247538,"standard_error":588.1501299678217},"Slope":{"confidence_interval":{"confidence_level":0.95,"lower_bound":1035306.5443295684,"upper_bound":1040602.3607482307},"point_estimate":1037496.4455859318,"standard_error":1368.2876835220698},"StdDev":{"confidence_interval":{"confidence_level":0.95,"lower_bound":45407.868467875945,"upper_bound":215439.3159415913},"point_estimate":134750.9638730186,"standard_error":51547.14421375471}}