{"Mean":{"confidence_interval":{"confidence_level":0.95,"lower_bound":42253011.81801164,"upper_bound":42311382.36218826},"point_estimate":42280392.70895773,"standard_error":14939.718544352794},"Median":{"confidence_interval":{"confidence_level":0.95,"lower_bound":42193342.421052635,"upper_bound":42268352.27380952},"point_estimate":42210569.34453782,"standard_error":23486.509445791933},"MedianAbsDev":{"confidence_interval":{"confidence_level":0.95,"lower_bound":25374.32284191058,"upper_bound":119522.91246275569},"point_estimate":59836.93992098833,"standard_error":27947.38736242331},"Slope":{"confidence_interval":{"confidence_level":0.95,"lower_bound":42244166.22441837,"upper_bound":42278908.595249146},"point_estimate":42261252.500127085,"standard_error":8867.369079094664},"StdDev":{"confidence_interval":{"confidence_level":0.95,"lower_bound":101985.52596234193,"upper_bound":192375.09616807627},"point_estimate":150311.07689154454,"standard_error":23152.448162562425}}