{"Mean":{"confidence_interval":{"confidence_level":0.95,"lower_bound":42349815.104546934,"upper_bound":42554288.62266445},"point_estimate":42438142.12438208,"standard_error":52816.79775814552},"Median":{"confidence_interval":{"confidence_level":0.95,"lower_bound":42301338.33121159,"upper_bound":42376221.94736842},"point_estimate":42337337.8875,"standard_error":19067.858228004785},"MedianAbsDev":{"confidence_interval":{"confidence_level":0.95,"lower_bound":106737.79293115935,"upper_bound":193354.1579383235},"point_estimate":142210.09750453447,"standard_error":22583.62173612955},"Slope":{"confidence_interval":{"confidence_level":0.95,"lower_bound":42342418.88862633,"upper_bound":42388172.011579745},"point_estimate":42364891.44075366,"standard_error":11666.953544115519},"StdDev":{"confidence_interval":{"confidence_level":0.95,"lower_bound":144526.7285081919,"upper_bound":788491.7670514012},"point_estimate":527683.4397626754,"standard_error":164750.49396000485}}