{"Mean":{"confidence_interval":{"confidence_level":0.95,"lower_bound":418884.90945132764,"upper_bound":419051.3777867675},"point_estimate":418961.50872779003,"standard_error":42.526755841698424},"Median":{"confidence_interval":{"confidence_level":0.95,"lower_bound":418847.84171455936,"upper_bound":418942.88744588743},"point_estimate":418879.30032697064,"standard_error":20.558298258662546},"MedianAbsDev":{"confidence_interval":{"confidence_level":0.95,"lower_bound":156.9130358959023,"upper_bound":316.66333075740937},"point_estimate":221.76093401749227,"standard_error":42.78148495569089},"Slope":{"confidence_interval":{"confidence_level":0.95,"lower_bound":418891.134744063,"upper_bound":418964.8742882989},"point_estimate":418926.3071681198,"standard_error":18.774475575505146},"StdDev":{"confidence_interval":{"confidence_level":0.95,"lower_bound":245.50934015889658,"upper_bound":593.8572360078751},"point_estimate":426.6855725512062,"standard_error":90.69124928517056}}