{"Mean":{"confidence_interval":{"confidence_level":0.95,"lower_bound":419169.6288109893,"upper_bound":419358.07468451693},"point_estimate":419257.45725192263,"standard_error":48.14459319600983},"Median":{"confidence_interval":{"confidence_level":0.95,"lower_bound":419076.18111092114,"upper_bound":419189.3705808081},"point_estimate":419125.1652236652,"standard_error":31.715620339427055},"MedianAbsDev":{"confidence_interval":{"confidence_level":0.95,"lower_bound":196.86186777277422,"upper_bound":376.8978702927059},"point_estimate":288.26626732398074,"standard_error":47.662531605869106},"Slope":{"confidence_interval":{"confidence_level":0.95,"lower_bound":419140.9520006042,"upper_bound":419323.1662285424},"point_estimate":419218.8341746712,"standard_error":47.116130132742924},"StdDev":{"confidence_interval":{"confidence_level":0.95,"lower_bound":319.30994952274114,"upper_bound":637.0144977750703},"point_estimate":484.2798963882099,"standard_error":81.3738651559166}}