{"Mean":{"confidence_interval":{"confidence_level":0.95,"lower_bound":2261.037765129305,"upper_bound":2262.3042753224877},"point_estimate":2261.6152151815895,"standard_error":0.32478570491986625},"Median":{"confidence_interval":{"confidence_level":0.95,"lower_bound":2260.2932510628248,"upper_bound":2260.829589041096},"point_estimate":2260.354416721026,"standard_error":0.1541964890769607},"MedianAbsDev":{"confidence_interval":{"confidence_level":0.95,"lower_bound":0.5664237390429279,"upper_bound":1.4392233646689325},"point_estimate":0.810437715349134,"standard_error":0.23007117609822345},"Slope":{"confidence_interval":{"confidence_level":0.95,"lower_bound":2261.179368205019,"upper_bound":2262.683884033258},"point_estimate":2261.8230966421115,"standard_error":0.38953768538638},"StdDev":{"confidence_interval":{"confidence_level":0.95,"lower_bound":1.8432796688089783,"upper_bound":4.412636706602862},"point_estimate":3.251600320041417,"standard_error":0.653197717549081}}