{"Mean":{"confidence_interval":{"confidence_level":0.95,"lower_bound":5466.67139338889,"upper_bound":5468.173291778504},"point_estimate":5467.347365189573,"standard_error":0.3861253675351003},"Median":{"confidence_interval":{"confidence_level":0.95,"lower_bound":5466.137839751285,"upper_bound":5466.478178963894},"point_estimate":5466.292457264957,"standard_error":0.09913180783023275},"MedianAbsDev":{"confidence_interval":{"confidence_level":0.95,"lower_bound":0.42403361648819393,"upper_bound":0.7360697858830902},"point_estimate":0.5703053591888255,"standard_error":0.08367298740623308},"Slope":{"confidence_interval":{"confidence_level":0.95,"lower_bound":5466.64197084356,"upper_bound":5468.395973176718},"point_estimate":5467.43756479814,"standard_error":0.45147176860910143},"StdDev":{"confidence_interval":{"confidence_level":0.95,"lower_bound":2.000327594551114,"upper_bound":5.527054563164154},"point_estimate":3.886181752765422,"standard_error":0.9158349899481797}}