{"Mean":{"confidence_interval":{"confidence_level":0.95,"lower_bound":1040.9627174515342,"upper_bound":1041.693180974703},"point_estimate":1041.3275539951494,"standard_error":0.18558094907407954},"Median":{"confidence_interval":{"confidence_level":0.95,"lower_bound":1039.922942645857,"upper_bound":1041.9437853365641},"point_estimate":1041.8309700580994,"standard_error":0.4602976983313701},"MedianAbsDev":{"confidence_interval":{"confidence_level":0.95,"lower_bound":1.041087073685828,"upper_bound":3.2460492004620844},"point_estimate":2.0004147342653016,"standard_error":0.5040130826426887},"Slope":{"confidence_interval":{"confidence_level":0.95,"lower_bound":1040.694515284404,"upper_bound":1041.6067068387472},"point_estimate":1041.1482142151783,"standard_error":0.23245181183120922},"StdDev":{"confidence_interval":{"confidence_level":0.95,"lower_bound":1.6622967336595895,"upper_bound":2.050256811938496},"point_estimate":1.8571405102745435,"standard_error":0.09922972337653702}}