{"Mean":{"confidence_interval":{"confidence_level":0.95,"lower_bound":549252.5281722973,"upper_bound":557404.751569341},"point_estimate":552815.374581885,"standard_error":2100.1091548959153},"Median":{"confidence_interval":{"confidence_level":0.95,"lower_bound":546227.6173469388,"upper_bound":547148.932559425},"point_estimate":546605.6373480244,"standard_error":227.16340355658662},"MedianAbsDev":{"confidence_interval":{"confidence_level":0.95,"lower_bound":1036.4508425884294,"upper_bound":2462.5134518203904},"point_estimate":1738.0730595593038,"standard_error":378.8357296748448},"Slope":{"confidence_interval":{"confidence_level":0.95,"lower_bound":547479.5824653008,"upper_bound":552673.7570025324},"point_estimate":549773.9329939412,"standard_error":1338.4735919375237},"StdDev":{"confidence_interval":{"confidence_level":0.95,"lower_bound":8163.337585321928,"upper_bound":31494.183822002156},"point_estimate":21212.200273372175,"standard_error":6088.606591314512}}