{"Mean":{"confidence_interval":{"confidence_level":0.95,"lower_bound":267.83709037961665,"upper_bound":267.9284426312741},"point_estimate":267.87733303086964,"standard_error":0.02347771064981649},"Median":{"confidence_interval":{"confidence_level":0.95,"lower_bound":267.8216057735679,"upper_bound":267.83806495263866},"point_estimate":267.8313717198652,"standard_error":0.004660321770707983},"MedianAbsDev":{"confidence_interval":{"confidence_level":0.95,"lower_bound":0.03539483900380559,"upper_bound":0.07214693298834013},"point_estimate":0.051440217152055254,"standard_error":0.0088897047441134},"Slope":{"confidence_interval":{"confidence_level":0.95,"lower_bound":267.8366670126734,"upper_bound":267.9122160461248},"point_estimate":267.87054975181036,"standard_error":0.019399124366590657},"StdDev":{"confidence_interval":{"confidence_level":0.95,"lower_bound":0.10846982593709044,"upper_bound":0.3474624527754718},"point_estimate":0.23538142224612524,"standard_error":0.0625093738229239}}