{"Mean":{"confidence_interval":{"confidence_level":0.95,"lower_bound":23349431.581308525,"upper_bound":23385941.691245984},"point_estimate":23366438.82767439,"standard_error":9324.58682785053},"Median":{"confidence_interval":{"confidence_level":0.95,"lower_bound":23326785.94827202,"upper_bound":23339153.997929607},"point_estimate":23331555.874925375,"standard_error":3317.4365756737147},"MedianAbsDev":{"confidence_interval":{"confidence_level":0.95,"lower_bound":22155.972612762132,"upper_bound":50925.966519216636},"point_estimate":29337.833872304225,"standard_error":7343.777836459957},"Slope":{"confidence_interval":{"confidence_level":0.95,"lower_bound":23347082.674723998,"upper_bound":23377309.13905445},"point_estimate":23361731.589330576,"standard_error":7687.311518837843},"StdDev":{"confidence_interval":{"confidence_level":0.95,"lower_bound":61391.262525091115,"upper_bound":127861.98200125541},"point_estimate":93921.25851602005,"standard_error":17894.120953190843}}