{"Mean":{"confidence_interval":{"confidence_level":0.95,"lower_bound":10282.237351574498,"upper_bound":10288.953386984202},"point_estimate":10285.113395717468,"standard_error":1.7370214181889725},"Median":{"confidence_interval":{"confidence_level":0.95,"lower_bound":10279.38924134285,"upper_bound":10280.308671922377},"point_estimate":10279.946689022961,"standard_error":0.2394957909128251},"MedianAbsDev":{"confidence_interval":{"confidence_level":0.95,"lower_bound":1.2116837724811595,"upper_bound":2.73440345660874},"point_estimate":1.8787621337863865,"standard_error":0.3933246565724805},"Slope":{"confidence_interval":{"confidence_level":0.95,"lower_bound":10280.67997364901,"upper_bound":10284.915519931163},"point_estimate":10282.594995757154,"standard_error":1.086623009069698},"StdDev":{"confidence_interval":{"confidence_level":0.95,"lower_bound":7.425173807334949,"upper_bound":26.947056096663616},"point_estimate":17.504786275507612,"standard_error":5.678506981721094}}