{"Mean":{"confidence_interval":{"confidence_level":0.95,"lower_bound":193.3967381005388,"upper_bound":193.45501293950807},"point_estimate":193.42299381862998,"standard_error":0.014931431218034467},"Median":{"confidence_interval":{"confidence_level":0.95,"lower_bound":193.37556329918667,"upper_bound":193.38473193330725},"point_estimate":193.37931090683878,"standard_error":0.0027136237919180533},"MedianAbsDev":{"confidence_interval":{"confidence_level":0.95,"lower_bound":0.01058923096833038,"upper_bound":0.02078305861582855},"point_estimate":0.016485566589722965,"standard_error":0.002610412310986106},"Slope":{"confidence_interval":{"confidence_level":0.95,"lower_bound":193.39522155065617,"upper_bound":193.46051092664467},"point_estimate":193.42459180088736,"standard_error":0.01681165568317096},"StdDev":{"confidence_interval":{"confidence_level":0.95,"lower_bound":0.08102988437107804,"upper_bound":0.2072738494583072},"point_estimate":0.14995377262404724,"standard_error":0.032283719182616376}}