{"Mean":{"confidence_interval":{"confidence_level":0.95,"lower_bound":264922778.93690494,"upper_bound":265895278.87032673},"point_estimate":265412876.68847996,"standard_error":248828.54120424576},"Median":{"confidence_interval":{"confidence_level":0.95,"lower_bound":264987346.1923077,"upper_bound":266667394.73949367},"point_estimate":265587852.4123062,"standard_error":436045.5797488686},"MedianAbsDev":{"confidence_interval":{"confidence_level":0.95,"lower_bound":1911266.9213898412,"upper_bound":3161849.5158746354},"point_estimate":2586464.523655166,"standard_error":301809.41515218007},"Slope":{"confidence_interval":{"confidence_level":0.95,"lower_bound":264729640.51285982,"upper_bound":265792718.03103736},"point_estimate":265240426.3336929,"standard_error":271408.2909766402},"StdDev":{"confidence_interval":{"confidence_level":0.95,"lower_bound":2130245.289320647,"upper_bound":2862725.8778616493},"point_estimate":2505317.7845499804,"standard_error":187914.90902028017}}