{"Mean":{"confidence_interval":{"confidence_level":0.95,"lower_bound":128467.67390696936,"upper_bound":131820.13251308576},"point_estimate":129710.26138190433,"standard_error":932.1092903305945},"Median":{"confidence_interval":{"confidence_level":0.95,"lower_bound":128016.10277777778,"upper_bound":128159.11203629032},"point_estimate":128071.17825520833,"standard_error":32.77506234302525},"MedianAbsDev":{"confidence_interval":{"confidence_level":0.95,"lower_bound":225.86179163159787,"upper_bound":406.33495641515077},"point_estimate":305.51997934661443,"standard_error":43.39982960189395},"Slope":{"confidence_interval":{"confidence_level":0.95,"lower_bound":128187.4627654592,"upper_bound":129826.6808568544},"point_estimate":128845.56486921826,"standard_error":435.86027114239073},"StdDev":{"confidence_interval":{"confidence_level":0.95,"lower_bound":1401.7423777099336,"upper_bound":15770.215957693841},"point_estimate":9367.039421136371,"standard_error":4770.347251767084}}